tree
version=v4
num_class=1
num_tree_per_iteration=1
label_index=0
max_feature_idx=68
objective=regression
feature_names=latitude longitude local_fire_count local_total_frp local_max_frp regional_fire_count regional_total_frp regional_max_frp temp_mean temp_max temp_min humidity_mean wind_speed_mean wind_direction_dominant precipitation pressure_mean wind_gusts_mean blh_max radiation_sum dewpoint_mean ventilation_proxy regional_fire_count_lag1 regional_fire_count_lag2 regional_total_frp_lag1 regional_total_frp_lag3 day_of_week month is_stubble_season regional_fire_count_roll3 regional_fire_count_roll7 regional_total_frp_roll3 regional_total_frp_roll7 pm25_lag1 pm25_lag2 pm25_roll3 pm10_lag1 pm10_lag2 pm10_roll3 no2_lag1 no2_lag2 no2_roll3 o3_lag1 o3_lag2 o3_roll3 no_lag1 no_lag2 no_roll3 nox_lag1 nox_lag2 nox_roll3 wind_toward_delhi fire_wind_interaction ventilation o3_driver pm25_lag7 pm25_roll7 pm10_lag7 pm10_roll7 no2_lag7 no2_roll7 o3_lag7 o3_roll7 no_lag7 no_roll7 nox_lag7 nox_roll7 is_diwali_week is_holiday station_id
feature_infos=[28.474260999999998:28.815328999999998] [77.071900600000006:77.316032000000007] [0:1] [0:1.1469000000000049] [0:0.84035000000000759] [0:2278] [0:14984.35] [0:161.94] [10.800000000000001:37.100000000000001] [16.399999999999999:43.100000000000001] [6.5999999999999996:30.600000000000001] [11:94] [2.2000000000000002:15.9] [10:359] [0:41.5] [971.70000000000005:996.89999999999998] [7.4000000000000004:31.899999999999999] [480:5135] [1364:7020.9350000000059] [-2.4125000000000001:26.108333333333334] [1947:42350] [0:2278] [0:2278] [0:14984.35] [0:14984.35] [0:6] [1:12] [0:1] [0:2157.6666666666665] [0.8571428571428571:1976.7142857142856] [0:14015.953333333331] [1.1742857142854544:12387.084285714289] [1.3300000000000001:600] [1.3300000000000001:600] [5.506666666666665:481.66666666666669] [0:847] [0:847] [5.6733333333333329:722] [0:205] [0:205] [0.87133333333333329:192.66666666666663] [0:277] [0:277] [0.313:215.66666666666663] [0.32700000000000001:324] [0.32700000000000001:324] [0.91433333333332856:251] [3.0099999999999998:433] [3.0099999999999998:433] [3.8140000000000001:377] [0:1] [0:14984.35] [1947:42350] [24927.499999999996:288501.20000000001] [1.3300000000000001:600] [9.6999999999999993:356.71428571428572] [0:847] [23.666666666666668:650.28571428571433] [0:205] [0.87600000000000011:138.42857142857142] [0:277] [0.313:179.57142857142858] [0.32700000000000001:324] [1.0078571428571428:230] [3.0099999999999998:433] [4.085:362] [0:1] [0:1] [0:26]
tree_sizes=2668 2724 2736 2708 2726 2717 2726 2727 2715 2718 2704 2717 2714 2723 2726 2712 2721 2690 2686 2718 2721 2732 2694 2722 2720 2721 2720 2715 2706 2722 2715 2717 2735 2730 2712 2697 2729 2694 2736 2733 2737 2733 2716 2734 2698 2731 2711 2716 2714 2731 2732 2734 2740 2724 2729 2713 2716 2749 2736 2740 2731 2742 2752 2754 2731 2763 2766 2731 2753 2744 2756 2736 2748 2748 2741 2773 2774 2739 2745 2731 2735 2755 2739 2762 2766 2740 2743 2762 2763 2738 2743 2769 2726 2766 2773 2742 2765 2752 2727 2746 2735 2745 2745 2738 2742 2747 2746 2738 2767 2756 2741 2761 2758 2777 2718 2749 2750 2755 2749 2750 2736 2760 2753 2757 2748 2770 2744 2752 2760 2743 2771 2752 2765 2758 2765 2760 2774 2767 2720 2741 2734 2753 2748 2746 2773 2719 2758 2744 2763 2777 2745 2737 2755 1910 2557 2724 2761 2516 2761 2738 2759 1742 2756 2775 2772 1653 2760 2254 2751 2247 1579 2745 2741 2170 2760 2770 2756 2417 2238 2491 2765 2180 2183 2418 2733 1576 1986 2267 2492 2525 1920 2746 1589 2757 2241 2096 2747 2520 2583 2757 2243 2684 2245 2730 2420 2763 2761 2581 1580 2097 2597 2492 2766 2406 1936 2763 2566 2635 2772 2752 2507 2762 2764 2515 2763 2009 2003 1667 2779 2767 2010 1402 1667 2186 2110 2344 2734 2758 1728 1525 2740 2644 2770 2597 2417 2746 2581 1920 2765 2767 2723 2756 1750 2493 1432 2768 2505 2316 1483 2098 2750 1499 2405 2078 1335 2743 2710 2566 2179 2409 2083 2740 1849 2267 2760 2768 2171 2490 2483 2767 2739 2581 2740 2001 2746 2096 2002 2178 2561 2749 2507 1336 2100 2503 2379 2261 2257 1999 2607 1588 1676 1756 1777 2349 1856 1342 2261 2741 2192 2094 2655 2685 2435 2423 2587 2730 1915 1501 2763 1858 2091 2249 2718 2002 2012 2761 2576 2738 2019 2342 2076 1925 2755 2080 2003 2266 2083 2588 2781 2250 1777 1834 2341 1924 1407 1341 1906 2157 2798 1770 2589 2099 2177 1424 1423 2767 2107 2588 2236 1499 1857 2700 2700 1499 2756 1757 2611 2187 2025 2608 1414 1582 1496 1906 2109 2750 2779 1757 2436 2802 1180 2084 2675 1674 1924 1489 2615 2777 2024 2670 2783 2782

Tree=0
num_leaves=31
num_cat=0
split_feature=35 35 35 35 16 16 14 35 35 35 12 51 12 12 16 37 51 14 37 17 7 30 7 12 35 14 6 12 18 51
split_gain=5.42152e+07 1.03604e+07 8.86362e+06 2.10796e+06 1.85518e+06 1.1465e+06 1.10205e+06 895517 714031 671524 618047 580145 510626 433174 411784 451544 381202 357101 351476 273313 233240 221809 218114 208587 195805 194588 193873 191030 159384 148157
threshold=204.50000000000003 329.50000000000006 114.50000000000001 485.50000000000006 14.750000000000002 11.550000000000002 0.15000000000000005 73.750000000000014 266.50000000000006 163.50000000000003 4.1500000000000012 1622.1450000000002 8.2500000000000018 8.2500000000000018 26.500000000000004 244.50000000000003 1622.1450000000002 3.5000000000000004 444.83333333333343 1327.5000000000002 14.750000000000002 3246.355 68.40000000000002 7.3500000000000005 552.50000000000011 3.5000000000000004 2584.8600000000006 6.7500000000000009 2864.0000000000005 666.79500000000019
decision_type=10 10 8 10 2 2 2 10 10 8 2 2 2 2 2 10 2 2 10 2 2 2 2 2 10 2 2 2 2 2
left_child=2 4 7 5 8 20 9 25 28 23 24 14 16 21 15 -6 -7 29 -12 -8 -3 -11 27 -4 -5 -1 -10 -13 -2 -9
right_child=1 3 6 10 11 12 19 17 26 13 18 22 -14 -15 -16 -17 -18 -19 -20 -21 -22 -23 -24 -25 -26 -27 -28 -29 -30 -31
leaf_value=189.53282365415291 193.63445897436989 202.09646362652757 192.47476900050029 202.46775916381981 193.65631114376981 197.34923788851449 190.68320698848294 190.55228840667132 197.25230887740298 193.52741188700844 197.84904844484498 199.79948974114194 195.6147251199526 192.30646018096527 192.57634253216148 194.88710134992769 199.24682576281543 189.5002623414893 201.49705316178776 191.84309241443964 199.47869855177922 195.73517145632695 195.00391266224932 191.56155208617866 206.11532337202166 188.7644939905552 194.34426233550715 196.25059423208745 195.45492759448564 192.0659895880091
leaf_weight=614 49 38 544 26 566 435 345 763 332 592 34 20 121 306 153 510 122 330 79 389 158 44 78 384 27 574 22 43 371 63
leaf_count=614 49 38 544 26 566 435 345 763 332 592 34 20 121 306 153 510 122 330 79 389 158 44 78 384 27 574 22 43 371 63
internal_value=193.043 196.097 191.078 198.554 194.905 197.965 192.283 189.74 196.079 192.67 201.653 194.242 197.381 193.234 194.033 194.24 197.765 190.334 200.399 191.298 199.986 193.68 196.064 192.097 204.326 189.162 197.072 197.377 195.243 190.668
internal_weight=8132 3184 4948 1040 2144 874 2604 2344 774 1870 166 1370 678 942 1229 1076 557 1156 113 734 196 636 141 928 53 1188 354 63 420 826
internal_count=8132 3184 4948 1040 2144 874 2604 2344 774 1870 166 1370 678 942 1229 1076 557 1156 113 734 196 636 141 928 53 1188 354 63 420 826
is_linear=0
shrinkage=1


Tree=1
num_leaves=31
num_cat=0
split_feature=35 35 35 35 16 19 16 35 35 19 35 12 19 22 19 16 28 9 24 37 15 16 16 37 7 20 35 14 13 12
split_gain=5.10111e+07 9.74814e+06 8.33978e+06 1.98337e+06 1.74554e+06 1.17763e+06 1.07875e+06 842592 671832 630704 590737 581520 514727 388116 379652 375431 429481 350969 340011 330704 327523 299178 260036 293348 219456 201599 184233 183088 159839 147210
threshold=204.50000000000003 329.50000000000006 114.50000000000001 485.50000000000006 14.750000000000002 18.137500000000006 11.550000000000002 73.750000000000014 266.50000000000006 8.5937500000000018 155.50000000000003 4.1500000000000012 9.4416666666666682 423.50000000000006 22.475000000000001 20.550000000000004 513.83333333333337 31.650000000000002 1703.2050000000002 444.83333333333343 986.75000000000011 13.450000000000001 26.500000000000004 218.16666666666671 14.750000000000002 22902.500000000004 552.50000000000011 3.5000000000000004 290.50000000000006 7.2500000000000009
decision_type=10 10 8 10 2 2 2 10 10 2 8 2 2 2 2 2 2 2 2 10 2 2 2 10 2 2 10 2 2 2
left_child=2 4 7 6 8 10 24 27 -2 13 29 26 18 -8 -9 16 -12 -7 28 -13 -10 -11 23 -14 -3 -20 -5 -1 -6 -4
right_child=1 3 5 11 12 17 9 14 20 21 15 19 22 -15 -16 -17 -18 -19 25 -21 -22 -23 -24 -25 -26 -27 -28 -29 -30 -31
leaf_value=-3.4051506455368834 2.1332738300987653 8.7815797022769324 -0.64357929014733861 9.1417361684945906 2.0093698673837639 -2.9002562365279747 4.5990089960194105 -2.0188895732129528 0.96193463848483174 4.8290715578886179 0.34407470656414768 4.6615874357784488 0.20771645873483985 7.0843398342856876 -3.1131708906319799 -0.70030643440361284 3.3068227472457479 -1.3378891694333714 5.2517386099008414 8.200151900279371 4.1901418772985695 2.9585895233863106 -0.52255587948951865 1.4208713488981424 6.2423478988454315 2.3197378697602642 12.679873758951823 -4.1504304690477323 0.7578415266190256 -1.5944590166287542
leaf_weight=614 420 38 392 26 267 156 199 513 31 104 698 34 297 79 643 318 47 759 39 79 323 296 128 453 158 46 27 574 140 234
leaf_count=614 420 38 392 26 267 156 199 513 31 104 698 34 297 79 643 318 47 759 39 79 323 296 128 453 158 46 27 574 140 234
internal_value=-4.1912e-09 2.96199 -1.90602 5.34536 1.80587 -0.73748 4.7744 -3.20417 2.94472 4.20772 -0.267909 8.35149 1.16247 5.30527 -2.62756 0.162641 0.530986 -1.60426 1.93928 7.13545 3.90745 3.44491 0.727175 0.940462 6.73465 3.66501 10.9442 -3.76524 1.57887 -0.99902
internal_weight=8132 3184 4948 1040 2144 2604 874 2344 774 678 1689 166 1370 278 1156 1063 745 915 492 113 354 400 878 750 196 85 53 1188 407 626
internal_count=8132 3184 4948 1040 2144 2604 874 2344 774 678 1689 166 1370 278 1156 1063 745 915 492 113 354 400 878 750 196 85 53 1188 407 626
is_linear=0
shrinkage=0.03


Tree=2
num_leaves=31
num_cat=0
split_feature=35 35 35 35 16 35 35 16 19 12 16 14 16 5 22 35 37 14 14 12 14 12 19 19 35 7 53 11 35 35
split_gain=4.80132e+07 9.95907e+06 7.08158e+06 1.86616e+06 1.42092e+06 1.33409e+06 1.03482e+06 1.01499e+06 593429 547152 475528 460940 430220 403737 365178 360115 311159 310816 299195 289928 282938 269453 248109 239691 230198 206486 200467 182471 173345 145064
threshold=223.50000000000003 121.50000000000001 329.50000000000006 485.50000000000006 14.750000000000002 178.50000000000003 85.450000000000017 11.550000000000002 8.5937500000000018 4.1500000000000012 20.750000000000004 0.15000000000000005 26.500000000000004 2024.5000000000002 423.50000000000006 270.50000000000006 444.83333333333343 1.0000000180025095e-35 0.75000000000000011 8.2500000000000018 3.5000000000000004 8.2500000000000018 20.593750000000004 17.547916666666669 282.50000000000006 14.750000000000002 162316.85000000001 54.500000000000007 552.50000000000011 447.50000000000006
decision_type=10 8 10 10 2 10 10 2 2 2 2 2 2 2 2 10 10 2 2 2 2 2 2 2 10 2 2 2 10 10
left_child=1 6 4 7 15 11 20 25 14 28 13 21 17 22 -9 -2 -11 24 -8 -10 -1 -3 -7 -17 -6 -4 -13 -12 -5 -27
right_child=2 5 3 9 12 10 18 8 19 16 27 26 -14 -15 -16 23 -18 -19 -20 -21 -22 -23 -24 -25 -26 29 -28 -29 -30 -31
leaf_value=-3.1210229605541384 2.4103499322799595 -0.32240212328618839 8.5181322579634813 8.8674843186598551 1.4631786252038614 0.81475313823327711 -1.8287978442232689 4.4610387894616057 3.7798741426861402 4.5217397218592028 -0.1169144579989225 -2.4052430948423686 -0.32709059107303617 4.754720907861536 6.8718097078347506 4.0539562029792711 7.9541471534439285 0.28300814684401165 -2.899148035370624 1.8532511461698091 -3.9336900251672624 -1.299842500794619 -0.9176842719567827 0.94271493136882778 2.560622598046348 5.7090206461367394 -1.2072892126651724 -1.6008352520068487 12.299477267795139 8.4428686981201171
leaf_weight=851 307 790 38 26 542 718 601 199 309 34 241 218 120 22 79 312 79 141 386 91 705 374 83 24 252 138 297 108 27 20
leaf_count=851 307 790 38 26 542 718 601 199 309 34 241 218 120 22 79 312 79 141 386 91 705 374 83 24 252 138 297 108 27 20
internal_value=-3.1869e-09 -1.64234 3.2355 5.185 2.04147 -0.424898 -3.00724 4.63116 4.08148 8.10095 0.351845 -0.967092 1.36396 0.745357 5.14611 3.15309 6.92139 1.58099 -2.24739 3.34157 -3.48923 -0.636459 0.635237 3.83172 1.81149 6.53261 -1.71438 -0.576122 10.6159 6.05508
internal_weight=8132 5394 2738 1040 1698 2851 2543 874 678 166 1172 1679 1055 823 278 643 113 935 987 400 1556 1164 801 336 794 196 515 349 53 158
internal_count=8132 5394 2738 1040 1698 2851 2543 874 678 166 1172 1679 1055 823 278 643 113 935 987 400 1556 1164 801 336 794 196 515 349 53 158
is_linear=0
shrinkage=0.03


Tree=3
num_leaves=31
num_cat=0
split_feature=35 35 35 35 16 19 16 11 35 35 19 12 51 16 57 22 16 28 9 16 19 57 12 30 35 25 13 13 35 11
split_gain=4.51856e+07 8.62381e+06 7.39621e+06 1.75587e+06 1.54948e+06 1.15263e+06 955005 686839 592529 567049 558357 514816 507892 343966 346318 343596 333692 396623 324754 276010 264969 262698 221623 216272 163100 156647 173291 153090 178875 147667
threshold=204.50000000000003 329.50000000000006 111.50000000000001 485.50000000000006 14.750000000000002 18.137500000000006 11.550000000000002 76.500000000000014 266.50000000000006 155.50000000000003 8.5937500000000018 4.1500000000000012 1622.1450000000002 26.500000000000004 206.50000000000003 423.50000000000006 20.550000000000004 513.83333333333337 31.650000000000002 13.450000000000001 17.547916666666669 338.64285714285717 9.8500000000000032 402.4433333333331 552.50000000000011 2.5000000000000004 286.50000000000006 178.00000000000003 447.50000000000006 52.500000000000007
decision_type=10 10 8 10 2 2 2 2 10 8 2 2 2 2 10 2 2 2 2 2 2 10 2 2 10 2 2 2 10 2
left_child=2 4 7 6 8 9 27 23 -2 -4 15 24 13 14 -6 -8 17 -11 -7 -12 -10 -13 -9 -1 -5 -14 -27 -3 -29 -23
right_child=1 3 5 11 12 18 10 22 20 16 19 21 25 -15 -16 -17 -18 -19 -20 -21 -22 29 -24 -25 -26 26 -28 28 -30 -31
leaf_value=-2.6710957560155144 2.011264614156314 7.6623036820547918 -0.95968521117803363 8.6014597144493674 0.29757428324467278 -2.7594389168279512 4.3272076261702486 -3.2809830212763758 3.9179787582122474 0.32696900194558853 4.5708031412271346 3.6861714935302734 1.3624936720404934 -0.4324656946299707 1.4543365296289628 6.665655444181418 -0.65424229356249408 3.1741286371616604 -1.310098017996522 2.7742048035126583 0.87686581850051881 8.660166840986772 -4.1911978400477201 -1.552665128601131 11.93049331665039 5.0645513237150093 2.4491256905856882 5.3558887159523847 8.3590366036551345 6.2540897870063779
leaf_weight=689 420 56 661 26 341 168 199 1043 326 698 104 21 46 153 735 79 318 47 810 296 28 44 313 201 27 38 57 119 21 48
leaf_count=689 420 56 661 26 341 168 199 1043 326 698 104 21 46 153 735 79 318 47 810 296 28 44 313 201 27 38 57 119 21 48
internal_value=-8.40402e-09 2.78773 -1.79388 5.02945 1.70033 -0.736402 4.49223 -3.06606 2.77331 -0.269717 3.95904 7.85792 1.09414 0.898489 1.08774 4.99173 0.159322 0.506588 -1.55906 3.24132 3.67744 6.71375 -3.49108 -2.41851 10.2974 2.79949 3.4953 6.33663 5.80636 7.40482
internal_weight=8132 3184 4948 1040 2144 2702 874 2246 774 1724 678 166 1370 1229 1076 278 1063 745 978 400 354 113 1356 890 53 141 95 196 140 92
internal_count=8132 3184 4948 1040 2144 2702 874 2246 774 1724 678 166 1370 1229 1076 278 1063 745 978 400 354 113 1356 890 53 141 95 196 140 92
is_linear=0
shrinkage=0.03


Tree=4
num_leaves=31
num_cat=0
split_feature=35 35 35 35 16 35 19 16 19 12 16 14 35 16 6 35 14 22 16 37 15 12 35 19 53 11 15 35 14 57
split_gain=4.2584e+07 8.8188e+06 6.26597e+06 1.57606e+06 1.37015e+06 1.18191e+06 945154 820412 497673 484390 425065 417346 410816 388089 366968 356654 307083 299227 285532 278576 248771 244601 223369 219784 183480 169009 167206 153461 151944 137914
threshold=223.50000000000003 121.50000000000001 336.50000000000006 485.50000000000006 14.750000000000002 178.50000000000003 20.918750000000006 11.550000000000002 8.5937500000000018 4.1500000000000012 20.750000000000004 0.15000000000000005 67.550000000000011 26.500000000000004 12260.245000000001 270.50000000000006 1.0000000180025095e-35 134.50000000000003 13.450000000000001 444.83333333333343 986.75000000000011 8.2500000000000018 282.50000000000006 20.593750000000004 162316.85000000001 54.500000000000007 992.1500000000002 552.50000000000011 3.5000000000000004 172.43571428571428
decision_type=10 8 10 10 2 10 2 2 2 2 2 2 10 2 2 10 2 2 2 10 2 2 10 2 2 2 2 10 2 8
left_child=1 6 4 7 15 11 -1 26 17 27 14 21 -8 16 23 -2 22 -9 -10 -11 -17 29 -6 -7 -13 -12 -4 -5 -14 -3
right_child=2 5 3 9 13 10 12 8 18 19 25 24 28 -15 -16 20 -18 -19 -20 -21 -22 -23 -24 -25 -26 -27 -28 -29 -30 -31
leaf_value=-1.7185067444499891 2.275536344652231 -0.61866033061495362 7.1134326746222669 8.3434161318265456 1.3795531470511482 0.76604909533025134 -3.5935977299638147 3.5782674124836924 4.6103475798774012 4.241800854626824 -0.10537657791230812 -2.2834216549555095 -2.4399323839987419 -0.30430388304591177 4.5245160024274478 1.1352622886002064 0.22364589698247975 5.6824445439534008 2.7208142760219753 7.4895245129549046 3.9042021929860828 -1.2288458391928416 2.4344098209169078 -0.86450094443846892 -1.1373487952430592 -1.5335082420872317 5.308328793048859 11.572578209771049 -3.1684228918607844 0.19175513518861115
leaf_weight=541 307 477 89 26 542 718 929 96 97 34 241 218 643 120 22 32 143 166 279 79 334 374 271 83 297 108 96 27 430 313
leaf_count=541 307 477 89 26 542 718 929 96 97 34 241 218 643 120 22 32 143 166 279 79 334 374 271 83 297 108 96 27 430 313
internal_value=-2.93251e-09 -1.5467 3.04708 4.9556 1.96788 -0.401071 -2.83109 4.41775 3.9077 7.62218 0.330029 -0.911405 -3.13174 1.30382 0.702077 3.0296 1.50567 4.91145 3.20827 6.51233 3.66211 -0.596796 1.73117 0.597091 -1.62248 -0.54732 6.17673 9.98846 -2.73187 -0.297572
internal_weight=8132 5394 2738 989 1749 2851 2543 823 638 166 1172 1679 2002 1076 823 673 956 262 376 113 366 1164 813 801 515 349 185 53 1073 790
internal_count=8132 5394 2738 989 1749 2851 2543 823 638 166 1172 1679 2002 1076 823 673 956 262 376 113 366 1164 813 801 515 349 185 53 1073 790
is_linear=0
shrinkage=0.03


Tree=5
num_leaves=31
num_cat=0
split_feature=35 35 35 35 16 35 35 16 19 12 16 19 19 16 28 35 21 22 16 37 35 9 15 16 19 11 11 15 25 35
split_gain=4.00673e+07 8.29761e+06 5.89565e+06 1.48291e+06 1.28917e+06 1.11557e+06 893413 771925 468261 455763 422923 389046 375004 365153 350972 335576 295208 288514 268657 262112 260219 240632 234069 221024 198871 174030 162372 157324 145260 144392
threshold=223.50000000000003 121.50000000000001 336.50000000000006 485.50000000000006 14.750000000000002 172.50000000000003 73.750000000000014 11.550000000000002 8.5937500000000018 4.1500000000000012 20.650000000000002 22.449999999999999 20.695833333333336 26.500000000000004 502.50000000000006 270.50000000000006 26.500000000000004 423.50000000000006 13.450000000000001 444.83333333333343 282.50000000000006 31.350000000000005 986.75000000000011 20.550000000000004 20.593750000000004 87.500000000000014 54.500000000000007 992.1500000000002 3.5000000000000004 552.50000000000011
decision_type=10 8 10 10 2 10 10 2 2 2 2 2 2 2 2 10 2 2 2 10 10 2 2 2 2 2 2 2 2 10
left_child=1 6 4 7 15 12 25 27 17 29 14 -8 23 16 24 -2 -6 -9 -10 -11 -18 -14 -17 -3 -7 -1 -12 -4 -16 -5
right_child=2 5 3 9 13 10 11 8 18 19 26 -13 21 -15 28 22 20 -19 -20 -21 -22 -23 -24 -25 -26 -27 -28 -29 -30 -31
leaf_value=-3.1798964884420085 2.2072702491438738 -0.35540345445927612 6.9000296569138433 8.0931137026273277 0.020608667071941679 0.59480291479755476 -1.6791498487500718 4.1218412920204361 4.4720372754519744 4.114546887453864 -0.1674437079235275 -2.6977375161382517 -3.1839435260295863 -0.29517480051517486 3.8868805650660869 1.1012044018507003 1.2897306627445837 6.3072057976660787 2.6391898953273731 7.2648387445377391 2.4171930380724369 -1.3597570935497993 3.7870760795634659 -1.275751215762787 -0.78647835139707423 -4.1371394746199899 -1.4635346882329099 5.1490788745880129 1.1435571529716253 11.225401000976563
leaf_weight=981 307 731 89 26 113 761 636 185 97 34 281 719 80 120 38 32 571 77 279 79 272 349 334 346 107 207 126 96 32 27
leaf_count=981 307 731 89 26 113 761 636 185 97 34 281 719 80 120 38 32 571 77 279 79 272 349 334 346 107 207 126 96 32 27
internal_value=-2.20533e-09 -1.5003 2.95567 4.80693 1.90885 -0.389039 -2.74616 4.28521 3.79047 7.39352 0.238907 -2.21964 -0.949854 1.2647 0.589325 2.93871 1.4605 4.7641 3.11203 6.31696 1.65351 -1.69993 3.55225 -0.651077 0.42453 -3.34669 -0.568691 5.99143 2.63279 9.68881
internal_weight=8132 5394 2738 989 1749 2851 2543 823 638 166 1345 1355 1506 1076 938 673 956 262 376 113 843 429 366 1077 868 1188 407 185 70 53
internal_count=8132 5394 2738 989 1749 2851 2543 823 638 166 1345 1355 1506 1076 938 673 956 262 376 113 843 429 366 1077 868 1188 407 185 70 53
is_linear=0
shrinkage=0.03


Tree=6
num_leaves=31
num_cat=0
split_feature=35 35 35 35 16 35 35 16 12 12 14 16 51 6 37 11 16 20 14 14 37 12 37 11 26 53 7 28 33 18
split_gain=3.76993e+07 7.80722e+06 5.54722e+06 1.39789e+06 1.21298e+06 1.05118e+06 844142 742656 457266 387687 379459 378659 357766 331862 322250 313661 267351 263193 249103 234699 218768 212812 196558 190773 190692 156601 154784 145359 143282 139310
threshold=223.50000000000003 121.50000000000001 336.50000000000006 491.50000000000006 14.750000000000002 178.50000000000003 85.450000000000017 11.550000000000002 4.1500000000000012 8.2500000000000018 0.25000000000000006 20.850000000000005 1622.1450000000002 12260.245000000001 255.83333333333334 50.500000000000007 26.500000000000004 11103.250000000002 0.75000000000000011 3.5000000000000004 244.50000000000003 9.8500000000000032 444.83333333333343 54.500000000000007 11.500000000000002 162316.85000000001 14.750000000000002 25.833333333333339 126.50000000000001 2880.5000000000005
decision_type=10 8 10 10 2 10 10 2 2 2 2 2 2 2 10 2 2 2 2 2 10 2 10 2 2 2 2 2 8 2
left_child=1 6 4 7 14 10 19 26 -5 15 21 13 16 27 29 -9 20 24 -8 -1 -6 28 -10 -13 -16 -12 -4 -7 -3 -2
right_child=2 5 3 8 12 11 18 9 22 -11 25 23 -14 -15 17 -17 -18 -19 -20 -21 -22 -23 -24 -25 -26 -27 -28 -29 -30 -31
leaf_value=-2.7637407080126981 0.034829694884163986 -0.51336618082827756 7.5434861634906962 9.7822183909314742 0.64969493075990536 -0.6058845700066664 -1.5955400107709221 4.9423738763456653 4.2140159963792376 2.1297955897758749 -2.162874906948947 -0.10037404531426727 2.8158562509323422 4.287137678861618 2.7108470424329201 3.4533083732607204 -0.28631951187551019 6.4274214267730709 -2.5721892315180193 -3.5038958108780229 1.6321262599500743 -1.5857152829351631 7.0711979866027832 -1.7071275236684342 4.1235948677796586 -1.0791824832123318 5.404226213716993 0.69129748030936422 0.83185328796312408 2.2724280653346942
leaf_weight=851 28 956 38 47 347 87 601 211 31 116 218 240 114 22 254 321 120 24 386 705 495 161 72 92 130 267 153 731 77 237
leaf_count=851 28 956 38 47 347 87 601 211 31 116 218 240 114 22 254 321 120 24 386 705 495 161 72 92 130 267 153 731 77 237
internal_value=2.7469e-09 -1.45529 2.867 4.66272 1.85158 -0.377368 -2.66377 4.18583 7.33017 3.70125 -0.85865 0.312114 1.22676 0.651123 2.85055 4.0439 1.03845 3.37961 -1.97749 -3.09909 1.22725 -0.571211 6.21127 -0.545619 3.18912 -1.56629 5.82984 0.553333 -0.413093 2.036
internal_weight=8132 5394 2738 989 1749 2851 2543 839 150 648 1679 1172 1076 840 673 532 962 408 987 1556 842 1194 103 332 384 485 191 818 1033 265
internal_count=8132 5394 2738 989 1749 2851 2543 839 150 648 1679 1172 1076 840 673 532 962 408 987 1556 842 1194 103 332 384 485 191 818 1033 265
is_linear=0
shrinkage=0.03


Tree=7
num_leaves=31
num_cat=0
split_feature=35 35 35 35 19 12 35 12 12 35 19 35 57 9 35 22 12 28 21 52 21 19 35 19 53 57 12 35 52 13
split_gain=3.5483e+07 6.75501e+06 5.84594e+06 1.39582e+06 1.11783e+06 1.10208e+06 721888 604691 561267 519604 473111 348265 323818 289424 284126 259178 244517 351381 203117 202873 189538 188771 177265 165162 163228 152179 151670 141826 140527 135128
threshold=204.50000000000003 329.50000000000006 103.50000000000001 463.50000000000006 18.137500000000006 7.2500000000000009 270.50000000000006 4.4500000000000011 4.1500000000000012 155.50000000000003 8.5937500000000018 67.550000000000011 317.07142857142861 31.650000000000002 248.50000000000003 423.50000000000006 8.8500000000000032 513.83333333333337 92.500000000000014 6434.5000000000009 17.500000000000004 19.370833333333337 135.50000000000003 22.475000000000001 59029.400000000001 230.50000000000003 7.2500000000000009 552.50000000000011 9674.5000000000018 92.000000000000014
decision_type=10 10 8 10 2 2 10 2 2 8 2 10 10 2 10 2 2 2 2 2 2 2 10 2 2 10 2 10 2 2
left_child=2 5 11 7 9 6 20 18 27 26 15 -1 -10 -6 29 -9 17 -11 -3 -12 -2 -8 -15 -13 -16 -22 -4 -5 -26 -7
right_child=1 3 4 8 13 14 21 10 12 16 19 23 -14 22 24 -17 -18 -19 -20 -21 25 -23 -24 -25 28 -27 -28 -29 -30 -31
leaf_value=-3.2300073437734036 -0.21675334441992969 3.8081224618639262 -0.5412601923482383 7.7355655938225825 -2.5406482229775782 -1.998651726062481 3.0811529355041634 3.7697596125041737 2.3188769786254215 0.23946860947495596 3.6405349472092419 -1.9118438188889648 6.1740532110687489 -1.7006159196054138 -0.67158665574513954 5.8775362563459836 -0.69145809550370485 2.7871557745308833 5.8301787579524049 2.1192288567911497 1.2214354831873513 0.17488943372453963 -0.86832204965170379 -2.7134703541636118 2.1866235691308975 2.0892556315513655 -1.423325093195472 10.595172153049045 0.99571325609270411 0.23801769437597078
leaf_weight=991 54 63 459 37 191 26 477 187 23 773 123 349 133 433 39 73 238 52 154 220 391 21 492 686 128 340 284 27 294 374
leaf_count=991 54 63 459 37 191 26 477 187 23 773 123 349 133 433 39 73 238 52 154 220 391 21 492 686 128 340 284 27 294 374
internal_value=2.43759e-09 2.47037 -1.58966 4.45437 -0.731018 1.50797 2.06516 3.8851 6.57622 -0.269761 3.39639 -2.82804 5.60566 -1.47746 0.677688 4.36156 0.155667 0.40005 5.24313 2.66477 1.49837 2.9586 -1.25793 -2.44316 1.18533 1.62507 -0.878416 8.94196 1.35694 0.0926342
internal_weight=8132 3184 4948 1040 2922 2144 1283 820 220 1806 603 2026 156 1116 861 260 1063 825 217 343 785 498 925 1035 461 731 743 64 422 400
internal_count=8132 3184 4948 1040 2922 2144 1283 820 220 1806 603 2026 156 1116 861 260 1063 825 217 343 785 498 925 1035 461 731 743 64 422 400
is_linear=0
shrinkage=0.03


Tree=8
num_leaves=31
num_cat=0
split_feature=35 35 35 16 35 35 19 51 12 16 15 9 12 16 19 35 19 28 7 57 28 37 9 57 16 20 16 19 53 57
split_gain=3.34127e+07 7.07073e+06 4.75753e+06 1.28525e+06 980164 963888 774127 444878 436195 422163 414728 403301 403175 385547 375950 359513 325507 303870 332630 257073 250323 237306 209042 201771 190193 183809 178614 176048 144790 134099
threshold=225.50000000000003 121.50000000000001 361.50000000000006 14.750000000000002 172.50000000000003 491.50000000000006 20.918750000000006 1547.9600000000003 4.4500000000000011 14.550000000000002 986.75000000000011 30.950000000000003 4.1500000000000012 22.200000000000006 8.6916666666666682 268.50000000000006 20.695833333333336 502.50000000000006 72.88000000000001 223.07142857142858 199.16666666666671 83.866666666666688 31.350000000000005 377.64285714285717 20.550000000000004 6434.5000000000009 26.500000000000004 20.593750000000004 124459.00000000001 186.35714285714289
decision_type=10 8 10 2 10 10 2 2 2 2 2 2 2 2 2 10 2 2 2 10 2 10 2 10 2 2 2 2 2 8
left_child=1 6 3 9 16 8 -1 19 -4 10 -2 -8 -7 17 20 -12 24 27 -19 28 -10 -13 -18 -14 29 -16 -21 -6 -5 -3
right_child=2 4 5 7 13 12 11 -9 14 -11 15 21 23 -15 25 -17 22 18 -20 26 -22 -23 -24 -25 -26 -27 -28 -29 -30 -31
leaf_value=-1.5002399421181674 0.23510922594202888 -0.59328568337023257 5.5078699175329771 -1.0317111532100371 0.51878102391804082 9.2074024930913385 -3.6840123417751847 2.7937311572553587 3.4600620896475656 6.4559896008721713 2.0572518474969175 -2.8284024949069488 3.7332688167177399 -0.66978708965228151 3.9690686108989102 3.4915293682765127 -2.9517417093738914 4.7962458610534666 0.73584170964748963 1.5969064329718721 5.6307031188140044 -2.0566790245299065 -1.2515081259309391 6.6855247507868585 -1.170851893431017 2.2671408758292326 0.15809948259525083 -0.7069743667170405 0.67376292069601917 0.28069377523399408
leaf_weight=541 54 500 170 54 870 47 363 160 84 29 248 1109 29 325 93 430 80 30 46 609 111 530 349 74 346 148 89 120 263 231
leaf_count=541 54 500 170 54 870 47 363 160 84 29 248 1109 29 325 93 430 80 30 46 609 111 530 349 74 346 148 89 120 263 231
internal_value=2.39606e-09 -1.35275 2.73363 1.94553 -0.339412 4.75184 -2.50714 1.32346 4.2189 2.90601 2.76537 -2.77924 6.90494 0.234765 3.71632 2.9669 -0.869743 0.510543 2.33863 1.0917 4.69566 -2.57885 -1.56857 5.85431 -0.591381 2.9239 1.41345 0.370205 0.383241 -0.317103
internal_weight=8132 5440 2692 1936 2897 756 2543 1175 606 761 732 2002 150 1391 436 678 1506 1066 76 1015 195 1639 429 103 1077 241 698 990 317 731
internal_count=8132 5440 2692 1936 2897 756 2543 1175 606 761 732 2002 150 1391 436 678 1506 1066 76 1015 195 1639 429 103 1077 241 698 990 317 731
is_linear=0
shrinkage=0.03


Tree=9
num_leaves=31
num_cat=0
split_feature=35 35 35 35 19 35 35 14 36 11 14 35 14 19 20 35 5 19 53 15 6 37 11 29 37 32 10 14 5 6
split_gain=3.1445e+07 6.00608e+06 5.18987e+06 1.24007e+06 992630 909948 462323 426106 399287 342179 328345 296187 277084 250017 236682 232531 206800 199657 181131 170290 161147 151027 149599 148073 179634 141825 137066 133393 129912 107968
threshold=204.50000000000003 329.50000000000006 103.50000000000001 463.50000000000006 18.137500000000006 270.50000000000006 155.50000000000003 0.45000000000000007 322.50000000000006 76.500000000000014 0.8500000000000002 552.50000000000011 6.0000000000000009 12.664583333333335 2399.7500000000005 377.50000000000006 2024.5000000000002 19.989583333333339 54181.80000000001 986.55000000000007 1436.1200000000001 158.50000000000003 87.500000000000014 487.85714285714295 221.16666666666671 94.050000000000011 11.300000000000002 0.25000000000000006 133.50000000000003 656.8850000000001
decision_type=10 10 8 10 2 10 8 2 10 2 2 10 2 2 2 10 2 2 2 2 2 10 2 2 10 10 2 2 2 2
left_child=2 5 9 7 6 13 -4 14 -5 29 17 -10 21 23 26 -16 27 18 -7 25 -21 -6 -11 24 -2 -15 -3 -8 -13 -1
right_child=1 3 4 8 12 10 16 -9 11 22 -12 28 -14 19 15 -17 -18 -19 -20 20 -22 -23 -24 -25 -26 -27 -28 -29 -30 -31
leaf_value=-2.2994859077649958 0.67104805536641932 3.9479489407539363 -0.82691508707742067 2.6268847091674803 -1.3961367559380236 0.19187045900986111 0.21518522519263578 1.0840971378485362 5.9025185423311983 -2.8011331425239954 0.005313894575292414 10.152597713470458 -2.3963693358166385 0.44390630145240756 3.1817501488528803 4.2629254364416083 3.1702442491650582 -0.028408565850093447 2.6141755842487258 0.64367131445634485 2.4628132879166373 -0.51498586036517457 -3.6292687382045128 3.3806528339385982 1.6252069794950628 -0.90359034466219468 7.1762172514816811 -0.83305442530781992 7.2517805203524501 -1.2939223598884908
leaf_weight=612 303 20 743 25 678 29 919 54 138 1059 55 24 202 309 371 346 20 29 662 144 63 236 241 30 429 91 29 124 33 114
leaf_count=612 303 20 743 25 678 29 919 54 138 1059 55 24 202 309 371 346 20 29 662 144 63 236 241 30 429 91 29 124 33 114
internal_value=5.95195e-09 2.32555 -1.49648 4.19635 -0.687447 1.41808 -0.252789 3.65977 6.19632 -2.6633 2.23951 6.65394 -1.39085 0.953066 3.84135 3.70349 0.148506 2.41017 2.51252 0.498824 1.19732 -1.16862 -2.95466 1.31491 1.23025 0.137351 5.85856 0.0905623 8.47318 -2.14159
internal_weight=8132 3184 4948 1040 2922 2144 1806 820 220 2026 775 195 1116 1369 766 717 1063 720 691 607 207 914 1300 762 732 400 49 1043 57 726
internal_count=8132 3184 4948 1040 2922 2144 1806 820 220 2026 775 195 1116 1369 766 717 1063 720 691 607 207 914 1300 762 732 400 49 1043 57 726
is_linear=0
shrinkage=0.03


Tree=10
num_leaves=31
num_cat=0
split_feature=35 35 35 35 16 35 19 12 12 35 14 6 51 34 14 16 16 12 12 19 6 14 16 37 17 21 21 35 16 35
split_gain=2.96181e+07 6.27684e+06 4.2304e+06 1.10656e+06 1.00254e+06 973497 642252 514858 483854 439046 405006 344085 290871 289047 279482 267589 260035 258947 226365 217763 216634 209747 190436 198069 175391 158770 147369 132427 128117 119155
threshold=225.50000000000003 132.50000000000003 336.50000000000006 463.50000000000006 14.750000000000002 87.350000000000009 18.137500000000006 4.4500000000000011 4.1500000000000012 178.50000000000003 1.0000000180025095e-35 12260.245000000001 1547.9600000000003 226.83333333333334 3.5000000000000004 14.550000000000002 11.850000000000003 8.8500000000000032 10.15 8.5937500000000018 2958.5050000000006 3.5000000000000004 26.500000000000004 244.50000000000003 817.50000000000011 92.500000000000014 432.50000000000006 256.50000000000006 22.200000000000006 552.50000000000011
decision_type=10 8 10 10 2 10 2 2 2 8 2 2 2 10 2 2 2 2 2 2 2 2 2 10 2 2 2 10 2 10
left_child=1 5 4 7 15 21 9 25 29 28 19 17 22 -10 -7 16 27 -11 24 -9 -18 -1 23 -6 -8 -4 -15 -2 -3 -5
right_child=2 6 3 8 12 14 18 10 13 11 -12 -13 -14 26 -16 -17 20 -19 -20 -21 -22 -23 -24 -25 -26 -27 -28 -29 -30 -31
leaf_value=-2.4211870620399711 2.1196678074114024 -0.21690987494594433 3.5944152405302403 7.101194470379804 0.48689939587324294 -1.3743324484267765 -2.6885435185781339 4.0552057289295513 3.0811450481414795 0.67321535549731448 0.78286122422097093 3.9841708768844604 2.4617936989446965 5.3269453165390903 -2.4908117769080049 5.5695628980489875 2.1190577957677261 -0.51425997037546978 -2.524017796641902 2.8131127080647453 -0.89251657729563505 -3.1070027621871339 -0.2391738283320477 1.4475740107966633 -0.65946873965362607 5.4459589727831554 7.9079539489746091 3.5659556805447914 -1.0939058309153187 9.7223021104600686
leaf_weight=896 80 684 59 37 318 967 41 244 45 776 59 25 123 85 255 26 329 210 76 265 23 727 114 492 591 142 26 198 192 27
leaf_count=896 80 684 59 37 318 967 41 244 45 776 59 25 123 85 255 26 329 210 76 265 23 727 114 492 591 142 26 198 192 27
internal_value=-6.42663e-10 -1.27362 2.57373 4.1343 1.66744 -2.24686 -0.206618 3.59757 6.01043 0.082474 3.1358 0.508432 1.09128 5.10929 -1.60731 2.58702 2.46393 0.420305 -0.977121 3.40854 1.92228 -2.72839 0.908847 1.07042 -0.791102 4.90247 5.93151 3.14976 -0.409128 8.20697
internal_weight=8132 5440 2692 989 1703 2845 2595 769 220 1887 568 1011 1047 156 1222 656 630 986 708 509 352 1623 924 810 632 201 111 278 876 64
internal_count=8132 5440 2692 989 1703 2845 2595 769 220 1887 568 1011 1047 156 1222 656 630 986 708 509 352 1623 924 810 632 201 111 278 876 64
is_linear=0
shrinkage=0.03


Tree=11
num_leaves=31
num_cat=0
split_feature=35 35 35 16 19 12 19 35 19 9 37 19 52 35 22 16 35 37 5 15 9 18 57 14 12 16 15 19 14 16
split_gain=2.78677e+07 5.90588e+06 3.99532e+06 1.24263e+06 926798 679342 606760 472317 417467 393926 390379 384035 350142 344492 317226 301580 282151 267731 267331 255061 241020 240356 224720 202945 148120 147270 146503 140210 140104 133411
threshold=225.50000000000003 132.50000000000003 377.50000000000006 14.750000000000002 20.918750000000006 4.1500000000000012 20.593750000000004 178.50000000000003 8.2937500000000011 30.950000000000003 263.83333333333343 8.5250000000000021 11103.250000000002 497.50000000000006 423.50000000000006 20.550000000000004 278.50000000000006 83.100000000000009 2024.5000000000002 986.75000000000011 31.350000000000005 6648.0000000000009 231.64285714285717 0.45000000000000007 7.2500000000000009 19.050000000000004 992.1500000000002 19.989583333333339 1.0000000180025095e-35 20.550000000000004
decision_type=10 8 10 2 2 2 2 8 2 2 10 2 2 10 2 2 10 10 2 2 2 2 10 2 2 2 2 2 2 2
left_child=1 4 3 10 24 13 7 29 16 -6 27 14 19 26 -7 18 -5 -11 -9 -12 -8 22 -10 25 -1 -13 -4 -2 -17 -3
right_child=2 6 5 8 9 11 20 15 21 17 12 23 -14 -15 -16 28 -18 -19 -20 -21 -22 -23 -24 -25 -26 -27 -28 -29 -30 -31
leaf_value=-0.80319802136642149 2.067678483757224 -0.20799538897158446 6.6546941900253289 1.2046310230503881 -3.3750835715456211 4.0641910125624463 -2.6526792369237762 0.67830612042226957 0.15092781233810346 -2.5937362978633387 -0.24658728280663492 3.958480734047618 6.7103122467041008 8.5375672779912524 6.6038880978132548 -0.018312559416419582 2.846147868015628 -1.8284922478608392 3.8957955610752109 3.2087861892858323 -0.86299318246141188 3.8046340530395506 1.1796816336830238 0.65145433964936628 -1.6653824142733136 2.1543119150049543 4.4141001817481271 -0.47585585457938057 -1.6358613251406571 -0.93653876370072542
leaf_weight=348 274 684 48 173 376 106 82 735 294 1090 20 202 25 46 76 285 207 661 24 497 389 25 546 23 370 51 58 21 58 338
leaf_count=348 274 684 48 173 376 106 82 735 294 1090 20 202 25 46 76 285 207 661 24 497 389 25 546 23 370 51 58 21 58 338
internal_value=4.05047e-09 -1.23541 2.49652 1.87094 -2.17945 4.6317 -0.200419 0.0156008 1.27 -2.49405 2.76481 4.05495 3.24279 6.36955 5.12472 0.44642 2.09883 -2.30486 0.780045 3.07512 -1.17457 0.90589 0.819618 3.34952 -1.2475 3.59479 5.42871 1.88661 -0.291834 -0.448942
internal_weight=8132 5440 2692 2082 2845 610 2595 2124 1245 2127 837 458 542 152 182 1102 380 1751 759 517 471 865 840 276 718 253 106 295 343 1022
internal_count=8132 5440 2692 2082 2845 610 2595 2124 1245 2127 837 458 542 152 182 1102 380 1751 759 517 471 865 840 276 718 253 106 295 343 1022
is_linear=0
shrinkage=0.03


Tree=12
num_leaves=31
num_cat=0
split_feature=35 35 35 37 16 19 16 35 16 35 51 14 14 35 19 14 16 37 16 28 7 7 19 7 35 16 37 22 21 18
split_gain=2.62366e+07 5.03632e+06 4.35126e+06 1.06612e+06 960625 832596 625785 386812 385667 356940 350033 294907 285596 276070 240068 236961 230448 255864 214632 297060 209101 167128 161151 153663 139297 137186 133828 116884 109086 105808
threshold=204.50000000000003 329.50000000000006 103.50000000000001 436.00000000000006 14.750000000000002 18.137500000000006 11.550000000000002 155.50000000000003 20.750000000000004 252.50000000000003 1622.1450000000002 0.45000000000000007 3.5000000000000004 552.50000000000011 19.989583333333339 6.0000000000000009 26.500000000000004 244.50000000000003 20.550000000000004 513.83333333333337 14.750000000000002 68.40000000000002 8.5937500000000018 52.495000000000012 70.350000000000009 23.650000000000002 158.50000000000003 467.00000000000006 92.500000000000014 2864.0000000000005
decision_type=10 10 8 10 2 2 2 8 2 10 2 2 2 10 2 2 2 10 2 2 2 2 2 2 10 2 10 2 2 2
left_child=2 4 12 6 9 7 20 25 13 29 16 22 24 -5 27 26 17 -6 19 -9 -3 23 -8 -12 -1 -4 -7 -11 -22 -2
right_child=1 3 5 8 10 15 11 18 -10 14 21 -13 -14 -15 -16 -17 -18 -19 -20 -21 28 -23 -24 -25 -26 -27 -28 -29 -30 -31
leaf_value=-2.481226670806524 -0.09828167382039521 6.6411849060058596 -0.5481946415950435 5.4164161139565543 0.36929902303206991 -1.27901671016902 3.6553143449797321 0.26205615722731734 1.7134678900837899 2.9824565835516466 1.9226511530578136 0.65058259599062862 -2.8581394776747993 7.9396671079239747 -0.51841321161389342 -2.2002287558753895 -0.43588771228696782 1.2957837878202692 -0.51348168906949032 2.7260814035699723 3.0114856529235841 1.3034451482387688 2.6452966575515804 4.8862542343139648 -1.829464758712271 -1.5637362612485886 -0.44955356330508206 1.0399038646221161 4.8307173058302091 1.5846034181015949
leaf_weight=556 38 45 593 148 566 678 247 698 20 394 32 49 841 53 20 202 153 510 318 47 42 78 335 31 629 150 236 30 101 292
leaf_count=556 38 45 593 148 566 678 247 698 20 394 32 49 841 53 20 202 153 510 318 47 42 78 335 31 629 150 236 30 101 292
internal_value=2.18006e-09 2.12424 -1.36693 3.83736 1.29325 -0.626147 3.33841 -0.228065 5.68643 2.1381 0.815949 2.88576 -2.43534 6.08175 2.69351 -1.27035 0.653525 0.808432 0.138997 0.417505 4.85765 2.23168 3.07395 3.38093 -2.13527 -0.753217 -1.06484 2.84501 4.2964 1.39082
internal_weight=8132 3184 4948 1040 2144 2922 819 1806 221 774 1370 631 2026 201 444 1116 1229 1076 1063 745 188 141 582 63 1185 743 914 424 143 330
internal_count=8132 3184 4948 1040 2144 2922 819 1806 221 774 1370 631 2026 201 444 1116 1229 1076 1063 745 188 141 582 63 1185 743 914 424 143 330
is_linear=0
shrinkage=0.03


Tree=13
num_leaves=31
num_cat=0
split_feature=35 35 35 16 35 12 35 51 15 35 36 16 35 14 14 5 12 14 52 35 23 11 18 12 14 11 9 33 15 56
split_gain=2.47042e+07 5.24105e+06 3.56215e+06 1.10205e+06 727736 611168 595182 401340 353684 358086 345309 316439 314598 283127 236496 231605 221940 217122 210841 210615 209728 209552 161858 159324 135004 127947 126270 119633 119321 117112
threshold=225.50000000000003 121.50000000000001 377.50000000000006 14.750000000000002 177.50000000000003 4.1500000000000012 73.750000000000014 1622.1450000000002 986.75000000000011 266.50000000000006 295.50000000000006 22.200000000000006 457.50000000000006 0.25000000000000006 3.5000000000000004 2024.5000000000002 8.2500000000000018 1.0000000180025095e-35 11103.250000000002 282.50000000000006 1875.4150000000002 54.500000000000007 4042.0000000000005 9.8500000000000032 0.15000000000000005 87.500000000000014 32.050000000000004 126.50000000000001 992.1500000000002 352.50000000000006
decision_type=10 8 10 2 10 2 10 2 2 10 10 2 10 2 2 2 2 2 2 10 2 2 2 2 2 2 2 8 2 8
left_child=1 6 3 8 13 12 25 17 22 -10 -7 15 28 23 -8 24 20 19 -11 -5 -12 -13 -2 27 -6 -1 -15 -3 -4 -19
right_child=2 4 5 7 11 10 14 -9 9 18 16 21 -14 26 -16 -17 -18 29 -20 -21 -22 -23 -24 -25 -26 -27 -28 -29 -30 -31
leaf_value=-2.5041956621390233 -0.92409418663996101 -0.41046841064444145 5.9728969917297361 0.79692314007591747 0.607801719611748 2.055698838263023 -1.4839459795211782 2.5866039744129883 1.8417771635785394 3.1085931329313152 3.9713296008721377 -0.15908501895821148 7.5319308976566095 -1.873177715761321 -2.3727760583467559 3.4920267391204831 2.1489198071616036 -0.21113681441492582 6.1769454084123883 1.735549170805867 5.6127292206287382 -2.0405636222490244 1.9622432833909986 -1.3412126726402511 -0.35165120026975305 -3.3249723318348758 -0.88746894089335737 0.81970924720651916 3.7089646801081568 1.9166304485003152
leaf_weight=981 34 936 40 520 777 82 984 162 245 501 234 223 68 210 371 23 42 169 21 367 100 70 36 158 159 207 264 77 44 27
leaf_count=981 34 936 40 520 777 82 984 162 245 501 234 223 68 210 371 23 42 169 21 367 100 70 36 158 159 207 264 77 44 27
internal_value=-1.92364e-09 -1.16318 2.35055 1.75986 -0.290749 4.36667 -2.15705 1.19393 2.60165 2.78795 3.81962 0.254274 6.01501 -0.705563 -1.72731 0.5179 4.20431 0.985608 3.23203 1.18528 4.46277 -0.608585 0.560308 -0.45516 0.444818 -2.64721 -1.32418 -0.31696 4.78703 0.081974
internal_weight=8132 5440 2692 2082 2897 610 2543 1245 837 767 458 1252 152 1645 1355 959 376 1083 522 887 334 293 70 1171 936 1188 474 1013 84 196
internal_count=8132 5440 2692 2082 2897 610 2543 1245 837 767 458 1252 152 1645 1355 959 376 1083 522 887 334 293 70 1171 936 1188 474 1013 84 196
is_linear=0
shrinkage=0.03


Tree=14
num_leaves=31
num_cat=0
split_feature=35 35 35 37 35 16 16 11 16 19 16 18 26 16 16 35 21 15 6 11 15 18 35 6 28 13 56 11 18 16
split_gain=2.32466e+07 4.83163e+06 3.47455e+06 914307 807390 789636 509516 445935 347257 295036 291822 327017 269026 305525 255976 251605 241500 232839 226225 199070 192586 182731 171017 168645 166113 162069 138795 135407 134699 120494
threshold=223.50000000000003 114.50000000000001 336.50000000000006 436.00000000000006 161.50000000000003 14.750000000000002 12.550000000000002 76.500000000000014 20.750000000000004 8.5937500000000018 19.450000000000003 6648.0000000000009 11.500000000000002 14.550000000000002 26.000000000000004 552.50000000000011 26.500000000000004 991.95000000000016 41.535000000000004 49.500000000000007 992.1500000000002 3620.0000000000005 282.50000000000006 656.8850000000001 25.833333333333339 117.50000000000001 159.50000000000003 87.500000000000014 3935.0000000000005 19.450000000000003
decision_type=10 8 10 10 10 2 2 2 2 2 2 2 2 2 2 10 2 2 2 2 2 2 10 2 2 2 10 2 2 2
left_child=1 7 5 6 18 12 20 23 15 17 11 24 13 21 16 -5 28 -8 -3 -12 -4 -2 -18 -1 -6 -21 -11 -9 -7 -20
right_child=2 4 3 8 10 14 9 27 -10 26 19 -13 -14 -15 -16 -17 22 -19 29 25 -22 -23 -24 -25 -26 -27 -28 -29 -30 -31
leaf_value=-1.8602875020265655 0.76824064273154358 -1.6794773759675974 5.2535637547554224 5.112880359340358 -0.67882534433935959 -1.415405573654682 4.337085421653021 -2.3712996292470931 1.6029965122640133 0.15210635892806515 0.0040608077059926277 4.1088216195787695 3.301953826956002 5.0780731646831221 -0.31567768000066282 7.5217313456985178 0.99295644465774557 2.3519139705015264 -0.49056522592025642 -1.8867436906076589 3.5582565286424424 2.0913875886253357 1.9108187510139412 -0.83740163148956348 0.47425240528757034 -0.33657948834657669 2.2695973438349637 -3.1379971508716973 0.68605874336239969 -1.1555146680413191
leaf_weight=784 128 264 109 148 129 47 126 1128 20 31 391 21 166 26 128 53 565 92 765 118 135 353 270 178 876 125 275 254 66 361
leaf_count=784 128 264 109 148 129 47 126 1128 20 31 391 21 166 26 128 53 565 92 765 118 135 353 270 178 876 125 275 254 66 361
internal_value=-3.60247e-09 -1.14278 2.25134 3.67252 -0.35566 1.44771 3.18321 -2.16698 5.37293 2.65592 0.0909888 0.403667 2.25371 1.9105 0.943579 5.74805 1.1136 3.49931 -0.889069 -0.415016 4.31559 1.73928 1.28975 -1.67102 0.326245 -1.08933 2.05508 -2.51221 -0.188002 -0.703751
internal_weight=8132 5394 2738 989 3050 1749 768 2344 221 524 1660 1026 673 507 1076 201 948 218 1390 634 244 481 835 962 1005 243 306 1382 113 1126
internal_count=8132 5394 2738 989 3050 1749 768 2344 221 524 1660 1026 673 507 1076 201 948 218 1390 634 244 481 835 962 1005 243 306 1382 113 1126
is_linear=0
shrinkage=0.03


Tree=15
num_leaves=31
num_cat=0
split_feature=35 35 35 37 12 19 37 12 14 12 35 14 26 14 5 35 21 19 9 12 28 9 11 23 8 12 37 5 12 12
split_gain=2.18969e+07 4.21739e+06 3.64864e+06 904815 771775 717714 513465 512999 364042 326735 321218 306010 276598 248095 240400 236735 232824 229211 208523 181656 295620 168825 165469 152017 137804 131413 129127 125505 111442 111179
threshold=204.50000000000003 329.50000000000006 103.50000000000001 436.00000000000006 7.2500000000000009 18.137500000000006 257.83333333333343 4.4500000000000011 1.0000000180025095e-35 8.7500000000000018 152.50000000000003 5.7500000000000009 5.5000000000000009 0.8500000000000002 1727.0000000000002 552.50000000000011 92.500000000000014 11.572916666666668 31.650000000000002 8.8500000000000032 513.83333333333337 31.150000000000002 49.500000000000007 1875.4150000000002 18.200000000000006 3.7500000000000004 132.10000000000005 163.50000000000003 2.8500000000000005 7.2500000000000009
decision_type=10 10 8 10 2 2 10 2 2 2 8 2 2 2 2 10 2 2 2 2 2 2 2 2 2 2 10 2 2 2
left_child=2 4 13 7 6 10 11 16 23 15 29 14 22 -1 -2 -5 -3 27 -7 20 -12 -15 -6 -9 -24 -19 -20 -8 -18 -4
right_child=1 3 5 9 12 18 17 8 -10 -11 19 -13 -14 21 -16 -17 28 25 26 -21 -22 -23 24 -25 -26 -27 -28 -29 -30 -31
leaf_value=-1.7843159244629581 1.1705648895288241 2.6732875356674195 -0.41200445825676263 4.9594939824052764 0.48674993993955495 -2.0709924026418731 2.5375507921725511 2.508967501713764 0.35131068920179948 1.5549066081047056 0.16922202988478935 -1.3077086603912438 1.1968654179392151 -2.9960706753146891 4.3588037766109808 7.2960791922515291 6.169177152057026 2.6755983450641372 -1.3543420494918457 -0.60365035043030979 2.4220211797101157 -2.2507511177787465 0.35070959530770779 3.6191134349479794 -1.2230313303634044 1.1454557389820494 -0.6445951597666002 3.979163341522217 4.3911393096230249 -1.2005890344199901
leaf_weight=729 655 60 417 148 340 191 256 379 59 20 821 44 313 392 22 53 43 73 440 250 56 905 84 157 124 164 485 69 121 262
leaf_count=729 655 60 417 148 340 191 256 379 59 20 821 44 313 392 22 53 43 73 440 250 56 905 84 157 124 164 485 69 121 262
internal_value=-2.05308e-09 1.94063 -1.24878 3.50829 1.1802 -0.570434 1.64647 3.04863 2.58794 5.21174 -0.200835 1.11661 0.485386 -2.22713 1.27417 5.57561 4.27232 2.32624 -1.16855 0.109718 0.313072 -2.47601 0.0790122 2.83414 -0.587482 1.61677 -0.982204 2.84362 4.85733 -0.716289
internal_weight=8132 3184 4948 1040 2144 2922 1283 819 595 221 1806 721 861 2026 677 201 224 562 1116 1127 877 1297 548 536 208 237 925 325 164 679
internal_count=8132 3184 4948 1040 2144 2922 1283 819 595 221 1806 721 861 2026 677 201 224 562 1116 1127 877 1297 548 536 208 237 925 325 164 679
is_linear=0
shrinkage=0.03


Tree=16
num_leaves=31
num_cat=0
split_feature=37 19 37 16 37 16 37 29 37 37 51 9 16 14 30 12 16 31 53 17 57 12 37 12 8 29 53 50 16 18
split_gain=2.02349e+07 4.17768e+06 2.88151e+06 1.13084e+06 650375 592388 570644 546492 484564 446160 387073 367344 264156 238005 236318 232765 213424 180461 180089 177657 175144 164875 154265 133371 129051 114354 102634 98217.7 95204.2 92462.1
threshold=218.16666666666671 19.989583333333339 371.33333333333343 18.450000000000003 88.616666666666688 18.450000000000003 271.50000000000006 1960.3571428571429 158.50000000000003 493.16666666666669 900.00000000000011 30.950000000000003 9.0500000000000025 1.0000000180025095e-35 91.240000000000094 6.4500000000000011 10.250000000000002 2596.5750000000007 266093.60000000003 847.50000000000011 257.9285714285715 9.8500000000000032 124.35000000000001 10.65 16.150000000000002 347.4285714285715 262150.95000000007 1.0000000180025095e-35 20.750000000000004 2880.5000000000005
decision_type=10 2 10 2 10 2 10 2 8 10 2 2 2 2 2 2 2 2 2 2 10 2 10 2 2 2 2 2 2 2
left_child=1 7 3 6 23 9 14 8 15 16 18 -6 -8 21 -2 -1 -4 -14 19 -5 -12 -10 -13 -3 -7 -18 -17 -24 -15 -16
right_child=2 4 5 10 11 24 12 -9 13 -11 20 22 17 28 29 26 25 -19 -20 -21 -22 -23 27 -25 -26 -27 -28 -29 -30 -31
leaf_value=-0.32762793057769007 -0.42046994090080259 -2.2145785268632268 5.9198562444051097 1.2719400288448988 -2.6666570477033487 -0.31460701775550842 5.2852562418291642 4.0932198825249309 0.36397302782924013 6.4181869357388193 1.3389708352088927 -1.5174336671814816 2.5551725552078848 -0.30866418404033386 0.28813476372272412 -1.3641922244324765 3.4321513831210586 0.29071107105775312 2.2868533111727514 0.03769287869164889 3.7087886984451957 -0.66397873988432909 -1.0214227846646919 -3.005663595072428 2.3901442702320201 4.7804066439469652 0.1355466245015462 -0.0078927844488307052 -1.473225834246944 1.6788323996315229
leaf_weight=507 60 1300 45 131 174 20 31 26 1099 82 72 543 788 166 47 470 265 33 43 528 46 161 351 225 77 72 45 114 102 509
leaf_count=507 60 1300 45 131 174 20 31 26 1099 82 72 543 788 166 47 470 265 33 43 528 46 161 351 225 77 72 45 114 102 509
internal_value=1.71996e-09 -1.09895 2.03783 1.56539 -1.92191 3.9646 2.06386 -0.234144 -0.278267 4.41033 0.673013 -1.39373 2.5668 0.0599467 1.36825 -0.783932 3.97933 2.46415 0.405784 0.283044 2.2628 0.232624 -1.17399 -2.3313 1.83246 3.72021 -1.23315 -0.772944 -0.751893 1.56127
internal_weight=8132 5283 2849 2288 2707 561 1468 2576 2550 464 820 1182 852 1528 616 1022 382 821 702 659 118 1260 1008 1525 97 337 515 465 268 556
internal_count=8132 5283 2849 2288 2707 561 1468 2576 2550 464 820 1182 852 1528 616 1022 382 821 702 659 118 1260 1008 1525 97 337 515 465 268 556
is_linear=0
shrinkage=0.03


Tree=17
num_leaves=31
num_cat=0
split_feature=35 35 35 12 19 37 12 19 30 19 26 19 35 14 22 35 35 12 12 5 12 26 5 53 12 14 53 19 6 15
split_gain=1.94884e+07 4.1341e+06 2.84486e+06 783977 742811 558229 509493 418641 317918 295049 293119 290872 288763 275705 272004 269601 267213 212618 189238 171999 168764 163195 148348 147151 138903 113931 112026 107800 105473 104312
threshold=225.50000000000003 135.50000000000003 377.50000000000006 7.2500000000000009 20.918750000000006 257.83333333333343 4.1500000000000012 20.593750000000004 13973.853333333334 8.6916666666666682 5.5000000000000009 11.572916666666668 185.50000000000003 5.7500000000000009 423.50000000000006 67.550000000000011 457.50000000000006 3.9500000000000006 10.15 59.500000000000007 8.8500000000000032 10.500000000000002 163.50000000000003 254562.70000000004 7.2500000000000009 2.1500000000000004 72846.10000000002 14.958333333333336 528.45500000000015 992.1500000000002
decision_type=10 8 10 2 2 10 2 2 2 2 2 2 8 2 2 10 10 2 2 2 2 2 2 2 2 2 2 2 2 2
left_child=1 4 3 5 24 13 16 8 12 14 23 22 21 -2 -8 -6 29 -13 -9 -11 -14 -3 -7 27 -1 -17 -12 -5 -21 -4
right_child=2 7 6 10 15 11 9 18 -10 19 26 17 20 -15 -16 25 -18 -19 -20 28 -22 -23 -24 -25 -26 -27 -28 -29 -30 -31
leaf_value=-0.60507711634384631 1.3840923265489111 -0.37721371203190202 5.3715043430328366 0.24851452113552527 -2.4700753514207219 2.6176129906540062 3.3571809890290552 -0.7458605665468987 3.6309677091511814 1.2268148451143839 -0.59325489195910364 2.7363988379836082 0.62057450019872851 -1.4995847725868225 5.6909737661794608 -1.5351410230053097 6.792472481447108 1.1200795378203088 -2.6716435184845557 3.9423905662010452 -0.36825616531485883 1.796263485699892 3.7819035289504308 1.3700923932700053 -1.4012575678825379 -2.1189692212016888 1.6212357066984577 -1.1973976136554372 2.596941852087832 3.2547403452613133
leaf_weight=389 442 1095 40 297 929 388 110 393 22 53 22 120 708 32 76 684 68 188 52 87 199 32 132 92 400 537 314 55 132 44
leaf_count=389 442 1095 40 297 929 388 110 393 22 53 22 120 708 32 76 684 68 188 52 87 199 32 132 92 400 537 314 55 132 44
internal_value=-1.40322e-10 -1.03312 2.08772 1.55984 -1.79602 2.01042 3.88945 -0.136606 0.0439672 3.38998 0.807714 2.48042 0.00516971 1.18941 4.31077 -2.08494 5.39445 1.74981 -0.970896 2.76031 0.40362 -0.3155 2.91316 0.301803 -1.00872 -1.79191 1.47624 0.0225908 3.13144 4.26272
internal_weight=8132 5440 2692 2082 2939 1302 610 2501 2056 458 780 828 2034 474 186 2150 152 308 445 272 907 1127 520 444 789 1221 336 352 219 84
internal_count=8132 5440 2692 2082 2939 1302 610 2501 2056 458 780 828 2034 474 186 2150 152 308 445 272 907 1127 520 444 789 1221 336 352 219 84
is_linear=0
shrinkage=0.03


Tree=18
num_leaves=31
num_cat=0
split_feature=35 35 35 16 16 14 37 35 19 26 57 24 16 14 14 28 57 17 28 16 16 12 9 29 16 53 19 30 9 12
split_gain=1.83381e+07 3.90626e+06 2.72664e+06 775252 772104 518983 442214 382316 311394 293678 278093 249646 245359 228838 213272 183759 165297 160670 160670 181177 156478 155199 149297 148774 147081 141866 140611 137338 130574 127705
threshold=196.50000000000003 329.50000000000006 103.50000000000001 14.750000000000002 11.550000000000002 0.15000000000000005 444.83333333333343 457.50000000000006 9.4416666666666682 11.500000000000002 172.43571428571428 1764.2100000000003 14.550000000000002 0.45000000000000007 0.8500000000000002 153.66666666666669 231.64285714285717 1327.5000000000002 513.83333333333337 22.000000000000004 11.850000000000003 8.2500000000000018 31.150000000000002 443.21428571428584 14.15 266093.60000000003 8.9541666666666675 13973.853333333334 17.950000000000003 2.8500000000000005
decision_type=10 10 8 2 2 2 10 10 2 2 8 2 2 2 2 2 10 2 2 2 2 2 2 2 2 2 2 2 2 2
left_child=2 3 14 9 7 10 13 29 11 12 24 -5 20 21 -1 -8 25 -7 23 -20 -2 -6 -16 -12 -4 -10 -13 -26 -18 -3
right_child=1 4 5 8 6 17 15 -9 16 -11 18 26 -14 -15 22 -17 28 -19 19 -21 -22 -23 -24 -25 27 -27 -28 -29 -30 -31
leaf_value=-1.627368032809638 1.960999597934882 5.703730020830708 0.20755467530205307 0.92183726543768485 2.7975467682409287 -1.6138813353459087 3.1944485257749684 6.5922480700997745 -0.2658104145851507 2.8478796793936296 0.076518059071435024 2.0089566909012042 4.0612679787605037 0.45108253379257351 -2.7577423527775977 5.3304517085850236 -1.3002302328177859 -0.78940586306674532 3.1048187663338398 0.21721770418807862 0.97339179236783879 1.4919213213513092 -2.0568524813425637 -2.0494405543419623 -0.81910479771438982 1.3351549790586743 4.9325933218002316 1.6352526179381779 0.810935583377702 3.5873789566395264
leaf_weight=729 225 31 166 457 500 421 73 68 451 172 668 57 31 49 392 72 28 430 33 48 403 98 905 31 896 56 20 21 452 149
leaf_count=729 225 31 166 457 500 421 73 68 451 172 668 57 31 49 392 72 28 430 33 48 403 98 905 31 896 56 20 21 452 149
internal_value=1.09263e-09 1.68408 -1.20514 1.0071 3.21508 -0.583473 2.75767 4.67584 0.604515 1.74397 -0.30309 1.18809 1.45584 2.42208 -2.03793 4.25508 0.288779 -1.19728 0.128804 1.39365 1.32723 2.58358 -2.26869 -0.0177662 -0.614149 -0.0889779 2.76834 -0.762898 0.687784 3.95186
internal_weight=8132 3392 4740 2352 1040 2714 792 248 1521 831 1863 534 659 647 2026 145 987 851 780 81 628 598 1297 699 1083 507 77 917 480 180
internal_count=8132 3392 4740 2352 1040 2714 792 248 1521 831 1863 534 659 647 2026 145 987 851 780 81 628 598 1297 699 1083 507 77 917 480 180
is_linear=0
shrinkage=0.03


Tree=19
num_leaves=31
num_cat=0
split_feature=35 35 35 16 19 16 16 35 16 15 51 27 35 35 35 13 5 57 53 15 14 21 12 38 13 57 53 56 14 56
split_gain=1.73034e+07 3.67311e+06 2.52886e+06 798566 659141 453507 380047 324198 303361 332498 299602 297124 259664 253721 242568 212483 211907 194784 194774 171347 170313 158540 127528 121529 118351 117637 114319 101972 101334 98781.2
threshold=225.50000000000003 135.50000000000003 377.50000000000006 14.750000000000002 20.918750000000006 11.550000000000002 22.200000000000006 178.50000000000003 14.550000000000002 986.75000000000011 1547.9600000000003 1.0000000180025095e-35 268.50000000000006 552.50000000000011 67.550000000000011 299.50000000000006 2024.5000000000002 223.07142857142858 254562.70000000004 992.1500000000002 1.0000000180025095e-35 21.500000000000004 7.2500000000000009 128.50000000000003 90.500000000000014 233.07142857142858 124459.00000000001 185.50000000000003 2.1500000000000004 284.50000000000006
decision_type=10 8 10 2 2 2 2 8 2 2 2 2 10 10 10 2 2 10 2 2 2 2 2 8 2 8 2 10 2 10
left_child=1 4 3 8 22 13 7 27 9 -2 17 20 -11 19 -6 23 25 26 24 -4 -7 -19 -1 -13 -8 -9 -5 -3 -16 -12
right_child=2 6 5 10 14 11 18 16 -10 12 29 15 -14 -15 28 -17 -18 21 -20 -21 -22 -23 -24 -25 -26 -27 -28 -29 -30 -31
leaf_value=-0.56419310258256139 -0.1105284855489073 -0.54681669467545457 5.7818039869828661 -1.0517476911523511 -2.330068749120084 2.7154307538614821 -2.4741346287727355 0.18371296728772352 5.2007801608381596 1.4529221271014503 1.6692814308306401 4.0355094400102445 2.6394551469943672 7.6891924709743913 -1.444642857424588 1.4866824271943833 3.2544049322605133 -0.14060946069914718 0.34979652227626906 3.5952705819790176 0.094706342625617987 1.2212410402846963 -1.3270757723797113 6.2800426248550414 -0.9027946270577295 0.93366529121994968 0.4410620417256092 0.086439826693461966 -1.995249479299817 3.2223918122615451
leaf_weight=389 58 608 55 56 929 208 48 656 29 248 121 165 502 27 684 27 24 87 108 78 25 665 400 25 426 264 263 367 537 53
leaf_count=389 58 608 55 56 929 208 48 656 29 248 121 165 502 27 684 27 24 87 108 78 25 665 400 25 426 264 263 367 537 53
internal_value=4.63774e-10 -0.973478 1.96721 1.4695 -1.69259 3.66593 -0.12843 0.0752308 2.18607 2.07787 0.987762 3.17817 2.24711 5.03774 -1.96475 3.97696 0.471514 0.800181 -0.79995 4.49948 2.43424 1.06369 -0.950952 4.33084 -1.06192 0.398917 0.179001 -0.308452 -1.6868 2.14236
internal_weight=8132 5440 2692 2082 2939 610 2501 1919 837 808 1245 450 750 160 2150 217 944 1071 582 133 233 752 789 190 474 920 319 975 1221 174
internal_count=8132 5440 2692 2082 2939 610 2501 1919 837 808 1245 450 750 160 2150 217 944 1071 582 133 233 752 789 190 474 920 319 975 1221 174
is_linear=0
shrinkage=0.03


Tree=20
num_leaves=31
num_cat=0
split_feature=35 19 35 16 35 35 16 19 15 27 35 16 35 21 18 35 20 9 24 15 14 57 57 37 7 14 18 16 33 9
split_gain=1.62808e+07 3.46614e+06 2.37941e+06 751371 654742 582464 426705 289247 285555 279564 254952 249532 238726 206327 202674 189900 188808 181668 168414 161220 160247 155423 152961 150747 142522 141953 138129 133145 125351 114274
threshold=225.50000000000003 19.989583333333339 377.50000000000006 14.750000000000002 152.50000000000003 85.450000000000017 11.550000000000002 8.2937500000000011 986.75000000000011 1.0000000180025095e-35 266.50000000000006 20.550000000000004 552.50000000000011 432.50000000000006 6648.0000000000009 274.50000000000006 6557.5000000000009 31.350000000000005 7799.380000000001 992.1500000000002 1.0000000180025095e-35 261.21428571428578 233.07142857142858 124.35000000000001 22.410000000000004 1.0000000180025095e-35 4042.0000000000005 20.550000000000004 274.50000000000006 30.950000000000003
decision_type=10 2 10 2 8 10 2 2 2 2 10 2 10 2 2 10 2 2 2 2 2 10 8 10 2 2 2 2 10 2
left_child=1 4 3 8 27 29 12 15 26 20 -10 18 19 24 21 -5 -12 -7 22 -4 -8 -9 -6 -19 -11 -13 -2 -1 -15 -3
right_child=2 5 6 7 11 17 9 14 10 13 16 25 -14 28 -16 -17 -18 23 -20 -21 -22 -23 -24 -25 -26 -27 -28 -29 -30 -31
leaf_value=-0.53093880535763771 -1.085009717555607 -2.5738372119763078 5.6083498597578565 0.8530804740171879 0.16981583427991603 -2.0989361348995184 2.6339678418407075 0.16286814303211419 1.4895194332910586 1.1514633976496182 2.3003031741737598 -0.13400956782368606 7.458516532050238 4.2907957853589735 3.316889772033691 2.2138057528315365 3.5611130398273469 -1.3770865350961685 2.9654077041149138 3.4874124475396595 0.091865139055252065 0.97907414913317736 0.97340694610656875 -0.65115504459214857 3.6190614363953872 -1.4165605008602142 1.5813661805788675 -1.244357843760584 6.8821708106994626 -1.9554818469230579
leaf_weight=660 34 353 55 158 846 181 208 415 245 26 372 447 27 56 25 222 150 609 23 78 25 425 285 446 111 94 36 366 24 1130
leaf_count=660 34 353 55 158 846 181 208 415 245 26 372 447 27 56 25 222 150 609 23 78 25 425 285 446 111 94 36 366 24 1130
internal_value=3.44605e-10 -0.944274 1.90819 1.42542 -0.187293 -1.70181 3.55595 0.958129 2.12049 3.08283 2.28789 0.174767 4.88661 3.85765 0.655051 1.64803 2.6626 -1.22085 0.423994 4.36449 2.36121 0.57583 0.372312 -1.0702 3.15076 -0.356856 0.286269 -0.785433 5.06821 -2.10267
internal_weight=8132 5440 2692 2082 2721 2719 610 1245 837 450 767 1695 160 217 865 380 522 1236 1154 133 233 840 1131 1055 137 541 70 1026 80 1483
internal_count=8132 5440 2692 2082 2721 2719 610 1245 837 450 767 1695 160 217 865 380 522 1236 1154 133 233 840 1131 1055 137 541 70 1026 80 1483
is_linear=0
shrinkage=0.03


Tree=21
num_leaves=31
num_cat=0
split_feature=35 35 35 37 35 16 16 16 35 11 16 26 16 6 37 14 16 14 14 11 11 26 16 57 57 21 7 56 14 57
split_gain=1.53186e+07 3.26431e+06 2.25322e+06 636012 586014 532784 361120 341598 292158 269022 255131 209590 240240 193935 181397 176856 175602 178451 172920 143333 127677 125437 121133 103344 97810.3 95475.8 93354.4 91714.8 84350.8 83612.8
threshold=225.50000000000003 135.50000000000003 336.50000000000006 436.00000000000006 87.350000000000009 14.750000000000002 10.250000000000002 22.200000000000006 178.50000000000003 52.500000000000007 20.750000000000004 11.500000000000002 14.550000000000002 12260.245000000001 536.83333333333337 0.45000000000000007 26.000000000000004 1.0000000180025095e-35 0.45000000000000007 58.500000000000007 87.500000000000014 2.5000000000000004 18.450000000000003 233.07142857142858 172.43571428571428 92.500000000000014 14.065000000000003 185.50000000000003 1.0500000000000003 310.78571428571433
decision_type=10 8 10 10 10 2 2 2 8 2 2 2 2 2 10 2 2 2 2 2 2 2 2 8 10 2 2 10 2 10
left_child=1 4 5 6 20 11 -4 8 27 -9 14 12 19 23 25 24 17 21 22 -2 26 -7 -8 -10 -6 -5 -1 28 -3 -20
right_child=2 7 3 10 15 16 18 9 13 -11 -12 -13 -14 -15 -16 -17 -18 -19 29 -21 -22 -23 -24 -25 -26 -27 -28 -29 -30 -31
leaf_value=-2.0010148581796652 1.9551945849717487 -0.35506874134041977 4.7033639647743914 3.252023706436157 -0.99590680458062453 0.3095155292433619 2.7251799581330158 -0.31566001414501998 0.17880837944199943 -1.7008058274372204 1.1766851248741148 2.784916975888339 4.3553929897455061 3.1122344961762427 6.5377050218582147 -1.5613231537999011 -0.3002942390713963 -0.076083037433879702 -0.57342261936664585 0.899435421789756 -2.643754002339131 1.2716500870843508 1.7500869332294207 0.881726649211381 -0.11360009104013442 4.79938631752941 -1.4137579573482086 0.084049141293528612 -1.2899122083527701 2.0290066283941268
leaf_weight=1087 217 503 66 54 671 151 509 397 656 185 20 165 26 24 40 509 122 140 25 248 222 634 148 264 136 107 314 367 105 20
leaf_count=1087 217 503 66 54 671 151 509 397 656 185 20 165 26 24 40 509 122 140 25 248 222 634 148 264 136 107 314 367 105 20
internal_value=1.25158e-09 -0.915946 1.85095 2.98987 -1.59386 1.18953 2.58177 -0.119309 0.0737746 -0.755956 4.40808 1.85989 1.54904 0.449966 4.72961 -1.12342 0.769509 0.910607 2.3823 1.39212 -1.97532 1.08658 2.50552 0.380515 -0.847216 4.2804 -1.8694 -0.290456 -0.516514 0.583213
internal_weight=8132 5440 2692 989 2939 1703 768 2501 1919 582 221 656 491 944 201 1316 1047 925 702 465 1623 785 657 920 807 161 1401 975 608 45
internal_count=8132 5440 2692 989 2939 1703 768 2501 1919 582 221 656 491 944 201 1316 1047 925 702 465 1623 785 657 920 807 161 1401 975 608 45
is_linear=0
shrinkage=0.03


Tree=22
num_leaves=31
num_cat=0
split_feature=35 35 35 37 16 14 16 16 12 57 57 26 14 16 21 35 35 9 14 12 23 53 16 16 53 16 10 57 41 21
split_gain=1.44276e+07 3.09892e+06 2.15541e+06 660426 605030 428725 386779 256000 240053 229525 229280 223528 221050 209072 187146 177539 172877 159190 150715 147919 144363 141318 132780 132475 117371 107474 105191 100917 89534.3 88411.9
threshold=196.50000000000003 324.50000000000006 103.50000000000001 436.00000000000006 14.750000000000002 0.15000000000000005 10.250000000000002 26.000000000000004 8.7500000000000018 172.43571428571428 206.50000000000003 11.500000000000002 0.45000000000000007 14.550000000000002 36.000000000000007 64.850000000000009 552.50000000000011 39.650000000000013 0.8500000000000002 8.2500000000000018 5053.2250000000013 162316.85000000001 20.550000000000004 14.15 262150.95000000007 24.750000000000004 11.300000000000002 310.78571428571433 22.250000000000004 111.50000000000001
decision_type=10 10 8 10 2 2 2 2 2 8 10 2 2 2 2 10 10 2 2 2 2 2 2 2 2 2 2 10 8 2
left_child=2 4 15 6 11 9 29 10 16 23 17 13 19 18 -12 -1 -5 -6 -2 -8 22 -7 -11 -4 -25 -22 -13 -14 -18 -3
right_child=1 3 5 8 7 21 12 -9 -10 20 14 26 27 -15 -16 -17 28 -19 -20 -21 25 -23 -24 24 -26 -27 -28 -29 -30 -31
leaf_value=-2.1257080021577344 1.2869136594984856 3.679810921790752 0.23585774007466542 4.0612223498563509 -0.20951168438047169 -1.504514336489533 2.5474601613223364 -0.54254924071359112 1.1413845548629762 0.29782320714237936 -0.16531678947455741 2.0665239865720761 -0.68505580343306061 3.724551268100738 1.1150627587306772 -1.5600583771914112 4.6497159949592914 1.1521411725729704 -0.57489772456032884 1.311842622951706 3.2143206814061038 -0.72686621217552427 -0.57707123261615634 -0.78347370414822914 0.48643120329984479 0.28137240309606898 3.7939706891082055 1.9543959780172866 7.1375959815979 5.7861844135152873
leaf_weight=893 573 47 166 148 340 380 638 182 20 510 119 121 32 30 752 1133 23 100 42 101 23 471 225 846 71 22 43 22 30 29
leaf_count=893 573 47 166 148 340 380 638 182 20 510 119 121 32 30 752 1133 23 100 42 101 23 471 225 846 71 22 43 22 30 29
internal_value=6.63521e-10 1.49376 -1.06895 2.81152 0.869797 -0.516224 2.43913 0.511782 4.27584 -0.261386 0.65815 1.53051 2.24319 1.27906 0.940131 -1.80938 4.58772 0.0999549 1.15977 2.37859 0.130985 -1.07411 0.0299984 -0.543979 -0.68515 1.78043 2.51945 0.390276 6.05795 4.48356
internal_weight=8132 3392 4740 1090 2302 2714 869 1493 221 1863 1311 809 793 645 871 2026 201 440 615 739 780 851 735 1083 917 45 164 54 53 76
internal_count=8132 3392 4740 1090 2302 2714 869 1493 221 1863 1311 809 793 645 871 2026 201 440 615 739 780 851 735 1083 917 45 164 54 53 76
is_linear=0
shrinkage=0.03


Tree=23
num_leaves=31
num_cat=0
split_feature=35 35 35 16 19 16 16 35 16 11 19 19 22 9 19 35 28 7 53 13 37 57 57 35 61 13 53 16 7 56
split_gain=1.36197e+07 3.24927e+06 1.75318e+06 576021 530012 375102 374245 320759 287954 278354 259520 256940 255709 246288 244441 230821 220871 250056 185252 172874 164070 147991 129322 122647 95732.9 95517.3 93238.2 92405.7 91961.7 82969.9
threshold=235.50000000000003 135.50000000000003 377.50000000000006 14.750000000000002 20.918750000000006 12.400000000000002 22.200000000000006 178.50000000000003 14.550000000000002 54.500000000000007 8.6916666666666682 8.2937500000000011 423.50000000000006 30.950000000000003 19.989583333333339 497.50000000000006 502.50000000000006 72.88000000000001 269164.20000000007 116.50000000000001 88.616666666666688 231.64285714285717 251.64285714285717 278.50000000000006 16.63214285714286 92.000000000000014 254562.70000000004 17.450000000000003 22.135000000000002 185.50000000000003
decision_type=10 8 10 2 2 2 2 8 2 2 2 2 2 2 2 10 2 2 2 2 10 10 10 10 10 2 2 2 2 10
left_child=1 4 3 8 27 15 7 29 14 26 12 23 28 -6 19 24 25 -18 21 -2 -15 -13 -12 -5 -4 -9 -8 -1 -7 -3
right_child=2 6 5 11 13 10 9 16 -10 -11 22 18 -14 20 -16 -17 17 -19 -20 -21 -22 -23 -24 -25 -26 -27 -28 -29 -30 -31
leaf_value=-0.4752024042136459 3.6763047506224433 -0.48426328708478983 5.2969352806939014 0.95345161612217233 -2.4390119318256254 1.1720789173671176 -0.57795196516276126 -0.88491561871654578 5.0759264649285205 -1.721784164571762 -0.090071722756732586 -0.11141098945751922 4.9331851409610943 -1.7950394363155997 -0.88014663510852387 5.9931781331842595 3.9908591080795635 0.62623501203730692 2.8055786460988661 1.8953805170458073 -1.1754480088078869 0.82875128130352149 2.324317064732313 2.0958859677893527 3.3051247246523157 0.42247337675885049 0.3837304597377777 -1.1283285475651004 3.1868876174926757 0.086950815903068565
leaf_weight=352 53 608 27 143 380 28 331 53 27 175 22 218 76 1205 27 55 33 50 34 659 565 488 216 207 111 985 125 437 75 367
leaf_count=352 53 608 27 143 380 28 331 53 27 175 22 218 76 1205 27 55 33 50 34 659 565 488 216 207 111 985 125 437 75 367
internal_value=-9.76995e-11 -0.809963 1.86101 1.40243 -1.50198 3.25629 -0.064145 0.128685 2.03288 -0.704672 2.75019 0.95938 3.61317 -1.74603 1.9217 4.3498 0.474796 1.96398 0.642612 2.02795 -1.59726 0.538446 2.10114 1.62912 3.69483 0.355718 -0.314333 -0.836947 2.63917 -0.269252
internal_weight=8132 5666 2466 1856 2939 610 2727 2096 766 631 417 1090 179 2150 739 193 1121 83 740 712 1770 706 238 350 138 1038 456 789 103 975
internal_count=8132 5666 2466 1856 2939 610 2727 2096 766 631 417 1090 179 2150 739 193 1121 83 740 712 1770 706 238 350 138 1038 456 789 103 975
is_linear=0
shrinkage=0.03


Tree=24
num_leaves=31
num_cat=0
split_feature=35 19 35 35 16 35 16 16 15 19 12 19 22 35 53 18 5 9 12 26 37 57 57 13 35 16 7 51 22 9
split_gain=1.28148e+07 3.0695e+06 1.64957e+06 603981 541978 461702 353990 270936 273733 241755 233389 231360 222074 202989 174304 172856 163035 160241 146822 145065 144491 139245 134290 120988 115399 101098 100599 99675.3 93479.4 92874.6
threshold=235.50000000000003 19.989583333333339 377.50000000000006 160.50000000000003 14.750000000000002 85.450000000000017 11.550000000000002 14.550000000000002 986.75000000000011 8.2937500000000011 6.7500000000000009 8.6916666666666682 423.50000000000006 457.50000000000006 269164.20000000007 2864.0000000000005 2024.5000000000002 30.950000000000003 7.3500000000000005 10.500000000000002 124.35000000000001 231.64285714285717 251.64285714285717 88.500000000000014 278.50000000000006 29.850000000000005 80.700000000000017 0.53500000000000014 345.50000000000006 30.950000000000003
decision_type=10 2 10 8 2 10 2 2 2 2 2 2 2 10 2 2 2 2 2 2 10 10 10 2 10 2 2 2 2 2
left_child=1 3 4 18 7 27 13 8 -2 24 16 12 -8 -4 21 -10 19 -7 -1 -5 -19 -11 -13 -12 -6 -25 -20 29 -22 -3
right_child=2 5 6 10 9 17 11 -9 15 14 23 22 -14 -15 -16 -17 -18 20 26 -21 28 -23 -24 25 -26 -27 -28 -29 -30 -31
leaf_value=-0.33978151528092171 -0.21319203304794598 -2.4006109730402625 3.4519244574463888 0.39471268678685467 0.9248480699523971 -2.1170220254625756 2.676448607488112 4.923648653195964 0.4721129391759129 -0.10806866033635008 -1.9504242324829102 -0.087369586473161509 4.7851896142959589 5.6134919879015754 2.7214112823149734 2.170616246081853 2.6243639832384442 -1.2571945359847547 -1.117662637904824 1.8797202151268719 -0.46279950103633211 0.80388874430636881 2.3607122619462406 0.032248043646534566 2.0330093979832813 -1.5943331146240234 0.57041433171067824 -1.2180737228739644 -2.3142599194324931 -1.8141882297117933
leaf_weight=693 53 324 92 790 143 122 110 27 59 218 31 22 76 68 34 627 34 661 485 64 438 488 242 769 207 36 34 186 26 973
leaf_count=693 53 324 92 790 143 122 110 27 59 218 31 22 76 68 34 627 34 661 485 64 438 488 242 769 207 36 34 186 26 973
internal_value=1.09663e-09 -0.785664 1.80518 -0.112346 1.36036 -1.50979 3.1586 1.97189 1.86405 0.930599 0.24843 2.72768 3.53808 4.37059 0.623333 2.02454 0.58711 -1.08433 -0.625529 0.506001 -0.97234 0.522293 2.15671 -0.111316 1.58025 -0.0404935 -1.00708 -1.86754 -0.566545 -1.96068
internal_weight=8132 5666 2466 2936 1856 2730 610 766 739 1090 1724 450 186 160 740 686 888 1247 1212 854 1125 706 264 836 350 805 519 1483 464 1297
internal_count=8132 5666 2466 2936 1856 2730 610 766 739 1090 1724 450 186 160 740 686 888 1247 1212 854 1125 706 264 836 350 805 519 1483 464 1297
is_linear=0
shrinkage=0.03


Tree=25
num_leaves=31
num_cat=0
split_feature=35 35 35 37 14 26 14 57 35 21 19 20 35 14 9 23 53 18 23 18 60 21 19 7 20 30 20 11 7 57
split_gain=1.20606e+07 2.65834e+06 1.78273e+06 672856 367992 352359 326338 208954 206353 202280 222390 185798 169157 158435 150532 129742 125326 113852 107549 103443 98590.7 97959 100194 95159.9 86012.2 85531.8 100405 84960.3 84584.8 80887.7
threshold=195.50000000000003 308.50000000000006 103.50000000000001 436.00000000000006 0.15000000000000005 10.500000000000002 0.45000000000000007 172.43571428571428 552.50000000000011 23.500000000000004 19.989583333333339 2399.7500000000005 266.50000000000006 3.5000000000000004 19.100000000000005 5053.2250000000013 162316.85000000001 3291.5000000000005 1181.7750000000003 3663.0000000000005 12.250000000000002 525.50000000000011 11.893750000000002 16.775000000000002 5803.2500000000009 13973.853333333334 9531.7500000000018 43.500000000000007 10.955000000000002 310.78571428571433
decision_type=10 10 8 10 2 2 2 8 10 2 2 2 10 2 2 2 2 2 2 2 10 2 2 2 2 2 2 2 2 10
left_child=2 5 13 6 7 9 11 25 19 20 12 23 -11 28 -13 -9 -6 -7 -12 24 -2 22 -19 -3 -5 26 -4 -22 -1 -8
right_child=1 3 4 8 16 17 29 15 -10 10 18 14 -14 -15 -16 -17 -18 21 -20 -21 27 -23 -24 -25 -26 -27 -28 -29 -30 -31
leaf_value=-1.6428217909124314 0.77104723966547417 4.8048505195411471 -0.049236349486831803 3.3743945459697557 -1.4006770575566896 2.6589274837753987 -0.5443306273348788 0.040375046437851836 5.5472600995169747 0.56953135108641928 -0.049028385959259443 -0.19198871295899153 1.358901189330433 -1.9695150796865313 2.2152847217486245 1.7002677640318868 -0.66693384677591783 1.37612462796704 -2.1348736041958909 4.0759290942739934 0.8592575699753231 3.3233365631103515 -0.20391336602824073 2.5515406950058472 1.2654794080342564 1.4335511792153119 -0.71931312045744611 -0.97767217648156146 -1.127671108971019 1.4704206749488566
leaf_weight=698 56 37 271 46 378 66 47 728 54 1089 73 24 315 841 903 45 470 258 32 94 27 20 42 31 28 20 782 141 487 29
leaf_count=698 56 37 271 46 378 66 47 728 54 1089 73 24 315 841 903 45 470 258 32 94 27 20 42 31 28 20 782 141 487 29
internal_value=6.71927e-10 1.35885 -0.982291 2.43084 -0.476683 0.704737 2.11926 -0.239041 3.93399 0.522161 0.647037 2.26399 0.746634 -1.6546 2.15296 0.137005 -0.994003 1.52443 -0.684715 3.41543 -0.319077 1.29045 1.15492 3.77761 2.57643 -0.509949 -0.546862 -0.682451 -1.43111 0.224456
internal_weight=8132 3412 4720 1293 2694 2119 1071 1846 222 1733 1509 995 1404 2026 927 773 848 386 105 168 224 320 300 68 74 1073 1053 168 1185 76
internal_count=8132 3412 4720 1293 2694 2119 1071 1846 222 1733 1509 995 1404 2026 927 773 848 386 105 168 224 320 300 68 74 1073 1053 168 1185 76
is_linear=0
shrinkage=0.03


Tree=26
num_leaves=31
num_cat=0
split_feature=57 19 57 5 16 16 53 14 11 36 16 28 57 21 9 26 16 28 16 22 36 23 20 57 19 17 17 31 18 15
split_gain=1.10916e+07 2.56394e+06 1.53115e+06 548085 496787 382665 406202 372814 306224 291105 285543 250770 217109 202540 177563 167917 149656 148135 155379 146176 143217 183105 141942 141411 138058 137808 142444 118664 115417 114488
threshold=228.64285714285717 19.989583333333339 355.57142857142861 69.000000000000014 20.750000000000004 13.750000000000002 260775.20000000004 0.75000000000000011 54.500000000000007 500.50000000000006 9.0500000000000025 410.16666666666669 177.06428571428577 486.00000000000006 31.150000000000002 8.5000000000000018 12.050000000000002 105.83333333333333 11.950000000000001 2225.0000000000005 93.500000000000014 1181.7750000000003 7362.7500000000009 100.78571428571431 10.887500000000001 2147.5000000000005 807.50000000000011 264.89999999999992 4011.5000000000005 974.55000000000007
decision_type=10 2 10 2 2 2 2 2 2 10 2 2 8 2 2 2 2 2 2 2 10 2 2 10 2 2 2 2 2 2
left_child=1 5 3 15 10 11 12 20 -6 17 -5 -1 29 -12 -9 25 -11 22 -19 -8 -3 -22 -4 -16 -14 26 -2 -27 -18 -7
right_child=2 7 9 4 8 6 19 14 -10 16 13 -13 24 -15 23 -17 28 18 -20 -21 21 -23 -24 -25 -26 27 -28 -29 -30 -31
leaf_value=0.48890792634951158 0.66437360708009119 -1.3180934510057842 2.3837459225217632 4.2705103955950054 0.93977329618904892 0.97513035454068864 0.57262190998543816 -2.1789043329961553 -1.4582051417488475 6.1658104133605951 1.5980223466220611 3.8390491676330565 0.3163469775607381 2.8977589139195734 -1.708453637982758 1.448966187041653 2.9492111331224442 4.13083155254985 2.616907309966428 2.8306560973874455 -0.44585345183427516 -2.6112244353796306 0.28334000428517658 -0.99720332648573795 -0.41899091488735668 -0.026955061588647231 -0.58761992096485094 1.8434298396855593 5.5136832046508788 -0.76827416789396019
leaf_weight=474 132 518 148 42 276 35 234 483 58 30 934 21 413 122 852 121 56 86 210 29 468 38 36 357 518 53 215 72 22 1079
leaf_count=474 132 518 148 42 276 35 234 483 58 30 934 21 413 122 852 121 56 86 210 29 468 38 36 357 518 53 215 72 22 1079
internal_value=7.20649e-10 -0.762358 1.6102 1.21888 1.53648 -0.125858 -0.28819 -1.41925 0.523358 2.95787 1.84466 0.631035 -0.430917 1.74818 -1.69268 0.451909 4.3651 2.64124 3.05676 0.821607 -0.96744 -0.60847 1.9728 -1.49843 -0.0927884 0.196308 -0.111357 1.05039 3.67252 -0.713499
internal_weight=8132 5519 2613 2025 1432 2803 2308 2716 334 588 1098 495 2045 1056 1692 593 108 480 296 263 1024 506 184 1209 931 472 347 125 78 1114
internal_count=8132 5519 2613 2025 1432 2803 2308 2716 334 588 1098 495 2045 1056 1692 593 108 480 296 263 1024 506 184 1209 931 472 347 125 78 1114
is_linear=0
shrinkage=0.03


Tree=27
num_leaves=31
num_cat=0
split_feature=35 35 35 16 19 16 12 14 37 35 11 9 36 51 28 7 6 12 37 9 37 37 54 57 6 19 12 9 13 56
split_gain=1.07717e+07 2.58397e+06 1.39984e+06 477090 413480 324948 313731 298466 266203 256008 231940 197450 195533 191919 183644 221922 159613 139539 135831 123426 119843 118495 107210 103554 89187.6 82285.2 77768.3 77359.7 76704.3 67221.9
threshold=235.50000000000003 135.50000000000003 377.50000000000006 18.450000000000003 21.158333333333335 22.200000000000006 2.6500000000000008 2.1500000000000004 402.66666666666669 177.50000000000003 54.500000000000007 30.950000000000003 204.50000000000003 900.00000000000011 502.50000000000006 81.220000000000013 2958.5050000000006 8.4500000000000011 536.83333333333337 19.650000000000002 88.616666666666688 283.50000000000006 77.15000000000002 223.07142857142858 502.56500000000005 13.4 6.9500000000000011 41.400000000000006 299.50000000000006 185.50000000000003
decision_type=10 8 10 2 2 2 2 2 10 8 2 2 10 2 2 2 2 2 10 2 10 10 10 10 2 2 2 2 2 10
left_child=1 4 3 7 24 9 -4 12 21 29 27 -6 -2 19 25 -16 -14 18 -10 -5 -13 -8 -15 -21 -1 -11 -26 -7 -23 -3
right_child=2 5 6 13 11 10 8 -9 17 14 -12 20 16 22 15 -17 -18 -19 -20 23 -22 28 -24 -25 26 -27 -28 -29 -30 -31
leaf_value=-1.0090154552906478 0.63036579378273172 -0.43725651931833531 5.6594295828683032 -1.3010890114307403 -2.220333337203316 -0.48279407653646328 -0.157798814535141 -0.97826797448671776 3.2870789516798586 0.53059879146943179 -1.5805205262320381 -1.6032692977232725 1.925214456748547 1.0883161848121219 2.8963587549382988 -0.34689602321591867 0.29129921398664776 1.1140502780416737 5.2643013572692867 -0.20578654159439935 -1.067471115494514 2.4896744383294047 3.2587375848943538 0.75422332850638452 0.19077924324329507 -0.010849238019402855 -0.78005591264595942 0.52058400772249003 1.1709023444506585 0.082652171280988354
leaf_weight=547 138 589 35 36 345 371 20 39 238 648 175 1195 961 54 55 29 57 23 36 135 548 209 33 403 129 414 175 85 49 361
leaf_count=547 138 589 35 36 345 371 20 39 238 648 175 1195 961 54 55 29 57 23 36 135 548 209 33 403 129 414 175 85 49 361
internal_value=2.07639e-10 -0.720317 1.65503 1.24527 -1.33744 -0.0552213 2.90181 1.60299 2.73395 0.124461 -0.652073 -1.56461 1.69007 0.598546 0.426332 1.77666 1.83373 3.35846 3.54686 0.399532 -1.43481 2.06676 1.91158 0.513329 -0.78006 0.319526 -0.36809 -0.295761 2.23921 -0.239691
internal_weight=8132 5666 2466 1856 2939 2727 610 1195 575 2096 631 2088 1156 661 1146 84 1018 297 274 574 1743 278 87 538 851 1062 304 456 258 950
internal_count=8132 5666 2466 1856 2939 2727 610 1195 575 2096 631 2088 1156 661 1146 84 1018 297 274 574 1743 278 87 538 851 1062 304 456 258 950
is_linear=0
shrinkage=0.03


Tree=28
num_leaves=31
num_cat=0
split_feature=35 35 35 35 16 12 16 16 15 30 19 22 19 35 35 53 18 6 16 19 16 5 26 35 51 15 7 8 37 21
split_gain=1.01351e+07 2.43379e+06 1.31711e+06 460411 450862 310855 298036 257190 236480 234796 212651 216616 203096 188973 183229 159692 149805 128386 122516 121053 117182 99946.7 98126.3 96992.8 95958.2 94868.4 79311.6 76923.2 74506.1 72933.1
threshold=235.50000000000003 141.50000000000003 377.50000000000006 85.450000000000017 14.750000000000002 10.15 12.400000000000002 14.550000000000002 986.75000000000011 13973.853333333334 8.6916666666666682 423.50000000000006 8.2937500000000011 186.50000000000003 497.50000000000006 269164.20000000007 2864.0000000000005 46.870000000000005 11.850000000000003 20.695833333333336 19.150000000000002 55.500000000000007 10.500000000000002 274.50000000000006 0.53500000000000014 992.1500000000002 22.135000000000002 28.150000000000002 201.16666666666671 110.50000000000001
decision_type=10 8 10 10 2 2 2 2 2 2 2 2 2 8 10 2 2 2 2 2 2 2 2 10 2 2 2 2 10 2
left_child=1 3 4 24 7 9 14 8 -2 13 11 26 23 22 25 20 -10 -5 -15 -7 -14 -12 -3 -6 27 -4 -8 -1 -19 -16
right_child=2 5 6 17 12 19 10 -9 16 -11 21 -13 15 18 29 -17 -18 28 -20 -21 -22 -23 -24 -25 -26 -27 -28 -29 -30 -31
leaf_value=-2.0311717152932904 -0.2701218274854264 -0.2402625766928565 4.089655834260534 -1.2926060842844356 0.75367715765722099 -0.66928031119791898 0.88588793047836845 4.6415750990973574 0.36456209784847193 3.0555505496263504 0.50292271885772544 4.3597325194509402 0.81973811801382102 1.3095149260649988 3.8636118207659038 2.5425174694902752 1.9457599620014854 -0.76664787500420062 0.24959456391797377 -2.2907652937448941 0.046689604595943991 2.0729570429571393 1.470620013783055 1.79059304205147 -1.089384894942931 2.5058159778647346 2.7569953392028808 -1.5526816148662681 0.41935134819746017 6.1122304613449989
leaf_weight=477 53 1128 61 502 128 204 28 27 59 24 45 76 357 109 21 34 627 1024 986 52 349 193 31 222 253 77 75 826 50 34
leaf_count=477 53 1128 61 502 128 204 28 27 59 24 45 76 357 109 21 34 627 1024 986 52 349 193 31 222 253 77 75 826 50 34
internal_value=-4.90386e-10 -0.698707 1.60538 -1.25797 1.20791 -0.00746226 2.81475 1.76567 1.6606 0.103926 2.36362 3.1448 0.815935 0.072498 3.78947 0.534306 1.80977 -0.896553 0.355103 -0.998644 0.437594 1.7761 -0.194501 1.41138 -1.62403 3.20592 2.24834 -1.72785 -0.711434 5.25367
internal_weight=8132 5666 2466 3132 1856 2534 610 766 739 2278 417 179 1090 2254 193 740 686 1576 1095 256 706 238 1159 350 1556 138 103 1303 1074 55
internal_count=8132 5666 2466 3132 1856 2534 610 766 739 2278 417 179 1090 2254 193 740 686 1576 1095 256 706 238 1159 350 1556 138 103 1303 1074 55
is_linear=0
shrinkage=0.03


Tree=29
num_leaves=31
num_cat=0
split_feature=57 19 57 16 28 16 53 14 36 12 11 28 19 57 9 20 11 28 16 16 53 20 36 21 19 6 57 9 15 18
split_gain=9.32672e+06 2.14211e+06 1.30974e+06 455337 399585 337962 356284 322371 252225 249216 229820 226004 211261 185491 151854 144600 145828 131715 137779 130781 130016 123688 121594 162525 120971 120596 120253 106976 106444 102612
threshold=228.64285714285717 19.989583333333339 355.57142857142861 20.750000000000004 84.000000000000014 13.750000000000002 260775.20000000004 0.75000000000000011 500.50000000000006 2.8500000000000005 54.500000000000007 391.33333333333343 10.708333333333334 177.06428571428577 31.150000000000002 3869.5000000000005 52.500000000000007 105.83333333333333 11.950000000000001 12.050000000000002 266093.60000000003 7362.7500000000009 93.500000000000014 206.00000000000003 10.887500000000001 13669.565000000001 100.78571428571431 30.200000000000006 974.55000000000007 4011.5000000000005
decision_type=10 2 10 2 2 2 2 2 10 2 2 2 2 8 2 2 2 2 2 2 2 2 10 2 2 2 10 2 2 2
left_child=1 5 3 4 15 11 13 22 17 -6 20 -1 -11 28 -9 -2 -17 21 -19 -10 -5 -4 -3 -24 -15 -8 -16 -12 -7 -21
right_child=2 7 8 10 9 6 25 14 19 12 27 -13 -14 24 26 16 -18 18 -20 29 -22 -23 23 -25 -26 -27 -28 -29 -30 -31
leaf_value=0.43705547789370985 1.5105779611102996 -1.2024730945280016 2.1815584255916041 0.48667292231090464 3.7221159800361181 0.96351360491343896 0.50959348035490015 -2.003417130279245 5.7161993904113766 1.9275128812588822 -0.24561991573283165 3.211939375443118 1.0567546515104964 0.29200244887797366 -1.5678043444545178 1.1926884189559066 -0.11197140347260312 3.8314807406137152 2.405873578284468 2.7034284010955267 2.2749925409044534 0.22085629229744275 -0.3889592013186024 -2.3592840620948046 -0.39632763378260993 2.3572034052127622 -0.91191865755041601 -2.1553105866909026 -0.71752939699989315 5.1214639715714885
leaf_weight=467 124 518 148 284 51 35 226 483 30 618 99 28 422 413 852 115 234 86 210 56 42 36 465 41 518 37 357 36 1079 22
leaf_count=467 124 518 148 284 51 35 226 483 30 618 99 28 422 413 852 115 234 86 210 56 42 36 465 41 518 37 357 36 1079 22
internal_value=5.12995e-11 -0.69908 1.47655 1.11462 1.35886 -0.117292 -0.269847 -1.2995 2.72298 1.67459 0.286024 0.594019 1.57419 -0.403517 -1.55377 0.630591 0.317931 2.42825 2.82007 4.03287 0.71707 1.79794 -0.879373 -0.54861 -0.0909782 0.769523 -1.37413 -0.754871 -0.664714 3.38544
internal_weight=8132 5519 2613 2025 1564 2803 2308 2716 588 1091 461 495 1040 2045 1692 473 349 480 296 108 326 184 1024 506 931 263 1209 135 1114 78
internal_count=8132 5519 2613 2025 1564 2803 2308 2716 588 1091 461 495 1040 2045 1692 473 349 480 296 108 326 184 1024 506 931 263 1209 135 1114 78
is_linear=0
shrinkage=0.03


Tree=30
num_leaves=31
num_cat=0
split_feature=35 35 35 35 16 16 16 28 16 19 22 24 57 28 13 53 19 59 6 53 5 25 15 18 57 13 28 35 50 31
split_gain=9.02907e+06 2.16849e+06 1.18032e+06 408286 395511 289400 279969 225878 237557 196793 203978 192289 178011 224456 163736 151493 144211 142412 125688 115007 113126 99942.4 93203.1 88638.1 87905.1 85705.5 85114.2 98559.8 82053.1 80105.8
threshold=235.50000000000003 141.50000000000003 373.50000000000006 82.250000000000014 11.850000000000003 22.200000000000006 11.550000000000002 34.166666666666679 19.450000000000003 8.5250000000000021 423.50000000000006 10283.990000000002 233.07142857142858 513.83333333333337 178.00000000000003 254562.70000000004 11.8375 123.21428571428572 46.870000000000005 269164.20000000007 55.500000000000007 1.5000000000000002 985.00000000000011 3569.5000000000005 414.28571428571433 90.500000000000014 112.16666666666667 284.50000000000006 1.0000000180025095e-35 5469.3542857142866
decision_type=10 8 10 10 2 2 2 2 2 2 2 2 8 2 2 2 2 8 2 2 2 2 2 2 10 2 2 10 2 2
left_child=1 3 4 28 23 11 14 21 16 10 -8 12 22 -14 -4 25 -9 -16 -5 -10 -11 -6 -3 -2 -22 -7 -25 -28 -1 -27
right_child=2 5 6 18 7 15 9 8 19 20 -12 -13 13 -15 17 -17 -18 -19 -20 -21 24 -23 -24 26 -26 29 27 -29 -30 -31
leaf_value=-1.6559818175772218 2.6512334880034127 -0.26239620229132266 5.1114109268188477 -1.2365726861905406 1.6029095189467721 -2.0215607334850167 2.177256114676192 1.5901263436870086 0.27242673101077797 0.56268860080524497 4.1791238682086655 3.0960511894226075 0.49087534605779426 3.1443933363883727 2.5779435136169191 0.35257856528778547 0.76371038523092061 5.3606892814636229 -0.68430679887080015 1.5224947780072688 1.7600716174760507 -0.55302815232120572 0.21010891593558559 0.7110361164957284 3.197714236229658 -0.60269093206446422 1.068382026751836 2.7150100884236488 -1.0570210248784673 -2.5483147974014284
leaf_weight=1211 135 710 50 555 23 49 111 596 385 57 78 20 385 31 96 122 279 20 1118 80 189 122 798 60 48 399 54 83 248 20
leaf_count=1211 135 710 50 555 23 49 111 596 385 57 78 20 385 31 96 122 279 20 1118 80 189 122 798 60 48 399 54 83 248 20
internal_value=1.31699e-09 -0.659481 1.51526 -1.18738 1.123 -0.00699764 2.61345 0.913718 1.03543 2.24817 3.00342 0.169624 0.139204 0.688613 3.67631 -0.588952 1.32662 3.05773 -0.867515 0.487492 1.76264 -0.211052 -0.012357 2.05909 2.05124 -0.834394 1.6533 2.06597 -1.55417 -0.695561
internal_weight=8132 5666 2466 3132 1817 2534 649 1485 1340 483 189 1944 1924 416 166 590 875 116 1673 465 294 145 1508 332 237 468 197 137 1459 419
internal_count=8132 5666 2466 3132 1817 2534 649 1485 1340 483 189 1944 1924 416 166 590 875 116 1673 465 294 145 1508 332 237 468 197 137 1459 419
is_linear=0
shrinkage=0.03


Tree=31
num_leaves=31
num_cat=0
split_feature=35 35 35 16 16 37 14 14 35 20 12 14 53 12 57 57 5 28 35 7 21 8 53 21 13 15 16 7 7 37
split_gain=8.50808e+06 2.01727e+06 1.17767e+06 492787 331530 296259 252051 230966 229002 167425 159115 151962 146890 143514 141982 140533 136778 132283 120870 114614 105892 98614.2 95133.7 91754.1 83630.2 82279.5 65352.1 61652.2 60867 59480.7
threshold=191.50000000000003 308.50000000000006 103.50000000000001 11.550000000000002 19.650000000000002 402.66666666666669 0.15000000000000005 5.7500000000000009 457.50000000000006 3692.0000000000009 9.8500000000000032 0.45000000000000007 254562.70000000004 8.4500000000000011 261.21428571428578 169.07142857142858 1727.0000000000002 513.83333333333337 64.850000000000009 14.750000000000002 432.50000000000006 16.350000000000005 162316.85000000001 92.500000000000014 106.50000000000001 992.1500000000002 14.15 16.775000000000002 12.345000000000001 275.16666666666669
decision_type=10 10 8 2 2 10 2 2 10 2 2 2 2 2 10 8 2 2 10 2 2 2 2 2 2 2 2 2 2 10
left_child=2 4 18 8 7 11 10 9 19 27 15 21 14 20 24 26 -11 -17 -1 -3 -7 -5 -8 -21 -6 -10 -4 -2 -20 -13
right_child=1 3 6 5 12 13 22 -9 25 16 -12 29 -14 -15 -16 17 -18 -19 28 23 -22 -23 -24 -25 -26 -27 -28 -29 -30 -31
leaf_value=-1.6501894111829536 2.5228213318437338 4.0296467161178589 0.22561412540404766 0.91160021812934422 -1.5174083427949383 2.5007669672270061 -1.2116719720923417 -1.1553938458947572 5.8585780729096504 0.73056795080420034 -0.93520683199259991 -1.1985588715293189 0.72767933406779228 0.79177033271108355 0.45956754302713254 0.080890473977148117 2.7810970232486723 1.4625254842809268 -1.3378176085774605 1.3135066475434736 4.0164485389656486 1.7687646835904123 -0.56643464247348119 2.7703260321276524 -0.33570521471907899 3.7485408298785869 -0.47007409825992991 1.3372018697734886 -0.87022180618827838 0.67915401410083376
leaf_weight=893 64 45 146 160 66 179 370 51 29 1215 241 22 212 35 191 572 30 70 759 55 54 493 463 133 294 39 725 103 374 49
leaf_count=893 64 45 146 160 66 179 370 51 29 1215 241 22 212 35 191 572 30 70 759 55 54 493 463 133 294 39 725 103 374 49
internal_value=7.53231e-10 1.11102 -0.847532 2.05346 0.563585 1.73085 -0.42334 0.827984 3.11669 0.899621 -0.219272 1.41542 0.0566175 2.58298 -0.201577 -0.105233 0.779978 0.231536 -1.38918 2.66966 2.85204 1.55874 -0.853035 2.34413 -0.552351 4.64841 -0.35346 1.79157 -1.18347 0.0973275
internal_weight=8132 3519 4613 1293 2226 992 2587 1463 301 1412 1754 724 763 268 551 1513 1245 642 2026 233 233 653 833 188 360 68 871 167 1133 71
internal_count=8132 3519 4613 1293 2226 992 2587 1463 301 1412 1754 724 763 268 551 1513 1245 642 2026 233 233 653 833 188 360 68 871 167 1133 71
is_linear=0
shrinkage=0.03


Tree=32
num_leaves=31
num_cat=0
split_feature=35 35 35 35 12 14 14 12 12 19 26 14 8 26 20 15 57 12 51 37 37 0 15 53 53 19 10 19 12 37
split_gain=8.02241e+06 1.67606e+06 1.26821e+06 362235 309635 303504 222543 210071 204632 186631 178196 177935 148614 147620 143558 141613 139708 131004 117451 115169 113383 112657 110521 89248.5 86076.1 80674.2 79911.2 75709.2 74691.5 74131.2
threshold=223.50000000000003 114.50000000000001 336.50000000000006 491.50000000000006 7.2500000000000009 0.15000000000000005 5.7500000000000009 4.4500000000000011 6.7500000000000009 8.5937500000000018 11.500000000000002 3.5000000000000004 34.400000000000006 5.5000000000000009 6434.5000000000009 992.95000000000016 195.21428571428572 3.2500000000000004 502.56500000000005 493.16666666666669 158.50000000000003 28.643240000000002 992.1500000000002 162316.85000000001 254562.70000000004 12.247916666666669 11.300000000000002 17.464583333333337 10.350000000000001 87.100000000000009
decision_type=10 8 10 10 2 2 2 2 2 2 2 2 2 2 2 2 8 2 2 10 8 2 2 2 2 2 2 2 2 10
left_child=1 11 4 7 6 8 10 22 12 15 21 18 16 24 -11 -9 -3 -5 29 -19 -10 -2 -4 25 27 -7 -12 -6 -22 -1
right_child=2 5 3 17 13 23 -8 9 20 14 26 -13 -14 -15 -16 -17 -18 19 -20 -21 28 -23 -24 -25 -26 -27 -28 -29 -30 -31
leaf_value=-1.3269828641881014 0.69627736919359962 -0.053665701330453154 3.4122754296797129 5.5214764480590812 -0.09159723809957504 0.79331148576736443 -1.1289249662450842 2.7613359741186132 -0.71710700229846147 2.0084354058049971 1.7133253846015479 -1.6044490460022887 2.6480362383438192 0.88137296150055 0.74265018123734206 1.3196989343150667 0.65004845559281232 2.2815609840913251 -0.042216839633406472 4.1056536343744243 0.035235335979239918 1.3940635354614683 2.0703860450429579 -0.4213782089893971 0.85075240493820203 -1.1669532131625895 3.1332409798377689 -1.6722313258647918 -0.80207232982711452 -0.87529442677221125
leaf_weight=786 413 675 109 25 300 20 37 173 401 126 148 904 23 272 224 95 407 66 94 59 633 420 112 436 82 342 47 30 113 560
leaf_count=786 413 675 109 25 300 20 37 173 401 126 148 904 23 272 224 95 407 66 94 59 633 420 112 436 82 342 47 30 113 560
internal_value=8.02044e-10 -0.67133 1.32256 2.18117 0.83704 -0.207735 1.15693 1.9384 -0.0295914 1.65453 1.23921 -1.27456 0.261765 0.338961 1.19833 2.25031 0.21104 3.53902 -1.06746 3.14253 -0.310279 1.0481 2.73222 -0.710467 -0.0191369 -1.05865 2.05556 -0.235291 -0.0915954 -1.13906
internal_weight=8132 5394 2738 989 1749 3050 1065 839 2252 618 1028 2344 1105 684 350 268 1082 150 1440 125 1147 833 221 798 412 362 195 330 746 1346
internal_count=8132 5394 2738 989 1749 3050 1065 839 2252 618 1028 2344 1105 684 350 268 1082 150 1440 125 1147 833 221 798 412 362 195 330 746 1346
is_linear=0
shrinkage=0.03


Tree=33
num_leaves=31
num_cat=0
split_feature=35 35 35 16 35 16 12 37 37 11 18 53 37 19 19 8 20 15 12 11 21 8 37 10 16 12 12 58 13 30
split_gain=7.55828e+06 1.82068e+06 991292 343290 340063 250460 236133 235042 198259 188594 156269 155804 138244 137830 124933 120651 148565 119774 108945 112843 106510 102346 99255.3 99008.4 96997.3 68974.3 66190.3 65838.6 63726.2 59908.7
threshold=235.50000000000003 141.50000000000003 377.50000000000006 18.450000000000003 73.750000000000014 22.200000000000006 2.6500000000000008 218.16666666666671 402.66666666666669 52.500000000000007 6635.5000000000009 269164.20000000007 184.83333333333334 22.449999999999999 11.572916666666668 14.350000000000003 9922.7500000000018 992.55000000000007 8.4500000000000011 49.500000000000007 661.00000000000011 26.650000000000002 283.50000000000006 26.250000000000004 17.150000000000002 7.6500000000000012 9.1500000000000004 1.0000000180025095e-35 299.50000000000006 469.45333333333343
decision_type=10 8 10 2 10 2 2 10 10 2 2 2 8 2 2 2 2 2 2 2 2 2 10 2 2 2 2 10 2 2
left_child=1 4 3 7 25 10 -4 -2 22 29 12 15 26 24 17 -5 -17 -9 19 -10 -14 -16 -8 -12 -6 -1 -3 -15 -24 -7
right_child=2 5 6 11 13 9 8 14 18 -11 23 -13 20 27 21 16 -18 -19 -20 -21 -22 -23 28 -25 -26 -27 -28 -29 -30 -31
leaf_value=-1.2997471814241088 0.030164587614504062 -0.12032498889947464 4.8279442977905269 -1.9732614383697511 -0.26778948492254945 -0.69541051495334372 -0.32183739209175111 2.0363464448181254 4.2101846226778896 -1.3467905954161628 0.62951680485768746 1.6919240847755881 0.28068236655724133 -0.25683075765174035 0.78791417362785243 1.143612367239714 0.075672574928366418 1.2027797202692656 0.84570610214834618 2.6902324912646045 1.6780014534638477 1.8589254019211192 2.1002498957243829 2.7282662403210995 -0.8458535355304051 -1.7660620447674635 -1.8240131037575855 -1.2114138773761696 0.89820951556672846 0.073450307934285322
leaf_weight=711 111 905 35 20 427 138 20 426 55 183 55 85 879 71 305 168 388 244 23 219 52 109 209 32 673 477 21 773 49 269
leaf_count=711 111 905 35 20 427 138 20 426 55 183 55 85 879 71 305 168 388 244 23 219 52 109 209 32 673 477 21 773 49 269
internal_value=1.55247e-10 -0.603382 1.38636 1.04153 -1.0871 -0.00551135 2.43554 1.34498 2.28991 -0.5469 0.158799 0.492944 0.10058 -0.842728 1.47961 0.316011 0.398359 1.73278 2.82886 2.99533 0.358728 1.0699 1.71413 1.40147 -0.62146 -1.48698 -0.158962 -1.13111 1.87196 -0.187245
internal_weight=8132 5666 2466 1856 3132 2534 610 1195 575 590 1944 661 1857 1944 1084 576 556 670 297 274 931 414 278 87 1100 1188 926 844 258 407
internal_count=8132 5666 2466 1856 3132 2534 610 1195 575 590 1944 661 1857 1944 1084 576 556 670 297 274 931 414 278 87 1100 1188 926 844 258 407
is_linear=0
shrinkage=0.03


Tree=34
num_leaves=31
num_cat=0
split_feature=35 35 35 37 12 12 19 19 21 26 5 12 28 26 6 37 17 20 35 26 12 18 53 19 6 18 21 7 12 36
split_gain=7.12262e+06 1.62129e+06 1.04507e+06 422867 266166 253205 200984 181502 168357 156441 157135 149929 133468 129262 126438 124077 118719 114867 110016 107809 99434.2 97715.1 95536.6 102428 93674.9 88236.1 71504.4 67980.6 62015 69147.3
threshold=195.50000000000003 308.50000000000006 104.50000000000001 436.00000000000006 6.7500000000000009 4.4500000000000011 18.137500000000006 8.5937500000000018 92.500000000000014 11.500000000000002 1727.0000000000002 8.7500000000000018 133.00000000000003 10.500000000000002 58.245000000000005 536.83333333333337 817.50000000000011 6434.5000000000009 60.150000000000013 5.5000000000000009 8.2500000000000018 4244.5000000000009 254562.70000000004 13.4 469.30000000000007 3094.5000000000005 92.500000000000014 12.345000000000001 10.15 117.50000000000001
decision_type=10 10 8 10 2 2 2 2 2 2 2 2 2 2 2 10 2 2 10 2 2 2 2 2 2 2 2 2 2 10
left_child=2 4 18 5 9 8 13 12 -3 10 14 15 -7 20 -2 26 -8 -9 -1 22 24 -15 23 -6 -4 -10 -5 -20 29 -18
right_child=1 3 6 11 19 7 16 17 25 -11 -12 -13 -14 21 -16 -17 28 -19 27 -21 -22 -23 -24 -25 -26 -27 -28 -29 -30 -31
leaf_value=-1.5479752002302971 -0.50244017160855814 1.2498901030169913 -0.26825108564409772 2.0575773170590401 0.04753249802555029 1.154515477585238 -1.8321569808959959 1.656200368501396 1.1387978225946425 1.7860558171255487 2.9753087054358587 0.59536787948012349 2.4022329162689857 0.082660146985074567 0.75936378097139834 4.8146784188747409 -0.84150423391908402 0.64316342159626572 -1.2450788021878736 0.61213516217110486 -0.58810488531535321 2.6154422906728887 0.70562169157589472 -0.8662371370268912 0.29764324133119013 3.073429727319811 3.3945929140514797 -0.78178352582539223 -1.3495870662673135 -0.30474198229134913
leaf_weight=763 78 83 684 54 390 129 75 149 24 142 27 20 192 29 854 40 360 311 874 348 429 26 126 154 428 183 108 423 89 540
leaf_count=763 78 83 684 54 390 129 75 149 24 142 27 20 192 29 854 40 360 311 874 348 429 26 126 154 428 183 108 423 89 540
internal_value=9.58167e-11 1.04426 -0.754876 1.88143 0.533425 1.63442 -0.362037 1.35334 2.39141 0.85673 0.719124 3.07306 1.90081 -0.149117 0.653762 3.31838 -0.681417 0.971299 -1.26214 0.183761 -0.200123 1.27998 -0.0387381 -0.211145 -0.0504428 2.84912 2.94892 -1.09398 -0.594151 -0.519447
internal_weight=8132 3412 4720 1293 2119 1071 2660 781 290 1101 959 222 321 1596 932 202 1064 460 2060 1018 1541 55 670 544 1112 207 162 1297 989 900
internal_count=8132 3412 4720 1293 2119 1071 2660 781 290 1101 959 222 321 1596 932 202 1064 460 2060 1018 1541 55 670 544 1112 207 162 1297 989 900
is_linear=0
shrinkage=0.03


Tree=35
num_leaves=31
num_cat=0
split_feature=35 35 35 14 16 12 16 14 37 11 24 12 9 57 28 19 24 53 57 11 37 35 10 36 14 16 13 15 23 51
split_gain=6.71418e+06 1.6155e+06 884198 316754 310809 238523 225478 217341 202648 173587 158720 144994 216582 144365 195200 125139 115529 114788 104486 110453 99185 98547 95100.6 88328 87166.1 82567.9 76937.6 100256 93825.6 69743.2
threshold=235.50000000000003 141.50000000000003 373.50000000000006 0.75000000000000011 11.850000000000003 2.6500000000000008 22.200000000000006 1.0000000180025095e-35 402.66666666666669 52.500000000000007 10283.990000000002 7.2500000000000009 21.200000000000006 233.07142857142858 513.83333333333337 11.8375 1138.9600000000003 161198.40000000005 507.42857142857144 49.500000000000007 283.50000000000006 91.350000000000009 11.65 221.50000000000003 5.7500000000000009 17.150000000000002 122.50000000000001 992.25000000000011 352.03500000000003 1547.9600000000003
decision_type=10 8 10 2 2 2 2 2 10 2 2 2 2 8 2 2 2 2 10 2 10 10 2 10 2 2 2 2 2 2
left_child=1 3 4 21 26 -4 10 11 20 -8 13 15 -13 24 -15 -6 22 -5 19 -10 -7 -1 -9 -18 -3 -23 -2 28 -28 -22
right_child=2 6 5 17 7 8 9 16 18 -11 -12 12 -14 14 -16 -17 23 -19 -20 -21 29 25 -24 -25 -26 -27 27 -29 -30 -31
leaf_value=-1.0383476209125111 2.8567124643692603 0.043037451917725338 4.596205428870948 -1.542074855274002 1.4741425993293524 -0.37382213863459501 -0.17414602378424465 1.4769046146529061 3.571064886800174 -1.2866040390534479 2.8091261472702023 -1.6360078372826445 0.73758122672636139 0.43311477769359752 2.9076645968037265 0.55452364337872406 -0.2129433261264454 -1.0367479708724743 3.9284541601064253 2.0849626027114354 1.5039384165329812 -0.21624455496511036 -0.67112846442550977 2.3272409284114839 -0.92995664351365781 -0.77432235248304682 3.0079701135743337 0.56773895968382171 1.5538317455406541 2.7592980518937109
leaf_weight=530 52 1420 37 894 504 22 407 21 58 183 20 37 533 385 31 181 22 739 49 201 234 425 159 28 88 544 53 65 162 48
leaf_count=530 52 1420 37 894 504 22 407 21 58 183 20 37 533 385 31 181 22 739 49 201 234 425 159 28 88 544 53 65 162 48
internal_value=2.62084e-10 -0.568692 1.30665 -1.02434 0.967151 2.25716 -0.00551683 0.781629 2.11575 -0.519197 0.150384 0.937 0.583506 0.122746 0.617516 1.23115 -0.0661584 -1.31339 2.6581 2.41776 1.56626 -0.709446 -0.420525 1.20956 -0.013742 -0.529551 1.79697 1.60016 1.91229 1.71762
internal_weight=8132 5666 2466 3132 1817 649 2534 1485 612 590 1944 1255 570 1924 416 685 230 1633 308 259 304 1499 180 50 1508 969 332 280 215 282
internal_count=8132 5666 2466 3132 1817 649 2534 1485 612 590 1944 1255 570 1924 416 685 230 1633 308 259 304 1499 180 50 1508 969 332 280 215 282
is_linear=0
shrinkage=0.03


Tree=36
num_leaves=31
num_cat=0
split_feature=37 19 37 16 29 28 9 53 37 16 6 12 0 37 37 18 13 27 17 13 7 0 13 68 13 18 34 39 0 19
split_gain=6.3105e+06 1.27685e+06 958192 468888 285873 254129 251944 217992 217909 212605 190176 171610 168668 162385 145831 141640 137489 136565 109448 96211.9 91645.4 78586.9 76868.8 69619.1 63938.1 63090.1 53930.6 45036.6 36535.9 35138
threshold=218.16666666666671 20.695833333333336 402.66666666666669 18.450000000000003 1960.3571428571429 29.166666666666668 30.950000000000003 266093.60000000003 114.40000000000003 13.850000000000003 2958.5050000000006 8.4500000000000011 28.643240000000002 536.83333333333337 154.51666666666668 4191.5000000000009 299.50000000000006 1.0000000180025095e-35 827.50000000000011 294.50000000000006 30.255000000000006 28.682925800000003 268.50000000000006 3.5000000000000004 257.00000000000006 6482.5000000000009 66.416666666666714 33.050000000000004 28.682925800000003 25.835416666666671
decision_type=10 2 10 2 2 2 2 2 10 2 2 2 2 10 8 2 2 2 2 2 2 2 2 2 2 2 10 10 2 2
left_child=1 4 3 5 9 -2 -3 17 19 24 12 13 -7 16 25 -12 23 18 -5 29 -16 -9 28 -4 26 -11 -1 -15 -10 -8
right_child=2 6 11 7 -6 10 8 21 22 14 15 -13 -14 27 20 -17 -18 -19 -20 -21 -22 -23 -24 -25 -26 -27 -28 -29 -30 -31
leaf_value=0.15335773382868084 -0.27102514159865676 -1.7438016003451564 3.4698487543237619 0.96360562882903544 2.9736801272172193 1.1037919278493571 -1.2472027070043596 0.9543502009265562 -0.85794953435138843 -0.69072676804366617 -1.0328401111639463 0.63998222558121931 1.7590728496916388 5.5677366485595705 -0.30826492068884565 1.3095073301132236 0.88886974543333053 1.9775149753441414 -0.073031195855819339 -0.35805729909096329 0.2048125562694359 2.5814892710338939 0.28246106621582767 2.4264078194534076 0.14817258383574025 0.17828119550124708 1.3204146720864336 3.5544561989307404 -0.28031465947864892 -0.79599754897030917
leaf_weight=56 96 440 87 108 26 764 1323 68 229 799 52 38 658 20 815 42 40 36 606 135 509 44 111 170 310 83 98 20 173 176
leaf_count=56 96 440 87 108 26 764 1323 68 229 799 52 38 658 20 815 42 40 36 606 135 509 44 111 170 310 83 98 20 173 176
internal_value=-4.46289e-11 -0.613706 1.13802 0.923818 -0.15684 1.22583 -1.08982 0.359031 -0.955796 -0.187325 1.32062 2.55116 1.40701 2.76666 -0.3101 0.0137407 2.52499 0.174671 0.083771 -1.12514 -0.111017 1.59358 -0.416397 2.77963 0.396384 -0.608949 0.89603 4.5611 -0.609365 -1.19423
internal_weight=8132 5283 2849 2474 2696 1612 2587 862 2147 2670 1516 375 1422 337 2206 94 297 750 714 1634 1324 112 513 257 464 882 154 40 402 1499
internal_count=8132 5283 2849 2474 2696 1612 2587 862 2147 2670 1516 375 1422 337 2206 94 297 750 714 1634 1324 112 513 257 464 882 154 40 402 1499
is_linear=0
shrinkage=0.03


Tree=37
num_leaves=31
num_cat=0
split_feature=35 35 35 16 16 19 22 14 35 14 16 5 24 12 0 24 18 0 16 26 30 15 18 18 10 34 60 15 17 24
split_gain=5.97812e+06 1.44611e+06 818960 384479 245293 239561 245745 183056 170504 157811 163791 145310 150690 125546 122310 118444 111202 102036 100998 96234.5 99289.5 95903.2 95026.7 91803.2 89305.4 87874.9 83629.1 75662.6 75524 65584.8
threshold=191.50000000000003 308.50000000000006 101.50000000000001 11.550000000000002 11.850000000000003 8.5937500000000018 423.50000000000006 0.15000000000000005 457.50000000000006 1.0000000180025095e-35 26.150000000000002 55.500000000000007 53.940000000000012 9.8500000000000032 28.643240000000002 1138.9600000000003 3569.5000000000005 28.643240000000002 17.150000000000002 10.500000000000002 12556.063333333335 992.1500000000002 4244.5000000000009 4804.0000000000009 10.65 164.16666666666671 13.15 992.1500000000002 817.50000000000011 367.78500000000003
decision_type=10 10 8 2 2 2 2 2 10 2 2 2 2 2 2 2 2 2 2 2 2 2 2 2 2 10 10 2 2 2
left_child=2 4 23 8 16 6 17 13 21 10 14 24 -13 19 -6 26 -2 -5 -17 20 -4 29 -21 -1 -7 -8 -11 -10 -9 -3
right_child=1 3 7 5 9 11 25 28 27 15 -12 12 -14 -15 -16 18 -18 -19 -20 22 -22 -23 -24 -25 -26 -27 -28 -29 -30 -31
leaf_value=-1.432655981849432 2.1467298410784812 4.0396448922157289 -0.16701974116274385 0.77949284301485333 0.30625669306262671 1.642002066544124 1.9510847319547946 -1.6148354021861002 5.1505598998891893 0.24204895241840466 -0.55533918556685635 -1.0675030478564176 1.481415488116224 -0.82545182407887518 0.84893715862536201 2.3806803548336029 0.87620803087469068 1.9676123195154622 0.0052867504528590608 -0.12956314040422437 1.7033146954041261 1.6608146260129777 2.4608706136850209 -1.011671663089353 -0.068071547829313198 3.6742789091382706 -0.97287928829469317 3.1271440727894122 -0.63542288403496028 2.4512386323665747
leaf_weight=750 93 32 1460 105 817 35 39 78 29 74 130 22 408 242 689 24 186 171 49 25 26 114 26 1232 128 84 164 39 774 87
leaf_count=750 93 32 1460 105 817 35 39 78 29 74 130 22 408 242 689 24 186 171 49 25 26 114 26 1232 128 84 164 39 774 87
internal_value=-4.71369e-10 0.931294 -0.710432 1.72924 0.467795 1.44428 2.01263 -0.363494 2.66839 0.348582 0.466342 1.06187 1.35101 -0.19032 0.554535 -0.270885 1.29972 1.51561 0.786238 -0.0903182 -0.134295 2.28266 1.19105 -1.17097 0.299122 3.1279 -0.595128 3.99007 -0.725087 2.87837
internal_weight=8132 3519 4613 1293 2226 992 399 2631 301 1947 1636 593 430 1779 1506 311 279 276 73 1537 1486 233 51 1982 163 123 238 68 852 119
internal_count=8132 3519 4613 1293 2226 992 399 2631 301 1947 1636 593 430 1779 1506 311 279 276 73 1537 1486 233 51 1982 163 123 238 68 852 119
is_linear=0
shrinkage=0.03


Tree=38
num_leaves=31
num_cat=0
split_feature=35 35 57 16 14 35 28 16 16 11 18 19 11 57 28 17 12 31 16 35 10 7 16 57 18 20 18 16 17 58
split_gain=5.64201e+06 1.35493e+06 756266 271508 267585 258982 249134 198331 166982 156065 133888 122668 122031 117302 179668 105494 98217.4 95493.3 83964.3 83940.8 83891.6 81914.4 86220.1 80278.5 86089.8 76100.5 75896.2 72553.9 71844 70784.3
threshold=235.50000000000003 141.50000000000003 355.57142857142861 19.650000000000002 0.8500000000000002 457.50000000000006 34.166666666666679 22.200000000000006 9.0500000000000025 52.500000000000007 6635.5000000000009 19.989583333333339 53.500000000000007 233.07142857142858 502.50000000000006 1127.5000000000002 3.4500000000000006 944.55785714285719 14.750000000000002 80.800000000000026 26.250000000000004 9.2250000000000014 11.550000000000002 224.64285714285717 6658.0000000000009 8677.0000000000018 3946.5000000000005 17.150000000000002 872.50000000000011 44.350000000000001
decision_type=10 8 10 2 2 10 2 2 2 2 2 2 2 8 2 2 2 2 2 10 2 2 2 10 2 2 2 2 2 10
left_child=1 4 3 6 19 21 25 10 -8 -9 13 -10 23 18 -15 -14 -7 28 -3 -1 -12 -4 -23 -5 -25 -2 -24 -21 -6 -18
right_child=2 7 5 12 17 16 8 9 11 -11 20 -13 15 14 -16 -17 29 -19 -20 27 -22 22 26 24 -26 -27 -28 -29 -30 -31
leaf_value=-1.0169165452212308 -0.945776872197166 0.28600430190188358 3.2741024721079857 0.027685250487298734 -1.6746841752470707 4.9096128642559043 3.1293286304939083 -0.16014326438509127 1.2347903524108153 -1.214961586511526 0.58032490797205405 -0.5675546591111591 0.37365552772032584 0.35458137517404165 2.6984578424692152 -1.0999679588498892 3.6184732999762552 -0.21891095650797507 -0.19794381757169488 -0.24163723659442729 2.5122206984460353 2.2497219127832455 0.9328963649837223 0.74110651658489068 2.3641484170801497 1.0661896618552829 2.0497992758949595 -0.73063871511249312 -1.1602375385231143 2.2791301225493932
leaf_weight=419 64 482 29 124 306 24 41 407 1173 183 55 35 95 367 32 81 61 83 976 482 32 129 169 218 34 23 81 630 1212 85
leaf_count=419 64 482 29 124 306 24 41 407 1173 183 55 35 95 367 32 81 61 83 976 482 32 129 169 218 34 23 81 630 1212 85
internal_value=3.27841e-10 -0.521312 1.19779 0.907105 -0.938598 2.1473 1.13835 -0.00555029 1.24647 -0.487316 0.140665 1.18257 0.347419 0.0867759 0.542561 -0.304546 3.13108 -1.20976 -0.0379555 -0.655036 1.29091 1.73739 1.61981 0.652594 0.960088 -0.413878 1.29477 -0.518679 -1.26394 2.83872
internal_weight=8132 5666 2466 1888 3132 578 1336 2534 1249 590 1944 1208 552 1857 399 176 170 1601 1458 1531 87 408 379 376 252 87 250 1112 1518 146
internal_count=8132 5666 2466 1888 3132 578 1336 2534 1249 590 1944 1208 552 1857 399 176 170 1601 1458 1531 87 408 379 376 252 87 250 1112 1518 146
is_linear=0
shrinkage=0.03


Tree=39
num_leaves=31
num_cat=0
split_feature=35 35 35 37 12 12 14 14 14 21 12 12 26 24 37 37 26 13 35 13 18 28 17 17 22 23 21 10 18 21
split_gain=5.30998e+06 1.29092e+06 727084 319120 208020 202585 209739 178207 156843 143559 122258 115252 113891 107268 101494 97979.4 96270.4 95692.7 92333.4 82820.4 76583 71857 71269.7 67526.8 65353.8 69793 63054.1 57473.8 54747.5 52827.4
threshold=191.50000000000003 308.50000000000006 104.50000000000001 436.00000000000006 6.7500000000000009 4.4500000000000011 1.0000000180025095e-35 5.7500000000000009 0.15000000000000005 92.500000000000014 8.7500000000000018 9.8500000000000032 11.500000000000002 4833.5900000000011 536.83333333333337 148.50000000000003 5.5000000000000009 299.50000000000006 64.850000000000009 88.500000000000014 3094.5000000000005 513.83333333333337 817.50000000000011 2175.0000000000005 447.50000000000006 1072.7500000000002 92.500000000000014 11.300000000000002 6421.0000000000009 376.00000000000006
decision_type=10 10 8 10 2 2 2 2 2 2 2 2 2 2 10 8 2 2 10 2 2 2 2 2 2 2 2 2 2 2
left_child=2 4 18 5 7 9 17 12 11 -3 14 15 13 -2 26 28 19 -7 -1 -6 -11 -17 -10 -21 25 -18 -5 -14 -4 -8
right_child=1 3 8 10 16 6 29 -9 22 20 -12 -13 27 -15 -16 21 24 -19 -20 23 -22 -23 -24 -25 -26 -27 -28 -29 -30 -31
leaf_value=-1.3184478488898224 0.63224134712950097 1.0400533481391079 -0.44719771345716497 1.7171713756190405 -1.5590499606728554 1.5124154099025191 0.23889386294438286 -1.0527731475051567 -1.5486552209446305 0.92342930674552914 0.42940537905693049 -0.78151079351059061 1.2429766410047358 2.8523991601467129 4.2416312847286459 0.042163572484924021 0.59960066201639084 0.61188850517263849 -0.91315109480823597 -0.28307840197833933 2.7257890568404903 0.92950570258109455 -0.58406805225806124 0.32005287824444612 1.9533478622966343 -0.61495121161937716 2.9726998986138238 2.6387342834472656 0.47151502844232773 -1.408068000972271
leaf_weight=893 946 83 573 54 32 561 65 49 76 24 20 239 110 20 40 766 287 131 1167 352 183 92 742 318 27 50 108 35 65 24
leaf_count=893 946 83 573 54 32 561 65 49 76 24 20 239 110 20 40 766 287 131 1167 352 183 92 742 318 27 50 108 35 65 24
internal_value=4.89578e-10 0.87771 -0.669556 1.63163 0.439788 1.41705 1.16563 0.717798 -0.331234 2.09416 2.66681 -0.169778 0.795888 0.678207 2.88834 -0.0720481 0.137263 1.34194 -1.08885 -0.068029 2.51682 0.13731 -0.673687 0.00318391 0.533182 0.4194 2.55419 1.57988 -0.353598 -0.205231
internal_weight=8132 3519 4613 1293 2226 1071 781 1160 2553 290 222 1735 1111 966 202 1496 1066 692 2060 702 207 858 818 670 364 337 162 145 638 89
internal_count=8132 3519 4613 1293 2226 1071 781 1160 2553 290 222 1735 1111 966 202 1496 1066 692 2060 702 207 858 818 670 364 337 162 145 638 89
is_linear=0
shrinkage=0.03


Tree=40
num_leaves=31
num_cat=0
split_feature=57 35 35 12 57 14 11 10 12 6 14 13 12 23 12 54 63 53 26 35 18 35 35 25 18 0 12 13 47 29
split_gain=5.01614e+06 1.16034e+06 868598 275372 244622 237127 194169 189756 186346 169251 152356 142289 136650 119282 109407 93976.3 93435 87575.8 85912.6 80602.8 78496.3 68379.1 68181.3 66188.7 65016.2 60899.2 59218.3 55415.9 56045.6 54371.6
threshold=228.64285714285717 144.50000000000003 308.50000000000006 2.8500000000000005 414.28571428571433 0.8500000000000002 49.500000000000007 14.050000000000002 8.2500000000000018 12260.245000000001 2.1500000000000004 90.500000000000014 6.7500000000000009 4680.6650000000018 5.3500000000000005 73.950000000000017 12.479999999999999 161198.40000000005 11.500000000000002 185.50000000000003 3672.5000000000005 80.800000000000026 229.50000000000003 1.5000000000000002 3454.5000000000005 28.643240000000002 6.9500000000000011 297.50000000000006 87.850000000000023 162.92857142857147
decision_type=10 8 10 2 10 2 2 2 2 2 2 2 2 2 2 10 10 2 2 8 2 10 10 2 2 2 2 2 8 2
left_child=1 5 12 25 6 21 7 -5 9 10 19 -10 13 18 -8 -11 -6 -7 20 -3 -2 -1 -14 -13 -20 -4 -23 -24 -29 -19
right_child=2 8 3 4 16 17 14 -9 11 15 -12 23 22 -15 -16 -17 -18 29 24 -21 -22 26 27 -25 -26 -27 -28 28 -30 -31
leaf_value=-0.95398553210095716 0.092571195179413326 -0.059103947463445362 2.7166016101837154 3.3923814002079746 3.2313177452087403 -1.3410089033553998 1.4967477298147611 1.573593502275149 -1.595718639362149 3.0916005897521974 -0.89094868541207339 0.2203962548035483 -0.15468633973986662 2.9260080090165137 0.71074205678577229 0.37839586973190309 1.9770132020364204 -0.98599402371063172 1.8139711798323648 0.38630790217309002 0.84885113711115945 -0.3000103398848839 0.6357274519258358 -0.46474638091417353 0.50356749976873394 4.6445419619001189 -0.73373083855094967 -1.1856622171401976 0.60595350360870359 -0.13633543568222145
leaf_weight=416 183 640 30 67 85 900 286 225 82 27 126 179 238 24 360 20 144 627 107 853 380 601 342 436 50 29 536 33 30 76
leaf_count=416 183 640 30 67 85 900 286 225 82 27 126 179 238 24 360 20 144 627 107 853 380 601 342 436 50 29 536 33 30 76
internal_value=2.08156e-10 -0.51268 1.08285 1.66462 1.56353 -0.889078 1.34892 1.99092 -0.00996687 0.16235 0.110831 -0.421847 0.568606 0.845432 1.05873 1.93705 2.44258 -1.14503 0.77608 0.195374 0.603027 -0.624883 0.248297 -0.265331 1.39665 3.66423 -0.504473 0.485112 -0.332512 -0.894139
internal_weight=8132 5519 2613 1226 1167 3156 938 292 2363 1666 1619 697 1387 744 646 47 229 1603 720 1493 563 1553 643 615 157 59 1137 405 63 703
internal_count=8132 5519 2613 1226 1167 3156 938 292 2363 1666 1619 697 1387 744 646 47 229 1603 720 1493 563 1553 643 615 157 59 1137 405 63 703
is_linear=0
shrinkage=0.03


Tree=41
num_leaves=31
num_cat=0
split_feature=35 35 57 5 23 35 28 35 51 16 11 16 24 57 28 20 14 6 24 57 53 12 14 14 57 18 57 55 15 8
split_gain=4.73104e+06 1.12874e+06 644473 248483 288867 222446 220691 198162 193458 172657 133898 133839 128062 121932 159229 113431 107578 153388 120524 105558 91260.8 88884.7 85118.6 83288.8 81356.8 70360 69489.9 68934.2 60687.2 57289.9
threshold=235.50000000000003 135.50000000000003 355.57142857142861 63.500000000000007 417.92000000000002 457.50000000000006 136.16666666666671 72.550000000000011 1747.1050000000002 22.200000000000006 54.500000000000007 13.450000000000001 10283.990000000002 233.07142857142858 502.50000000000006 3088.2500000000005 0.15000000000000005 151.85500000000005 522.06500000000017 273.21428571428578 59029.400000000001 4.0500000000000007 5.7500000000000009 3.5000000000000004 255.92857142857147 3213.5000000000005 178.15714285714287 247.07142857142858 985.1500000000002 24.050000000000004
decision_type=10 8 10 2 2 10 2 10 2 2 2 2 2 8 2 2 2 2 2 10 2 2 2 2 10 2 10 10 2 2
left_child=1 7 3 16 6 20 15 -1 11 12 -11 -6 13 22 -15 -5 17 28 -19 -10 -4 27 -3 26 -18 -22 -9 -7 -2 -12
right_child=2 9 5 4 8 21 -8 23 19 10 29 -13 -14 14 -16 -17 24 18 -20 -21 25 -23 -24 -25 -26 -27 -28 -29 -30 -31
leaf_value=-1.1916173678744371 0.35614878570804226 0.0086015190001094352 0.028796446323394773 2.5403099800990177 1.078537259774107 5.36717495727539 4.5317793326015057 -0.64911374737835881 0.94357493289207151 -0.20213023480285253 -0.42681718061864371 0.25150195676982401 2.4241395378112793 0.35500754857028816 2.5254909532720395 1.2682354816752908 -1.1826828948855399 0.42406667520698993 -1.4228804354823152 2.3015194406915218 3.0453588918393306 2.5045988256048699 -0.88607055513297805 -1.0503939437769836 0.20978084412108108 1.5951895020624924 0.024019204332278325 2.8763767987489701 1.6073978574096031 -1.5703660204099572
leaf_weight=1154 52 1551 31 78 265 20 23 1198 114 456 60 525 21 389 33 330 70 103 46 94 33 130 102 431 82 344 156 20 106 115
leaf_count=1154 52 1551 31 78 265 20 23 1198 114 456 60 525 21 389 33 330 70 103 46 94 33 130 102 431 82 344 156 20 106 115
internal_value=3.30267e-10 -0.477374 1.09684 0.828495 1.02355 1.97336 1.67261 -0.885246 0.743248 -0.0377942 -0.472857 0.528925 0.0931812 0.0695908 0.524737 1.51143 0.22123 0.544398 -0.146132 1.55726 1.59347 2.88511 -0.0466051 -0.687177 -0.431485 1.72213 -0.571559 4.12178 1.19559 -1.17829
internal_weight=8132 5666 2466 1888 1429 578 431 2939 998 2727 631 790 2096 2075 422 408 459 307 149 208 408 170 1653 1785 152 377 1354 40 158 175
internal_count=8132 5666 2466 1888 1429 578 431 2939 998 2727 631 790 2096 2075 422 408 459 307 149 208 408 170 1653 1785 152 377 1354 40 158 175
is_linear=0
shrinkage=0.03


Tree=42
num_leaves=31
num_cat=0
split_feature=35 19 35 35 16 9 16 37 53 10 5 11 10 60 21 55 30 16 9 16 13 21 11 5 13 13 13 18 18 18
split_gain=4.45143e+06 1.0799e+06 609541 265731 219930 197025 168298 162487 158125 140821 262659 134346 200071 130032 110671 104029 100173 115513 90363.7 81865.7 80957.2 76398 71372.3 70927.1 68621.9 66770.7 66424.7 63650.6 63431 54174.9
threshold=235.50000000000003 20.695833333333336 373.50000000000006 160.50000000000003 11.850000000000003 30.950000000000003 12.400000000000002 114.40000000000003 54181.80000000001 10.250000000000002 161.00000000000003 48.500000000000007 14.050000000000002 14.65 2024.5000000000002 288.28571428571433 12556.063333333335 17.650000000000002 39.95000000000001 20.550000000000004 294.50000000000006 92.500000000000014 87.500000000000014 59.500000000000007 233.50000000000003 122.50000000000001 299.50000000000006 6482.5000000000009 3569.5000000000005 6283.0000000000009
decision_type=10 2 10 8 2 2 2 10 2 2 2 2 2 10 2 10 2 2 2 2 2 2 2 2 2 2 2 2 2 2
left_child=1 3 4 19 25 -3 13 20 22 10 -10 12 -8 -4 -11 23 17 26 -19 27 -7 -15 -6 -13 29 -2 -5 -1 -27 -9
right_child=2 5 6 16 8 7 11 24 9 14 -12 15 -14 21 -16 -17 -18 18 -20 -21 -22 -23 -24 -25 -26 28 -28 -29 -30 -31
leaf_value=-0.29175751957640145 2.4673267072897689 -1.4909895626869656 3.816137621462345 0.56064257436240572 -0.95603188709570808 -1.0061637462407442 3.8460820127993212 -0.45233548202305224 1.0942750204956693 0.65138609621383825 4.7601716902256017 -0.18345086391582047 1.4590414559125398 1.1239897398836911 -1.1368625131621957 2.3769645786285403 2.0873487219214439 -0.27813250698855818 0.49762912919240843 -0.72833530165090954 -0.23914264869027665 2.5824096421400706 0.60262287041544915 1.1528221839933903 0.22729052915059503 1.8456665248575463 0.014406108724289253 0.85525055499828373 0.9253156549657533 -1.8952750408172607
leaf_weight=815 52 439 55 584 78 1499 49 370 146 1169 20 43 89 48 32 54 24 659 170 454 135 99 40 212 141 113 305 46 167 25
leaf_count=815 52 439 55 584 78 1499 49 370 146 1169 20 43 89 48 32 54 24 659 170 454 135 99 40 212 141 113 305 46 167 25
internal_value=-1.91156e-10 -0.463053 1.06393 -0.0804357 0.782048 -0.911371 1.85312 -0.794111 0.625988 0.716941 1.53595 1.52836 2.30661 2.57177 0.603739 1.1808 0.162579 0.135691 -0.11905 -0.402361 -0.942793 2.10619 -0.427674 0.92749 -0.340855 1.48009 0.373239 -0.230477 1.29674 -0.543661
internal_weight=8132 5666 2466 3057 1817 2609 649 2170 1485 1367 166 447 138 202 1201 309 1742 1718 829 1315 1634 147 118 255 536 332 889 861 280 395
internal_count=8132 5666 2466 3057 1817 2609 649 2170 1485 1367 166 447 138 202 1201 309 1742 1718 829 1315 1634 147 118 255 536 332 889 861 280 395
is_linear=0
shrinkage=0.03


Tree=43
num_leaves=31
num_cat=0
split_feature=57 35 35 12 57 14 12 5 51 14 16 13 67 20 17 26 56 21 10 63 53 53 20 35 51 18 16 35 21 12
split_gain=4.21706e+06 963924 738137 239904 208830 201361 160882 150716 143961 131257 125894 123787 120895 117708 113853 104150 100171 97550.3 92443.7 85054.2 82592.3 77658.7 73787.1 68981.4 68399.1 57871.1 57803.1 57269.9 55636.3 55218.9
threshold=228.64285714285717 144.50000000000003 308.50000000000006 2.8500000000000005 414.28571428571433 0.8500000000000002 8.2500000000000018 2024.5000000000002 1747.1050000000002 2.1500000000000004 16.150000000000002 90.500000000000014 1.0000000180025095e-35 10127.250000000002 1612.5000000000002 11.500000000000002 170.50000000000003 36.000000000000007 21.050000000000004 12.479999999999999 271041.00000000006 161198.40000000005 10052.250000000002 185.50000000000003 556.2650000000001 3454.5000000000005 26.150000000000002 91.350000000000009 20.000000000000004 6.9500000000000011
decision_type=10 8 10 2 10 2 2 2 2 2 2 2 2 2 2 2 10 2 2 10 2 2 2 8 2 2 2 10 2 2
left_child=1 5 10 -4 8 27 7 9 14 23 13 -8 -10 15 -5 -2 -9 28 24 -6 22 -7 -19 -3 -15 -17 -13 -1 -12 -29
right_child=2 6 3 4 19 21 11 16 12 -11 17 26 -14 18 -16 25 -18 20 -20 -21 -22 -23 -24 -25 -26 -27 -28 29 -30 -31
leaf_value=-0.81397935733038018 0.36598870999152311 -0.05733375325938686 3.3955648091687993 0.83490540342013664 2.9995400101472347 -1.2335484150136511 -1.4894817596528587 3.0149362532297772 2.7804014323552448 -0.83021630386511491 -0.069547990274311286 -0.053394608287193439 0.9285214623869682 1.4641993522644041 1.6015602226221954 1.6807669527215936 0.21372926473617554 0.81675268537745682 0.52334556361803641 1.8028101143985986 2.3161759672164917 -0.8127402171174628 0.10765554910200455 0.35471885510164575 3.2910203255244665 0.44446372110843657 -0.68193753187803074 -0.22243941899856459 -1.3687690875359944 -0.66939707481720623
leaf_weight=555 373 640 59 542 85 900 82 27 90 126 101 424 49 39 257 107 20 203 39 144 20 703 378 853 35 50 191 526 42 472
leaf_count=555 373 640 59 542 85 900 82 27 90 126 101 424 49 39 257 107 20 203 39 144 20 703 378 853 35 50 191 526 42 472
internal_value=-7.39378e-10 -0.470075 0.992859 1.52917 1.43481 -0.813139 -0.011881 0.148231 1.23652 0.0996135 0.518806 -0.394587 2.12758 0.82625 1.0815 0.638828 1.82293 0.253099 1.70531 2.24701 0.420662 -1.049 0.355412 0.178085 2.32824 1.28704 -0.248601 -0.569683 -0.451137 -0.433826
internal_weight=8132 5519 2613 1226 1167 3156 2363 1666 938 1619 1387 697 139 643 799 530 47 744 113 229 601 1603 581 1493 74 157 615 1553 143 998
internal_count=8132 5519 2613 1226 1167 3156 2363 1666 938 1619 1387 697 139 643 799 530 47 744 113 229 601 1603 581 1493 74 157 615 1553 143 998
is_linear=0
shrinkage=0.03


Tree=44
num_leaves=31
num_cat=0
split_feature=57 19 57 51 16 16 53 9 37 28 7 17 10 26 59 53 20 57 22 26 17 68 18 24 16 18 16 17 9 29
split_gain=3.96783e+06 870842 619490 226305 214568 193040 205444 173777 180310 168343 160371 152382 275262 208426 144458 121120 110118 98915.6 83217.5 79965.8 74498.6 74177 69578.1 63262.9 61909.9 61892.5 60575.7 55454.2 62879 53643.7
threshold=228.64285714285717 19.989583333333339 368.07142857142867 1747.1050000000002 18.450000000000003 13.750000000000002 260775.20000000004 30.950000000000003 114.40000000000003 410.16666666666669 68.40000000000002 1612.5000000000002 13.15 11.500000000000002 123.21428571428572 254562.70000000004 2399.7500000000005 185.35714285714289 2225.0000000000005 10.500000000000002 827.50000000000011 4.5000000000000009 4011.5000000000005 2137.0800000000004 17.650000000000002 6166.5000000000009 19.150000000000002 712.50000000000011 24.350000000000005 117.14285714285715
decision_type=10 2 10 2 2 2 2 2 10 2 2 2 2 2 8 2 2 8 2 2 2 2 2 2 2 2 2 2 2 2
left_child=1 5 3 4 11 9 17 -3 -9 27 -5 13 -13 -2 16 20 -4 24 -8 -16 -6 22 -18 -12 -7 -17 -19 -1 -29 -21
right_child=2 7 14 10 15 6 18 8 -10 -11 23 12 -14 -15 19 25 21 26 -20 29 -22 -23 -24 -25 -26 -27 -28 28 -30 -31
leaf_value=1.376792469365256 0.25044636344386806 -1.3567302546622231 3.8242833108901979 2.3825228823438165 0.70636930675633181 -0.22753897154657335 0.40107329011727599 -0.88723971838613247 -0.2729399659603885 3.0809867436545231 1.7246217255592347 3.4755928100738673 1.0550518667072477 1.2118207671519743 1.5259528512424894 0.23289416764911852 1.7461539200788887 0.22498264801263884 2.1047983353511546 2.6256021316631419 -0.15739097770558061 1.2118955995363452 3.3876584007000101 0.10423667211281626 -0.64808031543990918 1.7905450247896129 -0.3089374814897291 -0.54220576445390656 0.40350067861273253 4.2410569598223713
leaf_weight=42 508 480 20 121 113 562 234 1655 581 21 35 48 355 338 27 38 117 397 29 37 439 236 29 57 717 58 369 77 355 37
leaf_count=42 508 480 20 121 113 562 234 1655 581 21 35 48 355 338 27 38 117 397 29 37 439 236 29 57 717 58 369 77 355 37
internal_value=5.62565e-10 -0.455972 0.963074 0.73754 0.633432 -0.0850236 -0.200321 -0.838804 -0.727621 0.452563 1.66473 0.863246 1.34335 0.634542 1.90915 0.190473 1.65432 -0.301824 0.588937 2.92344 0.0194295 1.54071 2.07221 0.720688 -0.463292 1.17397 -0.0322191 0.336114 0.234937 3.43333
internal_weight=8132 5519 2613 2110 1897 2803 2308 2716 2236 495 213 1249 403 846 503 648 402 2045 263 101 552 382 146 92 1279 96 766 474 432 74
internal_count=8132 5519 2613 2110 1897 2803 2308 2716 2236 495 213 1249 403 846 503 648 402 2045 263 101 552 382 146 92 1279 96 766 474 432 74
is_linear=0
shrinkage=0.03


Tree=45
num_leaves=31
num_cat=0
split_feature=37 19 37 28 31 37 0 25 37 20 37 20 19 19 18 37 20 26 17 13 13 14 41 22 18 30 23 32 18 20
split_gain=3.73819e+06 756944 594853 244921 209022 184510 145159 132718 125742 115708 113874 112122 96244.2 95387.3 91790.8 106346 90761 90038.1 87042.4 85281.1 75719.1 65332.3 60427.2 58247.7 54175.5 52329 47490.8 46888.6 42741.1 44061.8
threshold=218.16666666666671 21.158333333333335 402.66666666666669 34.166666666666679 12372.907857142858 257.83333333333343 28.643240000000002 3.5000000000000004 88.616666666666688 2399.7500000000005 147.15000000000001 7850.5000000000009 19.989583333333339 11.143750000000002 3672.5000000000005 536.83333333333337 6434.5000000000009 10.500000000000002 817.50000000000011 291.50000000000006 151.50000000000003 1.0000000180025095e-35 14.65 38.500000000000007 4804.0000000000009 1110.926666666667 5.7650000000000015 112.50000000000001 6482.5000000000009 9531.7500000000018
decision_type=10 2 10 2 2 10 2 2 10 2 8 2 2 2 2 10 2 2 2 2 2 2 10 2 2 2 2 10 2 2
left_child=1 4 3 7 10 12 11 23 24 -4 28 -7 -5 -8 16 19 22 21 26 -16 25 -12 -11 -2 -3 -20 -10 -9 29 -1
right_child=2 8 9 5 -6 6 13 27 18 14 17 -13 -14 -15 15 -17 -18 -19 20 -21 -22 -23 -24 -25 -26 -27 -28 -29 -30 -31
leaf_value=-0.18194079627970713 0.16845099554820495 -1.2489769461913811 4.0508770092673929 0.49154084326975017 2.5432889447533169 0.94738765513374634 1.5464588817966991 -0.56023501634225248 -0.015264103072030204 2.604024139324824 0.032838503646140611 0.16527311804294587 -0.95694414593956689 0.88521633462065408 2.3763328964152235 4.1833484409166424 0.19197998757771356 1.2734143689591835 -0.78105772828335374 0.85012848289206977 -0.13978442773244773 -0.42193466018822229 1.1091442353095649 1.9268715020588467 -0.87871654808727995 0.5079334151744842 -1.5732903530838291 -1.8901467523855322 0.28256546456898962 -0.63920653129676752
leaf_weight=283 88 604 23 669 26 485 461 80 21 45 1444 250 44 342 141 23 47 47 514 43 341 354 53 21 865 30 109 34 70 575
leaf_count=283 88 604 23 669 26 485 461 80 21 45 1444 250 44 342 141 23 47 47 514 43 341 354 53 21 865 30 109 34 70 575
internal_value=-3.67222e-10 -0.472345 0.875885 0.707115 -0.134056 0.801065 0.985997 -0.241237 -0.853532 1.98932 -0.159159 0.681362 0.402153 1.26483 1.85461 2.26007 1.27578 -0.022816 -0.59675 2.01967 -0.490274 -0.0566997 1.79557 0.507229 -1.03095 -0.709974 -1.32161 -0.956875 -0.43023 -0.488383
internal_weight=8132 5283 2849 2474 2799 2251 1538 223 2484 375 2773 735 713 803 352 207 145 1845 1015 184 885 1798 98 109 1469 544 130 114 928 858
internal_count=8132 5283 2849 2474 2799 2251 1538 223 2484 375 2773 735 713 803 352 207 145 1845 1015 184 885 1798 98 109 1469 544 130 114 928 858
is_linear=0
shrinkage=0.03


Tree=46
num_leaves=31
num_cat=0
split_feature=35 19 35 35 12 9 19 22 20 16 20 16 15 36 53 12 45 15 36 10 8 18 60 19 61 16 22 7 35 8
split_gain=3.53436e+06 845005 494531 214854 199269 162237 149967 167513 140175 137929 133069 127515 121636 121537 93612.6 86816.7 85523.4 84293.5 82233.6 79874.1 80491.6 78992.3 76045.3 74891.6 76059.9 70293.8 70106.8 68641.1 65781 64467.3
threshold=235.50000000000003 20.695833333333336 336.50000000000006 160.50000000000003 4.4500000000000011 30.950000000000003 8.5937500000000018 423.50000000000006 6434.5000000000009 14.750000000000002 10403.750000000002 14.550000000000002 992.1500000000002 119.50000000000001 277244.05000000005 6.7500000000000009 12.44676258992806 986.75000000000011 494.50000000000006 26.050000000000004 30.650000000000002 2864.0000000000005 16.450000000000003 8.4437500000000014 11.22857142857143 20.550000000000004 345.50000000000006 79.27500000000002 441.50000000000006 32.750000000000007
decision_type=10 2 10 8 2 2 2 2 2 2 2 2 2 10 2 2 10 2 10 2 2 2 10 2 10 2 2 2 10 2
left_child=1 3 9 25 12 -3 7 16 22 11 -10 17 28 -7 23 19 -6 -2 -14 20 -5 -19 -8 -11 -25 -1 -15 -21 -4 -17
right_child=2 5 4 15 6 13 8 -9 10 14 -12 -13 18 26 -16 29 -18 21 -20 27 -22 -23 -24 24 -26 -27 -28 -29 -30 -31
leaf_value=-0.20434935892812051 -0.37848912223180131 -1.3351452643914754 2.3396070733948759 0.38226827091138799 2.1110656041190738 -0.82642173389833717 2.4544747166363696 2.66451206999005 -0.33827243125624951 0.72454307142645114 1.047104669204125 3.0997794711589814 1.2112425667956723 -0.221478999991678 1.6403489952002253 -0.2029153032083934 0.78006780762331829 -0.1971815955131612 3.2090687708421188 2.7302096532738727 -0.61230226214837147 1.0928584948220232 1.0464066571177857 0.8307009291175369 -0.053148766367057378 -0.66568078713729517 -1.9920552253723145 0.3579285739149366 3.753820771727451 0.44710618963429899
leaf_weight=861 45 439 95 764 63 1665 53 106 120 252 130 24 118 484 49 681 140 47 22 23 81 469 99 107 484 454 21 21 43 172
leaf_count=861 45 439 95 764 63 1665 53 106 120 252 130 24 118 484 49 681 140 47 22 23 81 469 99 107 484 454 21 21 43 172
internal_value=-2.5794e-11 -0.412607 0.948025 -0.0741508 1.4672 -0.80918 1.20092 1.69788 0.818936 0.600385 0.382124 0.958369 2.14821 -0.702775 0.365609 0.144366 1.19314 0.866758 1.52519 0.35182 0.286931 0.975355 1.53738 0.291513 0.106871 -0.363623 -0.295107 1.59798 2.78027 -0.0718441
internal_weight=8132 5666 2466 3057 989 2609 711 309 402 1477 250 585 278 2170 892 1742 203 561 140 889 845 516 152 843 591 1315 505 44 138 853
internal_count=8132 5666 2466 3057 989 2609 711 309 402 1477 250 585 278 2170 892 1742 203 561 140 889 845 516 152 843 591 1315 505 44 138 853
is_linear=0
shrinkage=0.03


Tree=47
num_leaves=31
num_cat=0
split_feature=57 35 35 16 18 20 14 10 15 16 18 11 21 37 14 16 20 26 21 57 10 21 15 18 61 6 29 20 13 36
split_gain=3.34173e+06 765975 600008 209357 174912 227325 163881 129072 197159 121466 151025 119826 119489 121816 111888 103129 105456 88047.8 84076.5 82369.6 81909.6 81300.5 74641.4 68911.8 65037 63882.3 63749.1 63336.3 62010.1 61328.5
threshold=228.64285714285717 144.50000000000003 308.50000000000006 11.550000000000002 3853.0000000000005 6390.2500000000009 0.8500000000000002 14.050000000000002 991.1500000000002 19.650000000000002 6648.0000000000009 53.500000000000007 92.500000000000014 455.16666666666669 7.3500000000000005 16.150000000000002 9674.5000000000018 11.500000000000002 36.000000000000007 402.78571428571428 21.050000000000004 771.00000000000011 991.85000000000002 6648.0000000000009 87.95714285714287 705.74000000000012 472.57142857142861 10052.250000000002 122.50000000000001 264.50000000000006
decision_type=10 8 10 2 2 2 2 2 2 2 2 2 2 10 2 2 2 2 2 10 2 2 2 2 8 2 2 2 2 10
left_child=1 6 15 12 5 19 -1 8 -6 10 14 -11 -4 28 21 16 17 -2 -17 -5 29 -3 -7 27 -8 -13 -9 -20 -14 -18
right_child=2 9 3 4 7 22 24 26 -10 11 -12 25 13 -15 -16 18 20 -19 23 -21 -22 -23 -24 -25 -26 -27 -28 -29 -30 -31
leaf_value=-0.50463776754821044 0.30490016891831351 0.21705532735520111 1.0759141066780795 0.96006658012296431 3.2469853961026227 -1.0079262298629397 -0.96915550784311233 1.3227534289233089 1.3215585203724316 -0.05874509128232959 2.2624605472683905 -0.61142391952690223 3.2295195519296747 4.2359589348990339 -1.0760569120855892 -0.43785513497055412 1.0465500453114509 1.1521020655801437 0.73759969765035971 2.2999022543205405 0.46853979698941112 -0.95995191496610632 0.31829176863290604 2.059745294366564 0.20039466450583529 -1.8515043176015218 0.18712206939481338 0.080331220383353191 1.8727880108594894 2.8273305851480233
leaf_weight=1553 372 1331 81 187 81 63 1559 277 117 613 30 221 38 29 68 143 28 157 203 53 40 55 97 21 44 45 53 377 150 46
leaf_count=1553 372 1331 81 187 81 63 1559 277 117 613 30 221 38 29 68 143 28 157 203 53 40 55 97 21 44 45 53 377 150 46
internal_value=-3.11628e-10 -0.418454 0.883829 1.36736 1.14521 0.672006 -0.724271 1.50369 2.10923 -0.0100076 0.155529 -0.28948 2.05917 2.42619 0.112057 0.456427 0.734689 0.556338 0.215939 1.25595 1.5623 0.170349 -0.203907 0.371501 -0.937053 -0.821212 1.14036 0.310375 2.14702 2.15352
internal_weight=8132 5519 2613 1226 928 400 3156 528 198 2363 1484 879 298 217 1454 1387 643 529 744 240 114 1386 160 601 1603 266 330 580 188 74
internal_count=8132 5519 2613 1226 928 400 3156 528 198 2363 1484 879 298 217 1454 1387 643 529 744 240 114 1386 160 601 1603 266 330 580 188 74
is_linear=0
shrinkage=0.03


Tree=48
num_leaves=31
num_cat=0
split_feature=35 35 57 5 23 5 15 35 35 15 16 7 24 26 23 53 59 57 20 18 14 29 7 53 1 16 57 0 16 60
split_gain=3.1471e+06 874252 375990 179791 199757 176215 224673 173284 160845 155444 149122 137344 111261 99841 102748 95624.6 91797.1 87532.5 75509.3 74906.6 69852.6 62667.6 77899.1 57436.7 72630.3 55277.9 52264 47382.6 46833.1 39838.1
threshold=252.50000000000003 144.50000000000003 368.07142857142867 63.500000000000007 417.92000000000002 307.00000000000006 986.75000000000011 72.550000000000011 625.50000000000011 992.6500000000002 22.200000000000006 14.235000000000001 10283.990000000002 2.5000000000000004 522.06500000000017 254562.70000000004 123.21428571428572 338.64285714285717 3816.5000000000005 2761.5000000000005 3.5000000000000004 878.71428571428567 36.685000000000009 59029.400000000001 77.309166200000007 12.050000000000002 200.07142857142858 28.643240000000002 20.250000000000004 13.15
decision_type=10 8 10 2 2 2 2 10 10 2 2 2 2 2 2 2 8 8 2 2 2 2 2 2 2 2 10 2 2 10
left_child=1 7 3 13 9 27 -7 28 16 11 12 -5 17 18 -15 21 23 19 -2 -3 26 22 -12 -4 -25 -18 -9 -6 -1 -20
right_child=2 10 8 4 5 6 -8 20 -10 -11 15 -13 -14 14 -16 -17 25 -19 29 -21 -22 -23 -24 24 -26 -27 -28 -29 -30 -31
leaf_value=-0.85388438960433299 1.2395451970533891 -0.7545051674185127 0.040203500278294085 3.2188775439262391 0.017353418488055466 0.45014097823071353 1.9014728247666857 -0.48154900360421765 4.2831501034327921 0.75234015295172441 -0.71713620664900768 1.5626526172154516 2.2797419682416051 0.26156797723216418 1.8473427711649144 0.30838118237685669 3.6102109420961801 1.4592982697757806 0.18072400157516066 0.1448797214045168 -0.8521926118247618 -2.0611636185646054 0.16959225135482847 1.3388655642695297 2.6275787696838377 1.9713636964862629 0.15728160047292708 0.60056931296226823 -1.2645583004394516 -0.97628308007704845
leaf_weight=788 22 87 26 60 243 193 191 1479 21 153 347 181 22 169 47 146 27 44 37 1983 457 24 120 314 45 59 125 259 366 97
leaf_count=788 22 87 26 60 243 193 191 1479 21 153 347 181 22 169 47 146 27 44 37 1983 457 24 120 314 45 59 125 259 366 97
internal_value=2.36536e-10 -0.353142 0.986294 0.769486 0.938206 0.688288 1.17203 -0.689795 1.71427 1.50021 0.0371722 1.97499 0.157312 0.188945 0.606621 -0.365682 1.59974 0.135224 -0.389376 0.107079 -0.524989 -0.566116 -0.489283 1.40179 1.5004 2.48589 -0.431765 0.318256 -0.984133 -0.656811
internal_weight=8132 5988 2144 1652 1280 886 384 3215 492 394 2773 241 2136 372 216 637 471 2114 156 2070 2061 491 467 385 359 86 1604 502 1154 134
internal_count=8132 5988 2144 1652 1280 886 384 3215 492 394 2773 241 2136 372 216 637 471 2114 156 2070 2061 491 467 385 359 86 1604 502 1154 134
is_linear=0
shrinkage=0.03


Tree=49
num_leaves=31
num_cat=0
split_feature=57 19 57 5 16 9 19 9 17 12 16 36 11 13 0 63 28 28 26 42 21 11 29 15 26 29 17 24 53 68
split_gain=2.97666e+06 647135 477508 199662 168060 179015 167404 150899 144983 144439 133693 130085 118893 117461 113114 111522 97726.3 83071.5 71085.7 85470.2 69303.6 68512.9 66193.2 64686.8 63054 84555 65191.4 56756.4 49322.9 52399.1
threshold=228.64285714285717 21.158333333333335 355.57142857142861 69.000000000000014 13.750000000000002 39.650000000000013 19.989583333333339 30.950000000000003 3690.0000000000005 2.8500000000000005 20.750000000000004 119.50000000000001 57.500000000000007 257.00000000000006 28.643240000000002 13.949285714285717 410.16666666666669 43.500000000000007 10.500000000000002 34.95000000000001 376.00000000000006 43.500000000000007 878.71428571428567 992.05000000000007 8.5000000000000018 87.214285714285737 2202.5000000000005 444.03500000000008 59029.400000000001 3.5000000000000004
decision_type=10 2 10 2 2 2 2 2 2 2 2 10 2 2 2 10 2 2 2 10 2 2 2 2 2 2 2 2 2 2
left_child=1 4 3 24 13 17 10 -3 -7 -4 14 -9 -12 16 -5 18 23 21 -11 -20 -8 -6 -19 -1 25 27 -27 -2 -17 -30
right_child=2 7 9 6 5 8 20 11 -10 15 12 -13 -14 -15 -16 28 -18 22 19 -21 -22 -23 -24 -25 -26 26 -28 -29 29 -31
leaf_value=0.37294323839504145 0.13814541678537021 -1.2812360589290426 4.0924912605285639 0.74895180459749144 0.48952432597792428 0.88968122094869606 0.099618083635965984 -0.77609901266508585 -0.2781673793985458 1.1234315120936074 0.5584976489245892 -0.20556860520347178 -1.182042009874088 0.049430962785269129 1.3686799274657813 0.046873028993606569 2.9298164490291048 -0.17520923800310345 2.9425924143847078 1.1922415497022516 -1.8459005696956927 -0.76511904357924032 -1.3678613346260646 1.6824304744601251 0.76369161010866082 -0.82083114750683306 0.70160628595659813 1.3642172433779789 1.8588044751665806 1.0735622392113939
leaf_weight=116 264 407 20 568 43 224 45 1624 167 47 255 462 41 313 497 30 21 1611 96 34 26 440 43 48 121 138 31 39 110 251
leaf_count=116 264 407 20 568 43 224 45 1624 167 47 255 462 41 313 497 30 21 1611 96 34 26 440 43 48 121 138 31 39 110 251
internal_value=1.21193e-10 -0.394936 0.834157 0.615624 -0.100077 -0.199307 0.807319 -0.752836 0.390881 1.58676 0.881405 -0.64974 0.317409 0.403647 1.03816 1.49853 1.00294 -0.307292 2.12331 2.48481 -0.612825 -0.653422 -0.206215 0.756208 0.152709 -0.00391958 -0.541567 0.295957 1.2157 1.31283
internal_weight=8132 5519 2613 2025 3026 2528 1432 2493 391 588 1361 2086 296 498 1065 568 185 2137 177 130 71 483 1654 164 593 472 169 303 391 361
internal_count=8132 5519 2613 2025 3026 2528 1432 2493 391 588 1361 2086 296 498 1065 568 185 2137 177 130 71 483 1654 164 593 472 169 303 391 361
is_linear=0
shrinkage=0.03


Tree=50
num_leaves=31
num_cat=0
split_feature=35 35 35 59 20 26 5 68 0 26 23 57 23 13 11 15 60 19 36 14 19 35 51 18 56 29 20 22 51 11
split_gain=2.81512e+06 697365 386015 194600 136688 130527 141527 120373 100428 99504.1 96224.7 89829.7 92691.8 85078.9 79454.6 96104.5 75531.2 66130.2 62914.1 61991.5 59972.3 56893.7 51433.6 51154.1 49022.9 47989.5 47346.3 43606.5 41595.6 40986.4
threshold=191.50000000000003 306.50000000000006 101.50000000000001 123.21428571428572 3816.5000000000005 8.5000000000000018 98.500000000000014 3.5000000000000004 28.643240000000002 10.500000000000002 502.56500000000005 172.43571428571428 5053.2250000000013 116.50000000000001 70.500000000000014 986.05000000000007 15.450000000000001 10.887500000000001 423.50000000000006 1.6500000000000001 19.989583333333339 60.150000000000013 479.75000000000006 4011.5000000000005 128.50000000000003 117.14285714285715 28041.000000000004 136.50000000000003 341.63000000000005 54.500000000000007
decision_type=10 10 8 8 2 2 2 2 2 2 2 8 2 2 2 2 10 2 10 2 2 10 2 2 10 2 2 2 2 2
left_child=2 4 21 5 28 6 24 23 20 18 -8 19 17 -9 15 -10 -16 22 27 -4 -6 -1 -13 -7 -3 -11 -14 -5 -2 -19
right_child=1 3 11 9 8 7 10 13 14 25 -12 12 26 -15 16 -17 -18 29 -20 -21 -22 -23 -24 -25 -26 -27 -28 -29 -30 -31
leaf_value=-1.0068613992387314 1.4035051584434508 -1.4758141652941703 -0.30025551758085689 1.3485973516702652 0.087845244474161199 1.6253456585682355 2.7922489860322739 2.6611150133198707 0.25786193719203065 2.2539469070434572 0.84477916338455838 0.003271825031702777 2.3346262162072318 0.99950032067580485 0.45613526700809598 0.91676519610800866 -0.89845546235208928 -0.025355245210094884 0.027512492179870607 -0.7889308181786876 -1.0195331500924152 -0.67653659839736224 0.80034435129570736 2.7638588556121375 0.11060882328261791 3.8364535500021537 0.43532738738589816 2.9661237764358521 0.44255672711133953 -0.53699639999710513
leaf_weight=763 125 20 1386 40 1020 117 27 29 403 35 148 249 21 635 80 394 69 275 20 281 46 1219 103 51 142 34 27 24 60 289
leaf_count=763 125 20 1386 40 1020 117 27 29 403 35 148 249 21 635 80 394 69 275 20 281 46 1219 103 51 142 34 27 24 60 289
internal_value=6.94513e-10 0.639077 -0.487516 1.18351 0.311478 1.05183 0.553734 1.25358 0.239724 2.1896 1.14525 -0.249326 -0.0188107 1.07207 0.464716 0.583593 -0.171158 -0.0861512 1.4962 -0.38263 0.0400597 -0.8037 0.236506 1.97097 -0.0852459 3.03373 1.26627 1.95517 1.09185 -0.287526
internal_weight=8132 3519 4613 1322 2197 1169 337 832 2012 153 175 2631 964 664 946 797 149 916 84 1667 1066 1982 352 168 162 69 48 64 185 564
internal_count=8132 3519 4613 1322 2197 1169 337 832 2012 153 175 2631 964 664 946 797 149 916 84 1667 1066 1982 352 168 162 69 48 64 185 564
is_linear=0
shrinkage=0.03


Tree=51
num_leaves=31
num_cat=0
split_feature=35 35 35 12 0 12 6 37 51 16 48 16 57 21 16 12 19 13 12 13 6 24 52 51 60 18 17 12 16 52
split_gain=2.64972e+06 625067 391644 193671 166099 158823 112427 101139 98688.1 170705 94795.8 89409.2 92261.5 117494 76844.6 75255.1 69165.9 67760.1 65409.9 63426.7 60873.1 58685.2 58587.6 55776.6 54219.1 49385.6 41367.1 44679.5 37905 36248.9
threshold=196.50000000000003 324.50000000000006 104.50000000000001 2.6500000000000008 28.643240000000002 6.7500000000000009 12260.245000000001 255.83333333333334 424.74500000000006 13.450000000000001 47.465000000000011 20.550000000000004 172.43571428571428 656.50000000000011 26.000000000000004 8.7500000000000018 11.572916666666668 88.500000000000014 10.550000000000002 92.000000000000014 58.245000000000005 2371.9500000000003 3504.5000000000005 666.79500000000019 18.150000000000002 6529.5000000000009 3020.0000000000005 9.9500000000000011 14.15 13246.500000000002
decision_type=10 10 8 2 2 2 2 10 2 2 10 2 8 2 2 2 2 2 2 2 2 2 2 2 10 2 2 2 2 2
left_child=2 5 18 -3 15 6 7 20 9 -6 -10 12 22 25 19 21 -9 -13 23 29 -2 -5 -4 -1 -21 -14 -19 -28 -24 -7
right_child=1 3 11 4 8 14 -8 16 10 -11 -12 17 13 -15 -16 -17 -18 26 -20 24 -22 -23 28 -25 -26 -27 27 -29 -30 -31
leaf_value=-0.73008137420945862 -0.58892561328411097 3.0186233676855379 -1.4385595290725295 0.64706699963161529 1.8954251729681988 -0.13356614368302483 2.5469502738805914 1.2121499706188539 2.9388937442878196 0.57913009274495786 1.5780682299419173 -1.40484299659729 0.0079718676344929084 1.7520004885196685 -0.46617965702909037 -0.59854857756541324 0.48764685287793108 -0.5107952458213314 -1.1893053631583157 0.71060482489386778 0.40976451241233597 1.842718415430614 0.14433616403835575 0.27661825215115265 0.14020555671718699 1.1098993734213023 0.28401849153265357 -1.2159593323298863 -0.3050501142211724 -1.7824033318247114
leaf_weight=1722 60 52 37 307 149 28 26 266 58 219 224 66 596 40 182 39 214 596 287 194 650 42 205 51 661 39 120 21 960 21
leaf_count=1722 60 52 37 307 149 28 26 266 58 219 224 66 596 40 182 39 214 596 287 194 650 42 205 51 661 39 120 21 960 21
internal_value=-2.35316e-11 0.640153 -0.458101 1.23198 1.14248 0.359921 0.595412 0.552773 1.43568 1.11209 1.85795 -0.219021 -0.105684 0.174989 0.0962414 0.65129 0.889142 -0.483943 -0.769137 0.209472 0.325368 0.790956 -0.263299 -0.701124 0.269629 0.0756493 -0.401475 0.0606175 -0.225974 -0.840211
internal_weight=8132 3392 4740 1090 1038 2302 1216 1190 650 368 282 2680 1877 675 1086 388 480 803 2060 904 710 349 1202 1773 855 635 737 141 1165 49
internal_count=8132 3392 4740 1090 1038 2302 1216 1190 650 368 282 2680 1877 675 1086 388 480 803 2060 904 710 349 1202 1773 855 635 737 141 1165 49
is_linear=0
shrinkage=0.03


Tree=52
num_leaves=31
num_cat=0
split_feature=57 35 35 12 0 14 5 12 24 14 19 13 10 21 26 29 20 5 25 38 21 31 24 24 16 56 51 19 10 17
split_gain=2.50508e+06 597804 415896 173749 149404 145670 123590 123184 136152 106386 103223 99467.7 83376.4 80886.5 85001.1 69980.7 77433.7 73199.7 68247 68212.7 65232.9 61846 53550.3 76360.8 53119.4 60806.5 49622.6 47341 46944 46325.8
threshold=233.07142857142858 152.50000000000003 308.50000000000006 2.8500000000000005 28.643240000000002 0.8500000000000002 72.500000000000014 8.2500000000000018 7799.380000000001 7.5500000000000007 12.991666666666669 90.500000000000014 10.450000000000001 31.500000000000004 8.5000000000000018 347.4285714285715 9922.7500000000018 549.50000000000011 1.5000000000000002 34.750000000000007 1727.0000000000002 944.55785714285719 2073.2400000000002 1764.2100000000003 20.550000000000004 150.50000000000003 530.46000000000015 20.695833333333336 28.400000000000002 872.50000000000011
decision_type=10 8 10 2 2 2 2 2 2 2 2 2 2 2 2 2 2 2 2 8 2 2 2 2 2 8 2 2 2 2
left_child=1 5 13 -4 15 24 12 8 9 20 -8 -9 -6 14 -2 16 -5 -17 -13 27 -3 29 23 -21 25 -1 -27 -15 -26 -7
right_child=2 7 3 4 6 21 10 11 -10 -11 -12 18 -14 19 -16 17 -18 -19 -20 22 -22 -23 -24 -25 28 26 -28 -29 -30 -31
leaf_value=-0.46268222883578242 -0.43433045197091996 0.21495511464194439 2.7745043309563293 0.64827259537418147 2.152081103835787 -1.1809129260731981 1.8044951298786325 -1.2942160581088649 2.3663992103576659 -1.0829517880947357 0.77882892060924214 0.32369500167927767 0.3566104216549707 0.232096952984019 1.2820334312992712 1.8419236890792847 -0.67387902615510897 -0.032531784582138061 -0.38701736094362765 0.69063992604691848 -1.1338149740479209 -0.038278988740417394 0.12065716164807477 2.2633189349338925 -0.79109134960242289 -0.16965738002647901 0.67900085685253142 -1.0909796961148581 0.14884285349347109 -0.77009003916916507
leaf_weight=814 160 1464 59 299 28 308 432 82 25 62 111 172 138 247 31 75 46 25 415 664 33 89 144 29 418 358 75 27 54 1248
leaf_count=814 160 1464 59 299 28 308 432 82 25 62 111 172 138 247 31 75 46 25 415 664 33 89 144 29 418 358 75 27 54 1248
internal_value=-6.96386e-10 -0.352331 0.786895 1.18658 1.1054 -0.605611 1.37583 0.0258469 0.17001 0.134789 1.59483 -0.315489 0.659461 0.41453 -0.155758 0.67453 0.471986 1.37331 -0.178768 0.512572 0.185223 -0.807417 0.647068 0.756452 -0.412492 -0.309892 -0.0226611 0.101721 -0.683557 -0.85141
internal_weight=8132 5617 2515 1213 1154 3364 709 2253 1584 1559 543 669 166 1302 191 445 345 100 587 1111 1497 1645 837 693 1719 1247 433 274 472 1556
internal_count=8132 5617 2515 1213 1154 3364 709 2253 1584 1559 543 669 166 1302 191 445 345 100 587 1111 1497 1645 837 693 1719 1247 433 274 472 1556
is_linear=0
shrinkage=0.03


Tree=53
num_leaves=31
num_cat=0
split_feature=35 37 37 12 14 12 35 0 14 21 12 13 24 57 10 5 18 0 61 18 38 46 18 24 20 13 12 68 61 13
split_gain=2.36478e+06 660614 278033 154435 154442 136018 128088 113932 102427 92460.4 92257 93141.4 88526.3 81614.3 75746.1 86199 75073.5 70978.1 69700.1 67456.8 65182.9 62323.5 53247.6 52392.4 48698.8 47688.7 40104.1 39966.9 39599.3 39046.3
threshold=254.50000000000003 147.15000000000001 402.66666666666669 4.4500000000000011 1.0000000180025095e-35 9.6500000000000004 72.550000000000011 28.643240000000002 1.0000000180025095e-35 92.500000000000014 8.4500000000000011 299.50000000000006 1230.9000000000003 363.35714285714295 11.65 164.50000000000003 6482.5000000000009 28.682925800000003 11.22857142857143 6635.5000000000009 35.350000000000001 11.215000000000005 5834.5000000000009 53.940000000000012 7281.0000000000009 322.50000000000006 10.65 3.5000000000000004 129.08571428571432 95.500000000000014
decision_type=10 8 10 2 2 2 10 2 2 2 2 2 2 8 2 2 2 2 10 2 8 10 2 2 2 2 2 2 8 2
left_child=1 6 3 9 7 8 26 23 13 -2 11 18 24 17 -10 -16 25 -3 -4 -9 -6 -22 29 -5 -11 28 -1 -20 -8 -7
right_child=2 5 10 4 20 22 16 19 14 12 -12 -13 -14 -15 15 -17 -18 -19 27 -21 21 -23 -24 -25 -26 -27 -28 -29 -30 -31
leaf_value=-0.77021434843047853 0.46568067028434995 0.10052313172488789 2.8226763647840571 -0.88694952668814819 -1.2459201851685842 -1.0349810493787128 -0.54084018228380948 0.88070642444348257 1.3008154756824175 1.5551022794960947 0.16506041993852702 0.47579229403625833 0.65162969865623011 2.0314027635617689 -0.53045505275099891 0.40164883261840595 0.45294602616475177 0.55702777455224617 2.2146839672943641 2.2749321217970411 0.91687774572372427 -0.39899107907777248 -0.93950495815071566 0.42537792810128655 2.6142714705186729 0.49160688876932446 -1.2200310595937676 1.3970298591168953 0.33196160852443429 -0.067646860523305277
leaf_weight=908 109 1504 65 29 45 45 1847 583 27 167 36 44 83 22 412 114 78 385 87 33 50 92 145 490 51 43 222 141 48 227
leaf_count=908 109 1504 65 29 45 45 1847 583 27 167 36 44 83 22 412 114 78 385 87 33 50 92 145 490 51 43 222 141 48 227
internal_value=-9.13159e-11 -0.302338 0.86565 0.705648 0.547888 0.0258721 -0.602902 0.679505 0.110672 1.21433 1.60861 1.76281 1.48543 0.214722 -0.248892 -0.32844 -0.459588 0.193564 1.95608 0.955397 -0.250961 0.064343 -0.4752 0.352049 1.80289 -0.496315 -0.858585 1.70903 -0.518732 -0.227684
internal_weight=8132 6027 2105 1732 1322 2881 3146 1135 2464 410 373 337 301 1911 553 526 2016 1889 293 616 187 142 417 519 218 1938 1130 228 1895 272
internal_count=8132 6027 2105 1732 1322 2881 3146 1135 2464 410 373 337 301 1911 553 526 2016 1889 293 616 187 142 417 519 218 1938 1130 228 1895 272
is_linear=0
shrinkage=0.03


Tree=54
num_leaves=31
num_cat=0
split_feature=57 35 35 12 59 14 11 16 10 12 5 16 14 13 21 20 54 38 21 37 25 7 13 20 16 33 13 10 62 17
split_gain=2.22866e+06 503956 404947 159552 134072 116704 114621 130124 113410 103564 107112 86456.1 84823.5 83211.2 79082 76418.9 71659.2 69389.9 70439.3 59225.8 50393.6 47773.5 47402.5 46823.1 45493.3 43623.9 39724.9 38427 37881 33931.7
threshold=228.64285714285717 144.50000000000003 308.50000000000006 2.8500000000000005 123.21428571428572 3.5000000000000004 49.500000000000007 13.450000000000001 14.050000000000002 8.2500000000000018 2024.5000000000002 18.450000000000003 2.1500000000000004 90.500000000000014 1026.5000000000002 3692.0000000000009 70.350000000000009 32.050000000000004 32.500000000000007 106.06666666666668 1.5000000000000002 74.365000000000009 298.50000000000006 3816.5000000000005 20.650000000000002 204.50000000000003 253.00000000000003 11.300000000000002 2.1050000000000004 800.00000000000011
decision_type=10 8 10 2 8 2 2 2 2 2 2 2 2 2 2 2 10 8 2 10 2 2 2 2 2 10 2 2 10 2
left_child=1 5 14 25 6 19 8 -8 -5 10 12 22 23 -11 15 27 -12 -17 -19 26 -15 -16 -6 -3 -21 -4 -1 -2 -28 -7
right_child=2 9 3 4 11 29 7 -9 -10 13 16 -13 -14 20 21 17 -18 18 -20 24 -22 -23 -24 -25 -26 -27 28 -29 -30 -31
leaf_value=-0.75932574896913796 0.67158599619207715 0.89199846930067306 2.0569200168206141 2.5067145223721212 2.7257031488720376 -1.2064380971510804 1.1620298156363824 0.37457015652396686 1.087683969753263 -1.2151729234326176 2.7264487577521281 0.83287347588133309 -0.6704347187706402 0.2260358981263704 2.6679670040948049 -0.19689555163502939 0.38310179054737087 -0.22280009852820318 0.48005904516922049 -0.14184877703915227 -0.37179282686869619 0.61924947819113729 1.090728910446167 0.1025892163351972 -0.58177857734950411 3.7802255902290343 0.35821314825461459 1.7856057504328287 -0.49484635784237568 -0.76937651005288332
leaf_weight=666 87 71 39 69 79 199 348 413 191 82 23 47 126 179 21 242 24 152 824 636 436 20 20 1422 317 20 52 41 473 813
leaf_count=666 87 71 39 69 79 199 348 413 191 82 23 47 126 179 21 242 24 152 824 636 436 20 20 1422 317 20 52 41 473 813
internal_value=6.28419e-10 -0.341731 0.721781 1.11901 1.04206 -0.589788 0.920465 0.73467 1.46427 -0.010429 0.118032 1.8924 0.0770469 -0.317483 0.370659 0.331123 1.52985 0.257844 0.370597 -0.464452 -0.197791 1.66859 2.39541 0.14013 -0.288184 2.64109 -0.605496 1.02842 -0.410353 -0.85532
internal_weight=8132 5519 2613 1226 1167 3156 1021 761 260 2363 1666 146 1619 697 1387 1346 47 1218 976 2144 615 41 99 1493 953 59 1191 128 525 1012
internal_count=8132 5519 2613 1226 1167 3156 1021 761 260 2363 1666 146 1619 697 1387 1346 47 1218 976 2144 615 41 99 1493 953 59 1191 128 525 1012
is_linear=0
shrinkage=0.03


Tree=55
num_leaves=31
num_cat=0
split_feature=35 35 35 12 16 0 16 18 1 14 61 57 6 12 5 18 26 24 14 16 12 20 12 5 30 10 12 18 54 50
split_gain=2.10465e+06 524593 283322 158415 154894 137769 119774 109252 93379 88069.7 88500.2 71584.9 78095.7 63727.6 63563.9 60862.4 51077.2 49401.5 49129 57550.8 49079.4 44848.8 44314.2 42349.3 41340.8 37526.1 37290.5 34617.3 34157.1 31146.3
threshold=191.50000000000003 324.50000000000006 97.950000000000017 2.6500000000000008 11.850000000000003 28.643240000000002 26.000000000000004 2761.5000000000005 77.100837000000013 1.0000000180025095e-35 10.592142857142859 171.21428571428575 502.56500000000005 8.7500000000000018 122.00000000000001 4569.5000000000009 10.500000000000002 2371.9500000000003 1.6500000000000001 14.15 10.65 7362.7500000000009 5.9500000000000011 136.50000000000003 844.94500000000005 19.450000000000003 10.15 3569.5000000000005 163.50000000000003 1.0000000180025095e-35
decision_type=8 10 10 2 2 2 2 2 2 2 10 10 2 2 2 2 2 2 2 2 2 2 2 2 2 2 2 2 10 2
left_child=2 4 20 28 15 13 7 -6 -9 10 -7 18 22 17 25 21 -16 -5 19 -4 24 27 -13 -11 29 -14 -21 -2 -3 -1
right_child=1 3 11 5 6 9 -8 8 -10 23 -12 12 14 -15 16 -17 -18 -19 -20 26 -22 -23 -24 -25 -26 -27 -28 -29 -30 -31
leaf_value=-0.73984806834047878 1.33424194204564 1.9725863817003035 0.22389813680081597 0.56480170020402831 -0.77715888498777363 2.0954537354037166 -0.46247290154158227 0.88728547479072584 0.25251972722624499 -0.37176171219348902 1.2031668055565077 0.010797226239876313 2.1576426529884336 -0.58184287951542779 0.012920764546338122 0.09978087102824991 1.2355435754972346 1.6618108017955506 -0.68768598677193526 -0.29510787466159266 -1.0720518756955861 1.9078950759997735 -0.53076657791507731 1.2222756707668303 0.20736083486080167 0.63429431003193515 -0.9198189123119076 0.56055249694231402 3.5114915250778198 -0.41632984186313587
leaf_weight=1222 98 27 186 307 83 128 213 240 1593 40 458 275 22 39 322 66 34 42 305 1142 280 52 269 24 50 43 93 111 25 343
leaf_count=1222 98 27 186 307 83 128 213 240 1593 40 458 275 22 39 322 66 34 42 305 1142 280 52 269 24 50 43 93 111 25 343
internal_value=-5.44803e-10 0.548859 -0.42439 1.09659 0.305771 1.01564 0.212401 0.287426 0.335631 1.28267 1.39807 -0.226515 -0.0195805 0.568295 0.287201 0.913679 0.129688 0.69682 -0.342211 -0.268059 -0.705384 1.11949 -0.256998 0.226002 -0.641813 1.14989 -0.342151 0.923335 2.71244 -0.668943
internal_weight=8132 3546 4586 1090 2456 1038 2129 1916 1833 650 586 2691 965 388 421 327 356 349 1726 1421 1895 261 544 64 1615 65 1235 209 52 1565
internal_count=8132 3546 4586 1090 2456 1038 2129 1916 1833 650 586 2691 965 388 421 327 356 349 1726 1421 1895 261 544 64 1615 65 1235 209 52 1565
is_linear=0
shrinkage=0.03


Tree=56
num_leaves=31
num_cat=0
split_feature=35 37 16 51 6 16 5 16 18 13 24 21 35 21 37 21 7 17 53 18 28 57 6 29 7 65 13 59 7 42
split_gain=1.98935e+06 551331 254909 149651 188887 127890 127529 135781 147611 118596 110744 110393 109577 101709 123429 93120.8 165055 86512.8 77364.5 67587.7 62261.2 65339.9 61258.8 55915.8 59881.6 52992.8 42938.7 39227.9 39054.9 37677.8
threshold=254.50000000000003 147.15000000000001 11.550000000000002 556.2650000000001 570.70000000000016 22.200000000000006 1026.5000000000002 14.050000000000002 2981.5000000000005 296.50000000000006 3154.3500000000004 570.00000000000011 72.550000000000011 92.500000000000014 402.66666666666669 656.50000000000011 79.27500000000002 3027.5000000000005 254562.70000000004 6482.5000000000009 25.166666666666671 338.64285714285717 315.03000000000009 878.71428571428567 36.685000000000009 29.93214285714286 322.50000000000006 73.171428571428592 23.530000000000005 3.3750000000000004
decision_type=10 8 2 2 2 2 2 2 2 2 2 2 10 2 10 2 2 2 2 2 2 8 2 2 2 8 2 8 2 10
left_child=1 12 13 6 -5 15 7 8 -4 11 -9 -6 -1 22 28 20 -17 -18 23 26 25 -22 -2 24 -7 -3 29 -16 -15 -14
right_child=2 5 3 4 9 18 -8 10 -10 -11 -12 -13 19 14 27 16 17 -19 -20 -21 21 -23 -24 -25 -26 -27 -28 -29 -30 -31
leaf_value=-0.78836991295271208 2.1679529471397401 1.1730998915325619 -0.27062118670549884 3.8256122643607005 1.0574330148080551 -0.6290091525131305 -1.4672193053460891 0.18152995174156225 1.4382165084143668 0.14634550531648774 1.3555860415846108 3.1575394743680953 0.16171899422630667 1.7885422968595548 2.1592165207862855 2.8026777617633343 1.4876107784360646 -0.58314359661029735 0.27169783750794041 0.44651606783270831 0.12905738445838286 1.2997117440775037 0.33424050362146163 -1.8786653732299803 0.076070281969089257 -0.427516765577864 0.48325549663499345 3.680962959720242 1.0484451579999539 -0.50353156044495806
leaf_weight=1130 20 20 58 21 367 378 31 752 211 132 80 24 80 133 30 32 30 46 152 78 1733 44 91 25 152 269 43 31 124 1815
leaf_count=1130 20 20 58 21 367 378 31 752 211 132 80 24 80 133 30 32 30 46 152 78 1733 44 91 25 152 269 43 31 124 1815
internal_value=2.47534e-10 -0.277302 0.793967 0.626942 1.03587 0.0225345 0.430425 0.483856 1.06977 0.923856 0.29442 1.18634 -0.551882 1.44649 1.7194 0.136519 0.995272 0.234259 -0.327965 -0.419327 0.0916281 0.158044 0.664639 -0.492197 -0.426798 -0.316747 -0.454176 2.93256 1.43145 -0.475447
internal_weight=8132 6027 2105 1676 544 2881 1132 1101 269 523 832 391 3146 429 318 2174 108 76 707 2016 2066 1777 111 555 530 289 1938 61 257 1895
internal_count=8132 6027 2105 1676 544 2881 1132 1101 269 523 832 391 3146 429 318 2174 108 76 707 2016 2066 1777 111 555 530 289 1938 61 257 1895
is_linear=0
shrinkage=0.03


Tree=57
num_leaves=31
num_cat=0
split_feature=57 35 57 5 35 7 16 11 22 16 20 13 13 19 9 26 7 16 6 59 7 30 16 13 19 29 12 6 16 16
split_gain=1.87857e+06 442807 316002 134580 119190 113044 110114 143067 105868 90624.3 94756.5 90869.9 84780.4 80355.8 110098 74014 70829 79157.6 69800.6 64447.7 63083.7 58576.1 58023.5 52427.7 65399.3 47745.4 61858.2 48555.3 45309.9 52683.5
threshold=233.07142857142858 152.50000000000003 355.57142857142861 69.000000000000014 625.50000000000011 11.125000000000002 20.750000000000004 54.500000000000007 2225.0000000000005 13.750000000000002 7281.0000000000009 260.50000000000006 90.500000000000014 11.708333333333336 24.150000000000002 1.5000000000000002 9.2250000000000014 17.250000000000004 2958.5050000000006 123.21428571428572 33.32500000000001 534.58500000000015 26.500000000000004 151.50000000000003 25.835416666666671 87.214285714285737 7.2500000000000009 249.82000000000002 19.450000000000003 18.950000000000003
decision_type=10 8 10 2 10 2 2 2 2 2 2 2 2 2 2 2 2 2 2 8 2 2 2 2 2 2 2 2 2 2
left_child=1 5 3 25 16 23 13 -8 9 10 15 -12 20 14 -5 -3 -4 19 -15 -18 -11 -19 -14 24 -1 -2 -27 -28 29 -7
right_child=2 8 4 6 -6 28 7 -9 -10 12 11 -13 22 18 -16 -17 17 21 -20 -21 -22 -23 -24 -25 -26 26 27 -29 -30 -31
leaf_value=-0.8935577617945657 0.32592469002986163 0.91885316438145104 2.3763856739776079 0.50245552243238467 3.4566488703814415 -0.26900395699225838 0.45189436345328304 -1.2611072403080059 2.0022307252883911 -1.1523086477898887 1.5828538400205698 0.31365131135284902 0.023489341373750264 0.63084536521276313 1.2993227574418178 -0.36167043199353827 1.1354577497403566 -0.11808940002196272 -0.4812693297183141 2.1577249318767677 0.32943404527271491 1.3540984018428905 -0.58259667514592028 -0.48707154110910711 -0.21702407805494511 0.2936650218908648 -0.33767379974148104 -1.7109370118379592 -0.57880753778438598 0.6078388814492659
leaf_weight=981 342 54 43 249 22 940 255 53 24 108 88 120 1504 331 418 164 349 71 60 66 34 37 157 797 148 103 84 32 432 66
leaf_count=981 342 54 43 249 22 940 255 53 24 108 88 120 1504 331 418 164 349 71 60 66 34 37 157 797 148 103 84 32 432 66
internal_value=-6.07411e-10 -0.305107 0.681427 0.49567 1.29019 -0.523094 0.656337 0.157125 0.0203722 -0.000966743 0.392567 0.850622 -0.093948 0.801665 1.00184 -0.0444765 1.20598 1.10976 0.460188 1.29804 -0.797525 0.386271 -0.0337987 -0.673362 -0.804871 0.104455 -0.241402 -0.716505 -0.32183 -0.211477
internal_weight=8132 5617 2515 1927 588 3364 1366 308 2253 2229 426 208 1803 1058 667 218 566 523 391 415 142 108 1661 1926 1129 561 219 116 1438 1006
internal_count=8132 5617 2515 1927 588 3364 1366 308 2253 2229 426 208 1803 1058 667 218 566 523 391 415 142 108 1661 1926 1129 561 219 116 1438 1006
is_linear=0
shrinkage=0.03


Tree=58
num_leaves=31
num_cat=0
split_feature=35 35 57 7 35 30 9 10 15 18 17 15 30 9 28 28 21 12 56 63 22 18 65 35 7 39 12 18 56 51
split_gain=1.78135e+06 559338 187154 119012 118551 118398 101948 130869 184358 107388 93318.8 90197.6 102429 93476.7 87973.8 79345.3 76371.5 75229.8 70438.5 60595.9 59730 55330 53633.1 46438.3 46071.4 41029.2 38943.7 37382.3 37246.2 40073.4
threshold=270.50000000000006 152.50000000000003 368.07142857142867 11.125000000000002 625.50000000000011 13973.853333333334 24.050000000000004 14.050000000000002 991.1500000000002 4052.0000000000005 992.50000000000011 986.55000000000007 1677.7233333333334 30.750000000000004 98.500000000000014 25.833333333333339 1479.5000000000002 4.4500000000000011 256.50000000000006 12.479999999999999 53.500000000000007 3652.0000000000005 47.830714285714301 71.750000000000014 52.495000000000012 49.650000000000013 13.600000000000003 3569.5000000000005 196.50000000000003 530.46000000000015
decision_type=10 8 10 2 10 2 2 2 2 2 2 2 2 2 2 2 2 2 10 10 2 2 10 10 2 8 2 2 8 2
left_child=1 3 6 23 19 11 10 8 22 -9 20 13 15 18 -10 -13 -15 -11 -3 25 -2 -12 -8 -1 -14 -4 28 -22 -5 -30
right_child=2 5 4 26 -6 -7 7 9 14 17 21 12 24 16 -16 -17 -18 -19 -20 -21 27 -23 -24 -25 -26 -27 -28 -29 29 -31
leaf_value=-0.81389567359934811 1.215834119827659 -0.9155332760716739 0.97213554297174731 -0.35274911836113987 3.5424390029907222 2.369248771905899 3.7567817058563229 -0.50768476138512286 -0.88186672840118396 1.4833794860995 -1.1873773354892101 -0.63868297480619862 0.31563813994328177 0.039409141229423655 1.0403454246982933 0.22537746018568236 -1.2473698327153229 0.57046021875679487 0.34998979659676549 1.0068817926922082 0.42273806500717026 0.15850511543984921 2.0281610089540481 -0.51843339727489013 1.6689773089768456 2.0928471808287559 -1.1030121470414675 -0.72641146528720846 -0.12850346029336962 0.79018819618821134
leaf_weight=880 81 190 42 1097 21 20 20 72 25 97 54 104 36 1199 150 1191 43 500 50 316 169 56 84 1050 61 98 52 30 294 50
leaf_count=880 81 190 42 1097 21 20 20 72 25 97 54 104 36 1199 150 1191 43 500 50 316 169 56 84 1050 61 98 52 30 294 50
internal_value=-9.18587e-11 -0.238002 0.828351 -0.497568 1.33856 0.0690117 0.646459 0.814421 1.36024 0.586793 0.238182 0.0530045 0.226417 -0.109877 0.765744 0.155986 -0.00514118 0.71879 -0.651883 1.23707 0.529046 -0.502201 2.36059 -0.653152 1.16671 1.75663 -0.296445 0.249499 -0.26734 0.0050273
internal_weight=8132 6317 1815 3423 477 2894 1338 948 279 669 390 2874 1392 1482 175 1295 1242 597 240 456 280 110 104 1930 97 140 1493 199 1441 344
internal_count=8132 6317 1815 3423 477 2894 1338 948 279 669 390 2874 1392 1482 175 1295 1242 597 240 456 280 110 104 1930 97 140 1493 199 1441 344
is_linear=0
shrinkage=0.03


Tree=59
num_leaves=31
num_cat=0
split_feature=35 19 35 16 53 8 12 30 14 7 51 68 0 37 8 20 11 16 51 43 6 28 8 16 19 19 6 21 1 17
split_gain=1.67726e+06 352867 296560 125717 109475 101039 100418 97796.8 86546.4 103894 141734 78867.8 88336.9 77753.2 72496.6 83568.4 72354.1 89214.5 89959.2 88124 85267.3 69877.2 66714.7 63817.3 65494.2 60171.2 51096.5 50213.7 43827.2 37833.7
threshold=223.50000000000003 21.158333333333335 375.50000000000006 18.450000000000003 269164.20000000007 26.550000000000004 2.6500000000000008 376.7766666666667 7.5500000000000007 15.590000000000002 556.2650000000001 11.500000000000002 28.682925800000003 114.40000000000003 14.350000000000003 9922.7500000000018 49.500000000000007 13.450000000000001 169.33000000000001 16.166666666666668 2756.5350000000003 272.50000000000006 26.650000000000002 17.650000000000002 12.991666666666669 9.6625000000000014 93.440000000000012 110.50000000000001 77.188546500000015 3047.5000000000005
decision_type=10 2 10 2 2 2 2 2 2 2 2 2 2 10 2 2 2 2 2 10 2 2 2 2 2 2 2 2 2 2
left_child=1 7 3 8 14 -3 -4 23 9 10 -2 25 28 -7 -5 -16 20 19 -19 -18 21 -8 -11 24 -1 -9 -26 -27 -13 -25
right_child=2 5 6 4 -6 13 16 11 -10 22 -12 12 -14 -15 15 -17 17 18 -20 -21 -22 -23 -24 29 26 27 -28 -29 -30 -31
leaf_value=0.16643354270315225 0.92344446449108675 -1.1609825601019759 2.7143525636196135 -1.7911844017133116 1.0255543178376163 -0.6026666585325241 1.1745690861187483 0.95025481681823731 -0.86158719032151354 0.36753770776777339 3.2274786738478221 0.1134751530259771 1.2716534129636627 -0.1818723018543244 0.59413522445955746 -0.16779810566057971 2.306925763771182 -0.56575680620020086 0.8161621916447136 0.95056145296717165 0.64254218013919129 2.8240865542524949 1.004547057922502 -0.54370486432310305 -0.95479563365045639 0.8536780747558389 -0.083399050268633618 0.031870847899681892 -0.29712983641107099 0.25136310965580455
leaf_weight=421 317 235 36 20 106 1744 38 125 35 773 26 389 42 511 179 469 61 55 185 147 49 59 183 619 104 84 145 329 587 59
leaf_count=421 317 235 36 20 106 1744 38 125 35 773 26 389 42 511 179 469 61 55 185 147 49 59 183 619 104 84 145 329 587 59
internal_value=-2.34054e-10 -0.306962 0.60473 0.434045 0.129894 -0.569003 1.17585 -0.0822774 0.610517 0.650181 1.09809 0.0797637 -0.0755048 -0.507311 -0.0122317 0.0426742 1.08261 0.89359 0.499472 1.34834 1.6626 2.17788 0.489476 -0.269322 -0.0616762 0.373562 -0.447356 0.199018 -0.133477 -0.474518
internal_weight=8132 5394 2738 2108 774 2490 630 2904 1334 1299 343 1556 1018 2255 668 648 594 448 240 208 146 97 956 1348 670 538 249 413 976 678
internal_count=8132 5394 2738 2108 774 2490 630 2904 1334 1299 343 1556 1018 2255 668 648 594 448 240 208 146 97 956 1348 670 538 249 413 976 678
is_linear=0
shrinkage=0.03


Tree=60
num_leaves=31
num_cat=0
split_feature=57 35 35 0 12 51 12 20 51 19 8 12 14 17 24 22 51 60 21 9 17 8 19 20 22 39 12 15 54 24
split_gain=1.59615e+06 431565 237861 143762 124952 99785.2 137205 80822 91930.7 102315 86350.7 80547.4 108833 76899.7 76671.4 74105.8 71967.5 71851 71312.9 66188.4 87090.8 53521 52049.4 49921 45430.8 44722 44296.2 41831.2 36904.1 31213.8
threshold=200.07142857142858 282.50000000000006 111.50000000000001 28.643240000000002 2.8500000000000005 424.74500000000006 5.3500000000000005 3816.5000000000005 479.75000000000006 9.4416666666666682 17.250000000000004 8.2500000000000018 1.0500000000000003 1607.5000000000002 6012.0800000000008 105.50000000000001 502.56500000000005 15.65 1727.0000000000002 21.200000000000006 992.50000000000011 27.850000000000005 15.789583333333335 2250.0000000000005 406.00000000000006 87.15000000000002 10.550000000000002 976.50000000000011 109.50000000000001 107.86500000000002
decision_type=8 10 10 2 2 2 2 2 2 2 2 2 2 2 2 2 2 10 2 2 2 2 2 2 2 8 2 2 10 2
left_child=2 7 16 19 -5 6 -6 28 13 10 -10 12 14 17 18 -7 26 -9 -4 20 -3 -14 -11 -21 -25 -15 -1 -13 -2 -29
right_child=1 3 11 4 5 15 -8 8 9 22 -12 27 21 25 -16 -17 -18 -19 -20 23 -22 -23 -24 24 -26 -27 -28 29 -30 -31
leaf_value=-0.56433368448944055 1.9399424324184658 0.242855924819455 0.067448249463072138 2.9415533749759195 1.3491869132659013 0.81459894082125495 0.37475013895219639 0.24104457398403933 2.8853814234052386 -0.010205507867038249 0.82614968499789632 0.30452569882152603 -1.1405518927647895 0.14176422686473356 1.8148324918205088 1.7334423204812597 0.29229459994920975 -0.44024590814510761 -1.1589147840304808 1.8494394088983535 -1.9275870552062986 -0.29753877389430999 1.2778453363012523 0.42050626423149817 1.0701468675646162 0.92935023235308156 -0.96401304960714906 -0.19895854183565384 0.65036420080842094 -0.64246359523124486
leaf_weight=1829 24 99 1417 32 221 119 316 201 21 240 144 64 97 527 22 235 81 454 44 30 20 225 32 372 131 74 289 211 119 442
leaf_count=1829 24 99 1417 32 221 119 316 201 21 240 144 64 97 527 22 235 81 454 44 30 20 225 32 372 131 74 289 211 119 442
internal_value=2.33677e-10 0.494465 -0.357259 0.858799 1.09969 1.03354 0.775775 0.181924 0.124076 0.498857 1.08823 -0.158418 -0.0515632 -0.00632167 0.0569846 1.42457 -0.585307 -0.231178 0.0305147 0.517779 -0.121924 -0.55149 0.14133 0.660602 0.589697 0.238738 -0.61887 -0.427419 0.866797 -0.499156
internal_weight=8132 3411 4721 1575 923 891 537 1836 1693 437 165 2522 1805 1256 1483 354 2199 655 1461 652 119 322 272 533 503 601 2118 717 143 653
internal_count=8132 3411 4721 1575 923 891 537 1836 1693 437 165 2522 1805 1256 1483 354 2199 655 1461 652 119 322 272 533 503 601 2118 717 143 653
is_linear=0
shrinkage=0.03


Tree=61
num_leaves=31
num_cat=0
split_feature=57 35 35 16 18 17 19 0 16 16 21 36 12 14 24 21 68 51 57 20 11 57 5 21 17 15 12 54 7 7
split_gain=1.50283e+06 379186 251631 138377 149016 195094 96827.2 93942 79934.8 79894.8 109646 79498.5 78853.5 109279 81848.1 76134.7 74558 67569.7 65148.6 62037.5 59353.7 59020.1 49840.1 52909.7 47366.3 46265.5 41902.8 40930.3 40034 34442
threshold=206.50000000000003 282.50000000000006 111.50000000000001 11.550000000000002 3853.0000000000005 992.50000000000011 8.8687500000000021 28.643240000000002 26.750000000000004 21.750000000000004 656.50000000000011 447.50000000000006 8.2500000000000018 1.0500000000000003 10283.990000000002 92.500000000000014 11.500000000000002 502.56500000000005 268.78571428571433 3692.0000000000009 32.500000000000007 372.64285714285717 318.00000000000006 502.00000000000006 872.50000000000011 976.50000000000011 10.550000000000002 118.50000000000001 23.045000000000005 41.755000000000003
decision_type=8 10 10 2 2 2 2 2 2 2 2 10 2 2 2 2 2 2 10 2 2 10 2 2 2 2 2 10 2 2
left_child=2 9 17 7 5 18 -7 28 11 10 19 -6 13 14 16 -9 -4 26 -5 27 -21 -17 23 29 -15 -14 -1 -2 -3 -11
right_child=1 3 12 4 8 6 -8 15 -10 22 -12 -13 25 24 -16 21 -18 -19 -20 20 -22 -23 -24 -25 -26 -27 -28 -29 -30 -31
leaf_value=-0.54649064189549723 2.0218797835707663 1.2756925042382963 0.31747004612011492 -0.59393007516860963 0.90938774058319594 0.27855437700801033 -1.2178305552162967 0.78163650304079046 -0.26977387278764087 -0.45775205526232104 1.7088311183638869 1.8207636895512833 0.35467777988928206 -1.3168530085212307 1.9750666825398799 1.593732188238125 -0.10987606738875533 0.28352575930732266 0.82806054442686938 1.0736074547966321 0.12538505868025279 2.8200037102265791 0.25203970269372189 -1.9346439571380616 -0.36663943729210979 -0.46481488595439113 -0.93509266227689991 0.62072714454905931 0.35573398084938529 0.72533502016067497
leaf_weight=1838 24 91 574 32 554 68 91 48 44 194 48 102 68 57 20 76 1021 81 309 63 1043 66 142 20 275 703 289 86 80 25
leaf_count=1838 24 91 574 32 554 68 91 48 44 194 48 102 68 57 20 76 1021 81 309 63 1043 66 142 20 275 703 289 86 80 25
internal_value=1.36976e-10 0.505525 -0.329012 0.84045 0.685527 0.289968 -0.577867 1.35543 0.96807 0.187703 0.302488 1.0511 -0.135757 -0.0340733 0.0678301 1.81454 0.0439149 -0.566905 0.694619 0.246975 0.179398 2.16369 -0.193107 -0.457587 -0.529779 -0.392538 -0.599291 0.926433 0.845303 -0.322696
internal_weight=8132 3206 4926 1561 1200 500 159 361 700 1645 1264 656 2718 1947 1615 190 1595 2208 341 1216 1106 142 381 239 332 771 2127 110 171 219
internal_count=8132 3206 4926 1561 1200 500 159 361 700 1645 1264 656 2718 1947 1615 190 1595 2208 341 1216 1106 142 381 239 332 771 2127 110 171 219
is_linear=0
shrinkage=0.03


Tree=62
num_leaves=31
num_cat=0
split_feature=57 35 35 0 16 51 22 21 17 16 9 20 28 25 19 20 17 32 21 6 13 61 20 24 19 15 7 20 23 42
split_gain=1.41538e+06 311192 264681 114052 121673 102335 96301.2 86057.5 82300.3 72435.1 76418.7 75189.6 83848 75701.4 75166.9 75612.8 73586.6 71830.9 64974.7 56724 56259.5 56105.6 54350.3 53070.8 49286.1 93605.2 47798.1 61370.2 47399.5 45543.1
threshold=228.64285714285717 144.50000000000003 308.50000000000006 28.643240000000002 12.050000000000002 424.74500000000006 105.50000000000001 92.500000000000014 1307.5000000000002 13.750000000000002 39.650000000000013 7281.0000000000009 410.16666666666669 3.5000000000000004 10.981250000000001 12743.000000000002 3690.0000000000005 292.50000000000006 1026.5000000000002 499.13500000000005 116.50000000000001 32.16142857142858 3816.5000000000005 1016.9100000000001 11.652083333333335 992.85000000000002 6.8450000000000015 8426.0000000000018 311.32000000000011 17.050000000000004
decision_type=10 8 10 2 2 2 2 2 2 2 2 2 2 2 2 2 2 10 2 2 2 8 2 2 2 2 2 2 2 10
left_child=1 8 18 26 7 17 -7 29 -1 11 14 13 23 -3 28 -16 20 -6 22 -10 -12 -9 -2 -13 25 -24 -4 -28 -11 -5
right_child=2 9 3 4 5 6 -8 21 19 10 16 12 -14 -15 15 -17 -18 -19 -20 -21 -22 -23 24 -25 -26 -27 27 -29 -30 -31
leaf_value=-0.6080442454509789 0.80626445910272493 -0.40492985157083861 1.935902249472482 1.7076610098944771 0.40769126360221497 0.44348103401692285 1.7109127340009136 1.7412062285519854 -0.41503624916155302 0.44303613823064614 -0.017269127821620506 0.86265340084499775 2.5455529621669224 0.77439464870473018 -0.12514071131195989 -0.66286782969249136 -0.24582740926672869 2.2686789901256561 1.467814250690181 0.008051029186495735 0.97306060377983439 3.0416519173607233 0.61963704489426652 -0.2576180256087825 -0.030861054631326927 -0.11261658771244847 0.64324255248823681 -0.23024550621211526 -0.11872484419192816 -0.0045050874660755025
leaf_weight=1711 144 158 21 27 280 76 186 79 1054 213 79 135 21 71 578 397 139 20 41 391 149 48 438 53 519 245 370 90 370 29
leaf_count=1711 144 158 21 27 280 76 186 79 1054 213 79 135 21 71 578 397 139 20 41 391 149 48 438 53 519 245 370 90 370 29
internal_value=-3.44999e-10 -0.272332 0.575201 0.896349 1.12885 0.910074 1.34326 1.80071 -0.467257 -0.0119913 -0.0912206 0.33622 0.747661 -0.0392878 -0.18296 -0.344092 0.298234 0.531757 0.291331 -0.300554 0.62992 2.23271 0.255494 0.546832 0.189512 0.356969 0.53624 0.472343 0.0865154 0.821004
internal_weight=8132 5519 2613 1226 745 562 262 183 3156 2363 1925 438 209 229 1558 975 367 300 1387 1445 228 127 1346 188 1202 683 481 460 583 56
internal_count=8132 5519 2613 1226 745 562 262 183 3156 2363 1925 438 209 229 1558 975 367 300 1387 1445 228 127 1346 188 1202 683 481 460 583 56
is_linear=0
shrinkage=0.03


Tree=63
num_leaves=31
num_cat=0
split_feature=57 35 14 16 51 16 9 29 53 15 36 31 25 16 21 13 7 1 52 60 15 50 53 16 35 17 42 29 7 25
split_gain=1.33856e+06 359465 202978 128670 119239 105625 90452.9 92186.2 87297.1 84993.2 81786.8 79288.1 77600.8 73211.9 100712 66268.8 64435.6 61170.8 59468.9 62181.5 57814.8 54920.5 53119.8 52056.6 46359.1 45282.7 43363.5 43253.5 46976.3 41607.1
threshold=200.07142857142858 282.50000000000006 0.8500000000000002 11.550000000000002 1445.8850000000002 14.350000000000003 19.100000000000005 437.21428571428584 269164.20000000007 993.35000000000002 500.50000000000006 944.55785714285719 5.5000000000000009 21.750000000000004 656.50000000000011 122.50000000000001 9.5850000000000026 77.128061500000015 3692.0000000000009 12.550000000000002 982.00000000000011 1.0000000180025095e-35 257134.75000000003 19.650000000000002 361.50000000000006 872.50000000000011 1.8750000000000002 779.857142857143 36.685000000000009 3.5000000000000004
decision_type=8 10 2 2 2 2 2 2 2 2 10 2 2 2 2 2 2 2 2 10 2 2 2 2 10 2 10 2 2 2
left_child=2 13 5 9 6 16 29 -8 17 10 15 25 24 14 18 -3 -1 -7 -2 -20 -13 -18 27 -10 -6 -4 -27 28 -15 -5
right_child=1 3 11 4 12 8 7 -9 23 -11 -12 20 -14 22 -16 -17 21 -19 19 -21 -22 -23 -24 -25 -26 26 -28 -29 -30 -31
leaf_value=-0.35420235304442582 0.85145342327836082 2.7040530246198178 -0.9400768256661175 0.40352009892463686 1.136362874643712 0.28417164373762754 0.66833720839376276 -0.46455169283917969 1.6376538279226849 0.41862494485080243 3.282879141894254 0.41296651131312906 0.41105634854598477 -0.51075081708450476 1.5678134318039967 1.2049272379253222 0.78504277221475327 -0.34959656695774671 0.57376787074430047 0.049965062143713296 -0.89763184093847503 0.097614585872452989 0.51643126465656142 0.17884914841466737 2.1813354790855097 0.1665163561156098 -0.59548871120349289 -1.691016463279724 0.24801209743763949 -1.0150797912174341
leaf_weight=146 123 30 346 30 79 147 845 70 28 80 22 116 66 217 52 230 175 2028 258 974 41 260 81 103 74 71 1260 20 111 49
leaf_count=146 123 30 346 30 79 147 845 70 28 80 22 116 66 217 52 230 175 2028 258 974 41 260 81 103 74 71 1260 20 111 49
internal_value=-6.86054e-11 0.452812 -0.327164 0.785322 0.637192 -0.170379 0.497578 0.581668 -0.261463 1.28168 1.52652 -0.573969 1.27087 0.167571 0.272177 1.3779 0.191134 -0.306763 0.222455 0.159658 0.0707083 0.374166 -0.175508 0.490655 1.64177 -0.634323 -0.554841 -0.336563 -0.253974 -0.476371
internal_weight=8132 3411 4721 1575 1213 2887 994 915 2306 362 282 1834 219 1836 1407 260 581 2175 1355 1232 157 435 429 131 153 1677 1331 348 328 79
internal_count=8132 3411 4721 1575 1213 2887 994 915 2306 362 282 1834 219 1836 1407 260 581 2175 1355 1232 157 435 429 131 153 1677 1331 348 328 79
is_linear=0
shrinkage=0.03


Tree=64
num_leaves=31
num_cat=0
split_feature=35 57 37 16 11 0 11 17 35 23 20 53 18 26 21 10 5 28 16 18 21 18 60 53 20 26 18 1 1 7
split_gain=1.26428e+06 326913 169465 145485 128937 122464 125066 102443 94050.8 91174.6 80964.4 69274.5 67775.4 64944.2 82257.8 72965.8 62356.4 57476.3 55988.7 78269.9 55165.6 45909.9 48130.8 42180.6 39551 36240.3 53453.8 32137.1 32025.6 29482.2
threshold=191.50000000000003 355.57142857142861 104.98333333333333 19.650000000000002 53.500000000000007 28.643240000000002 68.500000000000014 1127.5000000000002 625.50000000000011 393.00500000000005 3692.0000000000009 59029.400000000001 3171.0000000000005 11.500000000000002 486.00000000000006 12.65 16.500000000000004 105.83333333333333 20.550000000000004 6641.5000000000009 2225.0000000000005 4804.0000000000009 118.50000000000001 247691.75000000003 24336.000000000004 10.500000000000002 4244.5000000000009 77.128061500000015 77.184301000000019 68.760000000000005
decision_type=8 10 10 2 2 2 2 2 10 2 2 2 2 2 2 2 2 2 2 2 2 2 8 2 2 2 2 2 2 2
left_child=2 3 21 5 20 13 9 -6 11 -7 -8 -3 -13 14 -2 -15 -9 -14 19 25 23 -1 27 -5 -20 28 -27 -23 -4 -21
right_child=1 8 18 4 7 6 10 16 -10 -11 -12 12 17 15 -16 -17 -18 -19 24 29 -22 22 -24 -25 -26 26 -28 -29 -30 -31
leaf_value=-0.72034844104294093 0.01389517188053125 -0.20504958736896514 0.0092654575810626246 0.061202581092343826 0.12284938128792088 1.3816273368291461 0.85915257257634192 0.014835906361424645 2.997722667347301 0.65145551312417804 -0.27546858221292497 2.7600225421360562 0.53561347517897095 0.50283504260312761 1.0239401815384626 2.3230852968042544 -1.2969733182324301 1.232976793486166 -0.50568607117781372 2.0204970222115515 -1.2778835650852747 0.23088144540786742 0.4435532828616825 0.5576150885948189 -0.046180259781547738 -0.33058853678405281 1.6327857740323704 -0.49915711921744133 -0.25400791302628828 0.47516261901855467
leaf_weight=757 781 40 790 341 132 237 87 43 22 439 162 21 153 200 80 22 135 349 584 20 21 57 55 281 237 24 26 1133 878 25
leaf_count=757 781 40 790 341 132 237 87 43 22 439 162 21 153 200 80 22 135 349 584 20 21 57 55 281 237 24 26 1133 878 25
internal_value=-3.68674e-10 0.425395 -0.328925 0.29736 -0.00788349 0.44223 0.695735 -0.510443 1.07345 0.907448 0.120965 0.998253 1.09028 0.225708 0.107744 0.68322 -0.980076 1.02043 -0.168405 -0.0731094 0.234408 -0.53611 -0.424088 0.285466 -0.373039 -0.10546 0.690366 -0.464189 -0.129316 1.16198
internal_weight=8132 3546 4586 2961 953 2008 925 310 585 676 249 563 523 1083 861 222 178 502 2584 1763 643 2002 1245 622 821 1718 50 1190 1668 45
internal_count=8132 3546 4586 2961 953 2008 925 310 585 676 249 563 523 1083 861 222 178 502 2584 1763 643 2002 1245 622 821 1718 50 1190 1668 45
is_linear=0
shrinkage=0.03


Tree=65
num_leaves=31
num_cat=0
split_feature=35 37 16 53 56 58 16 0 1 17 22 30 53 7 16 29 28 61 18 7 16 5 13 14 37 68 17 17 21 46
split_gain=1.19467e+06 379003 147120 116051 102147 94138.2 93230.8 92060.9 71344.8 71070.2 67574.3 67093.4 61403.5 60657.2 58802.2 52831.2 52701 60993.4 51782.3 48845.2 47634.6 45533.4 41401.6 50165.7 39625.7 38065.8 38036.4 35492.5 32224.3 31254.6
threshold=270.50000000000006 147.15000000000001 11.550000000000002 59029.400000000001 138.50000000000003 22.550000000000004 22.200000000000006 28.643240000000002 77.100837000000013 1307.5000000000002 406.00000000000006 376.7766666666667 254562.70000000004 23.045000000000005 19.650000000000002 878.71428571428567 25.166666666666671 24.56428571428572 6482.5000000000009 36.685000000000009 20.650000000000002 73.500000000000014 151.50000000000003 8.6000000000000032 231.83333333333334 3.5000000000000004 992.50000000000011 1312.5000000000002 89.500000000000014 17.866666666666674
decision_type=10 8 2 2 10 10 2 2 2 2 2 2 2 2 2 2 2 10 2 2 2 2 2 2 10 2 2 2 2 8
left_child=1 9 5 26 -5 -2 8 10 11 22 -6 -3 15 21 -9 19 29 -18 20 -8 27 -7 -1 -24 -13 -23 -4 -11 -15 -10
right_child=2 6 3 4 7 13 12 14 16 18 -12 24 -14 28 -16 -17 17 -19 -20 -21 -22 25 23 -25 -26 -27 -28 -29 -30 -31
leaf_value=-0.67063471424219367 2.4181387710571287 0.20872057096316265 -0.04785826609168254 -0.4492376396098694 0.15083714454161795 0.45791360175287399 -0.50206074515870514 1.0659929978297751 -0.87062968095423476 0.78378764806255208 0.93640498959024743 0.67281824493094489 0.25998359667832949 -0.18939593004683652 0.48006147252429615 -1.6641122593198503 0.36811431514477866 0.0062469526168936534 0.47673423579105967 0.11375839313087255 -0.62202157465821561 2.6305991148948666 -0.24447184474734099 -1.0284179078900191 1.8636931397914887 1.3981698036450763 -1.2936207247339189 -0.24680287663292674 0.82156399713523354 -0.12617448969001183
leaf_weight=1092 49 156 71 77 365 37 414 515 71 31 135 57 166 36 220 28 626 1269 78 161 347 28 504 86 45 116 32 1008 134 178
leaf_count=1092 49 156 71 77 365 37 414 515 71 31 135 57 166 36 220 28 626 1269 78 161 347 28 504 86 45 116 32 1008 134 178
internal_value=-4.09556e-10 -0.194908 0.678365 0.53476 0.610883 1.18637 0.0365483 0.67698 0.128589 -0.428203 0.36294 0.599912 -0.250944 1.01441 0.890612 -0.391597 0.0718718 0.125787 -0.275366 -0.329631 -0.317692 1.39661 -0.561231 -0.358742 1.1982 1.63781 -0.434891 -0.216054 0.607478 -0.338449
internal_weight=8132 6317 1815 1415 1312 400 3171 1235 2402 3146 500 258 769 351 735 603 2144 1895 1464 575 1386 181 1682 590 102 144 103 1039 170 249
internal_count=8132 6317 1815 1415 1312 400 3171 1235 2402 3146 500 258 769 351 735 603 2144 1895 1464 575 1386 181 1682 590 102 144 103 1039 170 249
is_linear=0
shrinkage=0.03


Tree=66
num_leaves=31
num_cat=0
split_feature=57 19 35 16 9 23 20 50 9 19 30 30 20 7 18 35 15 53 68 20 11 16 7 14 0 57 18 15 57 25
split_gain=1.13841e+06 334824 161058 115260 156936 127646 121081 93999.9 93322.2 98956.2 88765.5 131119 71611.6 69108.1 70086.4 66750.1 61162.5 60693.9 56610.8 47880.4 46805.6 72187.6 48682.4 45852.1 46757.8 45490.9 45132.8 43266.3 37759.8 36952.8
threshold=261.21428571428578 19.989583333333339 407.50000000000006 14.750000000000002 39.650000000000013 2110.4950000000003 35931.000000000007 1.0000000180025095e-35 18.600000000000005 11.572916666666668 489.31666666666678 509.61666666666667 9922.7500000000018 26.135000000000002 4778.0000000000009 625.50000000000011 984.05000000000007 175830.40000000005 25.500000000000004 7362.7500000000009 52.500000000000007 13.450000000000001 68.40000000000002 0.8500000000000002 28.643240000000002 107.38571428571431 6140.5000000000009 992.1500000000002 74.521428571428586 1.0000000180025095e-35
decision_type=10 2 10 2 2 2 2 2 2 2 2 2 2 2 2 10 2 2 2 2 2 2 2 2 2 10 2 2 10 2
left_child=1 3 8 5 13 23 26 16 19 10 12 -12 -10 17 -15 20 18 -5 28 -2 22 27 -4 24 -1 -9 -6 -22 -3 -11
right_child=2 7 15 4 6 -7 -8 25 9 29 11 -13 -14 14 -16 -17 -18 -19 -20 -21 21 -23 -24 -25 -26 -27 -28 -29 -30 -31
leaf_value=0.09076445935950106 0.06428860364556313 -0.67093764634122111 1.8175557459422518 -0.59488534774539115 1.648458061172412 1.9992365937483936 -0.43496341748901735 -0.25330826145976038 0.71207293693274254 0.84552294731140132 3.0655498056411741 0.96749413583250277 -0.083175198711105625 0.55802319365973563 -0.14160497343771825 2.7175363702359405 -1.1043383104984577 -0.14771076673694716 0.23494218274470297 -1.2054205840124803 1.8147045140666886 0.18357995206117628 0.5391430389136076 -0.8750823326544328 0.57492693418200969 0.38707588904010859 0.56317825469919702 0.78196757555007934 -0.40835270390523926 0.13089572579110717
leaf_weight=494 125 870 105 566 39 38 116 361 500 76 30 252 128 153 817 23 156 528 93 34 64 100 36 33 282 138 298 85 1137 455
leaf_count=494 125 870 105 566 39 38 116 361 500 76 30 252 128 153 817 23 156 528 93 34 64 100 36 33 282 138 298 85 1137 455
internal_value=-5.8964e-10 -0.203588 0.618856 -0.00276117 -0.104628 0.299953 0.401018 -0.448809 0.482521 0.558628 0.748533 1.19069 0.549984 -0.215606 -0.0312513 1.14703 -0.531223 -0.379064 -0.488649 -0.207222 1.05441 0.807094 1.49115 0.220135 0.26671 -0.076208 0.688774 1.22556 -0.522179 0.233178
internal_weight=8132 6119 2013 3364 2517 847 453 2755 1600 1441 910 282 628 2064 970 413 2256 1094 2100 159 390 249 141 809 776 499 337 149 2007 531
internal_count=8132 6119 2013 3364 2517 847 453 2755 1600 1441 910 282 628 2064 970 413 2256 1094 2100 159 390 249 141 809 776 499 337 149 2007 531
is_linear=0
shrinkage=0.03


Tree=67
num_leaves=31
num_cat=0
split_feature=57 35 35 59 12 11 16 16 21 20 26 11 20 36 51 53 16 18 18 29 21 29 7 18 29 35 9 29 7 7
split_gain=1.07475e+06 317325 135822 119605 93746.2 80762 102657 76288.2 82033.8 72251.2 61935.9 61875.7 61241.8 55495.9 51402 51011.5 46874.5 68528.9 54689.5 40030.4 39886.8 39397.1 43995.3 39088.3 36395.9 36106.2 36049.3 34661.4 34626.1 33016.2
threshold=191.92857142857147 282.50000000000006 111.50000000000001 123.21428571428572 2.8500000000000005 49.500000000000007 13.450000000000001 21.750000000000004 656.50000000000011 10403.750000000002 10.500000000000002 32.500000000000007 3816.5000000000005 423.50000000000006 502.56500000000005 257134.75000000003 14.750000000000002 2880.5000000000005 6641.5000000000009 321.85714285714295 1479.5000000000002 878.71428571428567 36.685000000000009 6680.0000000000009 111.92857142857143 43.650000000000013 38.150000000000013 98.285714285714306 36.640000000000008 79.27500000000002
decision_type=8 10 10 8 2 2 2 2 2 2 2 2 2 10 2 2 2 2 2 2 2 2 2 2 2 10 2 2 2 2
left_child=2 7 14 4 -3 9 -7 8 11 -6 13 27 -13 -5 25 21 17 -4 20 -19 26 22 -9 -20 -12 -1 -18 -2 -26 -10
right_child=1 3 16 10 5 6 -8 15 29 -11 24 12 -14 -15 -16 -17 18 19 23 -21 -22 -23 -24 -25 28 -27 -28 -29 -30 -31
leaf_value=-0.80001922432921424 1.8471144972907172 1.7720409363282379 -1.2786089916229246 1.3292461327502603 1.4700907619709662 0.75068303576088513 0.13405872148456377 -0.502003740646221 2.1296577680110929 0.61378844479543149 1.3475085804923888 0.71440430275997835 0.077476704134569446 -0.44684606552124023 0.26662633480550724 0.44692596586545308 -0.27707371902913164 0.14002859543491333 1.2177267513825343 1.4807958889007566 -0.89935903692819985 -1.5502662003558614 0.20007177057489753 -0.0550595257963453 3.6030679407119748 -0.4554189265023923 0.15866051485569976 0.57393726748317031 1.8588919172968184 0.70950858663986716
leaf_weight=323 27 60 30 76 141 448 531 243 26 239 31 152 1280 20 80 90 1434 439 39 21 83 23 120 49 20 1791 194 67 21 34
leaf_count=323 27 60 30 76 141 448 531 243 26 239 31 152 1280 20 80 90 1434 439 39 21 83 23 120 49 20 1791 194 67 21 34
internal_value=-1.43449e-10 0.382274 -0.311157 0.701165 0.611552 0.560316 0.416232 0.136842 0.23681 0.931522 1.45808 0.194027 0.145084 0.959227 -0.479823 -0.196242 -0.149491 0.110635 -0.220343 0.201238 -0.257855 -0.346203 -0.269913 0.509016 2.12321 -0.508071 -0.22515 0.939637 2.70971 1.32491
internal_weight=8132 3649 4483 1587 1419 1359 979 2062 1586 380 168 1526 1432 96 2194 476 2289 490 1799 460 1711 386 363 88 72 2114 1628 94 41 60
internal_count=8132 3649 4483 1587 1419 1359 979 2062 1586 380 168 1526 1432 96 2194 476 2289 490 1799 460 1711 386 363 88 72 2114 1628 94 41 60
is_linear=0
shrinkage=0.03


Tree=68
num_leaves=31
num_cat=0
split_feature=57 19 57 16 9 13 12 13 9 19 15 24 28 20 19 51 15 20 61 8 68 24 1 18 57 53 19 53 5 68
split_gain=1.01673e+06 296236 143781 104297 134171 134036 115706 100515 77480.5 79060.6 90476.2 132142 73032.7 70023.2 68862 75310.5 67154.4 64247.9 63631.3 60496.5 52259.1 49685.8 49135.8 47356.6 45907.8 37872 37411.7 45490.4 35374.9 34502.8
threshold=261.21428571428578 19.989583333333339 368.07142857142867 13.750000000000002 39.650000000000013 260.50000000000006 9.8500000000000032 268.50000000000006 18.600000000000005 10.887500000000001 992.1500000000002 81.905000000000015 410.16666666666669 2399.7500000000005 10.887500000000001 507.51500000000004 992.05000000000007 14344.000000000002 11.908571428571429 26.550000000000004 25.500000000000004 578.1350000000001 77.128061500000015 6140.5000000000009 107.38571428571431 78111.400000000009 12.016666666666667 95067.250000000015 271.00000000000006 4.5000000000000009
decision_type=10 2 10 2 2 2 2 2 2 2 2 2 2 2 2 2 2 2 10 2 2 2 2 2 10 2 2 2 2 2
left_child=1 3 8 5 14 12 23 19 -2 10 11 -10 16 -4 15 -5 -1 -16 26 28 22 -12 -21 -6 -9 -7 27 -15 -3 -20
right_child=2 7 13 4 6 25 -8 24 9 -11 21 -13 -14 18 17 -17 -18 -19 29 20 -22 -23 -24 -25 -26 -27 -28 -29 -30 -31
leaf_value=0.38034839288400318 -0.23372519797299587 -0.82644412293846226 2.5103518978754682 -0.17419748767083659 1.5879351716316663 -0.52896952234532524 -0.63171430879006429 -0.23462960132041821 -1.1317109287358247 0.25802955865430144 0.39744556840492468 1.0653707071477745 2.4419551568984983 1.3988886618614198 -0.13665503611723925 0.37669392084262587 1.548672040956361 -0.57005013367687551 1.13236489594879 -0.040308255349214263 0.24988684906562167 -0.96516860968536788 -0.54402324690761028 0.48552052772925069 0.36871426350236691 0.16818778581929913 0.5423158739089966 2.8816917875077985 -2.0115658493041995 0.52581424344669692
leaf_weight=149 140 243 27 691 39 92 84 403 26 624 223 470 25 60 696 330 63 552 133 195 90 27 1641 348 158 295 25 27 25 231
leaf_count=149 140 243 27 691 39 92 84 403 26 624 223 470 25 60 696 330 63 552 133 195 90 27 1641 348 158 295 25 27 25 231
internal_value=-4.03325e-11 -0.192401 0.58485 -0.00350092 -0.0832169 0.346534 0.377551 -0.423059 0.438516 0.507212 0.715644 0.950201 0.908385 1.02414 -0.178863 0.00385752 0.727539 -0.328349 0.939841 -0.514689 -0.455925 0.250283 -0.490524 0.596617 -0.0647039 0.0024553 1.56515 1.85907 -0.936997 0.747439
internal_weight=8132 6119 2013 3364 2740 624 471 2755 1510 1370 746 496 237 503 2269 1021 212 1248 476 2194 1926 250 1836 387 561 387 112 87 268 364
internal_count=8132 6119 2013 3364 2740 624 471 2755 1510 1370 746 496 237 503 2269 1021 212 1248 476 2194 1926 250 1836 387 561 387 112 87 268 364
is_linear=0
shrinkage=0.03


Tree=69
num_leaves=31
num_cat=0
split_feature=57 35 14 13 16 58 15 16 16 11 20 16 11 23 1 61 30 5 7 50 7 7 8 30 9 35 1 1 15 16
split_gain=960241 283162 127021 108560 124567 125638 100658 80786.4 76312.1 74016.1 76536.1 69813.5 69745.6 66457.8 59176 65408.3 58984.1 52051.6 51317.5 58439.5 47806.1 46881.8 46399.9 45145.8 42904.6 40661.2 40152.5 38317.1 34697 33975.7
threshold=191.92857142857147 282.50000000000006 0.8500000000000002 299.50000000000006 19.650000000000002 134.50000000000003 993.35000000000002 14.350000000000003 12.750000000000002 53.500000000000007 9922.7500000000018 21.750000000000004 48.500000000000007 5053.2250000000013 77.100837000000013 14.127857142857142 13973.853333333334 48.500000000000007 9.5850000000000026 1.0000000180025095e-35 29.300000000000004 18.025000000000002 27.850000000000005 376.7766666666667 39.95000000000001 186.50000000000003 77.128061500000015 77.309166200000007 977.05000000000007 26.750000000000004
decision_type=8 10 2 2 2 8 2 2 2 2 2 2 2 2 2 10 2 2 2 2 2 2 2 2 2 10 2 2 2 2
left_child=2 11 7 4 5 6 -3 18 21 29 -11 13 -4 14 23 -16 26 -10 -1 25 -7 -5 -14 -2 -13 -20 -9 -28 -24 -6
right_child=1 3 12 8 9 20 -8 16 17 10 -12 24 22 -15 15 -17 -18 -19 19 -21 -22 -23 28 -25 -26 -27 27 -29 -30 -31
leaf_value=-0.32128423193150329 0.27135457344353198 0.94005182902267936 0.83733493091378886 2.1896835885729105 0.8100839273876218 2.565325360756654 0.085708325164367077 0.23519511628173179 -1.0957620703379312 0.44715787737345208 -1.1696999334034166 -0.34159282009827119 -0.72470585928162901 1.6237008901834487 0.59342829271308761 0.039150708683698278 0.83030050161480906 0.074122061533527767 0.45226669156733823 0.054137530544970891 1.2217238514531741 0.34152853560447693 -0.54820174782432962 1.2298660790266061 0.34298465992482202 1.490134958074643 -0.32090003269263218 0.59502128718154768 -0.21616157748557555 -0.20622494030939906
leaf_weight=140 96 828 35 21 134 52 146 134 45 49 57 370 618 30 230 1148 45 143 98 235 44 30 645 82 106 52 1934 42 505 38
leaf_count=140 96 828 35 21 134 52 146 134 45 49 57 370 618 30 230 1148 45 143 98 235 44 30 645 82 106 52 1934 42 505 38
internal_value=3.098e-10 0.361335 -0.294114 0.662572 0.767049 0.914046 0.811988 -0.163134 0.0733028 0.201268 -0.422285 0.129491 -0.488804 0.225122 0.198157 0.131664 -0.244432 -0.205903 0.170575 0.349432 1.94951 1.10253 -0.515057 0.712916 -0.189145 0.812061 -0.267352 -0.301432 -0.402393 0.585551
internal_weight=8132 3649 4483 1587 1348 1070 974 2680 239 278 106 2062 1803 1586 1556 1378 2155 188 525 385 96 51 1768 178 476 150 2110 1976 1150 172
internal_count=8132 3649 4483 1587 1348 1070 974 2680 239 278 106 2062 1803 1586 1556 1378 2155 188 525 385 96 51 1768 178 476 150 2110 1976 1150 172
is_linear=0
shrinkage=0.03


Tree=70
num_leaves=31
num_cat=0
split_feature=57 35 35 9 19 0 13 30 35 16 17 16 13 11 17 35 13 17 11 20 7 20 5 53 6 6 13 57 42 16
split_gain=905790 268502 134687 78397.7 86504.6 83028.2 75247.6 70788.8 69648.4 68165.9 59017.1 78667 88836 67768.6 64140.3 58427.7 48166.5 44733 42466.7 63108.7 45373.4 42265.6 36774.6 34436.9 33805.4 38339.4 33091.2 30819.3 29666.6 26227.1
threshold=261.21428571428578 160.50000000000003 407.50000000000006 18.600000000000005 11.572916666666668 28.643240000000002 305.50000000000006 489.31666666666678 72.550000000000011 26.500000000000004 3042.5000000000005 14.750000000000002 257.00000000000006 48.500000000000007 3432.5000000000005 625.50000000000011 268.50000000000006 560.00000000000011 52.500000000000007 7850.5000000000009 68.40000000000002 7362.7500000000009 133.50000000000003 115739.45000000001 502.56500000000005 560.33500000000015 339.50000000000006 168.15714285714287 3.3750000000000004 19.350000000000005
decision_type=10 8 10 2 2 2 2 2 10 2 2 2 2 2 2 10 2 2 2 2 2 2 2 2 2 2 2 10 10 2
left_child=1 8 3 21 5 6 -5 -7 29 10 11 12 -3 14 -12 18 -13 -6 20 22 -4 -2 -20 -19 26 -26 28 -27 -10 -1
right_child=2 9 15 4 17 7 -8 -9 24 -11 13 16 -14 -15 -16 -17 -18 23 19 -21 -22 -23 -24 -25 25 27 -28 -29 -30 -31
leaf_value=-0.42607673781956601 0.050251534938812251 0.76456756852727759 1.6794911447933742 0.29789360596901837 1.5846356692314147 0.70782892390462737 2.0237411357462403 1.5142898193053849 0.17348649876548888 -0.46827279463557187 0.94966665574382725 -0.36663861014561289 0.034975909561338558 -1.2948459384441375 0.19982098307883872 2.5043662834167479 0.030691771743434442 -0.22642741627804935 1.2711987087686183 -0.37892103043198583 0.445290366957585 -1.1426895319385562 0.46858477944999444 0.30461650628437342 0.85481441795825952 -0.26297956934745054 0.38302552354746849 0.20974499160231186 -0.37416822700990626 -0.72040695316962844
leaf_weight=713 125 232 105 432 20 311 24 143 94 203 168 438 426 20 264 23 736 160 118 40 36 34 91 351 38 433 58 174 1681 441
leaf_count=713 125 232 105 432 20 311 24 143 94 203 168 438 426 20 264 23 736 160 118 40 36 34 91 351 38 433 58 174 1681 441
internal_value=4.86234e-10 -0.181601 0.55202 0.427345 0.497101 0.674657 0.388728 0.961846 -0.346046 0.058553 0.105377 0.0296293 0.292218 0.412389 0.491428 1.03502 -0.117546 0.192815 0.948366 0.712794 1.36438 -0.204843 0.921735 0.138341 -0.256394 -0.0695993 -0.322124 -0.12747 -0.345166 -0.538555
internal_weight=8132 6119 2013 1600 1441 910 456 454 3632 2487 2284 1832 658 452 432 413 1174 531 390 249 141 159 209 511 2478 645 1833 607 1775 1154
internal_count=8132 6119 2013 1600 1441 910 456 454 3632 2487 2284 1832 658 452 432 413 1174 531 390 249 141 159 209 511 2478 645 1833 607 1775 1154
is_linear=0
shrinkage=0.03


Tree=71
num_leaves=31
num_cat=0
split_feature=57 35 14 59 16 20 17 10 51 8 20 20 11 18 60 57 16 1 11 21 19 7 5 21 50 44 45 13 7 17
split_gain=854082 229194 133080 92086.9 79699.3 68737.2 80246 112296 67760 66332.4 93161.6 66957.5 65836.7 65788.8 64051.2 63299.8 56732 56420.8 51919.2 51535.4 50730.9 46377.4 44510.3 43186.7 42666.3 39054.3 38695.7 36868.8 39588.7 36396.7
threshold=200.07142857142858 306.50000000000006 0.8500000000000002 123.21428571428572 14.350000000000003 3816.5000000000005 1607.5000000000002 13.250000000000002 1445.8850000000002 16.350000000000005 6390.2500000000009 3692.0000000000009 48.500000000000007 6482.5000000000009 15.65 267.35714285714295 18.450000000000003 77.128061500000015 49.500000000000007 1026.5000000000002 25.985416666666669 9.5850000000000026 771.00000000000011 948.00000000000011 1.0000000180025095e-35 1.2750000000000001 47.162302158273391 298.50000000000006 34.010000000000012 800.00000000000011
decision_type=8 10 2 8 2 2 2 2 2 2 2 2 2 2 10 10 2 2 2 2 2 2 2 2 2 10 10 2 2 2
left_child=2 5 4 9 21 -2 8 26 14 10 15 -11 -4 17 -7 -3 27 -6 -13 -9 22 -1 29 -15 -23 -19 -8 28 -5 -14
right_child=1 3 12 16 13 6 7 19 -10 11 -12 18 20 23 -16 -17 -18 25 -20 -21 -22 24 -24 -25 -26 -27 -28 -29 -30 -31
leaf_value=-0.28300793685223136 0.72129307517841934 -1.0358280840941838 0.80910419002175327 2.560539052065681 0.29722907127850517 0.23759926522306418 2.3158064315395968 0.17198268851194901 0.90618162568342886 1.6330658266761084 -0.70568312433940228 0.9603810851346013 -0.87609593086772486 0.079691846583570744 -0.31249119745014659 0.70518226699123165 0.51423448303714392 0.13904602312541836 0.45470317207728594 1.1187858609502965 0.072686789577619898 0.69707332519271537 0.38818616546366524 1.1787503752112387 0.091171116917465739 -0.35340917147675827 0.74644718115146347 0.60031083226203918 1.2389640401391422 -0.49446679168254271
leaf_weight=146 186 21 36 51 147 275 31 873 59 66 77 287 270 210 620 179 48 158 503 55 135 175 46 38 260 1753 26 20 34 1347
leaf_count=146 186 21 36 51 147 275 31 873 59 66 77 287 270 210 620 179 48 158 503 55 135 175 46 38 260 1753 26 20 34 1347
internal_value=1.46706e-10 0.3617 -0.261334 0.677812 -0.134383 0.170396 0.117551 0.307484 -0.0785535 0.584523 0.181002 0.715102 -0.461175 -0.213502 -0.143469 0.522376 1.36864 -0.269127 0.638411 0.228097 -0.486609 0.179644 -0.532012 0.248096 0.334925 -0.312693 1.59996 1.75922 2.03191 -0.55819
internal_weight=8132 3411 4721 1286 2887 2125 1939 985 954 1133 277 856 1834 2306 895 200 153 2058 790 928 1798 581 1663 248 435 1911 57 105 85 1617
internal_count=8132 3411 4721 1286 2887 2125 1939 985 954 1133 277 856 1834 2306 895 200 153 2058 790 928 1798 581 1663 248 435 1911 57 105 85 1617
is_linear=0
shrinkage=0.03


Tree=72
num_leaves=31
num_cat=0
split_feature=57 35 57 35 18 16 14 21 51 35 7 18 1 7 51 61 11 29 60 16 6 6 36 22 17 60 51 16 1 21
split_gain=809297 237863 121483 76366 73056.7 86557.2 75895.4 71048.4 67833 62996 58993.6 57314 54629.3 64706.9 80630.4 60464.7 53203.8 64128.4 43144.3 39026.1 34083.2 35647.4 32613.9 32243.5 35990 31941.6 31069.2 34682.9 28323.1 28173
threshold=261.21428571428578 160.50000000000003 368.07142857142867 625.50000000000011 6635.5000000000009 19.050000000000004 2.1500000000000004 1727.0000000000002 1747.1050000000002 64.850000000000009 68.40000000000002 6680.0000000000009 77.131314500000016 19.385000000000005 524.57500000000016 12.747142857142856 53.500000000000007 89.107142857142875 20.250000000000004 16.850000000000005 502.56500000000005 560.33500000000015 338.50000000000006 78.500000000000014 1412.5000000000002 1.0000000180025095e-35 1398.8550000000002 13.450000000000001 77.128061500000015 158.50000000000003
decision_type=10 8 10 10 2 2 2 2 2 10 2 2 2 2 2 10 2 2 10 2 2 2 10 2 2 10 2 2 2 2
left_child=1 9 8 18 5 6 7 -3 12 -1 -10 29 -2 14 -14 -15 22 -18 26 -12 25 -22 -7 -20 -25 -11 27 -4 -27 -6
right_child=2 4 3 -5 11 16 -8 -9 10 20 19 -13 13 15 -16 -17 17 -19 23 -21 21 -23 -24 24 -26 28 -28 -29 -30 -31
leaf_value=-0.54524764665514069 0.69227228840595834 0.26000525870226865 1.4675763409459188 2.6965131350925988 0.90432977831569206 -0.012518425035870183 -0.61431550956623893 -1.1295286846160888 1.4778280487954616 0.17010409196563386 -0.78341458627155847 0.2670377527513812 0.35348873746175979 0.58416903113617624 1.7859535476094797 -0.18333267702633113 -0.16406887538763029 -1.0476442718901671 -0.065813900898484615 0.84391370495160412 0.82228486569304216 -0.12348894590070306 -1.2151550579071044 1.0061586774113986 0.20833967293166133 0.035385766635062516 2.2604054351286451 0.60395134965075725 -0.37889792149867313 2.3280107168717818
leaf_weight=893 283 1276 89 21 29 604 105 34 90 115 21 93 510 119 38 413 175 128 51 36 38 639 21 168 73 162 22 79 1785 22
leaf_count=893 283 1276 89 21 29 604 105 34 90 115 21 93 510 119 38 413 175 128 51 36 38 639 21 168 73 162 22 79 1785 22
internal_value=-3.58872e-10 -0.171656 0.521789 0.925585 0.0543812 0.0140716 0.161738 0.223941 0.387279 -0.326434 0.999549 0.710252 0.321246 0.224023 0.45282 -0.0116547 -0.211088 -0.537328 0.848428 0.244372 -0.255093 -0.0704027 -0.052927 0.619476 0.764496 -0.315731 1.20029 1.06147 -0.344427 1.51847
internal_weight=8132 6119 2013 503 2487 2343 1415 1310 1510 3632 147 144 1363 1080 548 532 928 303 482 57 2739 677 625 292 241 2062 190 168 1947 51
internal_count=8132 6119 2013 503 2487 2343 1415 1310 1510 3632 147 144 1363 1080 548 532 928 303 482 57 2739 677 625 292 241 2062 190 168 1947 51
is_linear=0
shrinkage=0.03


Tree=73
num_leaves=31
num_cat=0
split_feature=35 37 0 16 51 22 13 16 1 16 18 21 32 30 26 7 19 51 53 31 12 63 41 21 56 22 1 22 47 36
split_gain=761595 239491 117440 101826 76874.3 74334.6 76149.8 68097.3 62965.8 59553.1 57598.1 54745.5 58585.1 54367.7 53905.8 55131.9 53380.2 55226.2 43356.7 44786.5 45726.6 42553.3 39687.6 39510.4 45279 44486.2 39381 36127.4 34688.3 33614.2
threshold=270.50000000000006 147.15000000000001 28.643240000000002 11.550000000000002 424.74500000000006 92.500000000000014 298.50000000000006 22.200000000000006 77.100837000000013 19.450000000000003 6482.5000000000009 92.500000000000014 161.50000000000003 376.7766666666667 5.5000000000000009 6.8450000000000015 19.989583333333339 393.19000000000011 254562.70000000004 5469.3542857142866 9.2500000000000018 86.528571428571439 31.450000000000003 486.00000000000006 276.50000000000006 71.000000000000014 77.128061500000015 15.500000000000002 76.540000000000006 193.50000000000003
decision_type=10 8 2 2 2 2 2 2 2 2 2 2 10 2 2 2 2 2 2 2 2 8 8 2 10 2 2 2 8 10
left_child=1 9 14 11 16 -6 -7 8 13 10 26 -4 -13 -3 29 -16 17 -5 19 20 -9 27 -14 25 -25 -17 -1 -10 -28 -2
right_child=2 7 3 4 5 6 -8 18 21 -11 -12 12 22 -15 15 23 -18 -19 -20 -21 -22 -23 -24 24 -26 -27 28 -29 -30 -31
leaf_value=0.21865478446340039 -1.2782261278412559 0.19766838758037639 0.46870386449506085 0.50974107468874985 0.24587158694313838 1.5117215397420682 0.3081587001539412 -0.76617715896520389 -0.41405608161858148 -0.53242121390840347 0.89034807700377239 0.58990941872722225 1.5037797120846297 1.0883839945845744 1.7833305233001708 0.96607845502240319 -0.84822740308700073 -1.1026998553276062 0.21199429055788072 -1.5071570236342293 -0.13171970453821291 0.36053662623916016 2.6214898505109421 1.913752419701938 0.058283833854831747 0.15121321994759912 -0.37155968157750796 0.039576548250116174 -0.060645630151692415 -0.031997976140940888
leaf_weight=137 22 156 49 433 100 190 63 133 175 999 39 38 73 102 25 70 31 20 166 28 442 342 47 29 20 435 1564 1627 407 170
leaf_count=137 22 156 49 433 100 190 63 133 175 999 39 38 73 102 25 70 31 20 166 28 442 342 47 29 20 435 1564 1627 407 170
internal_value=-1.01852e-10 -0.155621 0.541629 0.74901 0.601669 0.938324 1.21202 0.0283681 0.10703 -0.341072 -0.252037 1.34478 1.61647 0.549812 0.260818 0.405269 0.356134 0.438552 -0.217336 -0.335526 -0.278472 0.0537476 1.94155 0.343083 1.15642 0.264165 -0.273172 -0.00447767 -0.307358 -0.174795
internal_weight=8132 6317 1815 1044 837 353 253 3171 2402 3146 2147 207 158 258 771 579 484 453 769 603 575 2144 120 554 49 505 2108 1802 1971 192
internal_count=8132 6317 1815 1044 837 353 253 3171 2402 3146 2147 207 158 258 771 579 484 453 769 603 575 2144 120 554 49 505 2108 1802 1971 192
is_linear=0
shrinkage=0.03


Tree=74
num_leaves=31
num_cat=0
split_feature=57 35 7 12 59 12 12 12 9 18 18 19 57 53 53 19 20 19 22 21 6 21 1 53 15 15 16 22 6 22
split_gain=722297 213918 95110 85030.3 74695 63869.3 83303.5 58842.8 66219.7 56727 94339 73715.5 51822.1 49737.8 48704.5 47459.7 44286.9 43223.7 55138 42454.8 40364.3 59447.2 38353.2 34954 33781.3 32626.2 31876 31600.6 33134.8 26634.9
threshold=191.92857142857147 306.50000000000006 7.8450000000000006 2.8500000000000005 123.21428571428572 6.7500000000000009 6.2500000000000009 9.8500000000000032 39.650000000000013 4011.5000000000005 4149.0000000000009 12.991666666666669 338.64285714285717 183244.70000000004 266093.60000000003 25.985416666666669 3664.7500000000005 13.4 136.50000000000003 1026.5000000000002 1.4650000000000001 64.500000000000014 77.188546500000015 210919.45000000004 985.1500000000002 975.95000000000016 24.650000000000002 2225.0000000000005 688.45000000000016 4.5000000000000009
decision_type=8 10 2 2 8 2 2 2 2 2 2 2 8 2 2 2 2 2 2 2 2 2 2 2 2 2 2 2 2 2
left_child=2 5 15 -3 9 6 12 8 13 11 -11 -5 16 22 20 23 -2 18 -6 -8 -7 -22 -4 25 -15 -1 -9 28 -10 -27
right_child=1 3 7 4 17 14 19 26 27 10 -12 -13 -14 24 -16 -17 -18 -19 -20 -21 21 -23 -24 -25 -26 29 -28 -29 -30 -31
leaf_value=-0.7698358280329537 0.6821504508956211 1.7358839912737829 0.12441594448866335 0.39049552574456597 0.92213888185179749 0.80620698817571002 0.76657361758382692 -1.0568152433175306 0.71708473350195323 1.6325856651108841 0.52903877745549643 -0.90901786804199214 0.89758396087154269 -0.41572188906502128 0.68601788143559195 0.14360848753607791 0.083502960118184158 0.18892459666728972 2.2461590752005578 2.1917491521835326 -0.47484174983299748 0.033679999294523096 -0.19281410809368529 0.027307979482986511 0.015266968590872627 -0.30803636714424648 -0.36594772947994803 1.3976995238661765 -0.036913454289527706 -0.62633915895522374
leaf_weight=373 127 59 668 608 69 45 76 78 85 87 351 42 93 742 82 115 895 30 48 25 290 722 705 109 210 571 262 24 137 404
leaf_count=373 127 59 668 608 69 45 76 78 85 87 351 42 93 742 82 115 895 30 48 25 290 722 705 109 210 571 262 24 137 404
internal_value=2.91747e-10 0.313385 -0.255084 0.62326 0.570106 0.143118 0.294323 -0.15354 -0.10449 0.484348 0.748236 0.306527 0.219591 -0.154014 -0.0183094 -0.443122 0.157895 1.20484 1.46533 1.11934 -0.0729497 -0.112043 -0.0384735 -0.489432 -0.320651 -0.531216 -0.524441 0.363577 0.25178 -0.439928
internal_weight=8132 3649 4483 1294 1235 2355 1216 2911 2571 1088 438 650 1115 2325 1139 1572 1022 147 117 101 1057 1012 1373 1457 952 1348 340 246 222 975
internal_count=8132 3649 4483 1294 1235 2355 1216 2911 2571 1088 438 650 1115 2325 1139 1572 1022 147 117 101 1057 1012 1373 1457 952 1348 340 246 222 975
is_linear=0
shrinkage=0.03


Tree=75
num_leaves=31
num_cat=0
split_feature=57 19 57 16 30 9 17 50 35 16 22 9 19 30 30 30 19 17 51 15 54 68 0 20 60 1 25 57 17 5
split_gain=684497 201112 105324 78772.6 111105 104687 100377 75208.2 69064.9 65335.1 64259.5 59248.2 64628.5 84522.8 99584.6 87562.7 56052.3 70047.7 63777.4 50349.1 48115.4 44011.9 42728.4 41051.7 39085.9 37992.5 36277 35919 32176.6 31175.6
threshold=261.21428571428578 19.989583333333339 368.07142857142867 13.750000000000002 1820.3616666666669 39.650000000000013 3690.0000000000005 1.0000000180025095e-35 625.50000000000011 13.450000000000001 2225.0000000000005 18.600000000000005 10.887500000000001 489.31666666666678 509.61666666666667 410.58666666666676 10.887500000000001 2782.5000000000005 507.51500000000004 984.05000000000007 56.650000000000013 25.500000000000004 28.647228500000001 14344.000000000002 20.250000000000004 77.128061500000015 2.5000000000000004 107.38571428571431 4002.5000000000005 271.00000000000006
decision_type=10 2 10 2 2 2 2 2 10 2 2 2 2 2 2 2 2 2 2 2 10 2 2 2 10 2 2 10 2 2
left_child=1 3 11 4 9 16 10 19 24 26 -7 -2 13 15 -15 -13 18 -18 -5 21 -14 25 -11 -22 -4 -3 -1 -9 -8 -21
right_child=2 7 8 5 -6 6 28 27 -10 22 -12 12 20 14 -16 -17 17 -19 -20 29 23 -23 -24 -25 -26 -27 -28 -29 -30 -31
leaf_value=-0.12377300930266479 -0.23322172434415134 -0.037689877902307815 1.1173863161425841 -0.15498943557524744 1.8739832123957181 0.58816220802296793 -0.67822856093796202 -0.17200264514498723 2.5400033685139247 0.54708378300947302 2.3567017450332641 0.67125166959847715 1.0367234729420054 2.7333822727203367 0.83758936244014059 -0.16570808211565016 -0.19531294917541511 -0.81958111332017547 0.35196815151992167 -0.75635565290696749 0.25445140942862199 0.25500591277595486 2.2946031410694121 -0.33437183238290463 0.56456299675858179 -0.45801686269561781 0.37445795148611066 0.39703435609360105 0.11068370583984587 -1.9124288543701171
leaf_weight=294 140 217 190 691 38 245 71 361 21 34 20 315 55 28 228 175 1057 191 330 131 427 93 20 142 292 1790 238 138 135 25
leaf_count=294 140 217 190 691 38 245 71 361 21 34 20 315 55 28 228 175 1057 191 330 131 427 93 20 142 292 1790 238 138 135 25
internal_value=3.79517e-10 -0.157866 0.479873 -0.0022224 0.301981 -0.0715008 0.335503 -0.347916 0.855857 0.200042 0.721637 0.354629 0.414701 0.603151 1.04494 0.372337 -0.155987 -0.290854 0.00886561 -0.421634 0.189407 -0.383006 1.19431 0.107504 0.782481 -0.41257 0.0991198 -0.0146337 -0.161223 -0.941624
internal_weight=8132 6119 2013 3364 624 2740 471 2755 503 586 265 1510 1370 746 256 490 2269 1248 1021 2256 624 2100 54 569 482 2007 532 499 206 156
internal_count=8132 6119 2013 3364 624 2740 471 2755 503 586 265 1510 1370 746 256 490 2269 1248 1021 2256 624 2100 54 569 482 2007 532 499 206 156
is_linear=0
shrinkage=0.03


Tree=76
num_leaves=31
num_cat=0
split_feature=57 35 14 53 20 43 16 11 20 17 8 51 7 11 54 16 53 19 7 7 51 16 21 18 17 35 44 51 56 20
split_gain=644623 190558 90457.4 76394.6 91408.7 72773.6 65904.6 59139.6 57960.5 79360.3 97783.5 62618.6 58078.3 53450.7 48225.9 47869.8 46506.8 45310.7 44327.5 39022.1 49053 35210.8 35078.8 34822.5 34511 34235.7 33311.8 31229.2 25193.9 24361.4
threshold=191.92857142857147 306.50000000000006 0.8500000000000002 59029.400000000001 2250.0000000000005 9.5583333333333318 14.350000000000003 49.500000000000007 3816.5000000000005 1607.5000000000002 18.600000000000005 512.86000000000013 55.550000000000004 48.500000000000007 163.50000000000003 19.050000000000004 269164.20000000007 25.985416666666669 23.280000000000005 9.5850000000000026 39.220000000000006 19.650000000000002 202.00000000000003 4842.0000000000009 1225.0000000000002 186.50000000000003 49.050000000000004 341.63000000000005 82.850000000000009 4037.7500000000005
decision_type=8 10 2 2 2 10 2 2 2 2 2 2 2 2 10 2 2 2 2 2 2 2 2 2 2 10 8 2 10 2
left_child=2 8 6 -3 14 15 19 -7 27 11 -11 12 -10 -4 -5 -6 22 23 -12 -1 25 -18 26 29 -13 -21 -8 -2 -25 -15
right_child=1 3 13 4 5 7 16 -9 9 10 18 24 -14 17 -16 -17 21 -19 -20 20 -22 -23 -24 28 -26 -27 -28 -29 -30 -31
leaf_value=-0.25794430718996697 0.88074957671410892 -0.20798158610165118 0.75565837945256908 0.92344269586646033 1.5015046591518304 0.86315284293544536 -0.23937428171083652 0.35207693938559459 -0.15839113789257475 2.0151475371313947 -0.032607775282086734 0.6662905304005835 -1.2241276116517126 -0.98409072435179423 2.8093008789649372 0.36193326597628389 1.3499902397852677 0.099953117175234682 0.3633935355169014 0.4206345476666275 0.056386688563417879 0.099673968200450352 -0.53874929135646488 -0.52588009721582585 -0.083949985123172241 1.3729739028673906 0.13673708634699885 0.054286633885260359 -0.18061138208646468 -0.53664778888482467
leaf_weight=140 136 100 35 23 119 289 1493 691 757 28 399 128 49 129 26 46 26 135 702 98 235 92 297 330 97 52 247 59 449 725
leaf_count=140 136 100 35 23 119 289 1493 691 757 28 399 128 49 129 26 46 26 135 702 98 235 92 297 330 97 52 247 59 449 725
internal_value=-6.01832e-10 0.296055 -0.240978 0.588522 0.655231 0.60093 -0.130446 0.502792 0.135354 0.0906359 0.264407 -0.0996531 -0.223182 -0.405275 1.9241 1.18381 -0.203875 -0.428257 0.219884 0.170963 0.326929 0.375167 -0.237418 -0.471924 0.342854 0.750779 -0.185984 0.630692 -0.326874 -0.604236
internal_weight=8132 3649 4483 1294 1194 1145 2680 980 2355 2160 1129 1031 806 1803 49 165 2155 1768 1101 525 385 118 2037 1633 225 150 1740 195 779 854
internal_count=8132 3649 4483 1294 1194 1145 2680 980 2355 2160 1129 1031 806 1803 49 165 2155 1768 1101 525 385 118 2037 1633 225 150 1740 195 779 854
is_linear=0
shrinkage=0.03


Tree=77
num_leaves=31
num_cat=0
split_feature=35 37 16 13 36 53 7 7 16 7 18 7 54 11 16 18 13 11 20 5 61 1 68 28 18 15 24 12 1 26
split_gain=606244 132404 122946 128841 103605 92274.6 91613.2 126453 82903.7 83363.4 67252.1 57496.4 88027.2 66290.9 52623.1 92049.2 49183.2 37143.3 70050.7 59641.7 36955 36883.2 40631.9 40113.7 36370.3 35836.9 32270.9 31150.8 31485.5 30200.3
threshold=231.50000000000003 104.98333333333333 19.050000000000004 299.50000000000006 346.50000000000006 277244.05000000005 15.4 13.565000000000001 13.750000000000002 18.025000000000002 4052.0000000000005 36.470000000000006 42.750000000000007 74.500000000000014 19.450000000000003 6641.5000000000009 90.500000000000014 53.500000000000007 9922.7500000000018 16.500000000000004 32.021428571428579 77.184301000000019 11.500000000000002 84.833333333333357 4593.0000000000009 986.1500000000002 719.37000000000012 10.550000000000002 77.128061500000015 10.500000000000002
decision_type=8 10 2 2 8 2 2 2 2 2 2 2 8 2 2 2 2 2 2 2 10 2 2 2 2 2 2 2 2 2
left_child=1 27 3 4 11 17 7 -6 9 -5 -8 12 -2 -13 15 21 26 25 -19 -20 -7 23 -23 -3 -10 -4 -16 28 -1 -18
right_child=2 14 5 8 6 20 10 -9 24 -11 -12 13 -14 -15 16 -17 29 18 19 -21 -22 22 -24 -25 -26 -27 -28 -29 -30 -31
leaf_value=0.20844899296760558 -0.81657871252781633 -0.029451334917587096 -0.016085655322675439 1.3560056564899592 1.1644950124641527 2.1737533823847772 0.52148806150340621 3.420568302103451 -0.66263379117674959 -0.0037576916068792344 1.36880505974182 0.30998670602795925 0.69410658393492686 -0.83044276222978763 -1.234416938121502 1.269408779568397 -0.17312230069081269 0.20869763902462687 0.010091714454958073 -1.2714039705524389 0.6479207440137863 0.12289448152887138 -0.25802275587095697 0.34872650825060331 0.1643441741760463 0.71826165642244866 -0.33697940315361374 -0.69715944522466411 -0.35865371848254296 0.97493530052048827
leaf_weight=93 37 642 331 65 111 20 332 28 139 108 113 235 562 57 65 52 1145 113 52 88 50 383 737 416 73 73 81 234 1676 21
leaf_count=93 37 642 331 65 111 20 332 28 139 108 113 235 562 57 65 52 1145 113 52 88 50 383 737 416 73 73 81 234 1676 21
internal_value=-5.54324e-10 -0.176927 0.379227 0.508524 0.636088 0.0484235 0.94665 1.61896 0.0198067 0.507136 0.736649 0.432532 0.600792 0.0873686 -0.0666873 0.0220079 -0.217442 -0.0618983 -0.346941 -0.79542 1.08387 -0.00777397 -0.127763 0.119246 -0.377873 0.116606 -0.736524 -0.371869 -0.32884 -0.152445
internal_weight=8132 5545 2587 1860 1475 727 584 139 385 173 445 891 599 292 3542 2230 1312 657 253 140 70 2178 1120 1058 212 404 146 2003 1769 1166
internal_count=8132 5545 2587 1860 1475 727 584 139 385 173 445 891 599 292 3542 2230 1312 657 253 140 70 2178 1120 1058 212 404 146 2003 1769 1166
is_linear=0
shrinkage=0.03


Tree=78
num_leaves=31
num_cat=0
split_feature=37 35 35 5 12 1 16 1 45 19 18 22 31 16 14 1 54 12 15 13 21 1 52 18 31 64 56 16 56 15
split_gain=572744 152859 75564 73154.1 67033.9 64590 64348.7 65004.8 64226.7 55476.6 55091.8 54780.6 47188.5 40469.5 54812.1 43744 38153.4 37494.6 55319.4 34796 33647.3 35009.7 30603.3 24808.7 24051.5 23550.8 22525.5 20725 27220.3 20501.6
threshold=194.16666666666671 338.50000000000006 74.750000000000014 2024.5000000000002 2.6500000000000008 77.100837000000013 11.850000000000003 77.309166200000007 10.550000000000002 12.991666666666669 3569.5000000000005 133.50000000000003 9936.470000000003 19.450000000000003 2.1500000000000004 77.184301000000019 163.50000000000003 8.7500000000000018 993.05000000000007 90.500000000000014 60.500000000000007 77.074237300000007 6808.0000000000009 3213.5000000000005 365.01285714285694 51.195000000000007 132.50000000000003 19.350000000000005 149.50000000000003 986.6500000000002
decision_type=8 10 10 2 2 2 2 2 10 2 2 2 2 2 2 2 10 2 2 2 2 2 2 2 2 8 10 2 8 2
left_child=2 3 27 5 16 20 10 -8 9 11 -7 -6 13 14 15 -4 -3 18 -10 -15 25 -22 -16 -21 -19 -2 -14 28 -1 -11
right_child=1 4 12 -5 8 6 7 -9 17 29 -12 -13 26 19 22 -17 -18 24 -20 23 21 -23 -24 -25 -26 -27 -28 -29 -30 -31
leaf_value=-0.40178273995271846 0.84271459694831596 0.90940948677062983 0.15788944624858497 1.972056575708091 0.62274349946242114 0.94247130338019791 -0.022467404297003411 0.67242995024071284 0.60782961572149041 -0.58138943985104563 0.1678356361536073 1.6097920633930909 0.12921575444665823 -0.75382826605598829 -0.54338439221933199 -0.14541466573540995 2.6224030020020224 -1.1463343126773833 -0.13676951377500188 0.43245028029317439 0.39800879309398934 1.1626966601812723 -0.023545061453804372 -0.28181023018170032 0.091923142876476044 -0.12028271906334778 1.4719489209807437 -0.58519272720787663 0.11640456065394969 0.65861962437629695
leaf_weight=655 31 25 769 20 91 135 1781 130 489 24 213 114 22 140 318 965 22 20 110 46 113 103 150 901 48 87 23 457 106 24
leaf_count=655 31 25 769 20 91 135 1781 130 489 24 213 114 22 140 318 965 22 20 110 46 113 103 150 901 48 87 23 457 106 24
internal_value=-2.98959e-11 0.283898 -0.223277 0.164645 0.60614 0.150704 0.0931315 0.0248045 0.549684 0.956678 0.468341 1.17164 -0.149398 -0.1626 -0.0886631 -0.0109044 1.71124 0.395307 0.471092 -0.312377 0.540097 0.762652 -0.376769 -0.247115 -0.27227 0.132708 0.815502 -0.425502 -0.329604 0.0386151
internal_weight=8132 3580 4552 2613 967 2593 2259 1911 920 253 348 205 3334 3289 2202 1734 47 667 599 1087 334 216 468 947 68 118 45 1218 761 48
internal_count=8132 3580 4552 2613 967 2593 2259 1911 920 253 348 205 3334 3289 2202 1734 47 667 599 1087 334 216 468 947 68 118 45 1218 761 48
is_linear=0
shrinkage=0.03


Tree=79
num_leaves=31
num_cat=0
split_feature=57 19 0 13 19 13 16 17 23 12 16 65 30 16 6 51 12 10 14 22 13 68 18 57 26 13 18 18 29 29
split_gain=550334 159535 96494.2 99224.9 99936.3 76516.8 67058.6 96192.5 91107.3 78167.6 66994 59326.8 54554.6 54128.2 50229.2 47375 55036.8 46817.3 44221.5 43442.7 45937.3 43146.9 42243.2 41859.9 41811.5 41872.8 42408.9 65856.2 38499.4 53192
threshold=261.21428571428578 19.989583333333339 28.643240000000002 299.50000000000006 11.572916666666668 268.50000000000006 14.750000000000002 3105.0000000000005 2110.4950000000003 9.8500000000000032 19.650000000000002 41.369285714285724 626.63833333333343 12.15 124.97500000000001 1747.1050000000002 4.1500000000000012 26.550000000000004 8.6000000000000032 307.00000000000006 245.00000000000003 25.500000000000004 4279.5000000000009 174.92142857142861 10.500000000000002 289.50000000000006 3466.0000000000005 4034.0000000000005 83.857142857142875 93.500000000000014
decision_type=10 2 2 2 2 2 2 2 2 2 2 10 2 2 2 2 2 2 2 2 2 2 2 8 2 2 2 2 2 2
left_child=1 6 24 4 10 21 8 17 19 14 11 -4 -12 -5 -9 16 -6 23 -7 20 -1 -3 -15 -8 -2 28 -27 -28 -26 -30
right_child=2 5 3 13 15 18 7 9 -10 -11 12 -13 -14 22 -16 -17 -18 -19 -20 -21 -22 -23 -24 -25 25 26 27 -29 29 -31
leaf_value=0.58856940233161747 -0.13079736309126019 -0.41907112198718077 1.9605380604678477 0.82239852033934346 0.89502827776353 0.069494900668085863 -0.37766503132975676 -0.87241393340321682 1.6635876746554121 -0.58134312229497087 0.097507120131381908 1.0133729163397347 1.4003266925078171 -0.63674793950148989 0.48317506283537953 1.6706135745670485 0.040398360903179921 0.48376194239317716 -1.0467890520656811 -0.73480331203859772 0.069655955624182447 0.23458018777088113 0.32420151820275145 -0.089966934201844651 1.3848943080685356 1.4434011070544901 -0.090501774855562156 1.5565890689434543 -0.91273230750645906 0.21947127247245798
leaf_weight=213 264 2099 71 59 92 527 796 26 38 84 112 368 39 98 457 23 258 91 34 46 550 95 71 1063 22 52 74 31 42 337
leaf_count=213 264 2099 71 59 92 527 796 26 38 84 112 368 39 98 457 23 258 91 34 46 550 95 71 1063 22 52 74 31 42 337
internal_value=3.25352e-10 -0.141552 0.430283 0.602839 0.736077 -0.310821 -0.00292718 -0.0806271 0.227971 0.263308 0.979073 1.16656 0.433997 0.0400812 0.410203 0.351714 0.265044 -0.180633 0.00184133 0.160538 0.214516 -0.390768 -0.233035 -0.213156 0.180265 0.327435 0.742764 0.395782 0.164825 0.0940028
internal_weight=8132 6119 2013 1191 963 2755 3364 2517 847 567 590 439 151 228 483 373 350 1950 561 809 763 2194 169 1859 822 558 157 105 401 379
internal_count=8132 6119 2013 1191 963 2755 3364 2517 847 567 590 439 151 228 483 373 350 1950 561 809 763 2194 169 1859 822 558 157 105 401 379
is_linear=0
shrinkage=0.03


Tree=80
num_leaves=31
num_cat=0
split_feature=57 35 0 5 19 53 7 18 21 16 14 10 10 18 12 13 21 31 21 7 28 19 15 16 18 17 10 53 1 42
split_gain=518215 149181 96920.1 94979.8 87508.9 70995.7 58321.7 54585.5 66967 58472.5 62045.2 59911.5 54305.5 48437.2 48029.8 61487.6 45879.1 49811.2 54743.8 45141.5 43251.6 38060 34333 31195.8 33407.2 29853.7 29087.3 46117.9 26333.7 25907.7
threshold=261.21428571428578 160.50000000000003 28.643240000000002 72.500000000000014 13.4 115739.45000000001 6.4850000000000003 6635.5000000000009 1479.5000000000002 19.050000000000004 2.1500000000000004 25.350000000000005 23.150000000000002 6680.0000000000009 8.4500000000000011 299.50000000000006 147.00000000000003 355.06285714285707 30.500000000000004 7.8450000000000006 34.166666666666679 25.985416666666669 990.35000000000002 20.550000000000004 6482.5000000000009 1362.5000000000002 17.150000000000002 105424.60000000002 77.128061500000015 1.8750000000000002
decision_type=8 10 2 2 2 2 2 2 2 2 2 2 2 2 2 2 2 2 2 2 2 2 2 2 2 2 2 2 2 10
left_child=1 19 6 16 14 -6 -2 8 9 10 -3 -11 -7 -9 15 -5 17 18 -4 21 -8 29 -19 24 28 -25 27 -22 -21 -1
right_child=2 7 3 4 5 12 20 13 -10 11 -12 -13 -14 -15 -16 -17 -18 22 -20 23 26 -23 -24 25 -26 -27 -28 -29 -30 -31
leaf_value=0.21858698055429276 1.1818136949837208 0.21628829506382452 -0.21752221922511639 1.2194374309714351 -0.6844970236691561 1.148467627471607 -0.8439634258572648 1.3515330118642135 -0.86332428454385179 -0.34430447838513373 -0.54594730278477066 0.17403999974614098 0.053713046832179479 0.20108940947380277 0.38753420651486487 0.32585373435034809 1.3077947953939437 0.16784618285237526 0.73727570400893228 0.35154837166635611 0.15630570396035187 0.14589195398060051 -0.88733810914680356 -0.69634148422990516 0.68706595659255976 -0.2111106164017465 -0.1992376443798895 0.97170518513401616 -0.16341144987417172 -0.45792900625140381
leaf_weight=53 48 1267 92 420 55 76 41 51 77 553 104 315 88 93 113 83 30 49 131 95 517 111 64 175 46 328 162 71 1509 1315
leaf_count=53 48 1267 92 420 55 76 41 51 77 553 104 315 88 93 113 83 30 49 131 95 517 111 64 175 46 328 162 71 1509 1315
internal_value=-3.15404e-12 -0.138584 0.413849 0.586681 0.76331 0.248233 0.166447 0.0418026 0.0065652 0.036481 0.158467 -0.156196 0.561038 0.608538 0.94643 1.07199 0.183715 0.0833509 0.343368 -0.260762 0.104832 -0.388369 -0.42978 -0.173103 -0.110052 -0.379929 0.156699 0.254764 -0.132912 -0.431719
internal_weight=8132 6092 2040 1201 835 219 839 2460 2316 2239 1371 868 164 144 616 503 366 336 223 3632 791 1479 113 2153 1650 503 750 588 1604 1368
internal_count=8132 6092 2040 1201 835 219 839 2460 2316 2239 1371 868 164 144 616 503 366 336 223 3632 791 1479 113 2153 1650 503 750 588 1604 1368
is_linear=0
shrinkage=0.03


Tree=81
num_leaves=31
num_cat=0
split_feature=57 57 1 14 68 19 1 12 7 11 0 11 13 1 1 19 57 44 13 20 13 57 18 18 13 18 14 20 21 56
split_gain=487743 155653 81860.7 70178.8 66726.6 102035 68369.7 59733.8 65994.9 49644.5 52440.9 46472.4 44565.2 45074.3 50282.2 40118.9 38886.7 37232 36950.1 35450.8 30868.7 29908.1 29850.4 28827.7 25809.8 25553.6 23801.4 22252.2 21639.5 21276.1
threshold=191.92857142857147 355.57142857142861 77.100837000000013 0.8500000000000002 25.500000000000004 19.989583333333339 77.309166200000007 2.8500000000000005 9.2250000000000014 65.500000000000014 28.682925800000003 48.500000000000007 355.50000000000006 77.309166200000007 77.188546500000015 25.972916666666674 507.42857142857144 82.800000000000026 299.50000000000006 3869.5000000000005 180.50000000000003 233.07142857142858 6644.5000000000009 4842.0000000000009 263.00000000000006 3663.0000000000005 12.750000000000002 4037.7500000000005 376.00000000000006 82.850000000000009
decision_type=8 10 2 2 2 2 2 2 2 2 2 2 2 2 2 2 10 8 2 2 2 10 2 2 2 2 2 2 2 10
left_child=3 2 9 12 5 6 -4 -3 -9 10 20 -5 13 14 22 23 18 -16 -10 -11 -2 -6 -1 27 -15 -18 -17 -13 -7 -25
right_child=1 7 4 11 21 28 -8 8 16 19 -12 15 -14 24 17 26 25 -19 -20 -21 -22 -23 -24 29 -26 -27 -28 -29 -30 -31
leaf_value=-0.031032798463420955 -0.33673479644315585 2.3159665013551711 0.068135103603646968 0.72817204182488571 1.6053216996073723 -0.54623989540462692 0.71638807504325164 1.7637748215957121 0.57765977832001314 0.91331525129079816 1.1423215125641732 -0.90242920038311969 1.0573983981691557 -0.044822518869557168 -0.32596700815109991 -0.1303161031831252 0.61502962841935782 0.18313339592259506 -0.18263808897182124 -0.29193022610210789 0.64316337381880129 0.49720989384677972 0.87011650212985625 -0.4677302059185941 1.2987438222285239 1.9758055771721734 0.72826923056290693 -0.47479485273525629 -1.465282800735966 -0.14741400304639724
leaf_weight=1226 42 20 2174 35 25 90 157 44 407 30 159 129 29 22 1193 114 23 145 67 82 93 178 34 328 31 27 39 725 31 433
leaf_count=1226 42 20 2174 35 25 90 157 44 407 30 159 129 29 22 1193 114 23 145 67 82 93 178 34 328 31 27 39 725 31 433
internal_value=1.54186e-10 0.257523 0.171647 -0.209614 0.110979 0.0677053 0.111797 0.704573 0.647833 0.568378 0.773131 -0.354328 -0.112256 -0.125052 -0.14272 -0.375757 0.554128 -0.270795 0.470192 0.0309034 0.338306 0.633677 -0.00671607 -0.419743 0.741037 1.34985 0.088539 -0.539391 -0.781697 -0.285474
internal_weight=8132 3649 3061 4483 2655 2452 2331 588 568 406 294 1803 2680 2651 2598 1768 524 1338 474 112 135 203 1260 1615 53 50 153 854 121 761
internal_count=8132 3649 3061 4483 2655 2452 2331 588 568 406 294 1803 2680 2651 2598 1768 524 1338 474 112 135 203 1260 1615 53 50 153 854 121 761
is_linear=0
shrinkage=0.03


Tree=82
num_leaves=31
num_cat=0
split_feature=57 35 57 35 1 18 21 16 20 20 18 35 13 16 1 63 59 63 49 7 5 56 6 62 1 9 7 16 21 16
split_gain=460898 133044 80245 57224.9 50732 50393.5 63212.5 54557.5 59470.8 48683.3 45192.9 41716.8 37853.8 36044.7 64438.8 42253.7 42117.5 34594.5 33307.5 32032.4 29679.3 32944.1 28179.8 27865.1 25988.6 26377.7 24587.6 25683.6 20293 19825
threshold=261.21428571428578 160.50000000000003 368.07142857142867 625.50000000000011 77.131314500000016 6635.5000000000009 1479.5000000000002 19.050000000000004 7209.2500000000009 24336.000000000004 6680.0000000000009 64.850000000000009 299.50000000000006 18.450000000000003 77.309166200000007 50.142857142857146 44.664285714285725 12.479999999999999 67.54000000000002 58.665000000000013 30.500000000000004 245.50000000000003 973.45000000000016 1.5800000000000003 77.128061500000015 38.45000000000001 55.045000000000009 10.250000000000002 158.50000000000003 12.050000000000002
decision_type=8 10 10 10 2 2 2 2 2 2 2 10 2 2 2 10 8 10 10 2 2 8 2 10 2 2 2 2 2 2
left_child=1 11 4 17 12 6 7 8 -3 -9 28 -1 20 14 19 -16 -15 18 29 -6 -2 -22 -18 -13 -25 -26 27 -19 -7 -4
right_child=2 5 3 -5 13 10 -8 9 -10 -11 -12 23 -14 16 15 -17 22 26 -20 -21 21 -23 -24 24 25 -27 -28 -29 -30 -31
leaf_value=-0.4241394590031593 -0.054769096668152245 -0.13185399899635078 1.4006040021849839 2.2522012388706205 0.29089690356609249 0.78065601381762273 -0.83935404268565117 -0.29776959252181312 0.28989441369618918 0.19326565058290612 0.19062781953042554 0.094422882923737489 -0.057167248647721082 -0.63154463569887653 2.2955002420598811 0.63527377299360321 -0.061815736097724817 1.4691707554885318 2.1715027842521666 -0.33471813366180514 1.5589718209092434 0.70007846285731101 0.64231151859781566 0.11950076248715905 -0.27698113076325154 0.11802260579177883 -0.041045652357431558 0.50903685955330735 1.9889394954117863 0.60189247329126694
leaf_weight=893 34 446 41 21 724 29 77 609 925 259 93 282 61 88 22 37 190 28 20 82 52 177 70 187 2106 164 65 240 22 88
leaf_count=893 34 446 41 21 724 29 77 609 925 259 93 282 61 88 22 37 190 28 20 82 52 177 70 187 2106 164 65 240 22 88
internal_value=4.83932e-10 -0.130695 0.390292 0.719195 0.282655 0.0396558 0.00579849 0.0348636 0.152695 -0.151251 0.584195 -0.246076 0.616145 0.193577 0.297305 1.25434 -0.0642503 0.652405 1.03236 0.227249 0.772313 0.895111 0.127757 -0.188022 -0.22044 -0.248443 0.482395 0.609349 1.30188 0.855747
internal_weight=8132 6092 2040 503 1537 2460 2316 2239 1371 868 144 3632 324 1213 865 59 348 482 149 806 263 229 260 2739 2457 2270 333 268 51 129
internal_count=8132 6092 2040 503 1537 2460 2316 2239 1371 868 144 3632 324 1213 865 59 348 482 149 806 263 229 260 2739 2457 2270 333 268 51 129
is_linear=0
shrinkage=0.03


Tree=83
num_leaves=31
num_cat=0
split_feature=35 37 19 1 1 41 16 1 16 12 16 17 18 62 14 68 12 30 5 19 19 19 22 1 21 45 13 15 60 56
split_gain=437418 133688 97911.4 78460.3 107606 66725.1 67132.5 51395.6 48122.2 46487.4 44831 41115 39699.2 37928.4 36082.9 43721 42697.2 35918.2 34943.6 32873.3 31237.5 39142.6 28300 27655.3 27617.1 25261.7 23182.7 22892.9 22546.3 22058.3
threshold=270.50000000000006 147.15000000000001 19.989583333333339 77.309166200000007 77.188546500000015 24.050000000000004 19.050000000000004 77.100837000000013 14.750000000000002 4.4500000000000011 19.450000000000003 887.50000000000011 6482.5000000000009 77.640719424460443 1.0000000180025095e-35 3.5000000000000004 3.9500000000000006 376.7766666666667 170.50000000000003 9.3187500000000014 25.377083333333335 25.835416666666671 61.500000000000007 77.128061500000015 92.500000000000014 112.50000000000001 90.500000000000014 992.1500000000002 18.350000000000005 293.50000000000006
decision_type=8 10 2 2 2 8 2 2 2 2 2 2 2 8 2 2 2 2 2 2 2 2 2 2 2 8 2 2 10 10
left_child=1 10 3 4 5 11 -7 17 27 24 12 -2 20 14 15 -9 -16 26 -11 -19 23 -22 -15 -1 -6 -10 -3 -5 -28 -21
right_child=2 7 -4 8 9 6 -8 13 25 18 -12 -13 -14 22 16 -17 -18 19 -20 29 21 -23 -24 -25 -26 -27 28 -29 -30 -31
leaf_value=0.36571532562840725 0.58222534187698283 -0.76937252372503273 -0.77525908259094733 2.0605824902852379 -0.1621919416586558 0.86231950348543329 0.25428209857721074 0.32038982642520414 0.87062249909525036 -0.42867701086329252 -0.42335083973820548 -0.10701269785298946 0.76833653686138292 -0.03006548446599757 0.92852969480597447 -0.084649045317128663 -0.40069085849854164 1.5799033829011022 0.19152868317330585 0.20326997837737984 -0.53656670513485061 0.026795810009322022 0.38563445259063017 -0.16014503723080173 0.73000950266333187 -0.33279855072498321 0.86942910301057919 0.97968981249579057 0.035741163825704934 1.1225692722727272
leaf_weight=96 133 24 61 45 45 577 228 285 73 205 999 188 39 277 23 1514 400 32 136 76 419 151 315 1442 102 20 38 29 126 34
leaf_count=96 133 24 61 45 45 577 228 285 73 205 999 188 39 277 23 1514 400 32 136 76 419 151 315 1442 102 20 38 29 126 34
internal_value=-1.17349e-10 -0.119067 0.406585 0.447064 0.383013 0.544274 0.690105 0.0192839 1.06609 0.0109251 -0.257329 0.178559 -0.180079 -0.0222534 -0.0791034 -0.0204822 -0.328416 0.373483 -0.181322 0.733611 -0.197626 -0.387325 0.191126 -0.127322 0.456887 0.611822 0.101472 1.63699 0.228913 0.487417
internal_weight=8132 6290 1842 1781 1614 1126 805 3144 167 488 3146 321 2147 2814 2222 1799 423 330 341 142 2108 570 592 1538 147 93 188 74 164 110
internal_count=8132 6290 1842 1781 1614 1126 805 3144 167 488 3146 321 2147 2814 2222 1799 423 330 341 142 2108 570 592 1538 147 93 188 74 164 110
is_linear=0
shrinkage=0.03


Tree=84
num_leaves=31
num_cat=0
split_feature=57 57 17 8 17 1 6 14 38 28 7 20 7 11 1 1 28 38 9 19 46 13 20 25 0 17 18 13 14 24
split_gain=410225 130219 74079.2 201675 104721 78184.7 70071.1 60637 57876.1 57361.1 55948.8 50234.6 45220.2 42945.6 41186.6 51335 37860.7 37597.2 37177.9 36602 34820.1 33163 30945.5 30939.7 29230.4 27920.7 26517.3 23797.4 22598.1 21002.1
threshold=191.92857142857147 355.57142857142861 1607.5000000000002 18.200000000000006 1225.0000000000002 77.100837000000013 1875.4150000000002 0.8500000000000002 6.1950000000000012 119.83333333333336 9.2250000000000014 2399.7500000000005 63.065000000000005 48.500000000000007 77.309166200000007 77.188546500000015 105.83333333333333 128.50000000000003 26.850000000000005 25.972916666666674 64.766666666666694 345.50000000000006 7362.7500000000009 5.5000000000000009 28.682925800000003 800.00000000000011 6644.5000000000009 263.00000000000006 12.750000000000002 0.33000000000000007
decision_type=8 10 2 2 2 2 2 2 10 2 2 2 2 2 2 2 2 8 2 2 8 2 2 2 2 2 2 2 2 2
left_child=7 2 4 -4 6 24 9 14 -7 -2 -3 -12 18 -9 15 21 22 -18 -6 25 -17 26 -13 -8 -5 -15 -1 -16 -21 -27
right_child=1 10 3 5 12 8 23 13 -10 -11 11 16 -14 19 27 20 17 -19 -20 28 -22 -23 -24 -25 -26 29 -28 -29 -30 -31
leaf_value=-0.024780876196243546 0.23913306296107401 1.6740364237807015 3.3091406478881833 0.39877520770162017 -0.62713220491128807 0.75583540090238266 1.0662114539539931 0.71386074675832478 0.10167467485823624 -0.2545057884596213 1.7767105275392532 0.34389204228246534 -1.2069092752495589 -0.66964435019436175 -0.028352291245352136 -0.3007473635226674 0.53354219922456592 1.3584679600449858 -0.051498488892208448 -0.11712545357252421 0.1868935752042091 1.2003353105272565 -0.62611306419243673 -0.19724891466753822 1.1104686681593743 -0.08869349033955265 0.82461539413122564 1.2617723537645034 0.71947510954709004 -0.39104871459511492
leaf_weight=1221 739 44 20 91 153 138 103 35 1032 297 29 148 49 267 22 1203 269 61 297 114 148 21 37 21 121 255 34 31 39 1093
leaf_count=1221 739 44 20 91 153 138 103 35 1032 297 29 148 49 267 22 1203 269 61 297 114 148 21 37 21 121 255 34 31 39 1093
internal_value=-1.35314e-10 0.236173 0.157627 0.318168 0.0219553 0.274883 0.178283 -0.192237 0.178832 0.0976169 0.64507 0.561845 -0.341453 -0.326753 -0.101739 -0.118444 0.493435 0.686028 -0.247214 -0.347353 -0.247327 0.0180145 0.149891 0.852238 0.804978 -0.389367 -0.00176934 0.726249 0.0961257 -0.333852
internal_weight=8132 3649 3061 1402 1659 1382 1160 4483 1170 1036 588 544 499 1803 2680 2627 515 330 450 1768 1351 1276 185 124 212 1615 1255 53 153 1348
internal_count=8132 3649 3061 1402 1659 1382 1160 4483 1170 1036 588 544 499 1803 2680 2627 515 330 450 1768 1351 1276 185 124 212 1615 1255 53 153 1348
is_linear=0
shrinkage=0.03


Tree=85
num_leaves=31
num_cat=0
split_feature=35 37 0 12 0 10 24 11 17 37 28 7 53 35 20 29 20 1 0 7 28 14 61 1 9 57 14 44 53 33
split_gain=391232 118573 86169.1 63474.3 51563.2 48424.7 118655 57826.6 81898.4 44202.4 42242.5 45858.4 38881.9 33726.8 31932 31854.8 36197.2 31571.4 28665.2 32994.1 27964 25815.3 25684.5 26333.5 25062.1 23207.6 22092.2 20147.5 15742.6 13546.8
threshold=270.50000000000006 147.15000000000001 28.643240000000002 2.8500000000000005 28.682925800000003 10.250000000000002 528.45500000000015 68.500000000000014 992.50000000000011 536.83333333333337 34.166666666666679 6.5950000000000006 269164.20000000007 41.95000000000001 3816.5000000000005 78.214285714285737 8426.0000000000018 77.309166200000007 28.690029500000005 23.110000000000003 105.83333333333333 1.0000000180025095e-35 129.08571428571432 77.128061500000015 38.45000000000001 382.35714285714295 3.5000000000000004 17.450000000000003 184420.95000000004 73.050000000000011
decision_type=8 10 2 2 2 2 2 2 2 8 2 2 2 10 2 2 2 2 2 2 2 2 8 2 2 10 2 8 2 10
left_child=1 13 10 -4 14 6 25 9 -9 -7 -2 -12 18 -1 20 -13 -17 21 19 -6 29 -16 23 26 -25 -5 -15 -20 -19 -3
right_child=2 4 3 5 12 7 -8 8 -10 -11 11 15 -14 22 17 16 -18 28 27 -21 -22 -23 -24 24 -26 -27 -28 -29 -30 -31
leaf_value=-0.54875344265974602 -0.82860986502547007 -0.56310023331642156 1.8181213283198221 0.35805068028469883 0.23925011063323301 0.51013909656506085 3.0750507895783943 0.37795459909626272 -1.0456444625671093 1.6505771233141422 1.4345480830852801 1.0486488796507611 1.4414195842328279 0.38337303991470717 -0.054070116354750175 0.24684890450871719 -0.23207922020611585 0.80861240945309398 -0.068095656719831921 1.1619644854822246 1.107741092475685 -0.32073869603787464 0.44935221141347514 -0.26816873806868324 0.17218755446710302 1.389400463104248 -0.30417035710455764 0.27375962092439726 0.090535979202536282 0.3297473575266508
leaf_weight=294 38 20 35 72 102 693 22 121 52 32 26 34 23 113 1708 490 200 50 318 53 37 404 52 2498 122 27 67 303 61 65
leaf_count=294 38 20 35 72 102 693 22 121 52 32 26 34 23 113 1708 490 200 50 318 53 37 404 52 2498 122 27 67 303 61 65
internal_value=-3.17173e-10 -0.112605 0.384521 0.561938 0.0176896 0.518791 1.08219 0.442877 -0.049948 0.560476 0.147215 0.196657 0.225826 -0.242818 -0.0532277 0.152202 0.108029 -0.0791619 0.189797 0.554759 0.419328 -0.105081 -0.21128 -0.223549 -0.247664 0.639328 0.127454 0.0987033 0.413994 0.119666
internal_weight=8132 6290 1842 1054 3144 1019 121 898 173 725 788 750 799 3146 2345 724 690 2223 776 155 122 2112 2852 2800 2620 99 180 621 111 85
internal_count=8132 6290 1842 1054 3144 1019 121 898 173 725 788 750 799 3146 2345 724 690 2223 776 155 122 2112 2852 2800 2620 99 180 621 111 85
is_linear=0
shrinkage=0.03


Tree=86
num_leaves=31
num_cat=0
split_feature=57 17 18 0 13 16 16 21 50 8 53 16 7 16 12 41 9 33 63 16 28 53 6 7 28 22 18 29 53 7
split_gain=366062 106939 107671 74573 83678.5 77728.7 60847.5 65657.7 55826.7 86936.3 51231.1 64379.8 51141 48248.8 48244.3 47191.9 47018.8 46493.7 55011.3 44523.8 44024.6 42964.4 38990.5 59445.6 36706 36293 35330.6 34308.5 32538.5 32472.3
threshold=261.21428571428578 1607.5000000000002 4291.0000000000009 28.643240000000002 299.50000000000006 20.550000000000004 10.550000000000002 110.50000000000001 1.0000000180025095e-35 15.100000000000001 269164.20000000007 14.050000000000002 6.4850000000000003 12.750000000000002 3.8500000000000001 30.750000000000004 30.750000000000004 278.50000000000006 12.479999999999999 19.650000000000002 185.83333333333334 254562.70000000004 528.45500000000015 14.065000000000003 34.166666666666679 38.500000000000007 4279.5000000000009 93.500000000000014 134731.65000000005 18.025000000000002
decision_type=8 2 2 2 2 2 2 2 2 2 2 2 2 2 2 10 2 8 10 2 2 2 2 2 2 2 2 2 2 2
left_child=1 6 15 12 5 17 7 -1 9 -8 11 14 -2 29 -4 -3 -13 -5 -19 -12 -11 -7 28 -24 -14 -26 -15 -27 -10 -6
right_child=3 2 10 4 13 21 8 -9 22 20 19 16 24 26 -16 -17 -18 18 -20 -21 -22 -23 23 -25 25 27 -28 -29 -30 -31
leaf_value=-0.21502856047824023 1.0816219689697026 2.27300117916531 -0.081707599610090262 0.65846191884551952 1.58498236997561 -0.054475308286952462 1.3600275135040283 1.1915715532217708 -0.41333670540482681 -0.31134899701755658 1.3984025401320006 -0.4097219983735656 -0.80094099405335217 -0.70607804558250342 0.63476377253552396 0.35032066440582271 -0.032019193870905106 2.0631335602283478 0.79765298784469008 0.25182552603251068 -0.78085567935469191 1.0643899082170951 -1.2478611743450163 0.30033991846311425 0.80414023874793195 -0.44472944128398711 0.20598913394248305 0.146840053172302 -0.029079588615597705 0.20190051253437996
leaf_weight=64 48 27 144 618 22 187 27 56 340 2052 37 366 41 89 205 20 1565 50 81 173 197 37 24 319 64 104 67 582 476 50
leaf_count=64 48 27 144 618 22 187 27 56 340 2052 37 366 41 89 205 20 1565 50 81 173 197 37 24 319 64 104 67 582 476 50
internal_value=-1.26189e-10 -0.116476 0.0323124 0.347828 0.499431 0.620649 -0.222657 0.441385 -0.245855 -0.33216 0.00546149 -0.0358367 0.130814 -0.017873 0.339142 1.45484 -0.103609 0.767284 1.28066 0.453841 -0.352475 0.130337 -0.0763733 0.192011 0.0731169 0.120899 -0.314357 0.057156 -0.189187 0.624509
internal_weight=8132 6092 2537 2040 1201 973 3555 120 3435 2276 2490 2280 839 228 349 47 1931 749 131 210 2249 224 1159 343 791 750 156 686 816 72
internal_count=8132 6092 2537 2040 1201 973 3555 120 3435 2276 2490 2280 839 228 349 47 1931 749 131 210 2249 224 1159 343 791 750 156 686 816 72
is_linear=0
shrinkage=0.03


Tree=87
num_leaves=31
num_cat=0
split_feature=35 35 19 0 13 1 41 35 0 68 7 0 33 61 19 5 21 5 26 54 19 60 13 11 6 62 41 1 42 1
split_gain=348984 102954 84831.8 78579.5 56406.1 46123.7 44744 71038.6 61372.4 42731.4 38244.1 35492.9 39858.4 33156.6 44045.4 41852.9 33630.1 32309 31540.9 44478.7 31293.8 29580.1 26155.8 41145.9 36237.6 25506.7 25447.3 23381.5 22126.5 20155.3
threshold=270.50000000000006 160.50000000000003 19.989583333333339 28.643240000000002 299.50000000000006 77.100837000000013 24.050000000000004 592.00000000000011 28.647228500000001 23.500000000000004 7.8450000000000006 28.647228500000001 157.50000000000003 11.22857142857143 19.989583333333339 252.50000000000003 21.500000000000004 42.500000000000007 5.5000000000000009 80.350000000000009 25.985416666666669 18.350000000000005 106.50000000000001 56.500000000000007 1305.0400000000002 1.5800000000000003 57.550000000000004 77.188546500000015 1.8750000000000002 77.272782850000013
decision_type=8 10 2 2 2 2 8 8 2 2 2 2 10 10 2 2 2 2 2 10 2 8 2 2 2 10 8 2 10 2
left_child=1 10 3 9 6 17 8 -8 -5 18 20 -6 -13 29 16 -16 -15 21 26 -20 28 -3 23 -12 -25 -24 -2 -27 -1 -7
right_child=2 5 -4 4 11 13 7 -9 -10 -11 22 12 -14 14 15 -17 -18 -19 19 -21 -22 -23 25 24 -26 27 -28 -29 -30 -31
leaf_value=0.23515031134182551 -0.2726991331958728 0.86836457833647729 -0.73691016762960149 0.93118279842769391 0.96608376272263063 0.2351380554293187 0.76549691818016641 2.4698700319165767 0.072344836493087289 -0.86797998452887803 0.30508431475609543 0.37244087806769782 -0.68646969459263174 -0.40810239359736439 -0.29550689712661293 -1.5730928470348491 0.030259836844278205 0.63581108542372944 1.2086191511899234 0.25205731954436889 0.1578815192700288 -0.34777838488419849 0.2948313081150602 -0.5239476993019776 0.21995500511449315 0.020288638116032189 0.63255315406795809 -0.2189740199739052 -0.39003314032106912 1.2256058199405668
leaf_weight=53 157 24 61 119 31 245 511 23 202 34 84 63 65 173 113 29 1759 183 48 494 111 72 157 404 69 689 34 788 1317 20
leaf_count=53 157 24 61 119 31 245 511 23 202 34 84 63 65 173 113 29 1759 183 48 494 111 72 157 404 69 689 34 788 1317 20
internal_value=5.07575e-10 -0.106352 0.363166 0.400844 0.574154 0.0373905 0.670644 0.838906 0.39073 0.171723 -0.208835 0.0552946 -0.165287 -0.00609906 -0.0464738 -0.556422 -0.0089931 0.401986 0.21995 0.336771 -0.326594 -0.0437426 -0.129236 -0.30677 -0.415429 -0.0687173 -0.111555 -0.107361 -0.365847 0.30989
internal_weight=8132 6290 1842 1781 1014 2618 855 534 321 767 3672 159 128 2339 2074 142 1932 279 733 542 1481 96 2191 557 473 1634 191 1477 1370 265
internal_count=8132 6290 1842 1781 1014 2618 855 534 321 767 3672 159 128 2339 2074 142 1932 279 733 542 1481 96 2191 557 473 1634 191 1477 1370 265
is_linear=0
shrinkage=0.03


Tree=88
num_leaves=31
num_cat=0
split_feature=37 16 19 22 9 53 9 13 21 31 31 16 21 15 33 36 16 18 19 18 58 19 1 1 11 18 13 37 24 42
split_gain=325454 112821 85484.7 98998.7 112677 95882.7 93676.4 89972.7 84799.4 74497.4 128819 66462.8 60586.8 57420.4 53610.4 51884.3 50092.5 59842.2 51776.5 45085.8 39477.8 39201.5 36119.5 37734.9 35476.8 33768.7 26779.7 24030.4 25959.6 23014.8
threshold=194.16666666666671 11.850000000000003 11.708333333333336 105.50000000000001 36.150000000000013 115739.45000000001 31.750000000000004 150.00000000000003 512.00000000000011 366.30714285714276 384.19571428571419 17.150000000000002 92.500000000000014 992.25000000000011 88.15000000000002 471.00000000000006 19.450000000000003 6641.5000000000009 25.377083333333335 4526.5000000000009 22.150000000000002 25.835416666666671 77.128061500000015 77.309166200000007 62.500000000000007 3445.5000000000005 90.500000000000014 114.40000000000003 2.8900000000000006 17.050000000000004
decision_type=8 2 2 2 2 2 2 2 2 2 2 2 2 2 8 10 2 2 2 2 10 2 2 2 2 2 2 10 2 10
left_child=16 12 3 4 7 11 8 -3 -7 25 -11 -4 13 24 -8 19 17 18 22 20 -14 -20 -1 -24 -2 -5 -18 -28 -29 -15
right_child=1 2 5 9 -6 6 14 -9 -10 10 -12 -13 15 29 -16 -17 26 -19 21 -21 -22 -23 23 -25 -26 -27 27 28 -30 -31
leaf_value=0.37788993833923196 -0.050923810601234437 1.7173171716928481 -0.98025952752828593 0.5639643042591902 1.3578340491881737 0.36588564899843812 0.16745628533276968 -0.1511029122824743 1.9705351429050033 2.9923770575523374 0.55145014159360661 -0.039467293114923849 1.8819894294305282 0.33421824872493738 -0.35862047207169234 2.2076770669763737 -0.5884301163072837 1.0143455844424489 -0.49745033063493616 0.18183137769969002 0.77901662074968103 0.054353133146801298 -0.1032638632113495 0.62519134558059952 1.4302455474956091 -0.17515488660433473 -0.40088436631314656 0.53483135268092152 -0.18656154635279124 -0.41039402605909292
leaf_weight=166 22 24 150 78 52 149 383 692 37 20 719 123 33 60 320 22 254 43 459 106 254 155 2112 66 43 194 555 48 694 99
leaf_count=166 22 24 150 78 52 149 383 692 37 20 719 123 33 60 320 22 254 43 459 106 254 155 2112 66 43 194 555 48 694 99
internal_value=-2.59744e-10 0.214006 0.135505 0.266222 0.00945282 -0.0646209 0.0863937 -0.0884743 0.68509 0.461275 0.61751 -0.556386 0.57531 0.177698 -0.0720097 0.789925 -0.168309 -0.0967641 -0.112916 0.71056 0.905839 -0.358151 -0.0486779 -0.0811895 0.928927 0.0367984 -0.30674 -0.251575 -0.139895 -0.129408
internal_weight=8132 3580 2941 1779 768 1162 889 716 186 1011 739 273 639 224 703 415 4552 3001 2958 393 287 614 2344 2178 65 272 1551 1297 742 159
internal_count=8132 3580 2941 1779 768 1162 889 716 186 1011 739 273 639 224 703 415 4552 3001 2958 393 287 614 2344 2178 65 272 1551 1297 742 159
is_linear=0
shrinkage=0.03


Tree=89
num_leaves=31
num_cat=0
split_feature=57 17 18 0 5 19 51 16 22 59 7 5 23 13 68 0 7 29 41 53 22 20 13 8 53 56 17 5 23 7
split_gain=312717 90680.6 95224.9 66931.9 76655.9 75383.1 64970.5 61403.3 58904.2 61753.7 55678.5 54456.3 51753.9 47193.2 48804.3 102789 47038.7 45678 43521.7 36179.5 68005.1 57886.7 35775.1 36792.8 35566.4 35536.4 34746.5 34520.9 39709.2 41520.7
threshold=261.21428571428578 1607.5000000000002 4291.0000000000009 28.643240000000002 72.500000000000014 11.708333333333336 530.46000000000015 10.550000000000002 106.50000000000001 41.592857142857156 14.065000000000003 110.50000000000001 431.37500000000006 62.500000000000007 11.500000000000002 28.682925800000003 6.4850000000000003 87.214285714285737 30.750000000000004 115739.45000000001 277.00000000000006 14378.500000000002 304.50000000000006 19.750000000000004 266093.60000000003 123.50000000000001 1312.5000000000002 41.500000000000007 431.37500000000006 58.665000000000013
decision_type=8 2 2 2 2 2 2 2 2 10 2 2 2 2 2 2 2 2 10 2 2 2 2 2 2 10 2 2 2 2
left_child=1 6 18 16 22 8 7 11 12 -10 -8 -1 -6 -4 24 -16 -2 25 -3 20 -7 -21 -5 -24 -15 -9 -12 -18 29 -29
right_child=3 2 13 4 5 19 10 17 9 -11 26 -13 -14 14 15 -17 27 -19 -20 21 -22 -23 23 -25 -26 -27 -28 28 -30 -31
leaf_value=-0.16363279220691093 1.0277670251129893 2.1528466232617696 -1.08973304103102 0.24987791825922165 0.92194074520977531 0.50072183291757988 -1.2072541940212249 -0.28998583681880885 1.9571697707726403 0.89959906331488593 0.64764967028185616 1.1254037257035574 0.024158555452429922 0.12075989973627858 -0.15574990273554304 0.84023666503429406 -0.46955621397410774 -0.50362064825410024 0.3064449405670166 0.86624516969397125 -1.0718279962539672 -0.1131140138109525 -0.9757851529866457 0.46282410055398943 0.69819792898992694 -0.041928261462874802 0.016975152862170783 0.52826747029561261 -0.059899811482219956 -0.5865431037983474
leaf_weight=65 48 27 35 294 123 55 24 1730 65 211 139 54 109 864 1383 100 97 619 20 137 45 90 48 24 108 743 181 260 400 34
leaf_count=65 48 27 35 294 123 55 24 1730 65 211 139 54 109 864 1383 100 97 619 20 137 45 90 48 24 108 743 181 260 400 34
internal_value=-5.0899e-10 -0.107655 0.0293569 0.321487 0.465113 0.623792 -0.205432 -0.24741 0.852487 1.14866 0.1864 0.421308 0.500138 0.00410555 0.0197 -0.0885896 0.115892 -0.273147 1.36714 0.26851 -0.206926 0.477953 0.103099 -0.496249 0.18492 -0.215458 0.290924 0.0605565 0.13465 0.399344
internal_weight=8132 6092 2537 2040 1201 835 3555 3211 508 276 344 119 232 2490 2455 1483 839 3092 47 327 100 227 366 72 972 2473 320 791 694 294
internal_count=8132 6092 2537 2040 1201 835 3555 3211 508 276 344 119 232 2490 2455 1483 839 3092 47 327 100 227 366 72 972 2473 320 791 694 294
is_linear=0
shrinkage=0.03


Tree=90
num_leaves=31
num_cat=0
split_feature=35 37 19 0 30 21 12 21 0 59 38 13 41 26 7 43 7 12 1 18 41 20 44 55 63 35 29 26 54 34
split_gain=294686 88122 75057.8 70155.1 55003.3 53618.7 51599 46982.8 45407.4 45070.1 46354.7 32328.4 30755.5 38143.2 35234 28649.6 27361.7 26619.9 28740.9 24647.7 21468.1 18180 17897.1 16382.9 15941.4 8608.48 5936.99 4895.21 3777.31 3250.83
threshold=270.50000000000006 141.38333333333335 19.989583333333339 28.643240000000002 13973.853333333334 1479.5000000000002 2.8500000000000005 1026.5000000000002 28.682925800000003 38.721428571428582 44.050000000000004 299.50000000000006 58.850000000000001 5.5000000000000009 6.8450000000000015 117.83333333333336 74.365000000000009 9.8500000000000032 77.128061500000015 6482.5000000000009 65.850000000000009 7231.5000000000009 18.350000000000005 24.278571428571436 10.730714285714287 33.250000000000007 1.2142857142857146 7.5000000000000009 73.350000000000009 78.13333333333334
decision_type=8 10 2 2 2 2 2 2 2 10 10 2 8 2 2 8 2 2 2 2 10 2 10 10 10 10 2 2 8 10
left_child=1 15 3 12 5 7 -5 8 -3 10 -8 -11 13 22 -15 17 -9 18 23 -20 -14 -4 -2 -1 -22 -19 -27 -17 -23 -7
right_child=2 4 21 6 -6 29 9 16 -10 11 -12 -13 20 14 -16 27 -18 25 19 -21 24 28 -24 -25 -26 26 -28 -29 -30 -31
leaf_value=1.0079406427145003 -0.8316769469269486 -0.067468449273624664 -1.4425765228271483 1.6647453963415964 1.5037061635201627 -0.66893561714074834 0.93836275453448292 1.6223768925666808 0.19437308560002525 0.45589253687833325 -0.46903003762597623 -0.091955870232416387 1.4337467290575687 1.3394265109300614 0.16301558075332831 0.23964790410855236 0.33494292607674231 -0.78805414601376178 -0.23349130220708761 0.36350971422158179 0.87911212980747211 -0.044257191538810726 -0.12065942186498788 0.087022804430776965 -0.25270211594445363 -0.02618668605883916 -0.43093766904336744 0.82220589799540378 -0.62033302102770127 -1.1457661970200077
leaf_weight=20 43 2382 20 35 22 22 250 24 795 590 23 116 26 24 506 34 39 57 2263 64 24 20 123 133 21 36 347 21 21 31
leaf_count=20 43 2382 20 35 22 22 250 24 795 590 23 116 26 24 506 34 39 57 2263 64 24 20 123 133 21 36 347 21 21 31
internal_value=3.519e-11 -0.0977287 0.333721 0.369162 0.00864639 -0.00134186 0.532918 0.0141409 -0.00194625 0.492454 0.819791 0.365878 0.15267 0.0919955 0.216287 -0.216261 0.825394 -0.229038 -0.190884 -0.217072 0.747456 -0.701044 -0.304839 0.207404 0.350932 -0.444084 -0.392893 0.462079 -0.33932 -0.947837
internal_weight=8132 6290 1842 1781 3315 3293 1014 3240 3177 979 273 706 767 696 530 2975 63 2920 2480 2327 71 61 166 153 45 440 383 55 41 53
internal_count=8132 6290 1842 1781 3315 3293 1014 3240 3177 979 273 706 767 696 530 2975 63 2920 2480 2327 71 61 166 153 45 440 383 55 41 53
is_linear=0
shrinkage=0.03


Tree=91
num_leaves=31
num_cat=0
split_feature=57 14 9 16 11 18 53 16 1 37 1 68 63 24 15 11 32 64 24 8 15 16 53 11 8 36 36 30 53 58
split_gain=278487 82862.1 83863.4 64236.9 77752.2 74526 61479.8 74030.2 68946.5 59368.7 55715.5 55592.6 53014.8 52799.7 49234.7 48791.1 45349.1 37197.8 31765.7 31431.8 33251.6 31238.5 30981 30543.3 29097.2 28148.3 27712.9 30671.7 25232.3 21190.6
threshold=261.21428571428578 0.8500000000000002 39.650000000000013 19.450000000000003 53.500000000000007 6641.5000000000009 59029.400000000001 20.750000000000004 77.309166200000007 536.83333333333337 77.188546500000015 11.500000000000002 40.550000000000004 146.87000000000003 993.05000000000007 54.500000000000007 89.050000000000011 76.45744604316549 450.67500000000001 27.850000000000005 977.05000000000007 18.250000000000004 46689.30000000001 80.500000000000014 18.200000000000006 150.50000000000003 338.50000000000006 351.42000000000013 254562.70000000004 41.95000000000001
decision_type=8 2 2 2 2 2 2 2 2 10 2 2 10 2 2 2 10 8 2 2 2 2 2 2 2 10 10 2 2 10
left_child=1 3 19 5 26 10 22 8 9 14 16 -12 -10 -6 -8 28 -1 -17 -7 21 -21 -3 -2 -24 -15 -22 27 -5 -9 -14
right_child=6 2 -4 4 13 18 7 15 12 -11 11 -13 29 24 -16 17 -18 -19 -20 20 25 -23 23 -25 -26 -27 -28 -29 -30 -31
leaf_value=0.057164721533090629 0.14213169977068899 -0.67941769944250796 1.6727950859069824 -0.23942080947880942 -0.19758055423446202 0.58809847484935418 0.44848735395256345 0.037961310239000748 2.2358160673338792 1.7747570753097535 0.16682223805279719 -0.2477848709475263 1.6523840188980101 0.11672490220516919 0.011587395792373934 -1.3156943788026507 0.43725663810609178 -0.17342747107336792 2.0806542795045035 -0.3241423434246723 -0.10234887002486419 -0.27869771759741874 -1.3405041983548331 -0.17505227382928135 -0.99389091899780468 0.50108943435840481 -1.150680859565735 0.098556368851728401 0.80725532552003854 0.56060869567841287
leaf_weight=863 96 287 20 378 218 33 1076 165 29 27 454 811 20 24 296 38 420 79 21 699 459 449 34 50 184 82 20 670 50 80
leaf_count=863 96 287 20 378 218 33 1076 165 29 27 454 811 20 24 296 38 420 79 21 699 459 449 34 50 184 82 20 670 50 80
internal_value=-2.11665e-10 -0.101592 -0.260088 -0.0243563 -0.181144 0.0656671 0.303382 0.354616 0.442838 0.381645 0.0422938 -0.0989852 1.10647 -0.523819 0.354229 -0.051418 0.181591 -0.54442 1.16854 -0.279652 -0.187471 -0.434957 -0.226028 -0.646783 -0.865743 -0.010885 -0.0444587 -0.0233476 0.216867 0.778964
internal_weight=8132 6092 1996 4096 1494 2602 2040 1860 1528 1399 2548 1265 129 426 1372 332 1283 117 54 1976 1240 736 180 84 208 541 1068 1048 215 100
internal_count=8132 6092 1996 4096 1494 2602 2040 1860 1528 1399 2548 1265 129 426 1372 332 1283 117 54 1976 1240 736 180 84 208 541 1068 1048 215 100
is_linear=0
shrinkage=0.03


Tree=92
num_leaves=31
num_cat=0
split_feature=35 37 16 11 17 56 15 41 57 6 7 1 51 20 16 31 56 40 15 8 15 16 20 1 54 7 29 7 9 6
split_gain=263544 78741.3 70228.1 67451.3 126978 48179.6 45305.2 51343.9 43104.1 42976 53789.7 41051.8 35853.9 38253.9 35333.2 33826.2 33412 30469.2 34935.4 54150.1 46837.1 29597.5 22369.4 21868.9 21760.3 21175.1 19598.3 20581.2 18886.4 18670.7
threshold=270.50000000000006 147.15000000000001 11.550000000000002 68.500000000000014 992.50000000000011 138.50000000000003 993.35000000000002 53.750000000000007 268.78571428571433 44.650000000000006 23.280000000000005 77.100837000000013 526.45500000000015 11737.000000000002 19.450000000000003 314.53714285714278 147.50000000000003 6.2766666666666682 986.6500000000002 27.050000000000004 986.75000000000011 9.4500000000000011 3816.5000000000005 77.309166200000007 161.50000000000003 23.530000000000005 90.071428571428584 48.115000000000002 39.650000000000013 865.85500000000013
decision_type=8 10 2 2 2 8 2 8 8 2 2 2 2 2 2 2 8 10 2 2 2 2 2 2 10 2 2 2 2 2
left_child=1 14 6 5 8 29 7 21 -5 -7 -11 12 -3 -14 16 -10 28 -13 19 -19 -20 24 -8 -23 -2 -9 -18 -28 -1 -4
right_child=2 11 3 4 -6 9 22 25 15 10 -12 17 13 -15 -16 -17 26 18 20 -21 -22 23 -24 -25 -26 -27 27 -29 -30 -31
leaf_value=-0.20739938615403322 0.6137029403188955 0.18290415186180164 -0.91488776498181479 -0.65309679357707506 -1.0770813958370373 1.367364139006688 0.7716904399130079 2.42675817229531 1.035215007284513 0.091057799642587575 0.5443337105354652 0.30988859491595089 1.8598933284099284 0.33124182785258571 -0.34592084373277543 0.1648977257930121 0.28959077635316349 -0.4531484385127667 1.1092297149026715 -0.03276809756694412 0.026324508505572289 0.41953642922754469 -0.27084246724338851 1.4611850019693373 1.8402028279304503 1.1506085809707642 -0.25482241450335968 0.32887594009896642 0.6234831192970276 0.072191944262560676
leaf_weight=1626 23 270 35 45 95 39 27 22 52 410 554 227 26 34 999 177 229 400 37 888 1262 195 59 20 30 25 191 76 25 34
leaf_count=1626 23 270 35 45 95 39 27 22 52 410 554 227 26 34 999 177 229 400 37 888 1262 195 59 20 30 25 191 76 25 34
internal_value=9.14877e-11 -0.0924206 0.315595 0.217877 -0.131962 0.338298 0.666744 0.83336 0.195725 0.391049 0.35155 0.0137576 0.330314 0.993657 -0.198531 0.362524 -0.129951 -0.0233652 -0.052607 -0.163321 0.0571694 0.672965 0.0564644 0.516434 1.30795 1.74796 0.0859673 -0.0886761 -0.194818 -0.428501
internal_weight=8132 6290 1842 1441 369 1072 401 315 274 1003 964 3144 330 60 3146 229 2147 2814 2587 1288 1299 268 86 215 53 47 496 267 1651 69
internal_count=8132 6290 1842 1441 369 1072 401 315 274 1003 964 3144 330 60 3146 229 2147 2814 2587 1288 1299 268 86 215 53 47 496 267 1651 69
is_linear=0
shrinkage=0.03


Tree=93
num_leaves=31
num_cat=0
split_feature=35 37 19 0 13 12 29 0 68 25 5 34 53 68 68 38 43 26 54 13 17 19 13 0 23 20 41 15 68 23
split_gain=247969 74101.3 66240.6 63639.4 46551.7 60020.4 63084 39583.6 38609.9 36457.9 36520 34813.2 32927.9 31471.4 28802.1 26991 26675.2 25341.9 39832.1 24454.8 28312.6 33145.3 23456.9 35284.7 32390.6 21858.3 21323.7 19277.3 18623.1 17843.5
threshold=270.50000000000006 141.38333333333335 19.989583333333339 28.643240000000002 299.50000000000006 7.8500000000000005 487.85714285714295 28.682925800000003 23.500000000000004 1.5000000000000002 48.500000000000007 86.833333333333357 269164.20000000007 11.500000000000002 17.500000000000004 47.850000000000001 117.83333333333336 5.5000000000000009 80.350000000000009 151.50000000000003 1437.5000000000002 25.972916666666674 160.50000000000003 28.643240000000002 85.02000000000001 3816.5000000000005 57.550000000000004 986.1500000000002 23.500000000000004 176.48500000000004
decision_type=8 10 2 2 2 2 2 2 2 2 2 10 2 2 2 10 8 2 10 2 2 2 2 2 2 2 8 2 2 2
left_child=1 16 3 8 5 6 -5 13 17 -6 -11 -7 14 22 27 -16 19 26 -19 20 21 -1 24 -24 -3 29 -2 -9 -21 -15
right_child=2 7 -4 4 9 11 -8 12 -10 10 -12 -13 -14 25 15 -17 -18 18 -20 28 -22 -23 23 -25 -26 -27 -28 -29 -30 -31
leaf_value=-0.40960009870099956 -0.26558831456835102 -0.86090839264185537 -0.66596089209185638 0.67661171054028191 1.1014329407317562 0.97310516390204427 2.2774909419598788 -0.21537939145735333 -0.85506440415101881 -1.2286603382229806 0.061924267556719682 -0.00065101466210264907 1.306424535046453 -0.3534107641130686 0.27177785778680646 1.1716273599321192 0.45620534280213443 1.1088364009931684 0.20361742004375105 -0.088131302842404322 -0.027652921712347144 0.10773932177453271 0.1195197166982785 0.85628113960677921 0.014441210670566017 -0.15452714756252386 0.56307824786971594 0.18015206945465601 -0.48976380048599916 0.6121958134848563
leaf_weight=1102 157 46 61 602 24 40 23 210 34 24 111 190 23 24 330 33 55 48 494 1291 290 124 515 66 220 1552 34 235 113 61
leaf_count=1102 157 46 61 602 24 40 23 210 34 24 111 190 23 24 330 33 55 48 494 1291 290 124 515 66 220 1552 34 235 113 61
internal_value=-6.79922e-10 -0.089648 0.306127 0.339421 0.495388 0.583045 0.735524 0.00789824 0.133228 0.024026 -0.167513 0.168698 0.187129 -0.0520618 0.155268 0.353582 -0.198342 0.17907 0.283784 -0.210671 -0.294221 -0.357275 0.0963902 0.203214 -0.136935 -0.128872 -0.118077 -0.00650323 -0.120456 0.339554
internal_weight=8132 6290 1842 1781 1014 855 625 3315 767 159 135 230 831 2484 808 363 2975 733 542 2920 1516 1226 847 581 266 1637 191 445 1404 85
internal_count=8132 6290 1842 1781 1014 855 625 3315 767 159 135 230 831 2484 808 363 2975 733 542 2920 1516 1226 847 581 266 1637 191 445 1404 85
is_linear=0
shrinkage=0.03


Tree=94
num_leaves=31
num_cat=0
split_feature=57 57 1 7 12 19 15 12 24 7 13 1 1 11 0 13 60 19 19 63 20 33 13 13 15 15 44 51 22 14
split_gain=233593 84706.1 58821.7 49264.8 47306.2 47249.9 75732.9 53207 48913 40962.1 38140.5 38318.4 38962 35760.3 37467.6 33372.4 31544.9 39242.1 30787.6 28654.5 28034 26706.2 25586.3 24403.2 22097.3 25936.8 22039.8 21951.1 21177.5 19848.3
threshold=191.92857142857147 355.57142857142861 77.100837000000013 9.2250000000000014 2.8500000000000005 10.887500000000001 992.1500000000002 8.4500000000000011 439.78500000000003 7.8450000000000006 355.50000000000006 77.309166200000007 77.188546500000015 65.500000000000014 28.682925800000003 106.50000000000001 6.3350000000000009 19.989583333333339 25.972916666666674 13.949285714285717 3869.5000000000005 101.50000000000001 180.50000000000003 181.50000000000003 972.55000000000007 975.95000000000016 82.800000000000026 1747.1050000000002 6.5000000000000009 12.750000000000002
decision_type=8 10 2 2 2 2 2 2 2 2 2 2 2 2 2 2 10 2 2 10 2 8 2 2 2 2 8 2 2 2
left_child=9 2 13 -3 -5 6 7 -4 -8 18 11 12 15 14 22 -11 21 -18 24 27 -15 -7 -2 -13 -1 -26 -14 -6 -27 -20
right_child=1 3 5 4 19 16 8 -9 -10 10 -12 23 26 20 -16 -17 17 -19 29 -21 -22 -23 -24 -25 25 28 -28 -29 -30 -31
leaf_value=0.38642074754834171 -0.35717126381450465 1.4735537235438823 0.46020349852195347 1.8618715825080869 0.57582313740547275 0.53912869228748606 0.081200102209212005 -0.1588837202269559 -0.5860380092358336 -0.26399123946445124 1.0041111150692248 0.037025854672704417 -0.25494653608741003 0.77969641269743439 0.93700950016390605 0.089876907820866062 -0.068101720950148242 -0.67730022057465145 -0.06782246475524091 0.22684701799762369 -0.29208227111072071 -0.23233841364035163 0.5349533729207131 1.2684829106628894 -0.53610772102575777 -0.14576272922298544 0.11329990983280268 1.6373897252082825 -0.43274159488454461 0.73720842576943901
leaf_weight=40 42 44 724 20 142 128 331 151 141 310 29 28 1289 30 159 1060 1016 105 94 362 82 59 93 30 391 648 165 20 360 39
leaf_count=40 42 44 724 20 142 128 331 151 141 310 29 28 1289 30 159 1060 1016 105 94 362 82 59 93 30 391 648 165 20 360 39
internal_value=6.33058e-11 0.178217 0.114867 0.508005 0.429909 0.0634405 0.188153 0.353367 -0.118123 -0.145063 -0.0784229 -0.0893158 -0.104993 0.451168 0.624946 0.00980455 -0.0649903 -0.125163 -0.268465 0.375254 -0.0049987 0.295725 0.257403 0.673986 -0.308827 -0.328706 -0.213158 0.706881 -0.248255 0.168239
internal_weight=8132 3649 3061 588 544 2655 1347 875 472 4483 2911 2882 2824 406 294 1370 1308 1121 1572 524 112 187 135 58 1439 1399 1454 162 1008 133
internal_count=8132 3649 3061 588 544 2655 1347 875 472 4483 2911 2882 2824 406 294 1370 1308 1121 1572 524 112 187 135 58 1439 1399 1454 162 1008 133
is_linear=0
shrinkage=0.03


Tree=95
num_leaves=31
num_cat=0
split_feature=35 37 16 58 11 20 13 13 19 16 26 0 18 22 68 15 68 1 68 61 16 5 11 38 20 1 16 12 18 60
split_gain=220910 66127.2 63780.7 61142 59700.5 79626.9 51571.8 61960.2 50262.7 46972.2 45480.5 44529.2 42129.5 41920.1 36167.8 32507.7 36084.9 31994.9 30239.3 29111.6 28973.5 39030.9 28264.1 25195.2 23994.3 24140 23987.1 19650.8 19576.5 31066
threshold=270.50000000000006 104.98333333333333 11.550000000000002 22.550000000000004 68.500000000000014 6855.5000000000009 299.50000000000006 133.50000000000003 12.991666666666669 13.15 1.5000000000000002 28.682925800000003 6648.0000000000009 39.500000000000007 11.500000000000002 993.35000000000002 5.5000000000000009 77.175104500000018 17.500000000000004 32.350000000000001 17.650000000000002 26.500000000000004 41.500000000000007 47.850000000000001 3816.5000000000005 77.188546500000015 17.650000000000002 9.4500000000000011 4804.0000000000009 118.50000000000001
decision_type=8 10 2 10 2 2 2 2 2 2 2 2 2 2 2 2 2 2 2 8 2 2 2 10 2 2 2 2 2 8
left_child=1 28 3 -2 6 8 7 19 13 -8 -9 14 18 -6 20 16 17 -5 26 -4 21 -3 -11 -20 -16 -26 -13 -7 -1 -30
right_child=2 11 4 15 5 27 9 10 -10 22 -12 12 -14 -15 24 -17 -18 -19 23 -21 -22 -23 -24 -25 25 -27 -28 -29 29 -31
leaf_value=-0.34724732331449315 1.6050780286073685 -0.2434093615053029 -0.93115818182627352 0.36984550866587407 1.0172036896149317 -1.2415642723284268 1.1814319773444106 1.6920473762920925 -0.8928031876840089 0.37468193365977359 0.46015271741699199 0.17112998548014141 1.5182367224693298 0.06714872027543449 0.33385108986302559 -0.060845626840343718 0.41378550640041961 1.6135114332689688 0.25114750199745306 0.075110827814787617 -0.077829623152912752 0.38471738676333861 -0.55401478938327353 1.113769286437468 -0.057827903471440872 -0.25977045501343721 -0.21875719253505979 -0.33846851246697562 -0.18600849769197836 0.54325700117241249
leaf_weight=757 50 116 36 29 54 57 21 28 38 39 735 296 20 185 92 77 193 52 398 92 544 383 121 33 1043 1089 273 35 1191 55
leaf_count=757 50 116 36 29 54 57 21 28 38 39 735 296 20 185 92 77 193 52 398 92 544 383 121 33 1043 1089 273 35 1191 55
internal_value=-3.70075e-10 -0.0846156 0.288942 0.623585 0.195818 -0.133308 0.309109 0.402893 0.120668 -0.152559 0.50536 -0.0181266 0.154911 0.281805 -0.0721513 0.483771 0.63682 1.16825 0.127645 -0.207902 0.0736069 0.2387 -0.327645 0.317195 -0.140508 -0.160978 -0.0159336 -0.897995 -0.226921 -0.153818
internal_weight=8132 6290 1842 401 1441 369 1072 891 277 181 763 4287 1020 239 3267 351 274 81 1000 128 1043 499 160 431 2224 2132 569 92 2003 1246
internal_count=8132 6290 1842 401 1441 369 1072 891 277 181 763 4287 1020 239 3267 351 274 81 1000 128 1043 499 160 431 2224 2132 569 92 2003 1246
is_linear=0
shrinkage=0.03


Tree=96
num_leaves=31
num_cat=0
split_feature=57 14 9 16 8 19 22 12 20 54 25 24 28 1 20 22 13 10 13 9 54 39 13 20 32 9 22 23 6 8
split_gain=208515 65656.5 75621.4 56520.9 67835.5 54980.1 81379.3 69728.9 67805 66532.6 64076.4 49761.1 64999.3 42531.8 41407 49316.4 40561.4 43161.2 40285.6 51264.7 33676.9 34788.1 31325.4 28287.5 39767.6 35361.2 47774 42033.5 29199.7 27494.1
threshold=261.21428571428578 0.8500000000000002 39.650000000000013 17.650000000000002 33.050000000000004 11.572916666666668 389.00000000000006 6.0500000000000007 7678.0000000000009 143.50000000000003 2.5000000000000004 2073.2400000000002 617.00000000000011 77.100837000000013 34962.250000000007 2225.0000000000005 297.50000000000006 11.550000000000002 254.50000000000003 30.750000000000004 73.350000000000009 31.715116279069772 287.50000000000006 14344.000000000002 110.50000000000001 30.350000000000005 89.500000000000014 2110.4950000000003 2958.5050000000006 27.850000000000005
decision_type=8 2 2 2 2 2 2 2 2 10 2 2 2 2 2 2 2 2 2 2 10 10 2 2 10 2 2 2 2 2
left_child=1 3 29 11 18 6 7 8 10 -10 -2 12 13 -1 15 -6 17 -9 19 -5 -8 -22 -20 25 -25 26 -7 -27 -28 -3
right_child=5 2 -4 4 14 23 20 16 9 -11 -12 -13 -14 -15 -16 -17 -18 -19 22 -21 21 -23 -24 24 -26 27 28 -29 -30 -31
leaf_value=0.57361936988588413 -0.027859698864831878 -0.39282077950789873 1.6064549589157104 -1.4002161771122446 0.29761679021860743 0.60627107674353997 -0.15750546339154242 0.62374704233614298 0.54109836257421051 2.3867948602885005 0.63320974192556057 -0.53353823983341186 1.6149988804413722 0.063068457427421593 -0.27084580536343544 1.8411249793767928 -0.47317878846145633 -0.033398044129629455 0.08777946924045682 -0.35227716774425721 2.3174806051254269 0.97065011811043522 -0.23984146443359991 -0.064960284181936098 -1.2210823635621504 0.24044476096843218 -0.11444941445733561 1.2795402587543834 -1.0325932350029816 -0.16135609184644154
leaf_weight=160 209 736 20 47 272 76 20 130 39 32 358 109 26 1787 114 20 112 292 400 396 20 126 765 142 33 172 198 44 37 1240
leaf_count=160 209 736 20 47 272 76 20 130 39 32 358 109 26 1787 114 20 112 292 400 396 20 126 765 142 33 172 198 44 37 1240
internal_value=3.11404e-10 -0.0879076 -0.228992 -0.0191563 -0.132463 0.262516 0.375327 0.287274 0.498976 1.37296 0.389535 0.0904499 0.124923 0.105024 0.214034 0.403337 0.0343424 0.16904 -0.21995 -0.463458 0.996996 1.15515 -0.127354 0.0475012 -0.282972 0.157241 -0.0475573 0.452112 -0.259008 -0.24757
internal_weight=8132 6092 1996 4096 2014 2040 1338 1172 638 71 567 2082 1973 1947 406 292 534 422 1608 443 166 146 1165 702 175 527 311 216 235 1976
internal_count=8132 6092 1996 4096 2014 2040 1338 1172 638 71 567 2082 1973 1947 406 292 534 422 1608 443 166 146 1165 702 175 527 311 216 235 1976
is_linear=0
shrinkage=0.03


Tree=97
num_leaves=31
num_cat=0
split_feature=57 16 18 6 29 1 18 53 34 17 51 7 1 1 32 19 5 60 10 56 53 44 18 14 0 44 30 44 54 14
split_gain=198780 75279 80546.6 87145.5 101558 69864.1 66883.3 53051.3 52337.1 51341.2 43753.8 35502.2 34635.9 39100.4 34421.9 28885.4 26691.1 26066.6 25890.4 24262.5 22820.2 21103.9 19135.2 18677 18248.9 17998.4 16189.3 14728.7 13366.3 12812.2
threshold=191.92857142857147 19.650000000000002 6635.5000000000009 2958.5050000000006 341.57142857142861 77.309166200000007 4560.0000000000009 254562.70000000004 76.566666666666706 827.50000000000011 625.6400000000001 7.8450000000000006 77.309166200000007 77.188546500000015 185.50000000000003 25.972916666666674 356.00000000000006 17.850000000000005 30.350000000000005 31.100000000000005 210919.45000000004 82.800000000000026 6644.5000000000009 12.750000000000002 28.682925800000003 29.804532374100727 2554.6750000000006 10.850000000000003 55.250000000000007 0.95000000000000007
decision_type=8 2 2 2 2 2 2 2 10 2 2 2 2 2 10 2 2 10 2 8 2 8 2 2 2 10 2 10 10 2
left_child=11 2 3 4 5 -2 -6 9 -5 17 14 15 13 19 -11 20 -12 27 24 -13 29 -15 -21 -17 -9 -14 -10 -3 -26 -1
right_child=1 7 -4 8 6 -7 -8 18 26 10 16 12 25 21 -16 23 -18 -19 -20 22 -22 -23 -24 -25 28 -27 -28 -29 -30 -31
leaf_value=-0.1877509098378424 0.15401350562041391 0.34895063622431322 1.7467237611114979 0.56397376298904411 1.0737203385844547 0.83175712347638853 0.079003449376891632 0.25465262860838156 -0.1622388160601258 -0.31738890710127787 -0.23022976205899165 0.84420102344825865 0.17763370245695115 -0.2352657199588819 -1.2886031707354952 -0.054693287464373921 0.6948455788463842 0.052559035797435115 -0.5094303662117039 -0.0096683397315050993 0.12951736167620082 0.12298526102643526 0.71114117963349122 0.72622349408670117 1.5050179309844969 1.2402843857728518 -1.0532486783082669 1.3946544512112935 0.59482110839407398 -0.38657982353755749
leaf_weight=432 1990 22 32 31 214 147 85 134 24 533 52 32 32 1300 35 94 61 83 28 1320 109 167 34 39 20 26 78 27 53 898
leaf_count=432 1990 22 32 31 214 147 85 134 24 533 52 32 32 1300 35 94 61 83 28 1320 109 167 34 39 20 26 78 27 53 898
internal_value=-1.58655e-11 0.164402 0.250895 0.232263 0.27309 0.200634 0.790941 -0.0502629 -0.515518 -0.165019 -0.269979 -0.133817 -0.0717775 -0.086532 -0.377235 -0.248701 0.269147 0.376477 0.346746 0.027728 -0.287797 -0.194483 0.00843175 0.174297 0.462557 0.653994 -0.843599 0.925155 0.84419 -0.321998
internal_weight=8132 3649 2601 2569 2436 2137 299 1048 133 813 681 4483 2911 2853 568 1572 113 132 235 1386 1439 1467 1354 133 207 58 102 49 73 1330
internal_count=8132 3649 2601 2569 2436 2137 299 1048 133 813 681 4483 2911 2853 568 1572 113 132 235 1386 1439 1467 1354 133 207 58 102 49 73 1330
is_linear=0
shrinkage=0.03


Tree=98
num_leaves=31
num_cat=0
split_feature=35 1 16 58 11 17 57 13 13 17 16 30 21 51 21 57 22 7 65 61 5 11 68 29 53 68 16 13 14 62
split_gain=189186 60090.8 57676.6 57097.7 53573.1 103347 49618.8 45326 54531.2 51889.5 42790.4 42157.1 50856.6 38242.6 37878.3 36748.4 37683.1 35097.2 28868.7 27407.4 26308 25936.1 21246.6 21089.6 20702.1 19263.8 18742 18488.9 17683.1 20005.2
threshold=270.50000000000006 77.100837000000013 11.550000000000002 22.550000000000004 68.500000000000014 992.50000000000011 113.85000000000001 299.50000000000006 133.50000000000003 1712.5000000000002 13.15 13973.853333333334 1479.5000000000002 526.45500000000015 948.00000000000011 268.78571428571433 41.500000000000007 23.045000000000005 34.564285714285724 32.350000000000001 73.500000000000014 41.500000000000007 19.500000000000004 110.78571428571429 239406.85000000001 3.5000000000000004 10.450000000000001 151.50000000000003 8.6000000000000032 1.2750000000000001
decision_type=8 2 2 10 2 2 10 2 2 2 2 2 2 2 2 10 2 2 10 8 2 2 2 2 2 2 2 2 2 10
left_child=1 13 3 26 7 15 27 8 19 -10 -9 12 14 18 -8 -6 -17 20 -1 -4 -5 -12 -19 -15 -20 -22 -2 -3 29 -29
right_child=2 6 4 17 5 -7 11 10 9 -11 21 -13 -14 23 -16 16 -18 22 24 -21 25 -23 -24 -25 -26 -27 -28 28 -30 -31
leaf_value=0.84089607425357982 2.2166438382012505 -0.31078496425227714 -0.90069899260997766 0.027716846659376813 -0.6210648746490478 -0.98559209437119344 -0.050800074368871427 1.1265716196809497 0.29181620664568059 0.81331220374710256 0.35901584524374741 0.98027764074504375 -0.88304866055571107 1.5179514552227089 0.61754027423950342 1.0739871162049315 0.12113039110244794 0.32091362162069842 -0.0068693624877617489 0.0756717823623963 1.6308262939964022 -0.53061235383522409 -0.4841161173219351 0.45503146239689413 0.85218128802047832 0.75409619691043062 1.0398357293523592 0.37014036469790451 -0.5687434146749345 -0.13601543915510086
leaf_weight=46 21 1078 36 37 45 95 3543 21 502 261 39 36 65 28 78 47 182 132 389 92 28 121 38 42 27 116 29 77 76 805
leaf_count=46 21 1078 36 37 45 95 3543 21 502 261 39 36 65 28 78 47 182 132 389 92 28 121 38 42 27 116 29 77 76 805
internal_value=-7.93663e-11 -0.0783045 0.267391 0.585618 0.178836 -0.132943 -0.10649 0.286155 0.374077 0.470205 -0.146655 -0.0413554 -0.0513333 0.226752 -0.0364033 0.162683 0.316695 0.450507 0.127744 -0.198932 0.741237 -0.313765 0.140966 0.880199 0.0488863 0.924571 1.5341 -0.225561 -0.129662 -0.0918272
internal_weight=8132 6290 1842 401 1441 369 5758 1072 891 763 181 3722 3686 532 3621 274 229 351 462 128 181 160 170 70 416 144 50 2036 958 882
internal_count=8132 6290 1842 401 1441 369 5758 1072 891 763 181 3722 3686 532 3621 274 229 351 462 128 181 160 170 70 416 144 50 2036 958 882
is_linear=0
shrinkage=0.03


Tree=99
num_leaves=31
num_cat=0
split_feature=57 17 18 0 5 19 22 59 21 51 7 16 21 24 16 9 12 19 17 7 24 21 13 17 35 5 22 33 24 18
split_gain=179277 61063.1 80967 50209 59526.2 62749.4 48271.1 53710.9 50211.7 48213.4 48571.1 47453 48584 47674.9 41551.6 54914.3 45121.7 42233.8 40754.9 39729.4 32097.5 39794.5 30902.6 30888 30738.6 29861 28750.3 33575.3 31509 26854.2
threshold=261.21428571428578 1607.5000000000002 4291.0000000000009 28.643240000000002 72.500000000000014 11.708333333333336 106.50000000000001 41.592857142857156 141.50000000000003 530.46000000000015 14.065000000000003 10.550000000000002 110.50000000000001 333.44000000000005 14.050000000000002 30.750000000000004 3.8500000000000001 13.262500000000003 1880.0000000000002 6.4850000000000003 61.840000000000003 147.00000000000003 274.50000000000006 1312.5000000000002 208.50000000000003 87.500000000000014 457.50000000000006 155.50000000000003 698.07500000000016 4244.5000000000009
decision_type=8 2 2 2 2 2 2 10 2 2 2 2 2 2 2 2 2 2 2 2 2 2 2 2 10 2 2 10 2 2
left_child=1 9 18 19 20 6 8 -8 -6 11 -11 12 -1 25 16 22 -4 -17 -3 -2 -5 -22 -16 29 -15 -13 28 -28 -7 -12
right_child=3 2 14 4 5 26 7 -9 -10 10 23 13 -14 24 15 17 -18 -19 -20 -21 21 -23 -24 -25 -26 -27 27 -29 -30 -31
leaf_value=-0.17197698346339166 0.90338595975190394 2.1669064185930331 -0.095829645334742961 0.75507684695720678 0.6697351660180304 -0.096270789363804982 1.7384307060241699 0.75213070792821346 -0.31773298256099225 -1.1258754223585128 -0.20236117724714606 -0.12435671712417268 1.0438457006757909 -0.3435835301481388 -1.2670205352455377 0.19510011809078037 0.59706710608539781 -0.10035424066738874 0.39968682646751402 0.014493224977523879 -0.17198728511175077 0.97651739704608909 -0.29110825180806621 0.01512687484862396 -0.85449228173448832 -0.4933076365704086 0.15536643346471171 -1.0291478245908563 0.6293575197336625 0.82385642315040941
leaf_weight=64 48 23 144 50 168 85 65 211 64 24 29 2189 55 555 32 766 205 1009 24 791 286 30 334 181 131 217 62 33 147 110
leaf_count=64 48 23 144 50 168 85 65 211 64 24 29 2189 55 555 32 766 205 1009 24 791 286 30 334 181 131 217 62 33 147 110
internal_value=9.95815e-11 -0.0815117 0.0309204 0.243416 0.367812 0.507643 0.716296 0.984412 0.39733 -0.161748 0.175793 -0.197909 0.389958 -0.220534 0.00763604 -0.0418429 0.311173 0.0271489 1.2645 0.0653476 0.0488005 -0.062952 -0.376434 0.273418 -0.441148 -0.157633 0.183497 -0.256096 0.363502 0.609753
internal_weight=8132 6092 2537 2040 1201 835 508 276 232 3555 344 3211 119 3092 2490 2141 349 1775 47 839 366 316 366 320 686 2406 327 95 232 139
internal_count=8132 6092 2537 2040 1201 835 508 276 232 3555 344 3211 119 3092 2490 2141 349 1775 47 839 366 316 366 320 686 2406 327 95 232 139
is_linear=0
shrinkage=0.03


Tree=100
num_leaves=31
num_cat=0
split_feature=57 57 1 38 19 7 12 5 1 1 13 11 16 63 14 11 63 13 13 25 53 19 11 44 16 56 12 26 44 1
split_gain=170040 68261 51100 43975.6 44843 43592 41641.5 41013.5 34065.4 40227.2 35148.3 30730.9 33881.1 45259.2 28888.5 26669.9 24770.7 24063 29254 25547.9 23048 22614.8 28523.9 22428.7 21761.7 19347.1 22535.8 18307.4 17161.8 16381.5
threshold=191.92857142857147 355.57142857142861 77.100837000000013 7.5050000000000008 19.989583333333339 9.2250000000000014 2.8500000000000005 63.500000000000007 77.309166200000007 77.188546500000015 160.50000000000003 65.500000000000014 22.000000000000004 42.414285714285718 8.6000000000000032 72.500000000000014 13.949285714285717 290.50000000000006 93.500000000000014 1.5000000000000002 254562.70000000004 25.972916666666674 56.500000000000007 82.800000000000026 14.750000000000002 231.50000000000003 7.2500000000000009 10.500000000000002 38.150000000000013 77.309166200000007
decision_type=8 10 2 10 2 2 2 2 2 2 2 2 2 10 2 2 10 2 2 2 2 2 2 8 2 8 2 2 10 2
left_child=8 2 11 17 7 -3 -7 -5 9 10 21 12 13 -2 24 28 27 18 -4 -19 -14 22 -1 -11 -12 26 -13 -8 -10 -18
right_child=1 5 3 4 -6 6 16 -9 15 23 14 25 20 -15 -16 -17 29 19 -20 -21 -22 -23 -24 -25 -26 -27 -28 -29 -30 -31
leaf_value=0.17498687982246591 1.1016825264114052 1.3563602291318502 -0.022945269454609261 -0.167292261979436 -0.59309389514622279 1.7181333932876588 0.11745821150143941 0.11482868936035211 0.39151495021322502 -0.2680282219798456 0.31058126467586361 1.2253398885726927 -0.3194232665649 0.21670009389344383 -0.73018170427903528 0.044026002740285487 0.10087641136879524 0.74177134766694031 0.88136845209216697 -0.3102179012837864 0.83567679925398397 0.29392357205818681 -0.28376186938610781 0.033588200219951216 0.012692277326952276 -0.31386775009858775 -0.18176141960280282 0.82947926084964707 1.5777072412627084 0.66734979311625153
leaf_weight=143 134 44 44 646 107 20 45 1644 23 1857 298 20 53 85 40 83 308 31 120 63 22 85 830 252 851 71 21 117 21 54
leaf_count=143 134 44 44 646 107 20 45 1644 23 1857 298 20 53 85 40 83 308 31 120 63 22 85 830 252 851 71 21 117 21 54
internal_value=4.69517e-10 0.152053 0.0951839 0.0472513 0.00719504 0.448102 0.37464 0.0352435 -0.123766 -0.137886 -0.0495633 0.408635 0.569729 0.758196 0.0623609 0.360558 0.323362 0.419402 0.638748 0.0367147 0.0194061 -0.175346 -0.21634 -0.231989 0.0899516 -0.0142393 0.504629 0.631696 0.957652 0.185378
internal_weight=8132 3649 3061 2655 2397 588 544 2290 4483 4356 2247 406 294 219 1189 127 524 258 164 94 75 1058 973 2109 1149 112 41 162 44 362
internal_count=8132 3649 3061 2655 2397 588 544 2290 4483 4356 2247 406 294 219 1189 127 524 258 164 94 75 1058 973 2109 1149 112 41 162 44 362
is_linear=0
shrinkage=0.03


Tree=101
num_leaves=31
num_cat=0
split_feature=57 16 18 6 28 0 5 53 17 33 32 31 1 1 11 7 60 12 56 10 44 22 8 44 0 35 9 44 54 28
split_gain=159991 66308.5 74306.7 80390.4 79883.2 70872.3 60556.1 46100.3 46289.4 43024.6 38865.4 36310.5 32052.1 37849.8 25093.7 24946.1 24100 23017.8 24584.1 22790.7 21103.1 19042.1 16729.1 16147.5 15672.1 15128.9 16267.6 13821.1 12633.9 12232.4
threshold=191.92857142857147 19.650000000000002 6641.5000000000009 2958.5050000000006 34.166666666666679 28.643240000000002 2.5000000000000004 254562.70000000004 827.50000000000011 79.050000000000011 159.50000000000003 5469.3542857142866 77.309166200000007 77.188546500000015 72.500000000000014 7.8450000000000006 17.850000000000005 10.15 31.100000000000005 30.350000000000005 82.800000000000026 139.50000000000003 28.150000000000002 38.150000000000013 28.682925800000003 250.50000000000003 39.650000000000013 10.850000000000003 55.250000000000007 2.1666666666666674
decision_type=8 2 2 2 2 2 2 2 2 10 10 2 2 2 2 2 10 2 8 2 8 2 2 10 2 10 2 10 10 2
left_child=12 2 3 4 6 -6 -2 8 16 -5 11 -10 13 15 23 22 27 18 -17 24 25 -12 -1 -14 -9 26 -15 -3 -26 -24
right_child=1 7 -4 9 5 -7 -8 19 10 -11 21 -13 14 20 -16 17 -18 -19 -20 -21 -22 -23 29 -25 28 -27 -28 -29 -30 -31
leaf_value=-0.35075602297101793 1.2040539955056231 0.32262075239961796 1.9262960022428761 0.38094307790199916 0.14016299679612174 0.4807131074870814 -0.41306881623896391 0.23209955899128273 -0.14344594934221705 -0.83347516877749528 -1.6255974373450646 -1.1806919990479945 0.3797694906981095 -0.27736706201496003 0.042705224292824064 0.9305997503214869 0.041753944312053988 -0.37963396576307384 0.047003804373995088 -0.48718127201710426 0.032580551917975147 -0.46599899990558624 0.081238217085961864 1.5303760542188372 1.4208994359970091 -0.96494335760672878 0.038400881235829049 1.3355909130308363 0.535989712802869 -0.20320063479631992
leaf_weight=311 23 22 23 36 1104 1096 222 134 598 97 26 32 23 1669 83 29 83 113 1244 28 252 25 247 21 20 27 161 27 53 303
leaf_count=311 23 22 23 36 1104 1096 222 134 598 97 26 32 23 1669 83 29 83 113 1244 28 252 25 247 21 20 27 161 27 53 303
internal_value=-2.4388e-10 0.147492 0.228668 0.213522 0.252594 0.309819 -0.261257 -0.0539775 -0.160952 -0.50476 -0.260614 -0.196131 -0.120053 -0.13375 0.349741 -0.0480764 0.353214 0.0307081 0.0671329 0.316109 -0.225029 -1.05717 -0.1749 0.928923 0.424767 -0.259987 -0.249586 0.880788 0.778431 -0.0754617
internal_weight=8132 3649 2601 2578 2445 2200 245 1048 813 133 681 630 4483 4356 127 2247 132 1386 1273 235 2109 51 861 44 207 1857 1830 49 73 550
internal_count=8132 3649 2601 2578 2445 2200 245 1048 813 133 681 630 4483 4356 127 2247 132 1386 1273 235 2109 51 861 44 207 1857 1830 49 73 550
is_linear=0
shrinkage=0.03


Tree=102
num_leaves=31
num_cat=0
split_feature=35 1 16 58 61 22 51 17 10 52 17 32 16 12 53 25 51 58 26 7 52 65 60 5 22 16 68 28 1 17
split_gain=152659 54139 51722.6 51547.8 45370.5 42720.2 41347.9 51744.6 104862 64074.6 60363.5 57782.7 40957.6 43892.7 38498.9 38448.1 33930.7 33563 33365 33330.1 29997.6 26962.3 26773.8 23839.4 22611.9 19389.6 19334 22662.7 18780.1 18484.2
threshold=270.50000000000006 77.100837000000013 11.550000000000002 22.550000000000004 110.20000000000003 15.500000000000002 1547.9600000000003 1627.5000000000002 14.550000000000002 8426.0000000000018 972.50000000000011 292.50000000000006 17.650000000000002 6.3500000000000005 262150.95000000007 5.5000000000000009 526.45500000000015 36.62383720930233 7.5000000000000009 23.045000000000005 11737.000000000002 34.564285714285724 31.450000000000003 73.500000000000014 376.00000000000006 15.850000000000003 19.500000000000004 257.50000000000006 77.309166200000007 1307.5000000000002
decision_type=8 2 2 10 8 2 2 2 2 2 2 10 2 2 2 2 2 8 2 2 2 10 10 2 2 2 2 2 2 2
left_child=1 16 3 -2 5 18 7 10 -9 -10 17 -12 13 -7 -14 22 21 -4 25 23 -18 -1 24 -5 -8 -3 27 -21 -20 -23
right_child=2 4 6 19 -6 12 15 8 9 -11 11 -13 14 -15 -16 -17 20 -19 28 26 -22 29 -24 -25 -26 -27 -28 -29 -30 -31
leaf_value=0.81515831180240794 1.4427517534732819 -0.19560414894883121 -0.3826368923233428 0.017269611616392393 0.26210038484707471 -0.014936049439946059 0.35149578166007994 2.3679290441491387 1.4133344738734395 0.11890434974023741 -0.45127533419468679 0.70238347732885309 -0.21091766051803806 0.42229595505361311 0.20736033365373557 -0.073083640924521853 1.5114793045073747 0.33961423464309254 -0.14892477819755601 0.019328549124382356 0.26482369008817175 -0.1473646363460622 0.43974371175483329 0.87101009174250066 1.5416937536351822 -0.49669015981031189 -0.48475984708258979 0.86880591997286172 0.45971240568906069 0.25262598720919793
leaf_weight=46 50 315 71 37 300 1613 20 22 38 365 349 44 1601 237 226 70 32 314 923 91 38 211 97 144 51 495 38 41 48 205
leaf_count=46 50 315 71 37 300 1613 20 22 38 365 349 44 1601 237 226 70 32 314 923 91 38 211 97 144 51 495 38 41 48 205
internal_value=2.63943e-10 -0.0703401 0.240195 0.541549 -0.097093 -0.116836 0.156335 0.0848567 0.351062 0.24096 -0.0605637 -0.322113 -0.0584236 0.0410769 -0.159177 0.517628 0.219215 0.20642 -0.237433 0.413172 0.834723 0.125956 0.763759 0.696489 1.20643 -0.379601 0.111524 0.283181 -0.118838 0.0497461
internal_weight=8132 6290 1842 401 5758 5458 1441 1203 425 403 778 393 3677 1850 1827 238 532 385 1781 351 70 462 168 181 71 810 170 132 971 416
internal_count=8132 6290 1842 401 5758 5458 1441 1203 425 403 778 393 3677 1850 1827 238 532 385 1781 351 70 462 168 181 71 810 170 132 971 416
is_linear=0
shrinkage=0.03


Tree=103
num_leaves=31
num_cat=0
split_feature=26 21 1 1 19 6 6 6 61 68 13 11 7 53 58 7 47 46 11 36 12 20 24 54 9 35 25 35 9 33
split_gain=145092 87923.6 81863.7 94643 78895.5 62698.6 76666.8 88660.7 55292.5 54935.8 50199.7 49832 43063.2 41571.8 41339.1 34671.3 26918.5 25517.8 22422.9 19107.4 18428.1 16613.9 15077 14287.6 14269.5 14131.6 28284.9 17728.2 13062.1 12911.6
threshold=10.500000000000002 570.00000000000011 77.309166200000007 77.188546500000015 14.958333333333336 450.67500000000001 578.1350000000001 556.07000000000005 57.628571428571426 3.5000000000000004 150.00000000000003 23.500000000000004 18.025000000000002 239406.85000000001 33.95000000000001 16.195000000000004 121.55000000000001 75.416666666666671 63.500000000000007 326.50000000000006 7.0500000000000007 7582.5000000000009 2268.6750000000006 60.850000000000001 24.150000000000002 291.50000000000006 3.5000000000000004 212.50000000000003 39.650000000000013 155.50000000000003
decision_type=2 2 2 2 2 2 2 2 8 2 2 2 2 2 8 2 8 8 2 10 2 2 2 8 2 10 2 8 2 10
left_child=2 4 3 5 8 13 7 -7 9 22 -4 -8 -11 16 18 -15 -1 19 -12 28 21 -19 -2 -22 -10 27 -27 -16 -5 -3
right_child=1 29 10 17 -6 6 11 -9 24 12 14 -13 -14 15 25 -17 -18 20 -20 -21 23 -23 -24 -25 -26 26 -28 -29 -30 -31
leaf_value=-0.1371201884676865 0.62628065483910689 0.88245117902755732 -0.029850954175440231 -0.26304565260731116 -1.0654710401594638 0.31689205017320959 0.58300375074297184 1.5740975411937517 0.55830652191088748 0.37417592208007011 2.1117404376983644 -0.0037228690848453675 -0.047076723234119842 0.10563830711520635 0.33006990387439727 1.3607115771621465 0.15380253695464599 -0.088891144989658208 0.8138034818483435 -0.98991208261059171 0.01452671486380938 0.40188067038806563 1.4856208665030344 -0.48956923336752001 1.4485924320442731 0.75075466050042039 -0.64963407812118523 1.1897139970252388 -0.015792137430453636 1.7807699300845463
leaf_weight=2002 147 24 134 2069 40 196 150 68 26 396 25 991 487 52 50 32 334 118 23 31 111 131 21 93 43 27 25 38 212 36
leaf_count=2002 147 24 134 2069 40 196 150 68 26 396 25 991 487 52 50 32 334 118 23 31 111 131 21 93 43 27 25 38 212 36
internal_value=8.67437e-11 0.301624 -0.0532381 -0.0760599 0.243703 0.0206018 0.180008 0.640718 0.290459 0.23645 0.41383 0.0734103 0.141843 -0.0719457 0.73007 0.583761 -0.0955242 -0.209778 1.48981 -0.25012 -0.00388579 0.169306 0.733698 -0.215282 1.11312 0.469587 0.0774908 0.70128 -0.240065 1.42144
internal_weight=8132 1220 6912 6590 1160 3825 1405 264 1120 1051 322 1141 883 2420 188 84 2336 2765 48 2312 453 249 168 204 69 140 52 88 2281 60
internal_count=8132 1220 6912 6590 1160 3825 1405 264 1120 1051 322 1141 883 2420 188 84 2336 2765 48 2312 453 249 168 204 69 140 52 88 2281 60
is_linear=0
shrinkage=0.03


Tree=104
num_leaves=31
num_cat=0
split_feature=26 6 18 17 8 52 16 12 9 50 42 13 53 16 51 28 13 24 15 6 36 51 36 13 5 39 18 21 68 6
split_gain=136517 83100.5 88153.1 79722.1 163263 78868.7 63315.2 64314.5 61194.7 59224.4 54108.3 44437.4 44000.7 43989 48694.9 56552.5 61329.9 55074.6 49975.6 42175 40470.1 40334.3 38264.4 37194.2 37009.5 21572.5 18503.6 12751.8 13044.8 7515.24
threshold=10.500000000000002 2958.5050000000006 4034.0000000000005 1607.5000000000002 18.600000000000005 9922.7500000000018 14.050000000000002 3.8500000000000001 30.750000000000004 1.0000000180025095e-35 16.150000000000002 303.50000000000006 277244.05000000005 11.050000000000002 530.46000000000015 92.500000000000014 309.50000000000006 393.00500000000005 987.45000000000016 388.11000000000007 338.50000000000006 267.11500000000007 447.50000000000006 132.00000000000003 41.500000000000007 30.450000000000003 3425.5000000000005 570.00000000000011 5.5000000000000009 3154.3500000000004
decision_type=2 2 2 2 2 2 2 2 2 2 10 2 2 2 2 2 2 2 2 2 10 2 10 2 2 10 2 2 2 2
left_child=3 2 5 13 -5 10 7 20 23 -9 26 -12 -10 24 17 16 -16 19 -17 -15 -6 -19 27 -8 -1 -26 -2 28 -4 -3
right_child=1 29 22 4 6 -7 8 9 12 -11 11 -13 -14 14 15 18 -18 21 -20 -21 -22 -23 -24 -25 25 -27 -28 -29 -30 -31
leaf_value=-0.056926432413106055 0.94630707639313871 -1.0335068997144699 1.2061692901611327 2.7662864910364147 -0.17110009089925415 -1.0511525025600339 -1.2149664203524588 1.0776285628735505 0.014777943254236918 0.2027713844669399 0.10701131366852637 1.0425240433945948 0.56943112271635421 -0.090646910763144461 2.2758522444111957 0.37968760056032547 0.37006964127042075 -0.3536870804185972 -0.41913362134824395 -0.50908195820874746 1.110232959294319 -1.168188679885056 2.131302155865864 -0.25345770444077348 1.4516514984518289 0.41308176477750141 0.37550880207571868 1.1806860357064466 0.42223346752149082 -0.32127208328247064
leaf_weight=98 126 40 25 20 197 41 40 145 1915 134 678 49 138 2333 21 139 55 754 143 239 25 59 22 382 30 45 86 52 81 20
leaf_count=98 126 40 25 20 197 41 40 145 1915 134 678 49 138 2333 21 139 55 754 143 239 25 59 22 382 30 45 86 52 81 20
internal_value=-7.58206e-11 0.292576 0.348886 -0.051641 0.0648412 0.236805 0.0466863 0.354245 -0.015571 0.657446 0.293041 0.170065 0.052061 -0.140758 -0.162374 0.170355 0.896667 -0.197564 -0.0253884 -0.129529 -0.0268058 -0.412796 0.959108 -0.344596 0.326933 0.82851 0.714757 0.795891 0.607124 -0.796095
internal_weight=8132 1220 1160 6912 2996 980 2976 501 2475 279 939 727 2053 3916 3743 358 76 3385 282 2572 222 813 180 422 173 75 212 158 106 60
internal_count=8132 1220 1160 6912 2996 980 2976 501 2475 279 939 727 2053 3916 3743 358 76 3385 282 2572 222 813 180 422 173 75 212 158 106 60
is_linear=0
shrinkage=0.03


Tree=105
num_leaves=31
num_cat=0
split_feature=57 17 1 19 22 12 13 41 68 62 51 7 52 68 12 33 19 53 62 7 1 10 54 52 53 56 17 32 10 7
split_gain=131404 46723.3 45454.7 43689.6 64669.2 58260 59797.8 48821.2 42815.9 50847.1 38299.2 44720.6 40684.1 31043.2 30203.6 28911.5 28580.8 27826.8 27493.8 27149.7 25737.9 24962.2 23103.1 28703.4 32379.2 48344.4 46520 29825.8 21999 21310.8
threshold=261.21428571428578 1307.5000000000002 77.100837000000013 11.572916666666668 105.50000000000001 4.9500000000000011 280.50000000000006 4.4050000000000011 3.5000000000000004 1.2750000000000001 530.46000000000015 19.725000000000005 2250.0000000000005 4.5000000000000009 4.1500000000000012 206.50000000000003 25.908333333333339 77519.650000000009 4.8250000000000011 32.000000000000007 77.14626250000002 15.850000000000003 56.150000000000013 14344.000000000002 115739.45000000001 336.50000000000006 1372.5000000000002 110.50000000000001 26.850000000000005 50.775000000000006
decision_type=8 2 2 2 2 2 2 10 2 10 2 2 2 2 2 10 2 2 10 2 2 2 8 2 2 8 2 10 2 2
left_child=1 10 18 4 5 14 -7 15 -4 -10 12 -12 -1 21 -2 -6 29 -8 -3 -13 -15 -9 -5 24 26 -26 -24 -25 -18 -14
right_child=3 2 8 22 7 6 17 13 9 -11 11 19 16 20 -16 -17 28 -19 -20 -21 -22 -23 23 27 25 -27 -28 -29 -30 -31
leaf_value=0.71383437603019007 0.24828535550547215 1.4218997570446559 0.23405441013004005 0.66664722557948985 0.76472511485894212 0.91069535250013522 -0.6381338193576972 0.93461369416224105 0.2635951711735543 -0.12047180504824315 -1.0001406097412109 1.1698586829761042 -0.25854817296027061 0.59178140829716408 1.002270469278542 2.0352478191587662 0.64644728600978851 -0.073902008838762162 0.2895241580747005 0.2106043074911908 0.13398208224028349 -0.11255004495382308 0.1114102751371774 -0.16937219527244568 0.033561896248906847 0.95829508621487525 -0.75675011643996604 -1.1833618194406681 -0.12504425461762225 0.4013142858346303
leaf_weight=43 167 21 472 46 40 44 118 140 353 2561 20 40 2084 175 67 27 58 236 238 79 300 24 193 125 150 77 78 33 78 45
leaf_count=43 167 21 472 46 40 44 118 140 353 2561 20 40 2084 175 67 27 58 236 238 79 300 24 193 125 150 77 78 33 78 45
internal_value=1.27331e-10 -0.0697849 -0.00171162 0.208397 0.308959 0.0885217 -0.132337 0.506291 -0.0310117 -0.0739462 -0.171185 0.312441 -0.200312 0.42551 0.46417 1.27673 -0.217667 -0.261979 0.381338 0.533043 0.302645 0.78137 0.0167265 -0.0288472 0.0829291 0.347238 -0.138466 -0.381155 0.203974 -0.244601
internal_weight=8132 6092 3645 2040 1338 632 398 706 3386 2914 2447 139 2308 639 234 67 2265 354 259 119 475 164 702 656 498 227 271 158 136 2129
internal_count=8132 6092 3645 2040 1338 632 398 706 3386 2914 2447 139 2308 639 234 67 2265 354 259 119 475 164 702 656 498 227 271 158 136 2129
is_linear=0
shrinkage=0.03


Tree=106
num_leaves=31
num_cat=0
split_feature=57 12 68 19 68 28 12 9 47 37 32 33 68 17 16 21 64 57 32 12 68 16 10 39 12 63 42 34 53 7
split_gain=123956 56381.1 46921.7 51393.3 44890.4 38055.6 28811.2 34553.8 34152.7 25769.3 24370.2 22757.9 22756.7 22389.8 21642.6 21932.2 19269.5 18946.5 18456.4 18311.5 17303.8 16966.1 15532.8 15388.2 15154.5 12593.1 11678.3 10776.1 8894.17 12712.6
threshold=191.92857142857147 2.8500000000000005 25.500000000000004 19.989583333333339 22.500000000000004 34.166666666666679 9.8500000000000032 39.650000000000013 76.950000000000017 536.83333333333337 45.150000000000013 206.50000000000003 3.5000000000000004 2167.5000000000005 22.200000000000006 1727.0000000000002 131.65000000000003 233.07142857142858 134.50000000000003 2.3500000000000001 11.500000000000002 20.400000000000002 26.250000000000004 27.350000000000005 9.1500000000000004 30.273571428571433 30.750000000000004 45.266666666666673 231576.50000000003 40.445000000000007
decision_type=8 2 2 2 2 2 2 2 8 8 8 10 2 2 2 2 10 10 10 2 2 2 2 8 2 10 10 8 2 2
left_child=6 11 3 4 5 -3 7 8 14 17 26 19 25 -12 15 -1 -14 -4 -19 -2 22 -8 -9 -6 -16 -10 -5 -22 29 -23
right_child=1 2 9 10 23 -7 21 20 12 -11 13 -13 16 -15 24 -17 -18 18 -20 -21 27 28 -24 -25 -26 -27 -28 -29 -30 -31
leaf_value=-0.12234055220742843 0.24822701075818479 -0.19652817875146866 1.2008450452092803 0.70381011879444122 -0.91325044596195215 0.17653909805527987 -1.0113501093909143 1.2642669445037842 0.31807425592626842 1.4646167629415339 -0.93192007244351394 1.784441499710083 0.067846811226134007 -0.060445632338523861 -0.68002003884948459 -1.0154341627120971 -0.38267670894449107 0.12495805595400213 0.67110830655321474 1.3211038210175254 0.7320484006404876 -0.26055657725493481 0.33524338680764898 -0.18973587676516865 -0.043745647445321077 1.2327024927735328 -0.26878421974182132 0.023643076751592024 -0.59793484810138908 0.27027584471485827
leaf_weight=2450 41 272 24 20 30 2583 28 25 42 22 83 20 777 39 113 25 96 158 86 22 22 526 46 224 48 20 25 159 62 44
leaf_count=2450 41 272 24 20 30 2583 28 25 42 22 83 20 777 39 113 25 96 158 86 22 22 526 46 224 48 20 25 159 62 44
internal_value=-3.20132e-10 0.129824 0.111833 0.0794555 0.106995 0.140996 -0.105672 -0.0740719 -0.0980311 0.477588 -0.433234 0.902776 0.0577467 -0.653334 -0.153286 -0.131362 0.0183047 0.396563 0.317454 0.622882 0.265445 -0.288713 0.662364 -0.27519 -0.490323 0.613116 0.16348 0.109748 -0.256697 -0.21958
internal_weight=8132 3649 3566 3276 3109 2855 4483 3823 3571 290 167 83 935 122 2636 2475 873 268 244 63 252 660 71 254 161 62 45 181 632 570
internal_count=8132 3649 3566 3276 3109 2855 4483 3823 3571 290 167 83 935 122 2636 2475 873 268 244 63 252 660 71 254 161 62 45 181 632 570
is_linear=0
shrinkage=0.03


Tree=107
num_leaves=31
num_cat=0
split_feature=15 23 1 9 13 13 0 19 13 26 11 28 12 28 32 17 14 0 12 6 35 22 22 33 59 37 68 24 68 11
split_gain=118109 92599.5 90158.7 72431.9 60839.1 60602.7 84177.3 57677 63766.1 53054.7 71886.5 50194 46134.4 62994.5 40871.6 39390.4 37159.8 36303.3 36010.2 44366.2 43148.5 32569.6 32386.4 31787.6 31074.8 29511.2 29258.3 26204.6 25508 23180.2
threshold=986.6500000000002 1668.7900000000002 77.309166200000007 38.45000000000001 268.50000000000006 290.50000000000006 28.682925800000003 15.356250000000001 289.50000000000006 11.500000000000002 56.500000000000007 124.16666666666667 9.8500000000000032 2152.3333333333335 136.50000000000003 1645.0000000000002 0.95000000000000007 28.712721700000003 8.4500000000000011 3092.6550000000002 349.50000000000006 55.500000000000007 570.00000000000011 143.50000000000003 41.000000000000007 337.83333333333343 25.500000000000004 4833.5900000000011 14.500000000000002 24.500000000000004
decision_type=2 2 2 2 2 2 2 2 2 2 2 2 2 2 10 2 2 2 2 2 8 2 2 10 10 10 2 2 2 2
left_child=3 2 5 4 14 6 11 8 22 15 -11 -2 13 16 26 -7 21 -8 19 20 -6 -5 -3 -9 -4 -10 27 -1 -25 -20
right_child=1 7 24 12 18 9 17 23 25 10 -12 -13 -14 -15 -16 -17 -18 -19 29 -21 -22 -23 -24 28 -26 -27 -28 -29 -30 -31
leaf_value=-0.24352378501098967 0.19078241634528925 -0.26843385612142495 1.7734509296894072 0.84642753081806632 0.1444416269601396 -0.31428707198761241 0.79497708760298691 0.69898961951538008 0.54948217828394996 -0.55159953004435491 1.0464809247337612 -0.23497381862485781 -0.42191121312930729 1.9313666024208067 -1.0718378765344621 0.033092100913124971 1.4923117411136626 0.20033115513138955 -0.67164709442621695 -0.85120112767586342 1.3637714931699965 0.10365101756245483 0.59009380326420069 1.0047862190008163 0.61080192559957502 1.6050263916850089 0.20842726880723031 0.40683418620573847 2.4421952419281001 -0.095194770041195781
leaf_weight=2561 710 116 25 59 801 677 231 49 59 38 76 384 99 20 50 519 20 154 77 39 27 534 60 20 120 40 145 57 25 340
leaf_count=2561 710 116 25 59 801 677 231 49 59 38 76 384 99 20 50 519 20 154 77 39 27 534 60 20 120 40 145 57 25 340
internal_value=3.18689e-10 0.138242 0.0819097 -0.0945562 -0.143667 0.0439909 0.175603 0.586149 0.366865 -0.1046 0.513787 0.0413396 0.180319 0.274506 -0.221772 -0.163543 0.220449 0.557119 0.0274452 0.137627 0.184202 0.177553 0.024246 1.22767 0.811259 0.975965 -0.206389 -0.229364 1.80335 -0.201638
internal_weight=8132 3303 2934 4829 4097 2789 1479 369 275 1310 114 1094 732 633 2813 1196 613 385 1284 867 828 593 176 94 145 99 2763 2618 45 417
internal_count=8132 3303 2934 4829 4097 2789 1479 369 275 1310 114 1094 732 633 2813 1196 613 385 1284 867 828 593 176 94 145 99 2763 2618 45 417
is_linear=0
shrinkage=0.03


Tree=108
num_leaves=31
num_cat=0
split_feature=57 19 22 7 19 53 41 14 9 16 53 24 21 0 9 23 13 23 16 63 22 15 32 19 5 14 20 5 6 34
split_gain=111183 39589.6 59333.6 48962.2 60292.5 48764.5 44028.3 38141.2 58856.9 44549.9 49719.3 41453.5 60250.8 45990.6 32739.6 44275.1 41381.3 31865.8 30802.9 28938.4 25973.6 25730.8 25416.9 23289.2 25077.3 22279.5 21648.9 23445.2 43944.3 32932.2
threshold=261.21428571428578 11.572916666666668 105.50000000000001 19.385000000000005 9.0229166666666689 87447.60000000002 4.4050000000000011 0.8500000000000002 39.650000000000013 17.650000000000002 266093.60000000003 2073.2400000000002 512.00000000000011 28.643240000000002 30.750000000000004 865.85500000000013 276.00000000000006 256.88000000000005 19.650000000000002 13.117738095238098 90.500000000000014 992.75000000000011 171.50000000000003 25.985416666666669 771.00000000000011 4.0000000000000009 2399.7500000000005 271.00000000000006 2756.5350000000003 86.833333333333357
decision_type=8 2 2 2 2 2 10 2 2 2 2 2 2 2 2 2 2 2 2 8 2 2 10 2 2 2 2 2 2 10
left_child=7 2 3 4 20 -5 22 9 23 11 14 12 13 -1 16 -16 -11 -7 -12 21 -2 -8 -4 24 -9 -25 -3 -28 -29 -30
right_child=1 26 6 5 -6 17 19 8 -10 10 18 -13 -14 -15 15 -17 -18 -19 -20 -21 -22 -23 -24 25 -26 -27 27 28 29 -31
leaf_value=-0.018765493183384968 0.12139180119455296 0.98209084367752075 0.57840412778239092 -0.56548621432819668 0.7950369825524588 1.0957145953391281 1.1927556713188396 -0.23493364742692971 1.4475423792600632 -1.2430792192195326 1.0844313248750324 -0.48400485535553839 1.580384489250183 0.27986147745130374 0.0053618717514951749 -0.37956516182536015 -0.29549633186679891 -0.012282114196965035 0.14566997635364531 0.31587923100317289 -0.8966541665130191 0.083145170234716861 1.7502963833014169 -0.13857417929917573 0.43972477934378029 0.63572069572991341 -0.14973973308647559 0.61224826530823784 0.77010618066787717 -0.45637575761925786
leaf_weight=1185 137 20 31 155 144 28 68 1788 20 47 37 109 25 763 999 368 353 141 210 545 27 26 36 79 51 58 440 124 25 93
leaf_count=1185 137 20 31 155 144 28 68 1788 20 47 37 109 25 763 999 368 353 141 210 545 27 26 36 79 51 58 440 124 25 93
internal_value=1.01774e-10 0.191693 0.287421 0.0762725 0.347099 -0.181179 0.476437 -0.0641913 -0.171724 -0.0117904 -0.112385 0.0855189 0.116983 0.0982018 -0.168115 -0.0982615 -0.406837 0.171291 0.286294 0.399724 -0.0462133 0.885842 1.20808 -0.188113 -0.216224 0.189229 0.00923765 -0.0192918 0.217886 -0.196528
internal_weight=8132 2040 1338 632 308 324 706 6092 1996 4096 2014 2082 1973 1948 1767 1367 400 169 247 639 164 94 67 1976 1839 137 702 682 242 118
internal_count=8132 2040 1338 632 308 324 706 6092 1996 4096 2014 2082 1973 1948 1767 1367 400 169 247 639 164 94 67 1976 1839 137 702 682 242 118
is_linear=0
shrinkage=0.03


Tree=109
num_leaves=31
num_cat=0
split_feature=15 5 21 16 16 13 9 13 1 23 8 21 5 13 12 5 16 13 23 25 5 11 8 21 8 24 15 22 15 14
split_gain=106670 88490.2 71706 68495.1 133707 67463.9 65798.8 63945.1 59910.2 51085.1 49338.2 48116.3 50584.8 50564.6 47396.5 54249.8 38965.4 37908.9 36419.2 34723.2 34656.6 33706.5 32416 31111 30906.6 29798.5 28038.6 25226.2 23698 23078.1
threshold=986.6500000000002 311.50000000000006 512.00000000000011 14.750000000000002 14.550000000000002 291.50000000000006 39.650000000000013 289.50000000000006 77.309166200000007 777.7850000000002 16.650000000000002 206.00000000000003 148.50000000000003 253.00000000000003 9.8500000000000032 2099.0000000000005 20.250000000000004 78.000000000000014 454.67500000000001 1.0000000180025095e-35 6.5000000000000009 54.500000000000007 19.750000000000004 771.00000000000011 32.400000000000006 2452.2000000000003 993.75000000000011 55.500000000000007 987.80000000000007 0.45000000000000007
decision_type=2 2 2 2 2 2 2 2 2 2 2 2 2 2 2 2 2 2 2 2 2 2 2 2 2 2 2 2 2 2
left_child=6 3 19 4 8 7 11 20 9 -2 -9 12 13 18 15 24 -15 -13 -1 -3 -5 23 26 -19 -8 28 -7 -26 -21 -23
right_child=1 2 -4 5 -6 22 14 10 -10 -11 -12 17 -14 16 -16 -17 -18 21 -20 25 -22 29 -24 -25 27 -27 -28 -29 -30 -31
leaf_value=-0.18258289523698673 0.19527826497543233 0.99323640378973166 1.3389489372968673 0.67491818475304166 2.6499105875194071 -0.79229144406758922 1.4041161088943481 0.15518964941427113 1.0235368567705154 -0.42767784246364393 1.6452291746344416 0.49796505521982909 0.26179102755195566 0.15416393517736751 -0.40695063648914748 1.8407301564216612 -0.21171360547738996 0.0010919254767091085 -0.68816595756333232 0.35121641859412189 -0.055352844562771043 -0.86948240877251037 -0.12812388557265514 -0.7938154416367158 0.93318270463209874 0.81180588829517364 -0.11199328562881372 0.13803421862300067 -0.24417314149053956 -0.28897456175023384
leaf_weight=2003 1239 62 80 64 20 176 20 40 72 131 40 40 329 774 99 20 396 178 137 125 679 191 320 59 39 60 79 453 116 91
leaf_count=2003 1239 62 80 64 20 176 20 40 72 131 40 40 329 774 99 20 396 178 137 125 679 191 320 59 39 60 79 453 116 91
internal_value=-2.3221e-10 0.131376 0.525921 0.0702634 0.213828 -0.0798737 -0.0898605 0.0943219 0.180041 0.135711 0.900209 -0.132794 -0.0929867 -0.12825 0.195772 0.307933 0.0303285 -0.391932 -0.21495 0.346741 0.00755072 -0.460517 -0.329201 -0.196796 0.248058 0.213576 -0.581532 0.201064 0.0646389 -0.682155
internal_weight=8132 3303 443 2860 1462 1398 4829 823 1442 1370 80 4198 3639 3310 631 532 1170 559 2140 363 743 519 575 237 512 301 255 492 241 282
internal_count=8132 3303 443 2860 1462 1398 4829 823 1442 1370 80 4198 3639 3310 631 532 1170 559 2140 363 743 519 575 237 512 301 255 492 241 282
is_linear=0
shrinkage=0.03


Tree=110
num_leaves=31
num_cat=0
split_feature=26 1 1 68 6 22 18 7 20 17 63 36 58 7 33 5 24 14 20 58 11 35 55 12 18 19 35 68 21 37
split_gain=100461 69176.1 80190.5 67131.7 67028.9 71091.1 70035.5 52256.5 43943.6 43046.4 39579.1 35168.8 34561.3 32242.6 51012.3 37872.7 29804.2 28695.3 27680.6 26042.9 35003.4 25905.7 19202.4 19029.6 16720.5 16677.2 16333.1 13778.6 16211.8 13322.9
threshold=10.500000000000002 77.100837000000013 77.309166200000007 25.500000000000004 2958.5050000000006 376.00000000000006 3445.5000000000005 40.910000000000004 9922.7500000000018 902.50000000000011 6.0192857142857159 423.50000000000006 95.050000000000011 21.820000000000004 182.50000000000003 206.00000000000003 431.37500000000006 4.7000000000000002 9265.5000000000018 42.350000000000001 70.500000000000014 298.50000000000006 102.03571428571432 8.2500000000000018 3744.5000000000005 13.262500000000003 324.50000000000006 4.5000000000000009 570.00000000000011 328.50000000000006
decision_type=2 2 2 2 2 2 2 2 2 2 8 10 8 2 10 2 2 2 2 10 2 8 8 2 2 2 10 2 2 10
left_child=1 10 3 13 5 6 7 9 16 -2 18 21 27 15 -15 -3 -8 23 -1 20 22 -5 -4 24 -12 26 -21 -7 -29 -9
right_child=4 2 19 11 -6 12 8 29 -10 -11 17 -13 -14 14 -16 -17 -18 -19 -20 25 -22 -23 -24 -25 -26 -27 -28 28 -30 -31
leaf_value=0.39514443111419678 0.46142661100831522 -0.1683152735976356 0.83702333284587394 0.24206337629047697 -0.7267632973790169 1.1601133339221661 0.27054122949503867 -0.89262183529990058 -1.0043792290222355 1.3372935574054716 -0.2031368468914713 -0.89252327433122058 1.8615661191940307 -0.011178442038512235 -0.78274293914437287 -0.74734731619698658 -0.22327809903012141 -0.27030358213728123 1.7467793518066406 0.74968082207441322 0.22835776943426864 0.90558169538324529 1.9356888075308365 -0.046176064996706213 0.42894279379407835 -0.085344219307162766 -0.1388202855322096 0.34284340821598702 1.0264406430444051 -0.012730158511864938
leaf_weight=30 319 3199 41 268 60 39 219 21 41 60 42 21 24 2143 80 105 221 110 25 60 65 66 22 136 365 107 27 114 43 59
leaf_count=30 319 3199 41 268 60 39 219 21 41 60 42 21 24 2143 80 105 221 110 25 60 65 66 22 136 365 107 27 114 43 59
internal_value=-7.50767e-11 -0.0442995 -0.0763606 -0.101596 0.250982 0.301555 0.187937 0.453021 -0.0650218 0.600086 0.236642 0.298305 0.787014 -0.127282 -0.038945 -0.186717 0.0225092 0.171545 1.00952 0.384619 0.716768 0.373178 1.22068 0.261054 0.363716 0.165468 0.473939 0.655436 0.530071 -0.243702
internal_weight=8132 6912 6204 5882 1220 1160 940 459 481 379 708 355 220 5527 2223 3304 440 653 55 322 128 334 63 543 407 194 87 196 157 80
internal_count=8132 6912 6204 5882 1220 1160 940 459 481 379 708 355 220 5527 2223 3304 440 653 55 322 128 334 63 543 407 194 87 196 157 80
is_linear=0
shrinkage=0.03


Tree=111
num_leaves=31
num_cat=0
split_feature=15 1 23 9 1 18 17 21 6 56 28 10 20 53 10 18 25 50 16 31 20 68 0 61 58 7 14 17 33 24
split_gain=97309.4 77456.2 78728.8 60917.1 53993.2 46858.3 46099.1 45592 51465.7 45089.2 44791 38682.9 94952.2 47988.2 37849.5 36370.7 40472.4 30424.6 28591.4 39183.8 36012.8 27365.8 26963.9 26492.2 24713.3 23247.6 23233.3 23222.8 23013.5 22504.9
threshold=986.6500000000002 77.309166200000007 1668.7900000000002 39.650000000000013 77.188546500000015 4569.5000000000009 3690.0000000000005 206.00000000000003 502.56500000000005 201.50000000000003 2152.3333333333335 11.550000000000002 7899.2500000000009 72846.10000000002 25.850000000000005 4034.0000000000005 5.5000000000000009 1.0000000180025095e-35 21.750000000000004 165.14571428571418 20039.500000000004 11.500000000000002 28.682925800000003 33.832857142857151 52.150000000000013 23.280000000000005 2.6500000000000008 4002.5000000000005 83.850000000000009 74.315000000000012
decision_type=2 2 2 2 2 2 2 2 2 10 2 2 2 2 2 2 2 2 2 2 2 2 2 10 8 2 2 2 8 2
left_child=3 2 4 7 11 15 10 8 18 28 22 12 -2 -13 26 -4 -17 29 20 -20 -1 -19 -5 -7 -3 -24 -9 -8 -10 -6
right_child=1 24 5 6 17 23 27 14 9 -11 -12 13 -14 -15 -16 16 -18 21 19 -21 -22 -23 25 -25 -26 -27 -28 -29 -30 -31
leaf_value=-0.066234871429615538 0.24025831918526727 1.296551937292207 -0.020771201911725497 0.1707106766180041 0.97023520734575053 -1.0728883986369424 -0.55033133119533328 -0.62540943734067889 0.049754567156783072 0.50984343748322514 1.7810253453254699 -0.62479065754704854 1.6928755993057381 0.10717777161457342 0.015623924883118099 0.98901280981652873 -0.077340860637394995 0.010247322482887856 -0.15524305470434466 -0.6360630458188371 -0.82302753401213669 -0.33437712984995566 0.089277147907763726 0.28040911245346067 0.50679585907984226 1.11208868175745 0.033245360574551991 0.069341972274439667 -0.7226157480329275 0.063317939969045778
leaf_weight=2329 509 53 57 267 27 23 79 346 263 223 20 88 44 960 157 204 38 334 508 218 58 547 30 30 109 60 56 175 40 280
leaf_count=2329 509 53 57 267 27 23 79 346 263 223 20 88 44 960 157 204 38 334 508 218 58 547 30 30 109 60 56 175 40 280
internal_value=1.96732e-11 0.12548 0.0924872 -0.0858274 0.039129 0.51526 0.189006 -0.127137 -0.0883885 0.186076 0.39948 0.152834 0.355837 0.0457148 -0.379386 0.660989 0.821569 -0.114105 -0.134764 -0.299622 -0.0846236 -0.203725 0.322082 -0.306871 0.765173 0.771152 -0.533657 -0.123391 -0.0522085 0.143079
internal_weight=8132 3303 3141 4829 2789 352 631 4198 3639 526 377 1601 553 1048 559 299 242 1188 3113 726 2387 881 357 53 162 90 402 254 303 307
internal_count=8132 3303 3141 4829 2789 352 631 4198 3639 526 377 1601 553 1048 559 299 242 1188 3113 726 2387 881 357 53 162 90 402 254 303 307
is_linear=0
shrinkage=0.03


Tree=112
num_leaves=31
num_cat=0
split_feature=57 12 68 19 68 28 13 9 12 13 68 44 44 37 32 33 17 36 32 12 6 24 34 39 51 20 42 51 11 37
split_gain=92727.1 48734.5 39603.1 41771 40007.8 32142.4 24815.7 35154 26649.7 29049.6 24988.7 37737.7 23883 22733.6 21581.8 20677 18325.1 17825.5 27417.8 16306.7 15062 21274.3 15517.3 13765.4 13737.5 11695.1 10489.4 7337.86 10868.1 10000.4
threshold=191.92857142857147 2.8500000000000005 25.500000000000004 19.989583333333339 22.500000000000004 34.166666666666679 110.50000000000001 37.050000000000004 9.8500000000000032 355.50000000000006 3.5000000000000004 38.150000000000013 99.450000000000017 536.83333333333337 45.150000000000013 206.50000000000003 2167.5000000000005 420.50000000000006 163.50000000000003 2.3500000000000001 1305.0400000000002 10.380000000000001 48.649999999999999 27.350000000000005 212.45000000000002 15367.500000000002 30.750000000000004 9.9000000000000021 24.500000000000004 165.50000000000003
decision_type=8 2 2 2 2 2 2 2 2 2 2 10 8 8 8 10 2 10 10 2 2 2 10 10 2 2 10 2 2 10
left_child=6 15 3 4 5 -3 7 20 9 10 11 -8 -12 17 26 19 -16 18 -4 -2 21 22 -1 -6 -19 -23 -5 -10 -29 -30
right_child=1 2 13 14 23 -7 8 -9 27 -11 12 -13 -14 -15 16 -17 -18 24 -20 -21 -22 25 -24 -25 -26 -27 -28 28 29 -31
leaf_value=-0.19039129873056784 0.2105715982797669 -0.1874546553764273 0.31316300255017282 0.67723330771923063 -0.8518628493323922 0.15540525841211919 0.13118774068908406 0.25681308386678048 -0.4137760944210272 0.92911258245336592 -0.085711474427390161 1.3473274702548979 0.23694885327000711 1.3586503295464949 -0.85555426671921486 1.6713037168979643 -0.067142580025471174 -0.78461713859438897 1.2054155592982831 1.2230152624303643 0.16463751505953925 -0.36322024544591053 0.35807292554113601 -0.18631268852264493 0.32730868828296661 -0.90566311087263252 -0.24452814981937404 -0.57782048905268313 -0.19796554622017154 0.302893328035579
leaf_weight=331 41 272 191 20 32 2583 282 132 187 29 2282 25 227 22 83 20 39 20 37 22 70 610 54 222 20 38 25 44 121 51
leaf_count=331 41 272 191 20 32 2583 282 132 187 29 2282 25 227 22 83 20 39 20 37 22 70 610 54 222 20 38 25 44 121 51
internal_value=-9.55178e-11 0.112285 0.0955591 0.0658135 0.0906411 0.12274 -0.0913963 -0.205862 -0.0478726 -0.0155303 -0.0252585 0.230222 -0.056519 0.431582 -0.396396 0.830914 -0.603521 0.355479 0.457958 0.564123 -0.261232 -0.29009 -0.113464 -0.270162 -0.228654 -0.39503 0.165144 -0.276195 -0.157085 -0.0494551
internal_weight=8132 3649 3566 3276 3109 2855 4483 1235 3248 2845 2816 307 2509 290 167 83 122 268 228 63 1103 1033 385 254 40 648 45 403 216 172
internal_count=8132 3649 3566 3276 3109 2855 4483 1235 3248 2845 2816 307 2509 290 167 83 122 268 228 63 1103 1033 385 254 40 648 45 403 216 172
is_linear=0
shrinkage=0.03


Tree=113
num_leaves=31
num_cat=0
split_feature=26 6 22 18 17 8 16 12 9 50 7 20 5 60 36 53 13 43 29 51 15 37 24 16 37 21 16 15 17 10
split_gain=87471.1 60491.1 63804.9 65039.4 55530.6 137638 52092.7 57027.2 53924.1 49492.1 48683.8 40550.2 39983.7 34959.6 33174.1 32194.8 31044.9 30027.9 27927.8 55037 43191.3 37329.9 27918.1 26865.8 22728.9 22554 22509.1 23113.4 22024 20951.9
threshold=10.500000000000002 2958.5050000000006 376.00000000000006 3445.5000000000005 1607.5000000000002 18.600000000000005 14.050000000000002 3.8500000000000001 30.750000000000004 1.0000000180025095e-35 24.705000000000002 9922.7500000000018 30.500000000000004 12.550000000000002 338.50000000000006 277244.05000000005 132.00000000000003 54.616666666666674 92.142857142857167 565.55500000000018 990.1500000000002 162.8333333333334 431.37500000000006 11.050000000000002 318.83333333333343 16.500000000000004 30.650000000000002 976.85000000000002 1447.5000000000002 12.950000000000001
decision_type=2 2 2 2 2 2 2 2 2 2 2 2 2 10 10 2 2 8 2 2 2 10 2 2 10 2 2 2 2 2
left_child=4 2 3 10 13 -6 7 14 16 -9 12 22 -2 23 -7 -10 -8 -4 19 25 28 -21 -5 -1 -12 -15 27 -25 -20 -22
right_child=1 -3 17 11 5 6 8 9 15 -11 24 -13 -14 18 -16 -17 -18 -19 20 21 29 -23 -24 26 -26 -27 -28 -29 -30 -31
leaf_value=0.84880698565393686 -0.22670361892506477 -0.69464420759677881 0.62829111901610313 0.25496943446667225 2.5362765827178952 -0.17127254425571653 -1.121295557320118 0.98780013893390528 0.014334867000657647 0.18804928047665909 -0.84347271978855132 -0.97152914198433471 0.79240009270982392 -0.20529467011217642 0.98882332906723014 0.48877848730139112 -0.24285810298320512 1.8210666465759275 -0.085940063902144787 0.23756153864519935 -0.43581822597318226 1.8622942555993796 -0.22296955841833649 -0.2648403817604732 0.15789881313219667 0.00081961673522449056 -0.70152930329504759 0.12359148801217988 -0.47457062958693891 -1.0718676624647001
leaf_weight=36 40 60 199 219 20 197 40 145 1915 134 24 41 259 1362 25 138 382 21 464 35 108 20 221 173 136 736 38 679 183 82
leaf_count=36 40 60 199 219 20 197 40 145 1915 134 24 41 259 1362 25 138 382 21 464 35 108 20 221 173 136 736 38 679 183 82
internal_value=-6.48147e-11 0.234195 0.282238 0.1746 -0.0413364 0.0558792 0.0392099 0.318183 -0.017261 0.60369 0.430053 -0.0691698 0.656065 -0.115713 -0.0406311 0.0462264 -0.326122 0.742147 -0.165596 -0.108429 -0.312645 0.828373 0.0149137 0.0453566 0.00769308 -0.132988 0.0128574 0.0447198 -0.195862 -0.710324
internal_weight=8132 1220 1160 940 6912 2996 2976 501 2475 279 459 481 299 3916 222 2053 422 220 2990 2153 837 55 440 926 160 2098 890 852 647 190
internal_count=8132 1220 1160 940 6912 2996 2976 501 2475 279 459 481 299 3916 222 2053 422 220 2990 2153 837 55 440 926 160 2098 890 852 647 190
is_linear=0
shrinkage=0.03


Tree=114
num_leaves=31
num_cat=0
split_feature=57 1 1 43 19 18 16 22 14 30 16 49 60 22 37 34 51 60 36 32 16 36 22 24 49 19 57 18 62 58
split_gain=84881.5 61795 47671.4 50841 34792 31541.5 30723.5 29561.9 25601 25599.8 21146.3 20574.7 19159.3 18957.5 18849.9 23961 18636 21595 18208 19488 16263.4 15718.1 15490.8 21068.9 15250.9 13595.3 10973 9019.13 8380.24 7458.87
threshold=338.64285714285717 77.100837000000013 77.309166200000007 138.16666666666671 19.989583333333339 6641.5000000000009 14.750000000000002 104.50000000000001 4.7000000000000002 2824.856666666667 11.550000000000002 32.928333333333349 12.250000000000002 71.000000000000014 493.16666666666669 272.50000000000006 15.775000000000002 9.5550000000000015 364.50000000000006 136.50000000000003 22.000000000000004 274.50000000000006 610.00000000000011 3092.6550000000002 89.350000000000037 13.262500000000003 224.64285714285717 5920.0000000000009 4.5850000000000009 88.350000000000009
decision_type=8 2 2 8 2 2 2 2 2 2 2 10 8 2 10 10 2 8 10 10 2 10 2 2 8 2 10 2 10 8
left_child=1 5 3 4 6 8 -3 10 11 -6 13 -1 -12 -2 21 -16 25 -18 19 -5 -13 -9 23 -23 -14 -4 -27 -19 -17 -15
right_child=7 2 16 18 9 -7 -8 14 -10 -11 12 20 24 29 15 28 17 27 -20 -21 -22 22 -24 -25 -26 26 -28 -29 -30 -31
leaf_value=0.9601701631044085 0.93318988910088163 0.085069096042055856 0.71576537143799568 0.27338251181588269 -0.17869862779065632 1.4119684513807296 -0.099334516658854802 1.1177910688519477 -0.20884649504602482 -1.0333588229119777 0.63801905870437625 0.31573869342459865 -0.65798259572071183 -0.090316530775349083 0.086680093492780413 1.7716399233341218 1.376086655722724 0.63364583567432731 -0.59943070918321606 1.2403563428521156 -0.12014245191153058 0.30843982054217228 -0.4658048028605325 1.2306493896245956 -0.044495921028151315 0.17211639617728308 -0.41527050808856358 -0.065397755136856667 0.94774718513488765 0.43178929909415864
leaf_weight=38 39 1183 31 302 2205 20 2601 24 113 32 27 427 51 53 21 20 27 46 20 20 94 314 21 24 128 116 38 26 25 46
leaf_count=38 39 1183 31 302 2205 20 2601 24 113 32 27 427 51 53 21 20 27 46 20 20 94 314 21 24 128 116 38 26 25 46
internal_value=1.79274e-10 -0.0318601 -0.059948 -0.0769213 -0.0971318 0.237938 -0.041684 0.294857 0.202997 -0.190924 0.0855926 0.28625 -0.106923 0.372971 0.455184 0.923436 0.320337 0.652542 0.278889 0.333443 0.237096 0.374493 0.324802 0.373922 -0.219288 0.142562 0.0271768 0.381213 1.31392 0.152278
internal_weight=8132 7339 6647 6363 6021 692 3784 793 672 2237 344 559 206 138 449 66 284 99 342 322 521 383 359 338 179 185 154 72 45 99
internal_count=8132 7339 6647 6363 6021 692 3784 793 672 2237 344 559 206 138 449 66 284 99 342 322 521 383 359 338 179 185 154 72 45 99
is_linear=0
shrinkage=0.03


Tree=115
num_leaves=31
num_cat=0
split_feature=15 5 21 21 21 26 28 31 21 9 11 17 21 30 13 16 5 54 10 6 0 21 19 28 22 18 17 38 18 14
split_gain=79149.7 73905.4 60194 55883.5 93542.6 61816.5 65173.8 56422.7 95132.8 53575 46076.5 42775.8 42614.8 46845.5 49572.8 41962.1 41247 38548.2 34560.5 32488.6 31694.4 30992.6 27529.3 27201 30512.7 25927.3 20934.1 19832.3 19373.2 18160
threshold=986.6500000000002 307.00000000000006 512.00000000000011 135.50000000000003 89.500000000000014 1.5000000000000002 130.50000000000003 346.5942857142856 17.500000000000004 39.650000000000013 53.500000000000007 3690.0000000000005 206.00000000000003 844.94500000000005 253.00000000000003 20.250000000000004 2099.0000000000005 110.50000000000001 26.550000000000004 23.650000000000002 28.643240000000002 170.50000000000003 21.158333333333335 267.50000000000006 105.50000000000001 6127.5000000000009 4002.5000000000005 33.750000000000007 4569.5000000000009 1.4500000000000002
decision_type=2 2 2 2 2 2 2 2 2 2 2 2 2 2 2 2 2 10 2 2 2 2 2 2 2 2 2 10 2 2
left_child=9 3 20 4 7 17 -7 8 -2 12 -9 16 13 14 21 -16 22 -6 29 -5 -3 -1 25 24 -21 -11 -13 28 -22 -14
right_child=1 2 -4 19 5 6 -8 10 -10 11 -12 26 18 -15 15 -17 -18 -19 -20 23 27 -23 -24 -25 -26 -27 -28 -29 -30 -31
leaf_value=-0.17836665246542499 -0.39180945606687956 0.068803266431722368 1.2133469364903868 1.0367222235202789 0.63901203614473334 0.56558390140643011 -0.18457641921937465 0.12455589352988024 0.31301707181840949 1.1664483125393206 -0.46893049533736136 -0.52594885916649536 -0.53575129149158918 0.39454975330546582 0.16173133277909033 -0.21376867051588594 1.7088424587249755 2.4793205962862284 0.221429450398759 -0.34900071348412892 1.8622778677940368 -1.3647337031364439 -0.18538271840237364 -0.53919977459443524 0.078693379778261019 0.33220811232862113 0.062397082902278224 0.43531643577984397 0.54182852840423579 -0.030273645281007417
leaf_weight=2179 226 216 80 20 20 408 140 188 726 39 315 79 404 179 875 386 20 21 79 256 20 20 79 158 363 239 175 126 20 76
leaf_count=2179 226 216 80 20 20 408 140 188 726 39 315 79 404 179 875 386 20 21 79 256 20 20 79 158 363 239 175 126 20 76
internal_value=-9.47963e-11 0.113167 0.465068 0.0559418 0.139026 0.458003 0.373937 0.00990025 0.145695 -0.0774057 -0.247111 0.180333 -0.116146 -0.078684 -0.103166 0.0467884 0.383079 1.58161 -0.36002 -0.157136 0.30836 -0.189157 0.308807 -0.187866 -0.0981882 0.449242 -0.120592 0.620072 1.20205 -0.455717
internal_weight=8132 3303 462 2841 2044 589 548 1455 952 4829 503 631 4198 3639 3460 1261 377 41 559 797 382 2199 357 777 619 278 254 166 40 480
internal_count=8132 3303 462 2841 2044 589 548 1455 952 4829 503 631 4198 3639 3460 1261 377 41 559 797 382 2199 357 777 619 278 254 166 40 480
is_linear=0
shrinkage=0.03


Tree=116
num_leaves=31
num_cat=0
split_feature=57 0 0 18 10 15 22 15 23 8 28 21 29 8 65 14 21 36 13 14 35 18 16 12 22 45 6 29 63 29
split_gain=78407.2 44709 57422.6 39726.5 34515.9 76332.4 26861.7 26468.4 52671.5 56082.6 31861.5 50627.8 28992.5 25963.9 27277.2 25378.5 24217.5 23969.8 23857.2 25374.2 20602.7 19018.9 18749.2 18585.4 17575.6 15823.7 17608.8 20552.3 14592 13347.7
threshold=338.64285714285717 28.682925800000003 28.712721700000003 6648.0000000000009 11.65 992.95000000000016 104.50000000000001 986.6500000000002 2110.4950000000003 25.050000000000004 119.83333333333336 92.500000000000014 487.85714285714295 26.550000000000004 62.914285714285718 1.0000000180025095e-35 101.50000000000001 373.50000000000006 289.50000000000006 2.5000000000000004 592.00000000000011 6635.5000000000009 11.550000000000002 6.7500000000000009 71.000000000000014 121.50000000000001 2958.5050000000006 393.35714285714295 9.8321428571428608 89.107142857142875
decision_type=8 2 2 2 2 2 2 2 2 2 2 2 2 2 8 2 2 10 2 2 10 2 2 2 2 10 2 2 10 2
left_child=1 7 3 4 5 -3 22 13 10 12 11 -9 -10 18 -15 28 -12 -6 19 -1 25 -16 24 -20 -2 26 27 -8 -4 -24
right_child=6 2 15 -5 17 -7 20 8 9 -11 16 -13 -14 14 21 -17 -18 -19 23 -21 -22 -23 29 -25 -26 -27 -28 -29 -30 -31
leaf_value=-0.6437110385633007 0.89392454170263724 2.425942763328552 0.30108339427206426 1.407588237638657 0.20481088115595136 0.25081768011709427 0.40824913586069733 -0.033053060247293077 -0.11357761461523515 1.5290598589640398 0.49271602058952502 0.45401195502762692 0.88609826344710119 -0.14794124648113796 0.0091834817507394379 -0.31758664781406315 -0.23414887132548617 -0.49109600696157901 0.28264569724759747 -0.18062763650208857 1.2396234416961669 0.52195481346334727 0.22515922603071542 -0.26525530357155008 0.14201425939121029 -0.30429436139828925 -0.24076650478877126 1.0933743963241576 -0.078812150687419175 -0.27817433737895703
leaf_weight=224 39 20 137 26 853 53 317 946 79 39 44 241 39 1932 930 292 661 47 93 203 27 70 74 139 99 28 32 45 271 132
leaf_count=224 39 20 137 26 853 53 317 946 79 39 44 241 39 1932 930 292 661 47 93 203 27 70 74 139 99 28 32 45 271 132
internal_value=1.57057e-10 -0.0306209 0.104289 0.250282 0.219357 0.846742 0.283389 -0.0712613 0.0147752 0.542793 -0.0290403 0.0658371 0.216824 -0.120353 -0.0821095 -0.104064 -0.188784 0.168469 -0.290505 -0.423557 0.436218 0.0450775 0.0839106 -0.0456226 0.354511 0.384815 0.433788 0.493417 0.0487508 -0.0973652
internal_weight=8132 7339 1699 999 973 73 793 5640 2049 157 1892 1187 118 3591 2932 700 705 900 659 427 449 1000 344 232 138 422 394 362 408 206
internal_count=8132 7339 1699 999 973 73 793 5640 2049 157 1892 1187 118 3591 2932 700 705 900 659 427 449 1000 344 232 138 422 394 362 408 206
is_linear=0
shrinkage=0.03


Tree=117
num_leaves=31
num_cat=0
split_feature=1 1 26 18 13 21 18 19 1 13 68 13 62 58 68 11 11 16 54 47 44 18 24 24 21 22 34 22 16 22
split_gain=74230.2 110808 66211.6 50111.1 43651.3 34452.8 34977.5 34412.8 30371.4 31929.5 29193.1 27328.3 26502.6 26055.6 25963 21827.2 20025.8 30068.3 19136.6 16372 14344.3 14151.5 13478.6 13280.3 14003.6 13041.2 21091.8 12231.4 10233.8 10118
threshold=77.309166200000007 77.188546500000015 10.500000000000002 6635.5000000000009 160.50000000000003 570.00000000000011 3411.0000000000005 1.6541666666666668 77.100837000000013 92.000000000000014 25.500000000000004 299.50000000000006 15.250000000000002 33.95000000000001 11.500000000000002 77.500000000000014 68.500000000000014 17.650000000000002 71.950000000000017 129.45000000000002 22.850000000000005 3405.0000000000005 2.8900000000000006 651.75000000000011 30.500000000000004 356.00000000000006 136.8666666666667 453.50000000000006 15.850000000000003 64.500000000000014
decision_type=2 2 2 2 2 2 2 2 2 2 2 2 10 8 2 2 2 2 10 8 10 2 2 2 2 2 8 2 2 2
left_child=1 2 3 8 22 6 15 -5 9 -1 -10 -8 -9 18 16 -4 17 19 -6 -3 -15 23 -2 24 -16 26 -23 -27 -24 -18
right_child=4 14 5 7 13 -7 11 12 10 -11 -12 -13 -14 20 21 -17 29 -19 -20 -21 -22 25 28 -25 -26 27 -28 -29 -30 -31
leaf_value=-0.34480120356787303 0.60478541957007514 0.062579520314366893 0.87917362737261562 0.11280332235439169 0.73922971487045286 1.2966460023143074 0.2360257792132637 1.6260070834288727 -0.066248744731616641 0.26738151465117677 0.2277459962623134 -0.48157257170839735 0.3898516755633884 1.0351016446062036 -0.22246254298916276 0.27684111809700118 -0.12515784023847015 -0.1400755146488307 1.9676676177978516 0.45819134018876967 0.37726855149807093 -0.24449915881052789 0.28476817536347271 -0.45805223401855016 0.26088071760157461 0.3684402072644577 -0.62106371856219056 -0.15808008748372751 -0.32088267606065934 -0.46721924917995927
leaf_weight=88 27 211 121 62 25 33 363 37 2672 596 343 55 27 37 87 98 351 372 21 170 154 1402 36 51 142 52 148 168 83 100
leaf_count=88 27 211 121 62 25 33 363 37 2672 596 343 55 27 37 87 98 351 372 21 170 154 1402 36 51 142 52 148 168 83 100
internal_value=3.91845e-10 -0.0201507 0.0763715 0.0281828 0.407696 0.351479 0.302514 0.616524 0.00814196 0.188621 -0.0328026 0.141605 1.1045 0.659071 -0.153484 0.609637 -0.04291 0.0517778 1.30004 0.239099 0.504702 -0.218426 -0.000358914 -0.0202494 0.0772525 -0.249776 -0.280455 -0.0336298 -0.137661 -0.201003
internal_weight=8132 7749 4495 3825 383 670 637 126 3699 684 3015 418 64 237 3254 219 1204 753 46 381 191 2050 146 280 229 1770 1550 220 119 451
internal_count=8132 7749 4495 3825 383 670 637 126 3699 684 3015 418 64 237 3254 219 1204 753 46 381 191 2050 146 280 229 1770 1550 220 119 451
is_linear=0
shrinkage=0.03


Tree=118
num_leaves=31
num_cat=0
split_feature=1 1 26 18 13 21 18 19 1 13 61 13 62 58 68 11 19 11 45 41 59 16 13 15 9 24 42 33 12 21
split_gain=69843.2 104259 62298.5 47149.6 41071.5 32416.6 32910.4 32379 28576.5 30042.5 28574.4 25713.2 24936.3 24515.8 24428.6 20537.2 18888.2 18568.8 17102.1 15053.2 14618.5 14571.4 13495.7 41656 15823.7 12682 11831.9 11512.2 10323.4 24146.5
threshold=77.309166200000007 77.188546500000015 10.500000000000002 6635.5000000000009 160.50000000000003 570.00000000000011 3411.0000000000005 1.6541666666666668 77.100837000000013 92.000000000000014 110.20000000000003 299.50000000000006 15.250000000000002 33.95000000000001 11.500000000000002 77.500000000000014 19.989583333333339 63.500000000000007 112.50000000000001 27.050000000000004 81.635714285714315 17.650000000000002 193.50000000000003 987.35000000000002 20.300000000000001 2.8900000000000006 32.250000000000007 64.850000000000009 6.2500000000000009 136.50000000000003
decision_type=2 2 2 2 2 2 2 2 2 2 8 2 10 8 2 2 2 2 10 8 8 2 2 2 2 2 8 8 2 2
left_child=1 2 3 8 25 6 15 -5 9 -1 -10 -8 -9 17 16 -4 19 -6 20 26 -15 -21 23 -16 -25 -2 -3 -18 29 -24
right_child=4 14 5 7 13 -7 11 12 10 -11 -12 -13 -14 18 22 -17 27 -19 -20 21 -22 -23 28 24 -26 -27 -28 -29 -30 -31
leaf_value=-0.33445717150853438 0.58664186914761862 -0.065659806169764523 0.85279841702800896 0.10941922037832198 1.8134634235382079 1.2577466189861297 0.22894500635194878 1.5772268702532795 -0.066254546907535128 0.2593600700695643 0.21587774584798711 -0.46712539184974 0.37815612051222058 0.44514744596467132 -0.21986487621471262 0.26853588086609936 -0.16930763514620847 0.60338685035705564 -0.22556730261215796 0.26480998573879544 1.1098037546185346 -0.036097062824395565 -0.2359254006479049 0.9432638096809387 0.17603376440763471 -0.13353075454966362 -0.63308277565240867 -0.82261301444127011 -0.19831164507713789 -0.66869075517905385
leaf_weight=88 27 191 121 62 25 33 363 37 2647 596 368 55 27 126 688 98 366 21 26 306 39 275 361 30 125 119 40 26 675 171
leaf_count=88 27 191 121 62 25 33 363 37 2647 596 368 55 27 126 688 98 366 21 26 306 39 275 361 30 125 119 40 26 675 171
internal_value=3.39305e-10 -0.0195461 0.0740803 0.0273373 0.395465 0.340934 0.293438 0.598029 0.0078977 0.182963 -0.0318185 0.137357 1.07137 0.639299 -0.14888 0.591348 -0.0416227 1.26104 0.489561 0.040937 0.602248 0.122384 -0.211873 -0.119769 0.32453 -0.000348146 -0.163915 -0.212639 -0.276202 -0.375029
internal_weight=8132 7749 4495 3825 383 670 637 126 3699 684 3015 418 64 237 3254 219 1204 46 191 812 165 581 2050 843 155 146 231 392 1207 532
internal_count=8132 7749 4495 3825 383 670 637 126 3699 684 3015 418 64 237 3254 219 1204 46 191 812 165 581 2050 843 155 146 231 392 1207 532
is_linear=0
shrinkage=0.03


Tree=119
num_leaves=31
num_cat=0
split_feature=0 19 22 19 44 12 0 1 15 23 19 28 28 51 0 24 44 23 9 7 44 48 24 7 24 26 9 19 19 20
split_gain=67023.1 61211.8 54509.3 51278.9 41126.5 35345 29377.2 33752.8 27717.8 34232.3 35174.2 34354.3 41955.9 29952.4 27566.9 27452 24871 24539.6 24343.9 24278.6 23527 32812.6 22493.1 21683.4 19647.7 19638.3 18846.7 16150.7 19216.2 24553.6
threshold=28.643240000000002 13.4 31.500000000000004 13.972916666666668 2.8650000000000007 6.7500000000000009 28.647228500000001 77.288048550000013 986.6500000000002 1875.4150000000002 15.404166666666667 119.83333333333336 108.00000000000001 278.12000000000006 28.712721700000003 1401.3600000000004 23.850000000000005 469.30000000000007 30.750000000000004 55.550000000000004 33.250000000000007 82.850000000000009 1668.7900000000002 24.925000000000001 170.02000000000001 2.5000000000000004 30.200000000000006 9.9000000000000004 1.6541666666666668 17182.000000000004
decision_type=2 2 2 2 10 2 2 2 2 2 2 2 2 2 2 2 10 2 2 2 8 8 2 2 2 2 2 2 2 2
left_child=8 2 5 24 15 25 16 -8 18 11 22 12 19 -14 20 -4 -6 -13 26 -10 -5 -22 -11 -19 -3 -2 -1 28 -20 -30
right_child=1 3 4 14 6 -7 7 -9 9 10 -12 17 13 -15 -16 -17 -18 23 27 -21 21 -23 -24 -25 -26 -27 -28 -29 29 -31
leaf_value=-0.24635564934961229 -0.11872863710644734 -0.35458208547698128 0.53184885824407846 0.0057737268517162686 1.2880935271535263 -0.58172781563584097 0.24971560230902556 -0.23080601368315756 0.021955780856524065 -0.34869518512487413 1.1353354723277416 0.2196158276285444 0.92245030228793612 0.13646777170477434 -0.20858770378733554 1.4312560320786527 0.40282881955737648 -0.52215718677764844 -0.2266120361370369 -0.70928009911158751 1.1183260682852645 0.18363472877910322 0.43191918862588474 -0.1232134532293688 -1.4990675005647871 0.66525992826981972 -0.74178286593535847 -0.13177403006471877 -0.32684520487228169 0.46544183777570725
leaf_weight=336 83 27 175 1212 38 110 870 155 823 50 44 98 80 96 410 37 115 220 103 43 38 306 99 277 27 44 87 1933 46 150
leaf_count=336 83 27 175 1212 38 110 870 155 823 50 44 98 80 96 410 37 115 220 103 43 38 306 99 277 27 44 87 1933 46 150
internal_value=-2.24876e-10 0.0955098 0.232457 -0.0147936 0.304159 -0.188072 0.234933 0.177051 -0.0776643 0.0121667 0.390052 -0.0323854 0.0714659 0.493733 0.0102571 0.688821 0.622698 -0.214256 -0.139582 -0.0143527 0.0679218 0.286886 0.169968 -0.299808 -0.926825 0.152889 -0.348252 -0.100035 0.105152 0.279497
internal_weight=8132 3647 1627 2020 1390 237 1178 1025 4485 1830 193 1637 1042 176 1966 212 153 595 2655 866 1556 344 149 497 54 127 423 2232 299 196
internal_count=8132 3647 1627 2020 1390 237 1178 1025 4485 1830 193 1637 1042 176 1966 212 153 595 2655 866 1556 344 149 497 54 127 423 2232 299 196
is_linear=0
shrinkage=0.03


Tree=120
num_leaves=31
num_cat=0
split_feature=0 19 13 17 10 19 44 16 16 16 24 19 68 17 35 0 5 16 5 10 1 44 53 15 24 32 1 13 30 17
split_gain=63062 57594.2 66060.6 72248.2 55867.3 48248.3 42194.4 39929.3 38835.7 33594.2 26717.4 26085.1 24452.6 30059.9 24292.2 23836 23748.7 23024.7 33484.2 22121.8 21941.5 21906.2 18766.5 18549.2 18486.5 18215 16313.7 27346.8 16211.8 16162.3
threshold=28.643240000000002 13.4 291.50000000000006 1725.0000000000002 13.800000000000002 13.972916666666668 2.8650000000000007 10.450000000000001 12.65 14.750000000000002 1401.3600000000004 19.989583333333339 12.500000000000002 687.50000000000011 198.50000000000003 28.712721700000003 126.00000000000001 17.650000000000002 29.500000000000004 11.550000000000002 77.128061500000015 33.250000000000007 254562.70000000004 992.85000000000002 170.02000000000001 72.550000000000011 77.188546500000015 145.00000000000003 351.42000000000013 652.50000000000011
decision_type=2 2 2 2 2 2 10 2 2 2 2 2 2 2 8 2 2 2 2 2 2 8 2 2 2 8 2 2 2 2
left_child=11 2 6 8 -5 24 10 25 23 20 16 12 17 29 -13 21 -2 18 -1 -11 -8 -9 -19 -4 -3 -7 -15 -28 -6 -14
right_child=1 5 3 4 28 7 9 15 -10 19 -12 14 13 26 -16 -17 -18 22 -20 -21 -22 -23 -24 -25 -26 -27 27 -29 -30 -31
leaf_value=-0.40057639619833985 0.94595566543936727 -0.34394461260901554 0.8910947806305356 1.6470673889584011 -0.040284968520037261 0.36406519675254823 1.1715005602581161 -0.018319462751974616 -0.49019229079305432 0.65182714600335145 1.6766819159260817 -0.15304138136884329 0.1291119746118784 -0.015369294792137762 -0.81267447441816332 -0.21842250711823763 0.050680448234081264 -0.15422610767776398 0.29242806862594767 0.072513058656646354 0.43799125234145175 0.2571284109474839 0.33760784264171823 -0.048743951263881861 -1.4540954748789467 1.5160591580186571 0.091827384270559073 -0.28676290127997855 0.45596063901307216 0.8468677024841309
leaf_weight=71 80 27 27 27 119 30 42 1183 259 68 28 1490 96 729 52 399 40 391 540 465 291 333 85 63 27 21 221 770 118 40
leaf_count=71 80 27 27 27 119 30 42 1183 259 68 28 1490 96 729 52 399 40 391 540 465 291 333 85 63 27 21 221 770 118 40
internal_value=4.45928e-10 0.0926445 0.225483 -0.0203766 0.354092 -0.0143498 0.374114 0.00994937 -0.303642 0.294112 0.842235 -0.0753344 -0.0229643 -0.0891424 -0.175286 -0.0121142 0.647531 0.0900317 0.211899 0.146422 0.530506 0.0421846 -0.0663986 0.233208 -0.89902 0.838416 -0.123092 -0.202335 0.206791 0.340217
internal_weight=8132 3647 1627 613 264 2020 1014 1966 349 866 148 4485 2943 1856 1542 1915 120 1087 611 533 333 1516 476 90 54 51 1720 991 237 136
internal_count=8132 3647 1627 613 264 2020 1014 1966 349 866 148 4485 2943 1856 1542 1915 120 1087 611 533 333 1516 476 90 54 51 1720 991 237 136
is_linear=0
shrinkage=0.03


Tree=121
num_leaves=31
num_cat=0
split_feature=1 1 26 6 6 5 21 11 19 63 9 22 37 53 68 11 58 16 24 11 16 43 11 57 58 5 20 33 30 66
split_gain=61300.8 91893.6 53480.3 36700.5 58879.8 65929.5 30170.2 29470.4 27841.1 27648.9 27206.5 41104.6 24728 24141.8 21889.9 18492.3 35367.7 17963.9 17194.5 17056.5 26129.8 13779.2 11795.3 11391.9 15820.4 10768.8 9744.82 9122.42 11885.2 10895.8
threshold=77.309166200000007 77.188546500000015 10.500000000000002 450.67500000000001 578.1350000000001 180.50000000000003 570.00000000000011 23.500000000000004 14.958333333333336 12.479999999999999 37.850000000000001 88.500000000000014 536.83333333333337 228780.80000000002 11.500000000000002 70.500000000000014 41.350000000000001 16.450000000000003 2.8900000000000006 68.500000000000014 14.950000000000001 18.633333333333347 52.500000000000007 298.78571428571433 48.750000000000007 457.50000000000006 2250.0000000000005 163.50000000000003 410.58666666666676 1.0000000180025095e-35
decision_type=2 2 2 2 2 2 2 2 2 10 2 2 10 2 2 2 8 2 2 2 2 10 2 8 10 2 2 8 2 2
left_child=1 2 3 10 5 -5 8 -6 12 -2 13 -12 -4 -1 19 16 -11 22 -17 20 25 -19 -18 -21 -25 -3 -16 29 -29 -28
right_child=9 14 6 4 7 -7 -8 -9 -10 15 11 -13 -14 -15 26 18 17 21 -20 23 -22 -23 -24 24 -26 -27 27 28 -30 -31
leaf_value=-0.052565672573303225 1.3150059891893313 0.26966432190682582 0.26697915679767242 0.40903894605068875 0.44670835511684415 2.1243544780124317 1.2013100550391458 -0.0044972497148873464 -0.77761173790828753 1.1524028027495916 1.0051721463435226 -0.17656560721305697 1.1795263846431461 -0.7620596082102169 0.30429488192586335 0.53190187290310853 1.1518397592173681 -0.16236202920797993 -0.25914073607778243 -0.12733420993911124 -0.057094787611991542 0.49665298844492711 0.32234674036502836 -1.1667883360385896 -0.14786073205992578 1.0034489843845369 -0.19541656342014382 -0.096097307099054924 -0.57716366290070464 0.43523368005752566
leaf_weight=2270 26 180 587 242 150 22 33 991 22 51 54 52 28 44 34 36 27 85 79 395 553 43 36 24 32 20 1792 73 126 25
leaf_count=2270 26 180 587 242 150 22 33 991 22 51 54 52 28 44 34 36 27 85 79 395 553 43 36 24 32 20 1792 73 126 25
internal_value=-4.39048e-11 -0.0183118 0.0695874 0.0262787 0.148237 0.551982 0.316835 0.0548199 0.271014 0.370492 -0.0445276 0.425452 0.308526 -0.0660565 -0.139734 0.301704 0.450545 0.263139 -0.01151 -0.0382029 0.0491835 0.0590258 0.677844 -0.184105 -0.584544 0.343043 -0.199365 -0.207859 -0.400692 -0.186739
internal_weight=8132 7749 4495 3825 1405 264 670 1141 637 383 2420 106 615 2314 3254 357 242 191 115 1204 753 128 63 451 56 200 2050 2016 199 1817
internal_count=8132 7749 4495 3825 1405 264 670 1141 637 383 2420 106 615 2314 3254 357 242 191 115 1204 753 128 63 451 56 200 2050 2016 199 1817
is_linear=0
shrinkage=0.03


Tree=122
num_leaves=31
num_cat=0
split_feature=1 1 26 18 13 56 23 18 0 68 18 58 44 43 54 23 45 14 8 59 22 16 37 13 16 54 24 64 32 16
split_gain=57677.9 86462.7 50319.6 40376.5 36470.8 30448.1 28407 28194.3 27655.1 30068.1 26261.2 21670.1 21226.6 17993.3 17197 16682.7 15403.3 14598.2 14063.4 13133.3 12194.1 13038 17880.3 17083.1 11958.6 17991.8 11705.9 9848.96 9342.24 8821.8
threshold=77.309166200000007 77.188546500000015 10.500000000000002 6635.5000000000009 160.50000000000003 284.50000000000006 3154.3500000000004 3411.0000000000005 28.682925800000003 17.500000000000004 4011.5000000000005 33.95000000000001 126.50000000000001 26.010000000000002 71.950000000000017 10283.990000000002 112.50000000000001 1.0500000000000003 36.100000000000009 81.635714285714315 10.500000000000002 11.950000000000001 240.83333333333334 303.50000000000006 18.450000000000003 61.850000000000001 2.8900000000000006 65.725000000000009 88.15000000000002 15.850000000000003
decision_type=2 2 2 2 2 10 2 2 2 2 2 8 8 8 10 2 10 2 2 8 2 2 10 2 2 10 2 8 10 2
left_child=1 2 3 8 26 18 7 13 15 -10 -9 14 20 -4 -6 -1 19 24 -5 27 -3 23 -23 -22 28 -26 -2 -13 -14 -28
right_child=4 12 6 5 11 -7 -8 10 9 -11 -12 16 17 -15 -16 -17 -18 -19 -20 -21 21 22 -24 -25 25 -27 29 -29 -30 -31
leaf_value=-0.04513554274803943 0.55034001777569452 -0.28659238145398708 0.26495596470151628 0.13392807264861309 0.64206188507080075 1.6272316424846649 1.3674921281771226 0.0013886464261873201 -0.026112394120663667 0.2547718864603446 0.55848842504349616 1.0170242364406585 0.46796005568373095 0.8092727079497356 1.8065831198011126 -0.67891512431596446 -0.23031310200691221 -0.2392043482575596 0.90102883625030517 1.0363952746758094 -0.0015506924798408912 -0.11654006163681237 -0.35214973092246593 0.91510109388828276 0.28331277419071077 -0.4351113393102119 0.25064316930249336 0.29119619584308482 0.095790575744896897 -0.31167625313961361
leaf_weight=2289 27 608 105 76 25 20 22 330 686 686 99 20 109 114 21 38 26 122 30 39 215 1561 356 20 59 67 36 106 137 83
leaf_count=2289 27 608 105 76 25 20 22 330 686 686 99 20 109 114 21 38 26 122 30 39 215 1561 356 20 59 67 36 106 137 83
internal_value=-2.2701e-10 -0.0177625 0.0674997 0.0254903 0.359377 0.553603 0.30733 0.271337 0.00750105 0.11433 0.12995 0.589149 -0.135542 0.548299 1.17369 -0.0554852 0.448369 0.0455689 0.351032 0.555313 -0.167958 -0.13444 -0.160294 0.0764622 0.138962 -0.0987064 -0.0136082 0.406407 0.260695 -0.141563
internal_weight=8132 7749 4495 3825 383 126 670 648 3699 1372 429 237 3254 219 46 2327 191 494 106 165 2760 2152 1917 235 372 126 146 126 246 119
internal_count=8132 7749 4495 3825 383 126 670 648 3699 1372 429 237 3254 219 46 2327 191 494 106 165 2760 2152 1917 235 372 126 146 126 246 119
is_linear=0
shrinkage=0.03


Tree=123
num_leaves=31
num_cat=0
split_feature=15 5 21 21 26 28 31 21 21 9 7 29 17 5 1 56 25 6 8 17 19 28 8 8 35 16 51 24 15 56
split_gain=55550.1 62296.6 48396.1 75457.5 54859.5 54555 52048.2 84302.9 45309.5 43528.4 40356.8 39234.2 37752.9 34273.2 31584 31552.8 29934.6 28184.2 26846.5 32195.3 32035.9 24646.9 28414.9 24320.5 24218.5 20948.2 21417.6 20240.3 20644 17748.1
threshold=986.6500000000002 307.00000000000006 135.50000000000003 89.500000000000014 1.5000000000000002 130.50000000000003 346.5942857142856 17.500000000000004 512.00000000000011 39.650000000000013 10.825000000000001 878.71428571428567 3690.0000000000005 2099.0000000000005 77.100837000000013 188.50000000000003 1.0000000180025095e-35 23.650000000000002 26.550000000000004 3047.5000000000005 13.262500000000003 267.50000000000006 16.250000000000004 32.400000000000006 272.50000000000006 22.200000000000006 22.705000000000005 2452.2000000000003 987.80000000000007 212.50000000000003
decision_type=2 2 2 2 2 2 2 2 2 2 2 2 2 2 2 10 2 2 2 2 2 2 2 2 8 2 2 2 2 10
left_child=9 2 3 6 15 -6 7 -2 16 11 -8 14 13 23 25 -5 24 -4 20 -20 -16 22 -19 -11 -3 26 -1 28 -18 -25
right_child=1 8 17 4 5 -7 10 -9 -10 12 -12 -13 -14 -15 18 -17 27 21 19 -21 -22 -23 -24 29 -26 -27 -28 -29 -30 -31
leaf_value=0.14216379486370917 -0.37194938136598471 0.47610491463116239 0.95593992877006528 0.65238287499972747 0.50221948389402205 -0.18411332274760517 0.28310451976310169 0.29154674341732806 1.0670939297676085 1.3066606103628873 -0.38042574853377231 -0.86793087050066153 -0.11523414323238407 1.5664435765743256 -0.052262890653429497 2.3173568521142007 0.29034662813103446 -0.44210316872420885 -0.097368693770931575 0.36579343933244823 -0.43622527066244143 -0.51907739423545474 0.02123071623445533 0.099495791905829981 1.7444896012544631 -0.22580720661263914 0.72734100520610812 0.66170244491845365 -0.24742114311541785 0.59334150040417577
leaf_weight=258 226 42 20 21 408 140 104 726 80 20 399 59 254 20 343 20 144 161 2769 142 455 158 458 248 20 100 72 60 116 89
leaf_count=258 226 42 20 21 408 140 104 726 80 20 399 59 254 20 343 20 144 161 2769 142 455 158 458 248 20 100 72 60 116 89
internal_value=-6.02832e-11 0.0948068 0.0422675 0.119585 0.406073 0.326879 0.00361194 0.134036 0.417889 -0.0648471 -0.243235 -0.099767 0.167472 0.357943 -0.0888171 1.46457 0.28193 -0.156023 -0.117034 -0.0747754 -0.271189 -0.184645 -0.099281 0.29024 0.885261 0.154572 0.269839 0.165035 0.0504195 0.229918
internal_weight=8132 3303 2841 2044 589 548 1455 952 462 4829 503 4198 631 377 4139 41 382 797 3709 2911 798 777 619 357 62 430 330 320 260 337
internal_count=8132 3303 2841 2044 589 548 1455 952 462 4829 503 4198 631 377 4139 41 382 797 3709 2911 798 777 619 357 62 430 330 320 260 337
is_linear=0
shrinkage=0.03


Tree=124
num_leaves=31
num_cat=0
split_feature=1 1 26 18 13 56 6 22 20 1 13 64 61 58 19 68 54 19 45 41 59 13 15 16 55 8 24 37 26 26
split_gain=54116 80558 45930 36953.6 34096.9 28313.8 27139 27391.8 34492.1 24862.3 27611.3 23460.2 21957.1 20425.9 20288.6 20028.3 16052.2 14578.6 14301 13592.3 12222.2 12114.9 35701 11933.1 11697.3 11556.4 11083.6 10342.8 18212.6 17542.1
threshold=77.309166200000007 77.188546500000015 10.500000000000002 6635.5000000000009 160.50000000000003 284.50000000000006 2958.5050000000006 376.00000000000006 9922.7500000000018 77.100837000000013 92.000000000000014 72.590000000000018 110.20000000000003 33.95000000000001 4.7166666666666677 11.500000000000002 71.950000000000017 19.989583333333339 112.50000000000001 27.050000000000004 81.635714285714315 193.50000000000003 987.25000000000011 17.650000000000002 61.750000000000007 14.900000000000002 2.8900000000000006 240.83333333333334 10.500000000000002 10.500000000000002
decision_type=2 2 2 2 2 10 2 2 2 2 2 10 8 8 2 2 10 2 10 8 8 2 2 2 8 2 2 10 2 2
left_child=1 2 3 9 26 14 7 8 -4 10 -1 -9 -11 16 -5 17 -6 19 20 -3 -15 22 -17 -21 -19 -24 -2 29 -29 -23
right_child=4 15 6 5 13 -7 -8 11 -10 12 -12 -13 -14 18 -16 21 -18 24 -20 23 -22 27 25 -25 -26 -27 -28 28 -30 -31
leaf_value=-0.32500029817054216 0.53621300543347994 -0.15589989764446563 0.29417926036199432 -0.042724797920934081 0.62415528030395506 1.5655075750350953 -0.54464272580363526 1.2965363869883797 -0.91985516854307869 -0.059482856877616098 0.24428233850275433 0.42815987603424432 0.18783256072004367 0.39299162340660887 0.79108178712427613 -0.19515734927622411 1.7492482342038835 -0.14405876732637754 -0.22035338044166564 0.2450412948824027 1.0007342494451084 -0.23910288900983792 0.83344251394271851 -0.027265799324349922 -0.85608387968756927 0.18022122077171046 -0.13704551561539913 -0.90885805100202566 -0.28593367146347293 0.2677408328787847
leaf_weight=88 27 231 494 58 25 20 33 44 22 2647 596 77 368 126 48 683 21 370 26 306 39 893 30 275 22 130 119 54 194 66
leaf_count=88 27 231 494 58 25 20 33 44 22 2647 596 77 368 126 48 683 21 370 26 306 39 893 30 275 22 130 119 54 194 66
internal_value=-4.02174e-11 -0.0172053 0.0650941 0.0249588 0.348104 0.530191 0.294225 0.337682 0.242418 0.00774899 0.171041 0.743933 -0.0292964 0.570272 0.334848 -0.130892 1.13778 -0.033774 0.433594 0.0387582 0.53664 -0.187931 -0.100665 0.116152 -0.184019 0.3027 -0.0125388 -0.248879 -0.42157 -0.204221
internal_weight=8132 7749 4495 3825 383 126 670 637 516 3699 684 121 3015 237 106 3254 46 1204 191 812 165 2050 843 581 392 160 146 1207 248 959
internal_count=8132 7749 4495 3825 383 126 670 637 516 3699 684 121 3015 237 106 3254 46 1204 191 812 165 2050 843 581 392 160 146 1207 248 959
is_linear=0
shrinkage=0.03


Tree=125
num_leaves=31
num_cat=0
split_feature=0 16 11 26 24 51 26 53 62 22 13 47 24 40 0 24 22 30 13 61 1 0 17 62 7 35 63 12 48 34
split_gain=51063.8 47259.6 80107.3 41228.2 41025.8 51200.7 27761 24761.4 26605.2 23588.6 21714.4 21671.8 20071.3 18308.8 17415.8 16247.3 22921.3 15748.7 15671.9 17093.8 14288.5 14078.1 13936.5 17969.3 12919.5 21954.3 15148.8 11680 11571.3 11453.8
threshold=28.643240000000002 19.450000000000003 70.500000000000014 1.5000000000000002 4833.5900000000011 2997.6200000000003 7.5000000000000009 279010.45000000001 31.550000000000004 188.00000000000003 302.50000000000006 88.550000000000011 522.06500000000017 104.30000000000001 28.712721700000003 24.000000000000004 7.5000000000000009 63.548333333333375 268.50000000000006 42.064285714285724 77.14626250000002 28.638037000000004 3105.0000000000005 6.1350000000000007 18.025000000000002 107.50000000000001 32.807142857142857 9.1500000000000004 70.950000000000017 113.63333333333335
decision_type=2 2 2 2 2 2 2 2 8 2 2 8 2 10 2 2 2 2 2 10 2 2 2 10 2 10 8 2 10 10
left_child=11 2 3 -2 5 -5 10 8 22 14 17 20 -12 18 -8 16 -10 -4 19 21 29 -13 28 -24 26 -26 -20 -17 -3 -1
right_child=1 7 6 4 -6 -7 9 -9 15 -11 12 13 -14 -15 -16 27 -18 -19 24 -21 -22 -23 23 -25 25 -27 -28 -29 -30 -31
leaf_value=-0.052435342699996314 1.4642349514696333 -0.17422150889282706 -0.31527785633076377 0.28826901064486121 1.2804475097854933 -0.7406942048867543 0.2600691477630952 0.5526309723489814 0.17313980287693917 -0.60748957348889432 -0.34217665782341589 -0.10915534952530501 -1.3424143856048585 -0.40473284539095189 -0.18230141735903105 -0.22320113861794547 1.365305995259966 0.048789981368989231 0.88319680343974716 0.14347462497094524 -0.15761881577522255 -0.58936664322560484 0.4864199777653343 -0.21433910483064558 0.92562421947717666 -0.0015617975796372193 0.2059991672899574 0.19981601451502903 -0.45211885937519292 0.28545318688624177
leaf_weight=685 27 477 188 1326 36 45 387 54 47 38 65 328 25 86 101 104 21 248 33 214 2102 66 57 78 24 543 300 135 188 104
leaf_count=685 27 477 188 1326 36 45 387 54 47 38 65 328 25 86 101 104 21 248 33 214 2102 66 57 78 24 543 300 135 188 104
internal_value=1.05243e-10 0.0833667 0.157168 0.303029 0.280746 0.254496 -0.0416582 -0.0746608 -0.10526 0.112452 -0.195768 -0.06779 -0.62002 0.0210211 0.168513 0.132154 0.541309 -0.108193 0.0453014 -0.0723644 -0.116757 -0.189597 -0.196368 0.081537 0.124791 0.0376842 0.273109 0.0157416 -0.252785 -0.00789744
internal_weight=8132 3647 2486 1434 1407 1371 1052 1161 1107 526 526 4485 90 1594 488 307 68 436 1508 608 2891 394 800 135 900 567 333 239 665 789
internal_count=8132 3647 2486 1434 1407 1371 1052 1161 1107 526 526 4485 90 1594 488 307 68 436 1508 608 2891 394 800 135 900 567 333 239 665 789
is_linear=0
shrinkage=0.03


Tree=126
num_leaves=31
num_cat=0
split_feature=1 1 19 22 9 44 20 13 9 6 20 32 23 22 44 58 23 51 57 54 12 45 62 34 14 24 35 22 24 54
split_gain=49852.3 73931.8 42683.1 42786 54691.8 41374.3 37274.1 31891.2 21910.7 39077.4 35926.5 37791.3 33019.8 21080.1 18934.7 18926.8 18130.8 17560.5 17044.8 15085.1 14215.5 13492.3 11889 11412.5 11109.7 10371.9 10283.7 10269.2 12261 16456
threshold=77.309166200000007 77.188546500000015 11.708333333333336 105.50000000000001 36.150000000000013 2.5850000000000004 8426.0000000000018 160.50000000000003 38.45000000000001 688.45000000000016 14344.000000000002 115.50000000000001 2110.4950000000003 113.00000000000001 126.50000000000001 33.95000000000001 11251.245000000001 391.51000000000005 206.50000000000003 71.950000000000017 7.0500000000000007 112.50000000000001 5.0050000000000008 198.16666666666671 1.0500000000000003 2.8900000000000006 145.50000000000003 10.500000000000002 22.015000000000004 120.50000000000001
decision_type=2 2 2 2 2 10 2 2 2 2 2 10 2 2 8 8 2 2 10 10 2 10 10 8 2 2 10 2 2 10
left_child=1 2 3 4 6 17 -1 25 10 22 12 -12 -4 -7 27 19 -11 -5 -6 -9 24 23 -10 -17 26 -2 -16 -3 29 -29
right_child=7 14 8 5 18 13 -8 15 9 16 11 -13 -14 -15 20 21 -18 -19 -20 -21 -22 -23 -24 -25 -26 -27 -28 28 -30 -31
leaf_value=0.15955778972856355 0.51616863419612247 -0.26490957207021937 -0.012947165348525002 0.5346510220170021 0.49542990009784699 0.73028408811642576 -0.25002788135126319 0.59734491183757776 1.3812925688425699 0.14950417098444954 -0.2072396242392214 -1.3117054934501648 0.48182972895284726 0.20745868636366158 0.67407340856308628 0.39274470596828243 -0.79492652530116692 1.3775039175965569 1.6403768166628752 1.6880181421552385 -0.14229720086073191 -0.21778459723179155 0.55334986586828483 1.0164939751950177 -0.18314534613641642 -0.13511639771223879 0.17544847044282119 0.0035281113035538617 -0.14158082114139303 0.94134440405028208
leaf_weight=453 27 608 2059 45 25 78 358 25 27 142 395 30 129 630 47 132 21 44 22 21 209 26 37 33 59 119 179 85 2046 21
leaf_count=453 27 608 2059 45 25 78 358 25 27 142 395 30 129 630 47 132 21 44 22 21 209 26 37 33 59 119 179 85 2046 21
internal_value=6.99433e-10 -0.0165136 0.0623284 0.183429 0.0364146 0.341695 -0.0212457 0.334109 -0.00824226 0.274471 -0.0328025 -0.285202 0.0162239 0.265058 -0.125424 0.548971 0.0278291 0.951342 1.03136 1.09526 0.0456296 0.417404 0.902638 0.517495 0.183443 -0.0146733 0.279145 -0.15604 -0.125282 0.189322
internal_weight=8132 7749 4495 1655 858 797 811 383 2840 227 2613 425 2188 708 3254 237 163 89 47 46 494 191 64 165 285 146 226 2760 2152 106
internal_count=8132 7749 4495 1655 858 797 811 383 2840 227 2613 425 2188 708 3254 237 163 89 47 46 494 191 64 165 285 146 226 2760 2152 106
is_linear=0
shrinkage=0.03


Tree=127
num_leaves=31
num_cat=0
split_feature=15 5 21 21 26 28 31 21 21 11 9 13 8 9 26 54 21 12 5 16 35 18 8 14 6 22 56 28 8 32
split_gain=47271.6 56682 46291.6 68537.3 51018.8 50741.8 49375.7 78430.7 41475.5 38210 38163.9 38832.7 31968.5 51796.7 34465.3 31865.4 31192 30301.6 36882.8 28534.5 42987.8 31350 26514.6 25792.5 25372.6 24206.3 22877 22370.8 25783.7 17421.2
threshold=986.6500000000002 307.00000000000006 135.50000000000003 89.500000000000014 1.5000000000000002 130.50000000000003 346.5942857142856 17.500000000000004 512.00000000000011 53.500000000000007 38.45000000000001 268.50000000000006 26.550000000000004 28.650000000000002 3.5000000000000004 110.50000000000001 17.500000000000004 9.8500000000000032 2099.0000000000005 20.250000000000004 349.50000000000006 3935.0000000000005 32.150000000000013 0.35000000000000003 23.650000000000002 55.500000000000007 234.50000000000003 267.50000000000006 16.250000000000004 159.50000000000003
decision_type=2 2 2 2 2 2 2 2 2 2 2 2 2 2 2 10 2 2 2 2 8 2 2 2 2 2 10 2 2 8
left_child=10 2 3 6 15 -6 7 -2 29 -8 11 12 13 26 -14 -5 -15 18 22 20 21 -13 -12 -16 -4 -24 -1 28 -26 -3
right_child=1 8 24 4 5 -7 9 -9 -10 -11 17 19 14 16 23 -17 -18 -19 -20 -21 -22 -23 25 -25 27 -27 -28 -29 -30 -31
leaf_value=-0.19137003469994252 -0.35858120481788586 0.10354695593402621 0.89845359921455381 0.54975731603801248 0.47872492422425078 -0.18318703860895974 0.10046261816662043 0.28138977686635963 1.0167676338292659 -0.43999260737924345 1.249025074481964 -0.72838841805091259 0.76081295388936998 -0.30940086846106818 -0.29630334718348134 2.2229580071994235 -0.98435324301521698 -0.34836627533038456 1.4838256273269654 -0.16598897315205677 1.389903837442398 0.14233969147291337 0.71507716292041845 -0.067586395118587633 -0.42898351159710324 0.074728937783602914 0.60703300696152906 -0.50236289661141886 0.012376793226853469 0.51890290925016735
leaf_weight=188 226 233 20 20 408 140 188 726 80 315 20 39 40 112 601 21 137 99 20 408 24 813 59 1696 161 534 39 158 458 149
leaf_count=188 226 233 20 20 408 140 188 726 80 315 20 39 40 112 601 21 137 99 20 408 24 813 59 1696 161 534 39 158 458 149
internal_value=-5.25656e-11 0.0874575 0.0373417 0.11296 0.385995 0.309623 0.00243225 0.129464 0.395637 -0.237993 -0.0598203 -0.0954688 -0.157869 -0.381959 -0.112226 1.40676 -0.68076 0.139704 0.216038 0.0412377 0.137754 0.102482 0.174674 -0.127429 -0.15659 0.13844 -0.0541995 -0.183747 -0.10242 0.265558
internal_weight=8132 3303 2841 2044 589 548 1455 952 462 503 4829 4097 2813 476 2337 41 249 732 633 1284 876 852 613 2297 797 593 227 777 619 382
internal_count=8132 3303 2841 2044 589 548 1455 952 462 503 4829 4097 2813 476 2337 41 249 732 633 1284 876 852 613 2297 797 593 227 777 619 382
is_linear=0
shrinkage=0.03


Tree=128
num_leaves=31
num_cat=0
split_feature=1 1 0 19 13 12 19 13 13 13 58 68 68 11 47 54 46 16 17 16 45 17 16 13 15 9 59 13 37 37
split_gain=46604.9 69333.8 40670.2 43603.8 63205.2 35457.6 30955.1 29605.5 23660.2 20460.7 17885.6 17815.4 17737 15311 15204.8 17887.8 15038.8 14240.4 13674 13520.9 12704.8 12497.8 12286.3 12238 31932.1 13702.7 11038.9 10628.5 10079.7 9942.71
threshold=77.309166200000007 77.188546500000015 28.682925800000003 13.4 299.50000000000006 7.6500000000000012 13.972916666666668 160.50000000000003 160.50000000000003 143.50000000000003 33.95000000000001 11.500000000000002 17.500000000000004 63.500000000000007 46.705000000000005 18.550000000000004 18.033333333333346 10.550000000000002 1012.5000000000001 11.550000000000002 103.50000000000001 627.50000000000011 11.050000000000002 193.50000000000003 987.25000000000011 20.300000000000001 81.635714285714315 160.50000000000003 298.50000000000006 240.83333333333334
decision_type=2 2 2 2 2 2 2 2 2 2 8 2 2 2 8 8 10 2 2 2 10 2 2 2 2 2 8 2 10 10
left_child=1 2 8 4 5 -4 -5 -2 9 17 13 19 -8 -9 28 -16 -11 -1 -6 22 26 -21 -3 24 -13 -26 -12 -23 -10 -25
right_child=7 11 3 6 18 -7 12 10 14 16 20 23 -14 -15 15 -17 -18 -19 -20 21 -22 27 -24 29 25 -27 -28 -29 -30 -31
leaf_value=0.45562933423689433 -0.013007275964235504 0.1159593513306607 0.67310236080534636 -1.0204074526578186 -0.72819004129618403 0.17197263362494158 -0.061185373916734953 1.5627462275505064 -0.11596904335046539 -0.30594939930283505 0.36970977173164121 -0.17688949452781311 0.20298321693989257 0.46393526950052805 0.92538413949310772 0.09847597697536431 -1.2454783412684565 -0.10863157078177353 -0.034844316872768101 -0.68796906875712527 -0.16464737749099731 -0.16673723742005381 0.868653976392746 -0.19270322719796701 0.87188535213470453 0.16058777866168664 0.95470490749729298 0.028655476976169027 0.48041071918275619 -0.40580751281832494
leaf_weight=42 146 89 372 24 32 193 457 25 461 46 123 683 458 21 24 1240 23 968 128 28 30 405 25 959 30 130 38 657 27 248
leaf_count=42 146 89 372 24 32 193 457 25 461 46 123 683 458 21 24 1240 23 968 128 28 30 405 25 959 30 130 38 657 27 248
internal_value=5.97047e-10 -0.0159667 0.0603843 0.178087 0.352859 0.50192 0.0431468 0.323044 -0.00879894 -0.119313 0.530063 -0.121436 0.0710433 1.06112 0.059263 0.114177 -0.619126 -0.0851673 -0.173513 -0.0298408 0.402166 -0.0623533 0.281024 -0.175232 -0.0875238 0.293956 0.507783 -0.0458587 -0.0829726 -0.236489
internal_weight=8132 7749 4495 1664 725 565 939 383 2831 1079 237 3254 915 46 1752 1264 69 1010 160 1204 191 1090 114 2050 843 160 161 1062 488 1207
internal_count=8132 7749 4495 1664 725 565 939 383 2831 1079 237 3254 915 46 1752 1264 69 1010 160 1204 191 1090 114 2050 843 160 161 1062 488 1207
is_linear=0
shrinkage=0.03


Tree=129
num_leaves=31
num_cat=0
split_feature=1 1 26 18 56 21 6 6 22 18 62 63 19 44 30 51 12 32 12 32 58 22 24 16 55 53 58 43 56 5
split_gain=43850.6 65236.2 36701 31168 25720.4 25413.5 30080.6 23391.7 23518.5 32666.4 25797.8 22765.1 17535.3 17396.2 14775.3 12414.9 16932.4 17283.9 11981.1 10608.4 9596.26 9154 11719.7 12416.4 9048.62 8476.58 8526.67 8183.7 6341.54 13315.1
threshold=77.309166200000007 77.188546500000015 10.500000000000002 6635.5000000000009 284.50000000000006 1479.5000000000002 502.56500000000005 2958.5050000000006 376.00000000000006 3411.0000000000005 8.7450000000000028 12.479999999999999 4.7166666666666677 82.800000000000026 13973.853333333334 502.56500000000005 3.9500000000000006 182.50000000000003 7.0500000000000007 118.50000000000001 45.350000000000001 10.500000000000002 22.015000000000004 11.950000000000001 90.921428571428592 60786.750000000007 89.450000000000017 18.633333333333347 179.50000000000003 140.50000000000003
decision_type=2 2 2 2 10 2 2 2 2 2 10 10 2 8 2 2 2 10 2 10 8 2 2 2 10 2 10 10 8 2
left_child=1 2 3 5 12 6 -1 8 9 -4 -10 -2 -5 21 -7 16 -13 19 25 -18 -17 -3 24 -24 -23 -15 -27 -22 -20 -30
right_child=11 13 7 4 -6 14 -8 -9 10 -11 -12 15 -14 18 -16 20 17 -19 28 -21 27 22 23 -25 -26 26 -28 -29 29 -31
leaf_value=-0.040764943810691998 1.1703995838073582 -0.25223920588820736 0.49344063418981149 -0.050506344769021556 1.4734575140476227 -0.82762599257861857 0.14499704245479539 -0.51541007877750822 1.5385643405914307 0.010497109221689628 0.45663367714500053 0.84074952092766764 0.72466129308566452 -0.4528004119992256 0.10252708001570267 1.1693841369152069 0.096485499582185247 -0.63050913625293303 0.01442515971744433 0.71902561196259085 0.029017934065598709 0.017453484860333528 0.085396861961001852 -0.16175592034040795 0.63921107473044558 0.22399347825791921 -0.41582352590560911 0.82526679243360246 -0.56699312550100411 0.12137719208147468
leaf_weight=2478 26 606 219 58 20 51 1148 33 25 297 96 30 48 20 22 20 205 27 120 28 26 77 204 1772 29 299 20 21 66 41
leaf_count=2478 26 606 219 58 20 51 1148 33 25 297 96 30 48 20 22 20 205 27 120 28 26 77 204 1772 29 299 20 21 66 41
internal_value=9.6628e-11 -0.0154877 0.0585728 0.0226958 0.486695 0.00689044 0.0180477 0.263393 0.30374 0.215467 0.680173 0.313353 0.300513 -0.117793 -0.547306 0.250935 0.1659 0.0880327 0.0333702 0.171297 0.618996 -0.149623 -0.119755 -0.13624 0.187557 0.146317 0.18388 0.384789 -0.135304 -0.303225
internal_weight=8132 7749 4495 3825 126 3699 3626 670 637 516 121 383 106 3254 73 357 290 260 566 233 67 2688 2082 1976 106 339 319 47 227 107
internal_count=8132 7749 4495 3825 126 3699 3626 670 637 516 121 383 106 3254 73 357 290 260 566 233 67 2688 2082 1976 106 339 319 47 227 107
is_linear=0
shrinkage=0.03


Tree=130
num_leaves=31
num_cat=0
split_feature=1 1 0 13 13 10 13 9 13 13 58 44 21 22 11 24 31 20 26 12 17 58 7 43 63 24 0 54 20 13
split_gain=41259 61380.7 38050.6 31334.2 32523.4 60796.9 27060.2 26369 21938.2 19022.9 16486.9 16368.1 14968.1 15914.6 14232.7 12394.8 16816.7 12269.3 11867.7 11273.1 11728.8 12338.9 11218.1 19439.9 14319.5 9690.41 9120.03 8799.77 9617.61 7750.57
threshold=77.309166200000007 77.188546500000015 28.682925800000003 90.500000000000014 299.50000000000006 11.450000000000001 160.50000000000003 27.050000000000004 160.50000000000003 143.50000000000003 33.95000000000001 82.800000000000026 2024.5000000000002 133.50000000000003 63.500000000000007 705.74000000000012 311.32000000000016 2250.0000000000005 5.5000000000000009 7.0500000000000007 1600.0000000000002 21.950000000000003 66.985000000000014 17.740000000000006 34.505000000000003 2.8900000000000006 28.514958500000002 60.850000000000001 10052.250000000002 212.50000000000003
decision_type=2 2 2 2 2 2 2 2 2 2 8 8 2 2 2 2 2 2 2 2 2 10 2 8 10 2 2 8 2 2
left_child=1 2 8 15 5 -5 25 -6 9 17 14 26 13 -10 -8 16 -4 -1 -11 20 -13 -22 23 24 -12 -2 -3 -21 -29 -28
right_child=6 11 3 4 7 -7 10 -9 12 18 22 19 -14 -15 -16 -17 -18 -19 -20 27 21 -23 -24 -25 -26 -27 29 28 -30 -31
leaf_value=0.63396718604224067 0.49577783405780784 -0.014504485506673945 -0.20521054496543237 0.88030547373982904 -0.45431007839166199 0.20697470404687265 1.4953794219017029 0.14572170641024906 0.0047662614701067833 -1.2142837175130843 0.74380454760331371 -0.00073952664543942706 -0.59791534631483023 0.20049719762118134 0.435969443491527 0.1537783150827246 -1.0969142800569534 -0.098831149094989496 -0.34708899818512856 0.05308832859409892 0.94691031093780809 0.21893943401674429 -0.22740311682224271 0.99918363614877059 0.046866146462958259 -0.13374789903143874 -0.10542738952535823 0.045317034859482831 -0.53177177351545268 -0.21700890956871727
leaf_weight=21 27 408 92 136 104 1072 25 180 1172 20 39 205 31 549 21 56 24 989 49 115 26 108 24 45 83 119 991 41 71 1289
leaf_count=21 27 408 92 136 104 1072 25 180 1172 20 39 205 31 549 21 56 24 989 49 115 26 108 24 45 83 119 991 41 71 1289
internal_value=1.02223e-10 -0.0150231 0.0568156 0.170665 0.214866 0.28278 0.303952 -0.0740082 -0.0101025 -0.116519 0.501872 -0.114259 0.0554359 0.0672045 1.01174 -0.212754 -0.389701 -0.0835947 -0.59845 0.0323691 0.141928 0.360188 0.379078 0.466237 0.269658 -0.0173288 -0.145134 -0.131245 -0.320516 -0.16851
internal_weight=8132 7749 4495 1664 1492 1208 383 284 2831 1079 237 3254 1752 1721 46 172 116 1010 69 566 339 134 191 167 122 146 2688 227 112 2280
internal_count=8132 7749 4495 1664 1492 1208 383 284 2831 1079 237 3254 1752 1721 46 172 116 1010 69 566 339 134 191 167 122 146 2688 227 112 2280
is_linear=0
shrinkage=0.03


Tree=131
num_leaves=31
num_cat=0
split_feature=16 14 0 20 10 7 5 28 9 28 25 5 8 16 28 28 45 16 10 23 26 25 28 7 12 23 16 31 44 28
split_gain=40967.9 44757.5 42023.7 50314.4 70725.6 41231.8 45862.9 33078.6 40671.3 33585.4 32332.5 31724.9 29166 26924.8 25973.4 38834.6 25713.3 24234.9 24114.2 31358.7 23262.8 40124 28386.5 25854.2 25282.1 23842.7 22568.1 22550.7 21013.8 20881.5
threshold=14.750000000000002 0.75000000000000011 28.643240000000002 9265.5000000000018 14.750000000000002 23.280000000000005 206.00000000000003 69.500000000000014 23.000000000000004 71.500000000000014 1.0000000180025095e-35 108.50000000000001 36.100000000000009 10.450000000000001 116.16666666666667 108.00000000000001 12.15 12.950000000000001 22.550000000000004 2110.4950000000003 7.5000000000000009 2.5000000000000004 16.500000000000004 21.400000000000002 5.6500000000000012 632.55500000000018 11.550000000000002 409.47142857142848 63.150000000000013 105.83333333333333
decision_type=2 2 2 2 2 2 2 2 2 2 2 2 2 2 2 2 8 2 2 2 2 2 2 2 2 2 2 2 8 2
left_child=1 2 14 13 -5 6 20 10 11 -10 -7 -9 -11 29 15 27 -6 26 -16 -20 21 22 -2 25 -23 -22 -3 -1 -17 -4
right_child=5 17 3 4 16 7 -8 8 9 12 -12 -13 -14 -15 18 28 -18 -19 19 -21 23 24 -24 -25 -26 -27 -28 -29 -30 -31
leaf_value=0.12871424880159482 -0.32453607836251802 0.045669382614524738 0.18882389908035596 2.2176712078518337 0.0006496174693107604 0.60454713749885558 -0.77289049052673842 0.19721417418122292 0.93644129222631445 0.034313346412785058 -0.36876668123431888 1.8869592208564281 0.61924077352881424 0.12788949804686345 -0.24037084214828194 1.106005797925985 0.91178833643595381 0.0013737195597076023 -0.039049287232485685 1.3010990384492005 -0.017586037944699685 -0.69257310887514534 0.14226576149672848 -1.0530418074982508 -0.22786517738461176 0.59285327976942059 -0.68332713465238437 -0.45421021618387281 0.26513206415706209 0.87950029152991438
leaf_weight=491 157 57 72 27 50 35 92 20 40 1872 251 20 80 603 365 53 63 305 55 22 1431 118 463 21 984 60 116 68 54 87
leaf_count=491 157 57 72 27 50 35 92 20 40 1872 251 20 80 603 365 53 63 305 55 22 1431 118 463 21 984 60 116 68 54 87
internal_value=-1.60851e-10 0.101417 0.163468 0.315501 0.83823 -0.0447071 -0.112399 0.0524218 0.0949385 0.0759194 -0.249655 1.04209 0.0582858 0.219461 0.0397012 0.15803 0.50863 -0.159506 -0.138595 0.34385 -0.0936099 -0.169005 0.0240595 -0.00774359 -0.277625 0.00697892 -0.443138 0.0578039 0.68164 0.566741
internal_weight=8132 2488 2010 902 140 5644 3326 2318 2032 1992 286 40 1952 762 1108 666 113 478 442 77 3234 1722 620 1512 1102 1491 173 559 107 159
internal_count=8132 2488 2010 902 140 5644 3326 2318 2032 1992 286 40 1952 762 1108 666 113 478 442 77 3234 1722 620 1512 1102 1491 173 559 107 159
is_linear=0
shrinkage=0.03


Tree=132
num_leaves=31
num_cat=0
split_feature=15 5 21 21 31 21 26 28 21 7 8 19 20 54 1 63 25 29 28 17 17 19 6 20 35 28 8 5 26 7
split_gain=38488.9 50591.9 43590.3 59428.6 45758 71137.7 45605.4 44870.6 38579.6 37093.1 34997.3 32093.2 38534.4 29291.9 29034 30229.9 27458.8 27234.3 26761.2 23220.6 39600.4 31690.9 22712.1 22397.3 20717.9 20425.9 23363.4 20071.9 18296.9 24316.6
threshold=986.6500000000002 307.00000000000006 135.50000000000003 89.500000000000014 346.5942857142856 17.500000000000004 1.5000000000000002 130.50000000000003 512.00000000000011 10.825000000000001 26.450000000000003 13.262500000000003 14914.250000000002 110.50000000000001 77.100837000000013 6.0192857142857159 1.0000000180025095e-35 68.214285714285737 87.833333333333357 3047.5000000000005 3417.5000000000005 18.272916666666671 23.650000000000002 9265.5000000000018 272.50000000000006 267.50000000000006 16.250000000000004 450.00000000000006 7.5000000000000009 21.820000000000004
decision_type=2 2 2 2 2 2 2 2 2 2 2 2 2 10 2 8 2 2 2 2 2 2 2 2 8 2 2 2 2 2
left_child=10 2 3 4 5 -2 13 -8 16 -6 11 17 27 -5 15 23 24 -1 -19 28 21 -21 -4 -12 -3 26 -24 -13 29 -16
right_child=1 8 22 6 9 -7 7 -9 -10 -11 14 12 -14 -15 19 -17 -18 18 -20 20 -22 -23 25 -25 -26 -27 -28 -29 -30 -31
leaf_value=0.36005044267326591 -0.34048481427627586 0.444023472815752 0.84157881760597231 0.50261663027107717 0.27518314087172396 0.26900575797643111 0.44600424487198537 -0.17643677569500038 0.96912334443256265 -0.36095081966062231 0.33842084956169127 -0.18667535701990126 -0.99231174794527199 2.1068317195347377 -0.25314415559714493 0.12286394638561848 0.13265604980383067 -0.73613235577208092 -0.01056390120815791 0.66361469346064106 -0.059111319419623602 -0.096501211146233778 -0.41546021198263822 1.567980958931148 1.6171642141342162 -0.48676432222882404 0.0046745943130845737 -0.77765035496652124 0.004913540948067556 -0.019727227672208632
leaf_weight=120 226 42 20 20 104 726 408 140 80 399 30 375 78 21 880 354 320 61 183 162 404 71 161 24 20 158 458 60 1288 739
leaf_count=120 226 42 20 20 104 726 408 140 80 399 30 375 78 21 880 354 320 61 183 162 404 71 161 24 20 158 458 60 1288 739
internal_value=-7.32574e-11 0.078916 0.0315689 0.104947 0.00202631 0.124316 0.359192 0.286986 0.370069 -0.229424 -0.0539779 -0.225421 -0.37829 1.32429 -0.0159326 0.223721 0.244613 -0.00997586 -0.191956 -0.0435225 0.120523 0.431991 -0.156619 0.884892 0.822456 -0.182313 -0.104601 -0.268189 -0.0794691 -0.1466
internal_weight=8132 3303 2841 2044 1455 952 589 548 462 503 4829 877 513 41 3952 408 382 364 244 3544 637 233 797 54 62 777 619 435 2907 1619
internal_count=8132 3303 2841 2044 1455 952 589 548 462 503 4829 877 513 41 3952 408 382 364 244 3544 637 233 797 54 62 777 619 435 2907 1619
is_linear=0
shrinkage=0.03


Tree=133
num_leaves=31
num_cat=0
split_feature=1 1 0 19 13 12 19 13 13 13 9 63 68 21 47 46 11 65 16 17 11 16 47 16 13 9 15 57 63 12
split_gain=38426.7 56778.8 34794.5 37525.4 54642.7 31256.7 28154.3 25010.2 19965.5 16792.2 16338.1 15719.4 15417.2 13979.6 14909.7 13439.1 12690.5 20434.5 16771.7 12557.6 12085.3 20221.3 12549.1 11678.8 11442 28788 12025.3 10963.4 11413 9705
threshold=77.309166200000007 77.188546500000015 28.682925800000003 13.4 299.50000000000006 7.6500000000000012 13.972916666666668 160.50000000000003 160.50000000000003 143.50000000000003 38.45000000000001 12.479999999999999 11.500000000000002 2024.5000000000002 46.705000000000005 18.033333333333346 72.500000000000014 79.000714285714295 14.850000000000003 1012.5000000000001 68.500000000000014 17.650000000000002 129.45000000000002 10.550000000000002 193.50000000000003 20.300000000000001 986.55000000000007 298.78571428571433 42.414285714285718 6.2500000000000009
decision_type=2 2 2 2 2 2 2 2 2 2 2 10 2 2 8 10 2 10 2 2 2 2 8 2 2 2 2 8 8 2
left_child=1 2 8 4 5 -4 -5 -2 9 23 -8 -9 20 14 -10 -11 17 -13 -19 -6 21 22 -3 -1 25 -14 -27 -22 -29 -26
right_child=7 12 3 6 19 -7 10 11 13 15 -12 16 24 -15 -16 -17 -18 18 -20 -21 27 -23 -24 -25 29 26 -28 28 -30 -31
leaf_value=0.40976601470793994 -0.01553805259809102 0.047897063761561116 0.62491643591693813 -0.97601729914545998 -0.69537550868466491 0.15440821772759752 0.026732517215134675 1.2473971761898561 -0.077276338786196566 -0.26765752712993518 0.48608364106008878 1.1602591809204648 0.83745834037661548 -0.57828293046643653 0.11949522852171363 -1.155812442160171 -0.10008003091489946 0.87286573460698125 0.1490484285846497 -0.030936110811308024 -0.091854973191324671 -0.10850936614322446 0.39425418628313963 -0.10123097057880984 -0.31503896196519854 -0.16261000387795815 0.13878885090351104 0.034213973566889759 -0.85960197153190765 -0.14369655198981571
leaf_weight=42 146 211 372 24 32 193 839 22 481 46 76 35 30 31 1240 23 37 40 103 128 395 372 170 968 532 668 145 20 36 675
leaf_count=42 146 211 372 24 32 193 839 22 481 46 76 35 30 31 1240 23 37 40 103 128 395 372 170 968 532 668 145 20 36 675
internal_value=2.47237e-10 -0.0144982 0.054595 0.163464 0.325597 0.464194 0.0382817 0.293334 -0.00939595 -0.110915 0.0648863 0.48361 -0.109942 0.0531264 0.0644998 -0.563709 0.405455 0.510538 0.351515 -0.163824 -0.0247343 0.0488234 0.20244 -0.0799816 -0.159986 -0.0751783 -0.108855 -0.147548 -0.540382 -0.219218
internal_weight=8132 7749 4495 1664 725 565 939 383 2831 1079 915 237 3254 1752 1721 69 215 178 143 160 1204 753 381 1010 2050 843 813 451 56 1207
internal_count=8132 7749 4495 1664 725 565 939 383 2831 1079 915 237 3254 1752 1721 69 215 178 143 160 1204 753 381 1010 2050 843 813 451 56 1207
is_linear=0
shrinkage=0.03


Tree=134
num_leaves=31
num_cat=0
split_feature=16 29 0 14 29 9 30 20 16 15 9 15 29 36 22 68 18 8 30 0 14 8 18 6 29 39 47 12 21 5
split_gain=37481.1 48573.2 38388.8 39416.4 45203.5 45906.5 34072.1 30920 24897.6 29734.4 25599.4 23262.8 22206.8 20221.7 19404.7 19015.7 19678 18678.4 18671.1 18481 16249.9 17785.2 15334 14702.2 14174.1 12532.6 11759.5 10339 10069.4 9972.69
threshold=19.450000000000003 1662.2857142857144 28.643240000000002 0.15000000000000005 541.42857142857156 19.800000000000001 827.04333333333341 24336.000000000004 19.850000000000005 992.75000000000011 31.050000000000004 982.00000000000011 141.07142857142858 333.50000000000006 2099.0000000000005 13.500000000000002 3405.0000000000005 33.250000000000007 452.77333333333337 28.682925800000003 0.8500000000000002 27.850000000000005 3652.0000000000005 1.4650000000000001 779.857142857143 48.350000000000001 94.250000000000014 11.050000000000002 1479.5000000000002 502.00000000000006
decision_type=2 2 2 2 2 2 2 2 2 2 2 2 2 10 2 2 2 2 2 2 2 2 2 2 2 10 8 2 2 2
left_child=1 2 15 4 5 -4 12 8 10 13 -2 -8 -5 24 17 20 25 27 -15 -19 26 -22 -18 -11 -10 -17 -1 -9 -16 -21
right_child=7 -3 3 6 -6 -7 11 14 9 23 -12 -13 -14 18 28 16 22 19 -20 29 21 -23 -24 -25 -26 -27 -28 -29 -30 -31
leaf_value=0.021444986914401741 -1.0288140549404279 1.4842259370429176 -0.29058130410644739 -0.072450643452750582 -0.83681632558504737 0.28803301809005638 0.83886284263474076 0.10568493722822893 -0.11850708329531205 1.0532574609518051 -0.22475148454004404 -0.23021868879978472 -1.0393153030222113 -0.94684701134761173 0.12534991845488547 -0.030264930309106906 -0.43747505251566565 0.21464433197234128 -0.13366214798763393 1.4006640136241912 -0.50421751414675531 0.017470242102868863 -0.10347271255967934 0.17469800776988267 -0.92218235492706291 0.37619917690248811 0.24456532067605768 -0.28889822432747131 -0.70259510365816258 0.53582191160321235
leaf_weight=437 56 21 135 758 36 1437 62 267 1583 20 98 26 22 54 20 162 135 148 48 20 82 208 1479 120 20 118 414 77 39 30
leaf_count=437 56 21 135 758 36 1437 62 267 1583 20 98 26 22 54 20 162 135 148 48 20 82 208 1479 120 20 118 414 77 39 30
internal_value=-9.45743e-11 0.0441544 0.038667 0.126329 0.214272 0.238343 -0.0365884 -0.0939471 -0.150673 -0.120085 -0.517138 0.522998 -0.0997212 -0.154596 0.0947318 -0.0328492 -0.0911334 0.150974 -0.564172 0.383108 0.0638996 -0.130041 -0.13141 0.300207 -0.128534 0.141031 0.12999 0.0173625 -0.421936 0.881759
internal_weight=8132 5532 5511 2476 1608 1572 868 2600 1999 1845 154 88 780 1705 601 3035 1894 542 102 198 1141 290 1614 140 1603 280 851 344 59 50
internal_count=8132 5532 5511 2476 1608 1572 868 2600 1999 1845 154 88 780 1705 601 3035 1894 542 102 198 1141 290 1614 140 1603 280 851 344 59 50
is_linear=0
shrinkage=0.03


Tree=135
num_leaves=31
num_cat=0
split_feature=1 1 0 19 13 19 10 13 13 68 13 58 46 21 22 54 46 35 13 18 26 45 33 33 48 7 59 21 11 24
split_gain=35734.3 52825 31763.3 34559.9 50934.9 26204.2 24753.5 23341.6 18388.9 16089.1 15717.6 14756.2 14285 12937.1 13889.9 12736.7 12664.4 11692.8 15139.3 11424.2 23143.2 11155.5 11391.1 11203.9 10586 10236.7 10811.8 10517.2 9400.24 9345.15
threshold=77.309166200000007 77.188546500000015 28.682925800000003 13.4 299.50000000000006 13.972916666666668 11.450000000000001 160.50000000000003 160.50000000000003 17.500000000000004 143.50000000000003 33.95000000000001 55.21666666666669 2024.5000000000002 133.50000000000003 71.950000000000017 18.033333333333346 280.50000000000006 297.50000000000006 3405.0000000000005 11.500000000000002 103.50000000000001 118.50000000000001 168.50000000000003 114.45000000000002 25.175000000000001 79.621428571428581 126.00000000000001 59.500000000000007 2.8900000000000006
decision_type=2 2 2 2 2 2 2 2 2 2 2 8 8 2 2 10 10 10 2 2 2 10 8 10 8 2 8 2 2 2
left_child=1 2 8 4 6 -5 -4 29 10 -7 24 15 17 14 -10 -9 -12 19 28 20 -3 22 -13 -24 -1 26 27 -14 -19 -2
right_child=7 12 3 5 -6 9 -8 11 13 -11 16 21 25 -15 -16 -17 -18 18 -20 -21 -22 -23 23 -25 -26 -27 -28 -29 -30 -31
leaf_value=-0.04082245841331901 0.48836338251829148 -0.027256633507941157 0.79206481063791678 -0.94199287200346593 -0.16024758345633744 -0.063722084525736217 0.33212024729006429 0.49153016456365584 0.0041356047942007514 0.18787578365167676 -0.25658040423270151 0.2418466372555122 0.062918181526389977 -0.55588488924887869 0.18699257702887304 1.4937194148983275 -1.1187561672666797 -0.031609996676445005 -0.85305544435284864 -0.14279935855230716 0.92338253314678476 -0.18061205220222473 1.346955875068903 0.49357902801036835 -0.34430240810681612 0.15700346817839336 -0.41873439284946234 -0.29980665887179581 -0.46350398656295005 -0.12984587650714802
leaf_weight=893 27 203 140 24 160 457 425 25 1172 458 46 96 330 31 549 21 23 100 43 2039 26 30 20 45 117 268 70 92 83 119
leaf_count=893 27 203 140 24 160 457 425 25 1172 458 46 96 330 31 549 21 23 100 43 2039 26 30 20 45 117 268 70 92 83 119
internal_value=2.54915e-10 -0.0139811 0.052663 0.156682 0.312277 0.0365477 0.446089 0.282871 -0.00847704 0.0622143 -0.105905 0.46669 -0.106042 0.0515259 0.0624671 0.949051 -0.543972 -0.14074 -0.346519 -0.120235 0.0806762 0.350519 0.449487 0.756157 -0.0759781 0.00782409 -0.0734362 -0.0161593 -0.227496 -0.0155195
internal_weight=8132 7749 4495 1664 725 939 565 383 2831 915 1079 237 3254 1752 1721 46 69 2494 226 2268 229 191 161 65 1010 760 492 422 183 146
internal_count=8132 7749 4495 1664 725 939 565 383 2831 915 1079 237 3254 1752 1721 46 69 2494 226 2268 229 191 161 65 1010 760 492 422 183 146
is_linear=0
shrinkage=0.03


Tree=136
num_leaves=31
num_cat=0
split_feature=16 11 31 28 29 7 5 11 28 9 28 5 18 19 21 29 36 26 11 7 17 7 23 28 19 17 20 16 29 41
split_gain=34978.3 38956.2 61583.5 43992.6 38716.8 34616.9 42453.7 34452.2 29952.9 37157.3 30287.9 29447.1 28076.3 27277.9 26058.7 25875.6 21886.5 20677.5 22700 36285.4 33040.7 22612.5 21199.4 20346.6 19951.9 15516.1 29311.3 24427.1 16591.6 14062.7
threshold=14.750000000000002 77.500000000000014 395.65714285714284 136.16666666666671 487.85714285714295 23.280000000000005 206.00000000000003 59.500000000000007 69.500000000000014 23.000000000000004 71.500000000000014 108.50000000000001 6286.5000000000009 17.062500000000004 55.500000000000007 124.21428571428572 80.800000000000026 7.5000000000000009 43.500000000000007 17.295000000000005 2905.0000000000005 21.400000000000002 632.55500000000018 303.50000000000006 8.4437500000000014 732.50000000000011 3251.2500000000005 11.550000000000002 4.6428571428571432 8.8950000000000014
decision_type=2 2 2 2 2 2 2 2 2 2 2 2 2 2 2 2 10 2 2 2 2 2 2 2 2 2 2 2 2 8
left_child=1 2 3 15 7 6 17 13 12 11 -11 -10 16 -4 -12 24 -7 18 19 -2 -20 22 -19 -9 -1 26 27 -3 -27 -29
right_child=5 25 4 -5 -6 8 -8 23 9 10 14 -13 -14 -15 -16 -17 -18 21 20 -21 -22 -23 -24 -25 -26 28 -28 29 -30 -31
leaf_value=-0.040523840691432479 0.2280487404935328 0.32011448514461516 0.098926305654816901 1.6733180869662243 0.99881067149979719 0.2738472064616887 -0.73880312087743172 -0.12248052450543606 0.17947588942945003 0.8871527094841003 0.59049455791711802 1.8074308025836945 0.84424838447570805 1.2279608238190411 0.030858469761849909 1.4038092083930969 -0.44570090001601387 -0.013697445167490208 -0.17362337970067257 -0.40103807755865345 -0.74604816183751932 -0.98187473637717115 0.5619100211262702 -0.66299528878230551 0.38389128193022293 0.11035954234925539 0.51950672148707056 0.37937232418493788 -0.31044262708061271 -0.43857816488213008
leaf_weight=121 280 80 520 23 35 46 92 337 20 40 78 20 20 20 1874 20 220 1431 1227 117 98 21 60 77 566 114 94 22 324 135
leaf_count=121 280 80 520 23 35 46 92 337 20 40 78 20 20 20 1874 20 220 1431 1227 117 98 21 60 77 566 114 94 22 324 135
internal_value=-5.98691e-11 0.0937109 0.173109 0.382112 0.0188399 -0.0413098 -0.103335 -0.0171129 0.0476874 0.0881455 0.0699666 0.993453 -0.239763 0.140742 0.053221 0.340106 -0.321268 -0.0852573 -0.156339 0.0426504 -0.215961 -0.00430279 0.00946583 -0.223011 0.30914 -0.0837731 0.0712415 -0.106551 -0.200919 -0.323961
internal_weight=8132 2488 1719 730 989 5644 3326 954 2318 2032 1992 40 286 540 1952 707 266 3234 1722 397 1325 1512 1491 414 687 769 331 237 438 157
internal_count=8132 2488 1719 730 989 5644 3326 954 2318 2032 1992 40 286 540 1952 707 266 3234 1722 397 1325 1512 1491 414 687 769 331 237 438 157
is_linear=0
shrinkage=0.03


Tree=137
num_leaves=31
num_cat=0
split_feature=16 29 51 11 61 68 11 5 53 56 32 28 26 25 10 31 9 20 8 62 17 57 28 68 49 39 17 19 30 40
split_gain=33149.3 45321.4 37395.4 44298.4 37487.1 45712.7 29142.8 49848.6 32141.6 31789.4 27024.5 26387.1 32928.4 24734.6 23588.7 17789.6 17159 22947.8 16281.7 14497.5 12111.8 12058 10853.7 9683.14 8812.52 8424.35 8303.26 6945.6 6393.11 3880.7
threshold=19.450000000000003 1662.2857142857144 2997.6200000000003 70.500000000000014 110.20000000000003 3.5000000000000004 53.500000000000007 16.500000000000004 116343.8 314.50000000000006 115.50000000000001 303.50000000000006 7.5000000000000009 2.5000000000000004 11.750000000000002 279.06999999999988 32.45000000000001 16617.000000000004 16.250000000000004 5.9450000000000012 2782.5000000000005 141.0071428571429 22.500000000000004 17.500000000000004 91.360000000000028 18.650000000000002 3742.5000000000005 25.972916666666674 318.71833333333308 44.50779069767443
decision_type=2 2 2 2 8 2 2 2 2 10 10 2 2 2 2 2 2 2 2 10 2 10 2 2 10 8 2 2 2 10
left_child=1 2 3 4 5 -1 15 9 18 21 13 12 -5 -10 -6 22 20 -18 -9 -19 23 27 -2 -17 -23 -20 28 -8 -24 -4
right_child=6 -3 29 11 14 -7 7 8 10 -11 -12 -13 -14 -15 -16 16 17 19 25 -21 -22 24 26 -25 -26 -27 -28 -29 -30 -31
leaf_value=0.36897661163271639 0.29394671742853362 1.4325568841184888 -0.76497317616532479 -0.15077522510822972 1.5106467642188073 0.043428537834293991 -0.15346814884418031 -0.95241849831172398 -0.19988764335628317 1.0430284583568574 -1.383025192892229 -0.81645823683589691 0.077756526661311207 -0.79315485946337383 0.41861111126564166 0.23844756190059252 -0.44162045622865354 0.24503924883333322 -0.54392406940460203 -0.032727224155791899 -0.27756167216942856 0.36621503026321012 -0.21028822110167569 0.70831893729628059 -0.1717864954196848 -0.0021735974124843073 0.32981899704251971 0.2827990511017186 -0.556990080841126 -0.38365470676586544
leaf_weight=461 38 21 41 1162 20 2458 533 21 119 24 37 40 1109 135 162 103 90 262 30 477 26 87 210 64 40 186 21 35 62 58
leaf_count=461 38 21 41 1162 20 2458 533 21 119 24 37 40 1109 135 162 103 90 262 30 477 26 87 210 64 40 186 21 35 62 58
internal_value=1.07553e-10 0.0415246 0.036224 0.0467935 0.120888 0.0948426 -0.0883516 -0.192972 -0.414313 -0.0304292 -0.625548 -0.0526297 -0.0391761 -0.515207 0.538615 0.00807223 0.0699799 0.0106677 -0.154949 0.0657502 0.324746 -0.0674983 -0.183075 0.418518 0.196766 -0.0774167 -0.244941 -0.126585 -0.289316 -0.541574
internal_weight=8132 5532 5511 5412 3101 2919 2600 1247 528 719 291 2311 2271 254 182 1353 1022 829 237 739 193 695 331 167 127 216 293 568 272 99
internal_count=8132 5532 5511 5412 3101 2919 2600 1247 528 719 291 2311 2271 254 182 1353 1022 829 237 739 193 695 331 167 127 216 293 568 272 99
is_linear=0
shrinkage=0.03


Tree=138
num_leaves=31
num_cat=0
split_feature=1 1 68 63 26 6 53 37 13 20 14 40 63 58 11 16 36 35 35 13 13 26 24 6 62 16 57 61 24 24
split_gain=32852.5 38159.2 38597.8 28732 24120.3 24327.2 29501.1 22149.2 21435.8 19551.3 18076.6 20008.8 14384.9 16049.2 15902 14000.9 13664.4 16371.9 13547 17948.4 12925.6 9926.52 8754.45 7753.1 6860.84 6718.06 9860.62 4626.48 3617.68 3524.44
threshold=77.100837000000013 77.309166200000007 25.500000000000004 6.0192857142857159 10.500000000000002 2958.5050000000006 105611.55000000002 536.83333333333337 160.50000000000003 9265.5000000000018 5.0000000000000009 101.53333333333335 12.479999999999999 40.150000000000013 68.500000000000014 10.350000000000003 420.50000000000006 295.50000000000006 38.150000000000013 354.00000000000006 97.500000000000014 10.500000000000002 2.8900000000000006 1.0000000180025095e-35 19.250000000000004 15.850000000000003 224.64285714285717 20.293571428571433 12.485000000000001 536.65500000000009
decision_type=2 2 2 8 2 2 2 8 2 2 2 10 10 8 2 2 10 10 8 2 2 2 2 2 10 2 10 10 2 2
left_child=3 2 4 9 18 6 -6 16 22 -1 11 15 -10 14 -14 -5 17 -4 29 -20 -17 -18 -3 -12 -15 -24 -27 -25 -29 -2
right_child=1 8 7 10 5 -7 -8 -9 12 -11 23 -13 13 24 -16 20 21 -19 19 -21 -22 -23 25 27 -26 26 -28 28 -30 -31
leaf_value=0.32508329534530639 -0.26223882810034743 0.47290795697106253 0.1383345681724264 0.85262152749300002 0.039963667255942706 -0.57545587122440334 0.48775301412306726 1.1485553906274877 1.17796363750642 1.4610336184501647 -0.74560036965778886 -0.72119966661291468 1.2002451518603732 -0.25887070562528525 0.139822578728199 -0.23330426078226607 -0.759287620539015 0.62073750619428703 -0.07466923824365175 0.50215776071256513 0.23365890488215793 0.15258232388113224 0.21681707094113031 -0.46828695509744722 0.3010748958990086 0.026588445305824281 -0.62972956133516211 0.26791198831796642 -0.18407524434959185 -0.60009061412377784
leaf_weight=30 176 27 267 30 768 48 160 23 22 25 21 21 35 23 20 59 22 83 5269 49 557 21 36 23 137 45 38 30 34 33
leaf_count=30 176 27 267 30 768 48 160 23 22 25 21 21 35 23 20 59 22 83 5269 49 557 21 36 23 137 45 38 30 34 33
internal_value=1.98864e-10 -0.0203294 -0.0364647 0.17885 -0.0543861 0.0831052 0.117169 0.243686 0.27116 0.841424 0.131829 0.19013 0.447314 0.37255 0.814637 0.219755 0.190729 0.252733 -0.0786654 -0.0693544 0.188934 -0.313956 -0.0147898 -0.228235 0.220583 -0.125444 -0.273894 -0.103354 0.0277938 -0.315584
internal_weight=8132 7302 6919 830 6503 976 928 416 383 55 775 667 237 215 55 646 393 350 5527 5318 616 43 146 108 160 119 83 87 64 209
internal_count=8132 7302 6919 830 6503 976 928 416 383 55 775 667 237 215 55 646 393 350 5527 5318 616 43 146 108 160 119 83 87 64 209
is_linear=0
shrinkage=0.03


Tree=139
num_leaves=31
num_cat=0
split_feature=16 14 0 52 10 7 5 22 8 5 53 8 6 8 12 44 28 28 21 8 16 56 46 44 31 16 21 26 25 22
split_gain=31660.4 34807.3 32517.1 44759.6 63216.5 31180.6 39095.3 27496.5 34283.4 27483.2 26891 28530.4 25247.3 23886.6 23804.6 26338.4 23455.7 38839 21794.1 26632.6 21765.2 21077.8 20964.2 20616.4 20520.7 20022.1 19009.4 18772.9 34142.9 24741.7
threshold=14.750000000000002 0.75000000000000011 28.643240000000002 9265.5000000000018 14.750000000000002 23.280000000000005 206.00000000000003 44.000000000000007 16.950000000000003 108.50000000000001 225812.05000000002 30.750000000000004 212.45000000000002 36.100000000000009 2.8500000000000005 48.45000000000001 115.16666666666667 108.00000000000001 406.00000000000006 26.850000000000005 12.950000000000001 31.100000000000005 10.061666666666669 63.150000000000013 409.47142857142848 11.550000000000002 16.500000000000004 7.5000000000000009 2.5000000000000004 11.500000000000002
decision_type=2 2 2 2 2 2 2 2 2 2 2 2 2 2 2 8 2 2 2 2 2 10 8 8 2 2 2 2 2 2
left_child=1 2 16 14 -5 6 27 10 9 -9 26 -12 -10 -14 15 -4 17 24 -18 -20 25 -16 -6 -19 -1 -3 -7 28 29 -2
right_child=5 20 3 4 22 7 -8 8 12 -11 11 -13 13 -15 21 -17 18 23 19 -21 -22 -23 -24 -25 -26 -27 -28 -29 -30 -31
leaf_value=0.12170469260689197 -0.27146124562883578 0.050675038443388117 0.27967067545110524 2.0747990454567802 -0.307612375831604 0.49115727844146584 -0.70798307840590879 0.17458880317211151 0.82876976522115564 1.7473224506378173 0.87934968691605786 -0.51430036175251015 0.03447897556559304 0.56447645276784897 1.0774407134737287 1.6593624329566954 -0.22291917191980537 1.1378124216016459 -0.030241087975983436 1.2149351770227605 0.011518437143964845 0.11260529740713536 0.67682586567476388 0.25835191346229386 -0.43436361116083227 -0.63597110933014034 -0.35357083553327368 -0.0036840070580087952 -0.24874743769679958 0.14886286679353264
leaf_weight=491 176 57 33 27 25 26 92 20 39 20 39 20 1766 80 21 20 379 49 52 22 305 688 88 47 68 116 308 1512 1102 444
leaf_count=491 176 57 33 27 25 26 92 20 39 20 39 20 1766 80 21 20 379 49 52 22 305 688 88 47 68 116 308 1512 1102 444
internal_value=3.07428e-10 0.0891557 0.143876 0.277611 0.770642 -0.0393018 -0.0981679 0.0451627 0.0918484 0.960956 -0.183514 0.406926 0.0734058 0.0574474 0.187028 0.800309 0.0350048 0.149795 -0.130972 0.339946 -0.140944 0.141183 0.45903 0.707243 0.0540613 -0.409735 -0.287814 -0.08082 -0.148549 0.0295451
internal_weight=8132 2488 2010 902 140 5644 3326 2318 1925 40 393 59 1885 1846 762 53 1108 655 453 74 478 709 113 96 559 173 334 3234 1722 620
internal_count=8132 2488 2010 902 140 5644 3326 2318 1925 40 393 59 1885 1846 762 53 1108 655 453 74 478 709 113 96 559 173 334 3234 1722 620
is_linear=0
shrinkage=0.03


Tree=140
num_leaves=31
num_cat=0
split_feature=1 1 44 63 1 13 52 26 13 12 40 16 17 32 36 7 48 16 15 63 58 7 43 24 0 13 36 42 12 57
split_gain=30858.1 35581.4 34335.9 27141 23324.2 20007.8 18312.4 18063.8 16957.5 28507.6 19113.1 16829.2 15686.1 33384 14872.9 14518.7 14025.6 14001.4 13428.7 13345 15029.1 14842.7 10798 8332.29 7964.03 8638.31 7532 7187.24 6125.01 8747.23
threshold=77.100837000000013 77.309166200000007 126.50000000000001 6.0192857142857159 77.188546500000015 160.50000000000003 9265.5000000000018 10.500000000000002 102.50000000000001 4.9500000000000011 101.53333333333335 10.15 1607.5000000000002 134.50000000000003 510.50000000000006 63.065000000000005 135.55000000000004 25.200000000000006 994.55000000000007 12.479999999999999 40.150000000000013 8.0100000000000016 17.740000000000006 2.8900000000000006 28.514958500000002 212.50000000000003 223.50000000000003 19.650000000000002 4.9500000000000011 224.64285714285717
decision_type=2 2 8 8 2 2 2 2 2 2 10 2 2 8 10 2 8 2 2 10 8 2 10 2 2 2 10 8 2 10
left_child=3 2 4 6 7 23 -1 16 9 -5 17 -4 14 -14 -13 -9 -2 18 -10 -7 21 -21 -22 -3 27 -26 -11 -6 -25 -30
right_child=1 5 11 8 24 19 -8 15 10 26 -12 12 13 -15 -16 -17 -18 -19 -20 20 22 -23 -24 28 25 -27 -28 -29 29 -31
leaf_value=0.31758982372283934 -0.021331166164606081 0.46130096740192839 0.75955302174026906 0.85692133906390522 0.33729426912203125 1.1356968595764854 1.4169628555297851 0.22114612084067914 0.30073835668483073 -0.22583608824345799 -0.69956939160823828 -0.017322144516215131 0.14041916836551588 0.96059779428086189 0.81538255919516078 -0.33478133872072113 -0.34296254139393567 -0.20725142678906841 -0.38498413238260476 0.16066490599087307 0.024521894956579301 1.1750675716207306 0.53533877934439711 0.30576487459242341 -0.081231417854626981 -0.1972835979728719 -0.78925486788153643 -0.050041221236047387 0.0367592092647272 -0.54054798455739561
leaf_weight=30 2614 27 37 20 49 22 25 421 535 81 21 555 284 53 20 47 128 62 27 21 101 34 59 24 1017 1335 29 359 51 44
leaf_count=30 2614 27 37 20 49 22 25 421 535 81 21 555 284 53 20 47 128 62 27 21 101 34 59 24 1017 1335 29 359 51 44
internal_value=-1.90616e-11 -0.0197027 -0.0352835 0.173336 -0.0619287 0.261769 0.817305 -0.00694426 0.127635 -0.184944 0.190636 0.132337 0.106891 0.269409 0.0116415 0.165316 -0.0363453 0.220594 0.267794 0.431955 0.359944 0.78775 0.212886 -0.0144925 -0.125878 -0.147103 -0.374374 -0.00352299 -0.122446 -0.230625
internal_weight=8132 7302 6919 830 5970 383 55 3210 775 130 645 949 912 337 575 468 2742 624 562 237 215 55 160 146 2760 2352 110 408 119 95
internal_count=8132 7302 6919 830 5970 383 55 3210 775 130 645 949 912 337 575 468 2742 624 562 237 215 55 160 146 2760 2352 110 408 119 95
is_linear=0
shrinkage=0.03


Tree=141
num_leaves=31
num_cat=0
split_feature=1 1 43 63 26 6 18 25 20 57 20 63 14 49 47 49 12 60 37 36 32 12 18 12 58 49 26 5 61 56
split_gain=29034.4 33478.5 32385.7 25537 21303.2 22362.1 25748.2 19504.7 29312.5 21371.2 17230.2 16225.4 16144.7 14042 16691.5 22546.4 14525.9 12932.3 12258.9 12874.6 21577.7 9627.46 9317.8 11703.7 13810.6 11828.2 9223.14 7267.6 4317.46 3568.83
threshold=77.100837000000013 77.309166200000007 138.16666666666671 6.0192857142857159 10.500000000000002 2958.5050000000006 4034.0000000000005 2.5000000000000004 6390.2500000000009 236.07142857142858 9265.5000000000018 12.479999999999999 5.0000000000000009 135.38333333333335 82.350000000000009 97.283333333333346 3.6500000000000008 11.925000000000002 536.83333333333337 420.50000000000006 163.50000000000003 4.3500000000000005 3269.0000000000005 4.9500000000000011 25.150000000000002 90.228333333333339 10.500000000000002 1.0000000180025095e-35 20.293571428571433 258.50000000000006
decision_type=2 2 8 8 2 2 2 2 2 10 2 10 2 10 10 10 2 10 10 10 10 2 2 2 8 10 2 2 10 10
left_child=3 2 4 10 7 6 -6 8 -2 -9 -1 -3 13 14 17 -16 -15 -5 19 20 -4 -18 -13 25 -25 -24 -21 -14 -29 -7
right_child=1 11 18 12 5 29 -8 9 -10 -11 -12 22 27 16 15 -17 21 -19 -20 26 -22 -23 23 24 -26 -27 -28 28 -30 -31
leaf_value=0.30806212472915651 -0.19676275697287451 0.97746392561839179 0.15636679815563062 0.85566842526197429 0.042480157277765392 -0.77248172751494815 0.47892462970068056 -0.094209903987754404 0.05154421404297875 -0.33356757581877611 1.3744539613723754 -0.36968028351664539 -0.71737837723323272 0.63128735858201979 0.91514634160832931 0.24098558997330458 -0.79320819963579581 0.069258657872653492 0.89951881040226322 -0.74848493830724183 0.91716090047681642 -0.097723902684670905 0.14850973021677311 0.88193400996071947 0.078956121257010931 0.89728585552337559 0.13048494321959359 -0.44810048818588255 0.031126305770594626 -0.24778177879750729
leaf_weight=30 565 26 360 20 784 28 144 2771 1763 382 25 24 21 20 66 138 23 319 22 22 37 81 34 21 235 43 21 23 64 20
leaf_count=30 565 26 360 20 784 28 144 2771 1763 382 25 24 21 20 66 138 23 319 22 22 37 81 34 21 235 43 21 23 64 20
internal_value=2.46805e-10 -0.0191116 -0.034225 0.168136 -0.0515863 0.0775456 0.110204 -0.0745807 -0.00871929 -0.123209 0.792786 0.253916 0.123806 0.178904 0.244682 0.459096 -0.109143 0.115655 0.20842 0.173865 0.227272 -0.251533 0.20122 0.242366 0.144825 0.566657 -0.319221 -0.216474 -0.0955658 -0.553857
internal_weight=8132 7302 6919 830 6457 976 928 5481 2328 3153 55 383 775 667 543 204 124 339 462 440 397 104 357 333 256 77 43 108 87 48
internal_count=8132 7302 6919 830 6457 976 928 5481 2328 3153 55 383 775 667 543 204 124 339 462 440 397 104 357 333 256 77 43 108 87 48
is_linear=0
shrinkage=0.03


Tree=142
num_leaves=31
num_cat=0
split_feature=16 11 31 5 29 11 13 17 33 5 6 33 17 5 21 14 29 18 51 5 63 22 7 17 25 42 0 5 12 45
split_gain=29057.5 33146.9 56126.4 41586.2 34713.4 29767.3 31775 29524 37431.5 28911.9 32050.3 34656 24740.2 25578.8 29985 23421 23393.6 23278.6 23788.6 22572.2 21002.6 20090.7 19722.6 22250 27330.8 18591.9 10973.1 11594.8 8944.62 5975.08
threshold=14.750000000000002 77.500000000000014 395.65714285714284 180.50000000000003 487.85714285714295 59.500000000000007 245.00000000000003 3105.0000000000005 168.50000000000003 37.500000000000007 688.45000000000016 47.350000000000001 3057.5000000000005 333.50000000000006 830.00000000000011 8.1500000000000004 124.21428571428572 5561.5000000000009 2997.6200000000003 271.00000000000006 17.855714285714289 277.00000000000006 24.705000000000002 687.50000000000011 5.5000000000000009 118.50000000000001 28.545960750000003 101.50000000000001 4.5500000000000007 9.1050000000000022
decision_type=2 2 2 2 2 2 2 2 8 2 2 10 2 2 2 2 2 2 2 2 10 2 2 2 2 8 2 2 2 10
left_child=1 2 3 16 5 6 -4 12 9 -9 20 -12 13 14 19 22 25 18 -15 -2 -11 -7 23 24 -3 -1 -24 -28 -25 -14
right_child=7 15 4 -5 -6 21 -8 8 -10 10 11 -13 29 17 -16 -17 -18 -19 -20 -21 -22 -23 26 28 -26 -27 27 -29 -30 -31
leaf_value=0.23720511682032835 -0.062142753126183607 0.54101669310515088 0.47099203546480695 1.3112850401951717 0.93929862444315637 -0.11177511039032449 -0.028585654773712159 -0.63544162501891455 -1.0153794358670711 0.75400996208299675 0.71032932803744353 -0.060248050135147724 -1.0318993829011918 0.36523513621005876 -0.9655389875524184 -0.51407659799167782 1.3154462742805479 -0.20996656771186911 -0.4118525550663471 -0.58033603715045101 0.18381296831782501 -0.64107367877103394 -0.82265117615461347 0.048045744976516445 -0.6484504015445709 0.94740733695030199 -0.49763701342401051 0.022983968447555195 -0.29605570530518888 -0.41290647033601996
leaf_weight=636 4329 133 165 39 35 334 375 36 24 137 63 316 25 312 34 97 20 118 40 77 101 80 28 233 20 35 63 99 96 32
leaf_count=636 4329 133 165 39 35 334 375 36 24 137 63 316 25 312 34 97 20 118 40 77 101 80 28 233 20 35 63 99 96 32
internal_value=-1.61924e-10 0.0854122 0.158651 0.358179 0.0113759 -0.0226674 0.124063 -0.0376516 0.148201 0.190966 0.239185 0.0678426 -0.0629832 -0.0557692 -0.0780473 -0.0783041 0.304386 0.154688 0.27693 -0.0711988 0.512036 -0.214055 -0.0154024 0.086638 0.385531 0.27425 -0.274263 -0.17948 -0.0523608 -0.684395
internal_weight=8132 2488 1719 730 989 954 540 5644 677 653 617 379 4967 4910 4440 769 691 470 352 4406 238 414 672 482 153 671 190 162 329 57
internal_count=8132 2488 1719 730 989 954 540 5644 677 653 617 379 4967 4910 4440 769 691 470 352 4406 238 414 672 482 153 671 190 162 329 57
is_linear=0
shrinkage=0.03


Tree=143
num_leaves=31
num_cat=0
split_feature=16 30 21 11 22 23 20 10 28 20 16 9 20 22 18 16 9 60 47 39 15 36 21 10 46 53 34 60 63 1
split_gain=28006.9 39900.8 33246.6 33662.2 33202.1 43842.9 25395.5 28103.9 23214.7 19463.2 18166 21419.8 17903.1 17073.5 16297.2 14561.9 12846.2 11776 10487.8 12999.4 9112.35 11347 9065.25 8517.73 5587.67 5405.47 3924.26 3845.55 3373.37 1828.76
threshold=19.450000000000003 12556.063333333335 1727.0000000000002 70.500000000000014 15.500000000000002 393.00500000000005 24336.000000000004 11.550000000000002 303.50000000000006 9063.7500000000018 19.850000000000005 31.050000000000004 23940.750000000007 2099.0000000000005 6188.5000000000009 30.850000000000005 40.45000000000001 17.850000000000005 50.820000000000007 44.050000000000004 986.1500000000002 195.50000000000003 1479.5000000000002 28.400000000000002 13.03333333333334 260566.55000000002 149.06666666666672 43.45000000000001 20.559285714285718 77.184301000000019
decision_type=2 2 2 2 2 2 2 2 2 2 2 2 2 2 2 2 2 8 10 8 2 8 2 2 8 2 10 10 8 2
left_child=1 2 3 4 14 -6 7 17 9 -5 11 27 15 16 -1 -12 20 -2 19 -18 23 -22 -15 -8 -4 -20 -19 -9 -13 -10
right_child=6 -3 24 8 5 -7 13 10 29 -11 12 28 -14 22 -16 -17 18 26 25 -21 21 -23 -24 -25 -26 -27 -28 -29 -30 -31
leaf_value=-0.12568392207890605 0.82144141944971949 1.3433669008527482 -1.1102357647418977 -0.064197192052874968 0.29182212266795471 0.047208803746269568 -0.14769225673016273 -0.75351891001065563 -0.56007938414812086 0.22043757053030547 -0.10142532735587156 -0.31463626397507527 -1.0232833600044251 0.12442539728432893 -0.80108336479256026 -0.51838668497302864 0.33640601807251208 0.35528326271211402 0.45142592906951906 1.0850803245816911 -0.034019025625853704 0.58605196777655155 -0.66115335702896116 0.50193430817127227 -0.4747546939416365 -0.02327923968240812 -0.10395797165957364 -1.2723526296615602 0.074980860570711738 -0.96577470660209652
leaf_weight=209 33 21 20 2029 1014 1886 198 36 20 242 1646 70 20 20 38 79 82 34 30 28 58 49 39 20 33 77 33 20 28 20
leaf_count=209 33 21 20 2029 1014 1886 198 36 20 242 1646 70 20 20 38 79 82 34 30 28 58 49 39 20 33 77 33 20 28 20
internal_value=2.56003e-10 0.0381681 0.0331946 0.0404557 0.104301 0.132739 -0.08121 -0.13262 -0.0464852 -0.0338662 -0.158432 -0.470771 -0.130868 0.0897844 -0.229592 -0.120521 0.14254 0.357566 0.32128 0.526978 0.0231971 0.249939 -0.394855 -0.0880935 -0.714559 0.109816 0.12909 -0.938817 -0.203317 -0.762927
internal_weight=8132 5532 5511 5458 3147 2900 2600 1999 2311 2271 1899 154 1745 601 247 1725 542 100 217 110 325 107 59 218 53 107 67 56 98 40
internal_count=8132 5532 5511 5458 3147 2900 2600 1999 2311 2271 1899 154 1745 601 247 1725 542 100 217 110 325 107 59 218 53 107 67 56 98 40
is_linear=0
shrinkage=0.03


Tree=144
num_leaves=31
num_cat=0
split_feature=16 11 31 5 29 9 29 7 5 28 9 5 25 28 18 54 21 52 26 25 22 15 7 23 13 15 13 36 57 37
split_gain=26818 30128.3 52083.6 39134.3 32553.1 28790.6 27804.1 26673.9 35501.1 25180.8 32393.2 25891 25514.3 25442.2 22835.4 28016.2 22256.8 21547.3 17266.3 30134.2 22769.9 20619.1 20494.8 18732.1 15115 29598.6 19067.4 14853.1 13804 13326.1
threshold=14.750000000000002 77.500000000000014 395.65714285714284 180.50000000000003 487.85714285714295 24.250000000000004 437.21428571428584 23.280000000000005 206.00000000000003 69.500000000000014 23.000000000000004 108.50000000000001 1.0000000180025095e-35 71.500000000000014 3454.5000000000005 161.50000000000003 55.500000000000007 5532.5000000000009 7.5000000000000009 2.5000000000000004 11.500000000000002 972.55000000000007 21.400000000000002 632.55500000000018 223.50000000000003 993.75000000000011 151.50000000000003 80.800000000000026 76.114285714285728 207.50000000000003
decision_type=2 2 2 2 2 2 2 2 2 2 2 2 2 2 2 10 2 2 2 2 2 2 2 2 2 2 2 10 10 10
left_child=1 2 3 14 5 -4 -7 8 18 12 11 -11 -9 29 15 -1 -15 -16 19 20 -2 -21 23 -20 25 26 -3 -14 -28 -12
right_child=7 24 4 -5 -6 6 -8 9 -10 10 13 -13 27 16 17 -17 -18 -19 22 21 -22 -23 -24 -25 -26 -27 28 -29 -30 -31
leaf_value=0.12893614277243615 -0.26049093107269566 -0.1803800515630623 -0.65911819764971724 1.2686690932053786 0.90859240298611776 0.055943877125634381 -0.75331116414070121 0.53720110702514656 -0.67172614609903614 0.16107941827923059 0.26346770489215854 1.687574579000473 0.27630684677045791 0.54326003125653821 -0.21085412959903477 0.85493156216725585 0.026058179336160683 0.28249793536951573 -0.0087760148184331012 0.30760978607088324 0.14273625956886019 -0.2643127850560032 -0.93078065088817052 0.53230006745457648 -0.21214621533579317 0.82813307082653043 0.025608392668806986 -0.41563435504901897 0.70561217375099661 1.3586150007247926
leaf_weight=80 176 246 60 39 35 854 40 35 92 20 20 20 32 78 100 119 1874 392 1431 60 444 1042 21 60 370 40 69 219 44 20
leaf_count=80 176 246 60 39 35 854 40 35 92 20 20 20 32 78 100 119 1874 392 1431 60 444 1042 21 60 370 40 69 219 44 20
internal_value=-1.81374e-10 0.0820549 0.15188 0.344087 0.0100073 -0.0229596 0.0197356 -0.0361716 -0.0906177 0.0419508 0.0790463 0.924327 -0.221609 0.0620728 0.291904 0.563074 0.0467251 0.182223 -0.0740865 -0.139041 0.0282718 -0.233174 -0.000110362 0.0129977 -0.0740291 0.0540495 -0.0321994 -0.327419 0.290389 0.811041
internal_weight=8132 2488 1719 730 989 954 894 5644 3326 2318 2032 40 286 1992 691 199 1952 492 3234 1722 620 1102 1512 1491 769 399 359 251 113 40
internal_count=8132 2488 1719 730 989 954 894 5644 3326 2318 2032 40 286 1992 691 199 1952 492 3234 1722 620 1102 1512 1491 769 399 359 251 113 40
is_linear=0
shrinkage=0.03


Tree=145
num_leaves=31
num_cat=0
split_feature=1 1 68 38 37 22 40 0 19 50 63 41 29 63 60 57 36 32 68 7 17 18 17 21 58 17 43 19 54 26
split_gain=27317.6 32710.4 33480.9 18813.7 18670.9 17561.9 15550 21071 17529.4 26729 20721.6 18487.8 15013.3 14872 13766.3 12545.1 12462.6 19560.3 11542.7 11298 11158.7 10425.5 11121.2 10716.3 8887.89 15270.5 9948.01 12281.9 9889.49 8432.54
threshold=77.131314500000016 77.309166200000007 25.500000000000004 115.50000000000001 536.83333333333337 15.500000000000002 101.53333333333335 28.682925800000003 13.4 1.0000000180025095e-35 6.0192857142857159 27.450000000000003 72.357142857142875 12.479999999999999 35.150000000000013 112.32142857142858 420.50000000000006 163.50000000000003 11.500000000000002 11.385000000000002 1282.5000000000002 5603.0000000000009 2507.5000000000005 486.00000000000006 42.350000000000001 1422.5000000000002 15.094999999999997 14.254166666666668 71.950000000000017 10.500000000000002
decision_type=2 2 2 10 8 2 10 2 2 2 8 8 2 10 10 8 10 10 2 2 2 2 2 2 8 2 10 2 10 2
left_child=6 2 3 5 16 12 7 21 9 14 20 -11 -2 -3 -9 -12 17 -4 -7 -5 -10 22 23 -1 25 -15 -26 -28 -27 -18
right_child=1 13 4 19 -6 18 -8 8 10 11 15 -13 -14 24 -16 -17 29 -19 -20 -21 -22 -23 -24 -25 26 28 27 -29 -30 -31
leaf_value=0.065517617832552735 -0.10677708969893721 0.93862667468877936 0.15446536589425783 -1.0516014066696167 1.051767488821693 0.038837527845291639 -0.68084645118032172 0.67021052295747008 0.23491596221923827 -0.22078601943819146 0.53359611811006769 0.58286659772694116 -0.42109406105236497 0.14046425738909712 1.7198996005004101 -0.10386468912768913 -0.72007506381381647 0.88387179368251079 -0.06024631515545488 -0.26786482601749656 1.1505335592269896 -0.10702453032499407 0.6363377172748248 0.74113287546417927 -0.133067483866916 0.42198371296343595 0.47577002695922194 -0.10355162960178448 1.3224367567471096 0.12037850886583328
leaf_weight=534 1451 26 313 25 23 1770 21 23 23 38 34 80 151 71 22 152 22 37 2631 49 25 246 36 22 102 23 87 53 21 21
leaf_count=534 1451 26 313 25 23 1770 21 23 23 38 34 80 151 71 22 152 22 37 2631 49 25 246 36 22 102 23 87 53 21 21
internal_value=1.24433e-10 -0.0235001 -0.039392 -0.0572157 0.22098 -0.0513551 0.128652 0.142417 0.322452 0.561301 0.156074 0.324063 -0.136404 0.245914 1.18339 0.0126604 0.172359 0.231574 -0.0203966 -0.532641 0.7118 0.0571258 0.125337 0.0922506 0.195464 0.412607 0.0922763 0.256455 0.851745 -0.309621
internal_weight=8132 6876 6493 6077 416 6003 1256 1235 397 163 234 118 1602 383 45 186 393 350 4401 74 48 838 592 556 357 115 242 140 44 43
internal_count=8132 6876 6493 6077 416 6003 1256 1235 397 163 234 118 1602 383 45 186 393 350 4401 74 48 838 592 556 357 115 242 140 44 43
is_linear=0
shrinkage=0.03


Tree=146
num_leaves=31
num_cat=0
split_feature=16 12 11 15 30 7 21 33 28 53 17 33 5 53 37 33 37 31 22 21 21 5 42 41 62 17 37 25 35 42
split_gain=25007 28866.9 50753.9 30809.9 32542.9 28576 28660.1 28281.3 27069.8 26276.1 25585.3 33971.1 27000 31512.3 29559.1 27582.5 24124.3 22707.9 26728 34099.8 27546.8 20176.6 18699 16983.6 15201.5 15059.4 14634.9 14011.3 13461 9813.79
threshold=14.750000000000002 5.8500000000000005 68.500000000000014 987.1500000000002 1677.7233333333334 15.590000000000002 89.500000000000014 147.50000000000003 116.16666666666667 125549.40000000001 3105.0000000000005 168.50000000000003 37.500000000000007 239788.85000000001 219.50000000000003 47.350000000000001 170.16666666666671 5469.3542857142866 175.00000000000003 170.50000000000003 180.50000000000003 394.00000000000006 31.450000000000003 13.450000000000001 33.250000000000007 847.50000000000011 255.83333333333334 3.5000000000000004 138.50000000000003 21.050000000000004
decision_type=2 2 2 2 2 2 2 8 2 2 2 8 2 2 10 10 10 2 2 2 2 2 10 8 8 2 10 2 10 10
left_child=1 3 -3 9 5 8 -7 22 -5 28 17 12 -12 14 -14 -15 -4 18 19 21 -21 -2 -6 29 -9 -25 27 -11 -1 -20
right_child=10 2 16 4 7 6 -8 24 -10 26 11 -13 13 15 -16 -17 -18 -19 23 20 -22 -23 -24 25 -26 -27 -28 -29 -30 -31
leaf_value=-0.23865414364719761 -0.068744998220269624 1.8742709834575653 0.50660255677519594 0.38602337169259898 -0.33623559513996387 -0.23322464949548688 0.12465084278406484 1.8023746892384118 -0.098201696489006271 -0.18421892364681872 -0.61979228253165874 -0.97040855050086983 0.40833176629166851 0.64480127268715903 1.5332041083441839 0.023607611798310123 -0.32564853315495634 -0.7795613664847153 -0.058228343001008029 -1.1159603676795959 -0.27700569940743558 0.57049103848139449 0.64498379880985746 -0.22176029241085052 0.67393675283952181 0.16877669098338854 0.59189596226986718 0.099815977790596463 -0.81958908172590383 -0.72478452338413757
leaf_weight=100 3567 20 109 403 29 335 505 21 140 324 36 24 95 76 27 419 44 39 50 40 295 45 44 100 22 798 34 302 56 33
leaf_count=100 3567 20 109 403 29 335 505 21 140 324 36 24 95 76 27 419 44 39 50 40 295 45 44 100 22 798 34 302 56 33
internal_value=-2.65166e-10 0.0792358 0.453044 0.0513011 0.13205 0.0915673 -0.0180733 0.614698 0.261177 -0.0970349 -0.0349289 0.138083 0.178824 0.225421 0.657279 0.118983 0.267262 -0.0585103 -0.052804 -0.0876353 -0.377179 -0.0607811 0.255184 0.0873379 1.22503 0.125287 -0.0142698 -0.0471925 -0.447195 -0.323245
internal_weight=8132 2488 173 2315 1499 1383 840 116 543 816 5644 677 653 617 122 495 153 4967 4928 3947 335 3612 73 981 43 898 660 626 156 83
internal_count=8132 2488 173 2315 1499 1383 840 116 543 816 5644 677 653 617 122 495 153 4967 4928 3947 335 3612 73 981 43 898 660 626 156 83
is_linear=0
shrinkage=0.03


Tree=147
num_leaves=31
num_cat=0
split_feature=1 1 68 37 13 26 18 52 25 56 57 40 0 13 13 53 19 7 31 37 32 64 6 18 17 24 7 15 61 60
split_gain=25691.4 30765.2 31489.5 17524.9 17260.9 15255.6 19862.2 24155 14647.9 24270.1 18145.8 14633.7 19795.6 29509.4 19052.3 25898.6 15697.5 12394.7 13164.2 11489.8 15462.2 11416.6 10339.6 9760.04 10337.2 7949.22 6504.31 6472.27 5776.98 6968.54
threshold=77.131314500000016 77.309166200000007 25.500000000000004 536.83333333333337 160.50000000000003 10.500000000000002 4034.0000000000005 8226.2500000000018 2.5000000000000004 105.50000000000001 231.64285714285717 101.53333333333335 28.682925800000003 90.500000000000014 302.50000000000006 156711.40000000002 13.4 66.985000000000014 1142.1182142857147 455.16666666666669 163.50000000000003 64.710000000000022 2826.7650000000003 5603.0000000000009 2507.5000000000005 2.8900000000000006 11.570000000000002 976.85000000000002 12.747142857142856 17.550000000000004
decision_type=2 2 2 8 2 2 2 2 2 10 10 10 2 2 2 2 2 2 2 10 10 8 2 2 2 2 2 2 10 10
left_child=11 2 5 19 25 8 7 -7 9 -2 -10 12 23 26 16 -16 -15 18 21 20 -4 -6 -8 24 27 -3 -14 -1 -27 -30
right_child=1 4 3 -5 17 6 22 -9 10 -11 -12 -13 13 14 15 -17 -18 -19 -20 -21 -22 -23 -24 -25 -26 28 -28 -29 29 -31
leaf_value=-0.1942481115704868 -0.14692837514642221 0.44662117573950022 0.13322085424679864 1.019196104640546 0.77822554804086685 0.045140315658751533 0.49760065747052429 -0.57716551884764533 -0.090082259550343172 0.059562341288686975 -0.30943330687130721 -0.66052012954439443 -0.82517375838384022 0.74773317852616306 -0.66671618748921901 0.59490262534883287 0.30694057026708665 -0.22148295576755817 1.1501929343524186 -0.53331706953048696 0.72623993444442747 0.249116818619811 -0.12508275645971298 -0.10337724098345129 0.61410562484874387 -0.41730157560786751 -0.085437055372673529 0.12646335001807751 0.2964419375250979 -0.26748399006692986
leaf_weight=64 813 27 328 23 50 704 120 61 2573 1385 391 21 20 130 32 27 165 26 23 20 45 138 30 246 36 40 23 492 41 38
leaf_count=64 813 27 328 23 50 704 120 61 2573 1385 391 21 20 130 32 27 165 26 23 20 45 138 30 246 36 40 23 492 41 38
internal_value=9.49091e-11 -0.0227899 -0.038202 0.214309 0.23849 -0.0554875 0.0574112 -0.00448146 -0.0754996 -0.0168148 -0.119018 0.124764 0.138117 0.312618 0.402763 -0.0893652 0.501188 0.396562 0.47272 0.167203 0.204765 0.389837 0.373064 0.0554476 0.121446 -0.0181066 -0.429501 0.0895469 -0.123549 0.0251864
internal_weight=8132 6876 6493 416 383 6077 915 765 5162 2198 2964 1256 1235 397 354 59 295 237 211 393 373 188 150 838 592 146 43 556 119 79
internal_count=8132 6876 6493 416 383 6077 915 765 5162 2198 2964 1256 1235 397 354 59 295 237 211 393 373 188 150 838 592 146 43 556 119 79
is_linear=0
shrinkage=0.03


Tree=148
num_leaves=31
num_cat=0
split_feature=1 1 0 19 13 17 19 55 23 19 16 13 13 13 28 44 64 11 35 19 58 11 1 68 58 68 35 40 37 65
split_gain=24662.8 39840.9 22394.6 24743.1 43617.6 31861.7 23513.6 22077.8 20766.9 30762.1 19824.7 16748.1 16240.8 13843.3 13084.2 12237.3 11539.6 17905.6 11441.8 15995.8 10790.4 18260.7 9790.28 15680.1 14003.6 12063.1 9810.24 8197.44 7947.89 17770.8
threshold=77.188546500000015 77.309166200000007 28.662761550000003 13.4 291.50000000000006 1725.0000000000002 13.972916666666668 125.92857142857144 311.32000000000011 8.5250000000000021 12.65 203.00000000000003 160.50000000000003 193.50000000000003 257.50000000000006 82.800000000000026 98.913165467625916 56.500000000000007 419.50000000000006 25.985416666666669 40.150000000000013 71.500000000000014 77.14626250000002 21.500000000000004 18.150000000000002 9.5000000000000018 103.50000000000001 48.441434108527154 248.83333333333334 79.580714285714308
decision_type=2 2 2 2 2 2 2 10 2 2 2 2 2 2 2 8 8 2 10 2 8 2 2 2 8 2 8 8 10 10
left_child=2 15 11 4 8 10 -5 -7 9 -4 -6 13 -3 16 -10 28 17 -1 19 -8 21 -14 25 -24 -25 27 -27 -13 -2 -30
right_child=1 12 3 6 5 7 18 -9 14 -11 -12 22 20 -15 -16 -17 -18 -19 -20 -21 -22 -23 23 24 -26 26 -28 -29 29 -31
leaf_value=0.18223181061967231 -0.097146523308625443 -0.0175633969596804 0.1295930588543415 -0.80110860264301298 0.23312291321754453 0.15695661966456101 0.043574814374899018 1.2287478518486024 0.17555756427501809 0.97405761724168605 -0.45962040159825623 -0.10333348202747557 1.114218104986044 -0.85134852119467475 0.56639811904941284 0.034637006279146926 -0.30898764977408522 -0.12980097211738251 -0.59828083097934726 0.70446205519358907 0.26812372273106255 -0.00074039492011070249 -0.23276308940649032 0.81047426901080388 0.035388333505118448 0.789094488804157 0.18895600079969091 0.44282548631940566 -0.49106292485621317 -0.082868627507375309
leaf_weight=229 2284 146 60 30 50 128 1078 20 290 110 145 212 39 22 105 566 179 597 24 34 178 20 225 22 452 26 429 28 157 247
leaf_count=229 2284 146 60 30 50 128 1078 20 290 110 145 212 39 22 105 566 179 597 24 34 178 20 225 22 452 26 429 28 157 247
internal_value=2.00993e-10 -0.0580814 0.0469949 0.119342 0.236764 -0.0300974 0.0279017 0.301793 0.398771 0.676011 -0.281994 -0.0149828 0.231335 -0.106912 0.279452 -0.0921461 -0.0906158 -0.0432931 0.0497946 0.0637818 0.384665 0.736266 0.0527441 -0.0265318 0.0713628 0.132476 0.22325 -0.0396149 -0.118842 -0.241499
internal_weight=8132 3637 4495 2074 908 343 1166 148 565 170 195 2421 383 1027 395 3254 1005 826 1136 1112 237 59 1394 699 474 695 455 240 2688 404
internal_count=8132 3637 4495 2074 908 343 1166 148 565 170 195 2421 383 1027 395 3254 1005 826 1136 1112 237 59 1394 699 474 695 455 240 2688 404
is_linear=0
shrinkage=0.03


Tree=149
num_leaves=31
num_cat=0
split_feature=16 29 51 11 0 11 5 57 11 20 45 18 15 8 31 9 20 5 5 7 8 20 32 28 64 6 20 19 15 1
split_gain=23425.2 36020.2 30411.8 29396 35736.9 21712.8 44036.1 24901.4 23783 20237.1 16187.1 16075.3 15103.2 28236.7 15048.4 14985.9 19533.9 14351.1 12802 12074.5 11421.8 10453.3 10138.9 9968.31 9455.12 8438.93 6522.31 6177.87 9899.73 5717.7
threshold=19.450000000000003 1662.2857142857144 2997.6200000000003 77.500000000000014 28.643240000000002 53.500000000000007 16.500000000000004 141.0071428571429 55.500000000000007 3664.7500000000005 9.9650000000000016 3405.0000000000005 976.05000000000007 27.850000000000005 279.06999999999988 32.45000000000001 16617.000000000004 87.500000000000014 110.50000000000001 17.515000000000004 18.850000000000005 26928.750000000004 46.150000000000013 22.500000000000004 47.705000000000005 146.87000000000003 31023.500000000004 25.972916666666674 977.20000000000016 77.14626250000002
decision_type=2 2 2 2 2 2 2 10 2 2 8 2 2 2 2 2 2 2 2 2 2 2 10 2 8 2 2 2 2 2
left_child=1 2 3 4 11 14 7 27 20 -6 -9 -1 19 -14 23 21 -17 25 -18 -5 -8 -16 -19 -2 -12 -10 29 28 -7 -25
right_child=5 -3 -4 12 9 6 8 10 17 -11 24 -13 13 -15 15 16 18 22 -20 -21 -22 -23 -24 26 -26 -27 -28 -29 -30 -31
leaf_value=0.28741742373421425 0.2903059574255818 1.275013051714216 -0.49087976531548932 -0.33429210189539582 0.75663015868928696 -0.29435094839823778 -0.14791679227352142 1.0279341779708862 -0.51292442260469706 0.1665962136903649 -0.38884871550968714 -0.021600631757240411 -0.12886056441864049 0.17716097024034896 0.39110023583659154 -0.40682357541720071 0.37156373786694796 -0.016990602415587221 0.011039125490590451 0.1388345961335857 -0.94946411027759314 -0.25556890148382921 -0.53305372944281948 -0.024868375054046286 0.30847725478666166 -5.8298209851438347e-05 0.2832700869015285 0.28326454673920359 -0.02758557212314602 -0.34409722436201284
leaf_weight=164 38 21 99 274 54 201 20 25 35 1678 21 1989 777 417 167 90 103 42 636 59 80 26 186 67 105 165 21 35 332 205
leaf_count=164 38 21 99 274 54 201 20 25 35 1678 21 1989 777 417 167 90 103 42 636 59 80 26 186 67 105 165 21 35 332 205
internal_value=-2.07634e-11 0.0349067 0.0301812 0.0397129 0.0835468 -0.0742708 -0.164575 -0.0118026 -0.372612 0.184992 0.330614 0.00193813 -0.0718096 -0.0219837 0.00895858 0.065897 0.0104678 -0.275289 0.0612882 -0.250465 -0.789155 0.303984 -0.437989 -0.166845 0.192256 -0.0898099 -0.226135 -0.102832 -0.128186 -0.265464
internal_weight=8132 5532 5511 5412 3885 2600 1247 719 528 1732 151 2153 1527 1194 1353 1022 829 428 739 333 100 193 228 331 126 200 293 568 533 272
internal_count=8132 5532 5511 5412 3885 2600 1247 719 528 1732 151 2153 1527 1194 1353 1022 829 428 739 333 100 193 228 331 126 200 293 568 533 272
is_linear=0
shrinkage=0.03


Tree=150
num_leaves=31
num_cat=0
split_feature=1 1 44 45 1 13 62 13 12 40 26 54 48 7 7 24 63 37 17 32 35 5 26 13 9 13 24 39 61 41
split_gain=23096.3 25855.1 26693.3 22359.9 19756.5 16274.2 16770.3 15140.2 14883.7 14419.9 13128.7 12860 12574.5 12426.1 11504.6 12107 11865.3 11126.9 13375.5 29001.4 10504.8 10446.8 9912.72 7929.07 26835 10931.5 7381.32 5356 5326.49 6954.63
threshold=77.100837000000013 77.309166200000007 126.50000000000001 3.1700000000000004 77.188546500000015 97.500000000000014 5.4850000000000012 160.50000000000003 5.1500000000000012 101.53333333333335 10.500000000000002 52.350000000000001 135.55000000000004 63.065000000000005 66.985000000000014 1115.7150000000004 12.479999999999999 536.83333333333337 1607.5000000000002 134.50000000000003 210.50000000000003 63.500000000000007 7.5000000000000009 212.50000000000003 20.300000000000001 278.50000000000006 2.8900000000000006 24.872906976744186 12.747142857142856 19.350000000000005
decision_type=2 2 8 8 2 2 10 2 2 10 2 8 8 2 2 2 10 10 2 8 10 2 2 2 2 2 2 10 10 10
left_child=3 2 4 -1 10 8 11 26 -5 21 12 27 -2 -12 15 16 -9 18 22 -20 -10 -8 -4 24 -6 -25 -3 -7 -28 -30
right_child=1 7 17 5 23 6 9 14 20 -11 13 -13 -14 -15 -16 -17 -18 -19 19 -21 -22 -23 -24 25 -26 -27 28 -29 29 -31
leaf_value=1.1408940514326094 -0.01406468719389322 0.4303926356633504 -0.13844434439552866 0.51876757407188412 0.69053868464061186 0.56910547900199893 0.015012600695093472 1.0089011725512418 -0.19704774791253016 -0.6455547228881291 0.19528983580669709 0.13393936047630925 -0.31860379831865426 -0.31901521903403263 -0.22450361609458921 1.0252643223319735 0.26611983608107387 0.78427964435382314 0.13492845477698573 0.91128833805813503 -0.95546368856321673 0.26545606877931149 0.11382481447008534 -0.31010062156168439 -0.08151961971315691 -0.11602964076402959 -0.40110037524998188 1.2338384824991226 0.22093359765016807 -0.37809441295953894
leaf_weight=20 2614 27 230 20 42 20 270 22 65 21 421 31 128 47 26 28 161 22 287 51 22 337 359 331 1148 1239 40 24 53 26
leaf_count=20 2614 27 230 20 42 20 270 22 65 21 421 31 128 47 26 28 161 22 287 51 22 337 359 331 1148 1239 40 24 53 26
internal_value=-1.66768e-10 -0.0170456 -0.0303272 0.14996 -0.0538206 0.125492 0.177954 0.22289 -0.219186 0.127318 -0.00321591 0.601951 -0.028281 0.14364 0.370934 0.444306 0.355416 0.117466 0.101641 0.252072 -0.388831 0.154056 0.0153156 -0.112676 -0.0542705 -0.156945 -0.0174273 0.931687 -0.119034 0.0237851
internal_weight=8132 7302 6919 830 5970 810 703 383 107 628 3210 75 2742 468 237 211 183 949 927 338 87 607 589 2760 1190 1570 146 44 119 79
internal_count=8132 7302 6919 830 5970 810 703 383 107 628 3210 75 2742 468 237 211 183 949 927 338 87 607 589 2760 1190 1570 146 44 119 79
is_linear=0
shrinkage=0.03


Tree=151
num_leaves=31
num_cat=0
split_feature=12 1 1 18 21 24 10 24 56 12 13 19 64 30 45 11 16 11 8 24 60 37 58 26 68 43 9 45 39 65
split_gain=22092.1 21868.4 32451.8 18488.5 21722.8 23586.2 27077.1 25606.4 20711.3 16705.4 15674.3 12878.2 11641.6 10603.3 10465 9933.41 9590.67 10020.9 8289.08 8195.5 7955.71 7903.91 18079.5 11213.8 7635.25 9076.59 6005.31 4782.38 4346.84 2860.34
threshold=2.5000000000000004 77.188546500000015 77.309166200000007 6635.5000000000009 1479.5000000000002 767.70500000000004 11.550000000000002 912.13000000000011 280.50000000000006 2.3500000000000001 160.50000000000003 4.7166666666666677 6.410000000000001 13973.853333333334 103.50000000000001 77.500000000000014 17.650000000000002 77.500000000000014 28.250000000000004 10.380000000000001 12.850000000000003 248.83333333333334 58.750000000000007 10.500000000000002 18.500000000000004 35.600000000000001 37.650000000000013 10.65 42.750000000000007 57.668571428571433
decision_type=2 2 2 2 2 2 2 2 10 2 2 2 10 2 10 2 2 2 2 2 10 10 10 2 2 10 2 10 8 10
left_child=9 3 12 4 5 6 -2 -7 11 24 19 29 16 27 15 -12 17 -3 -18 20 -4 23 -23 -14 25 -1 -21 -6 -13 -5
right_child=1 2 10 8 13 7 -8 -9 -10 -11 14 28 21 -15 -16 -17 18 -19 -20 26 -22 22 -24 -25 -26 -27 -28 -29 -30 -31
leaf_value=0.84519319809145399 0.1938877679450898 0.2770268412295383 -0.10386717259883881 -0.3508454032919624 -1.0555439181219448 0.56505255382508035 -0.037966684181698081 0.10804896562169305 1.2335133803974498 1.2199301176071167 0.52531386874090213 0.33967252625359429 -0.10798890091685785 0.065960654562169846 -0.14218533996831287 -0.050850869435817 -0.23459643434806196 -0.12025311909340045 0.11770261484000719 -0.29919994222830576 0.74230906462669366 -0.40730527305967829 -0.018215963709907433 0.22845217508654439 -0.14870647596461434 0.04336727201938629 0.27990014183521267 -0.46897609005714286 0.92319869694113721 0.085692662562642782
leaf_weight=27 542 194 20 22 22 128 2771 800 22 20 170 27 2160 22 33 32 153 81 99 83 20 241 194 93 28 24 20 29 20 35
leaf_count=27 542 194 20 22 22 128 2771 800 22 20 170 27 2160 22 33 32 153 81 99 83 20 241 194 93 28 24 20 29 20 35
internal_value=-1.61059e-10 -0.00548934 -0.0605135 0.0390381 0.0285759 0.037408 -3.57717e-05 0.171084 0.397247 0.445413 0.202427 0.220344 -0.0914284 -0.484536 0.353123 0.43404 0.0374991 0.16001 -0.0961932 -0.0452221 0.319221 -0.116706 -0.23378 -0.0941012 0.249332 0.467863 -0.186753 -0.722005 0.587982 -0.0827957
internal_weight=8132 8033 3593 4440 4314 4241 3313 928 126 99 378 104 3215 73 235 202 527 275 252 143 40 2688 435 2253 79 51 103 51 47 57
internal_count=8132 8033 3593 4440 4314 4241 3313 928 126 99 378 104 3215 73 235 202 527 275 252 143 40 2688 435 2253 79 51 103 51 47 57
is_linear=0
shrinkage=0.03


Tree=152
num_leaves=31
num_cat=0
split_feature=16 29 21 11 0 68 17 52 10 10 24 16 9 21 22 8 29 19 0 52 6 68 48 21 68 41 61 37 63 62
split_gain=21306.5 33129.5 26805.6 25562.5 30113.1 25790.6 21865.3 20660.4 24194.6 16434.6 18792.5 15758.7 18499 16212.5 14527.8 14136.9 12719.7 10136.9 9969.59 13136.3 9624.09 9312.44 8200.49 8008.4 7361.31 5727.6 4372.49 4012.51 2917.9 2669.11
threshold=19.450000000000003 1960.3571428571429 1727.0000000000002 77.500000000000014 28.643240000000002 12.500000000000002 1062.5000000000002 24336.000000000004 11.550000000000002 26.950000000000003 6.7200000000000015 19.850000000000005 31.050000000000004 830.00000000000011 2099.0000000000005 32.850000000000001 878.71428571428567 10.035416666666668 28.682925800000003 31133.500000000004 1.4650000000000001 5.5000000000000009 52.850000000000009 1479.5000000000002 23.500000000000004 29.050000000000004 31.107142857142858 91.283333333333346 20.559285714285718 19.611726618705042
decision_type=2 2 2 2 2 2 2 2 2 2 2 2 2 2 2 2 2 2 2 2 2 2 8 2 2 8 10 10 8 8
left_child=1 2 3 4 5 -1 -6 8 20 10 -5 12 29 16 15 17 -13 22 21 -20 -2 -17 -9 -16 -19 -22 -4 -11 -14 -10
right_child=7 -3 26 9 6 -7 -8 14 11 27 -12 13 28 -15 23 18 -18 24 19 -21 25 -23 -24 -25 -26 -27 -28 -29 -30 -31
leaf_value=0.13731248522797831 0.9262292461395264 1.2520760829448698 -0.9618268091163853 0.11679291136604869 0.45801840010760481 -0.077003658751449308 0.12969601341977446 -0.29653372309424664 -1.1245028803565285 -0.36752996528619214 -0.11767341749306098 -0.096810007710435866 -0.28704220415864673 -0.96471556448936446 0.12442096449527888 0.70118138710657751 -0.85779682642221444 -0.21934435448978307 1.2542655018568039 0.33022184479236599 0.51816871536010878 0.10017408415946093 0.35410994546754021 -0.6139472086469715 0.39133310115337366 -0.0061639097571372986 -0.41241698943078514 -0.86141099309921254 0.075318896898201537 -0.70042287037653084
leaf_weight=797 20 20 22 443 207 1381 1546 22 22 57 1007 1705 70 20 20 27 20 159 20 45 30 165 84 39 20 50 32 20 28 34
leaf_count=797 20 20 22 443 207 1381 1546 22 22 57 1007 1705 70 20 20 27 20 159 20 45 30 165 84 39 20 50 32 20 28 34
internal_value=2.0902e-10 0.0332908 0.0288685 0.035449 0.0759135 0.00142149 0.168465 -0.0708325 -0.117202 -0.0687199 -0.0460399 -0.141153 -0.432061 -0.115479 0.083399 0.132063 -0.105633 -0.0134302 0.293408 0.614543 0.337615 0.184691 0.219071 -0.363653 -0.151112 0.190461 -0.636251 -0.495811 -0.18351 -0.867026
internal_weight=8132 5532 5512 5458 3931 2178 1753 2600 1999 1527 1450 1899 154 1745 601 542 1725 285 257 65 100 192 106 59 179 80 54 77 98 56
internal_count=8132 5532 5512 5458 3931 2178 1753 2600 1999 1527 1450 1899 154 1745 601 542 1725 285 257 65 100 192 106 59 179 80 54 77 98 56
is_linear=0
shrinkage=0.03


Tree=153
num_leaves=21
num_cat=0
split_feature=20 60 15 31 29 13 13 50 28 68 36 16 13 48 13 5 62 37 41 58
split_gain=21029.9 25885.8 17397.6 25511.1 28436.3 22451.8 21581.7 20430 24332.2 19617.2 18334.3 17296.7 11472 9698.56 9285.88 7850.77 6513.16 6357.57 4084.44 2569.79
threshold=2250.0000000000005 35.150000000000013 975.95000000000016 944.55785714285719 148.35714285714286 354.00000000000006 350.00000000000006 1.0000000180025095e-35 7.5000000000000009 25.500000000000004 193.50000000000003 19.450000000000003 291.50000000000006 92.050000000000011 180.50000000000003 198.50000000000003 17.250000000000004 75.416666666666671 44.95000000000001 38.95000000000001
decision_type=2 8 2 2 2 2 2 2 2 2 10 2 2 8 2 2 10 10 10 10
left_child=1 14 3 4 7 6 9 8 -2 11 15 -4 -11 -7 16 18 -1 -9 -5 -16
right_child=2 -3 5 10 -6 13 -8 17 -10 12 -12 -13 -14 -15 19 -17 -18 -19 -20 -21
leaf_value=0.074753517200206884 -0.36280862821896948 1.0455792947395428 0.032362708874850696 0.60075084976851933 -0.96847888717284569 1.0529274656295777 -0.97824746310710908 -0.019875307121584494 -0.028113083764549018 0.33854368044357547 1.1217728521227837 -0.070172928301502263 -0.034557462618598399 0.24661613443802141 0.026778951212763788 -0.21949154159507234 0.72865580141544339 0.52907502585527844 0.10460511105135083 -0.41698270817165789
leaf_weight=29 372 37 4283 28 39 25 20 31 412 247 20 2263 106 29 24 37 26 49 32 23
leaf_count=29 372 37 4283 28 39 25 20 31 412 247 20 2263 106 29 24 37 26 49 32 23
internal_value=3.00853e-11 0.365838 -0.006362 -0.122085 -0.17609 0.0105658 0.00581015 -0.140323 -0.186923 0.0086629 0.294724 -0.00308461 0.226508 0.619908 0.119265 0.124198 0.383871 0.316357 0.33614 -0.190381
internal_weight=8132 139 7993 1020 903 6973 6919 864 784 6899 117 6546 353 54 102 97 55 80 60 47
internal_count=8132 139 7993 1020 903 6973 6919 864 784 6899 117 6546 353 54 102 97 55 80 60 47
is_linear=0
shrinkage=0.03


Tree=154
num_leaves=29
num_cat=0
split_feature=1 1 68 63 38 37 26 6 20 25 40 18 63 15 37 32 20 7 58 17 62 19 64 8 65 25 7 30
split_gain=20972.3 22603.6 23362.7 20839.7 17871.1 15146.9 14514.7 17777.1 14366.1 13986.7 12991.6 13375.3 12974.5 12457 11513.9 20796.7 10762.4 10200.4 7797.85 12417.3 8551.96 7562.12 13881.8 11223 7278.65 6953.99 6454.77 4857.59
threshold=77.100837000000013 77.309166200000007 25.500000000000004 6.0192857142857159 115.50000000000001 536.83333333333337 10.500000000000002 2958.5050000000006 9265.5000000000018 2.5000000000000004 101.53333333333335 2939.0000000000005 12.479999999999999 976.75000000000011 417.50000000000006 163.50000000000003 3664.7500000000005 11.385000000000002 42.350000000000001 1422.5000000000002 24.708129496402879 14.254166666666668 79.65000000000002 27.850000000000005 70.723571428571447 2.5000000000000004 11.570000000000002 242.95666666666639
decision_type=2 2 2 8 10 8 2 2 2 2 10 2 10 2 10 10 2 2 8 2 10 2 10 2 10 2 2 2
left_child=3 2 4 8 6 14 9 -8 -1 -2 11 27 -3 26 15 -4 -15 -6 19 24 -21 22 -20 -23 -14 -19 -13 -5
right_child=1 12 5 10 17 -7 7 -9 -10 -11 -12 13 18 16 -16 -17 -18 25 21 20 -22 23 -24 -25 -26 -27 -28 -29
leaf_value=0.26457339406013486 -0.00037864737701181139 0.85511585767452525 0.12512192533114311 -0.11059527252860848 -0.99926090297698977 0.93758399014887606 0.0994527506370467 -0.49280414789915084 1.2383111022949218 -0.097474197629542167 -0.63314840980938492 -0.34649988185675396 -0.077888400238752362 0.69642209266361399 -0.35081369401592954 0.91588773060928685 0.17496059574933173 0.11018954299390316 -0.51179326057434082 0.34212245610627257 1.1786064973744477 -0.73652377692135895 0.32228578168414379 0.034058653736114497 0.58766241124698093 -0.6047359714508056 0.16459126608712332 -0.71027690872550009
leaf_weight=30 2322 26 322 31 25 23 917 48 25 3142 21 61 50 38 38 33 569 24 21 22 22 22 124 75 21 25 35 20
leaf_count=30 2322 26 322 31 25 23 917 48 25 3142 21 61 50 38 38 33 569 24 21 22 22 22 124 75 21 25 35 20
internal_value=5.1402e-10 -0.0162429 -0.0286614 0.142898 -0.0426042 0.189296 -0.0372686 0.0699933 0.707181 -0.0562121 0.102853 0.123351 0.2081 0.157384 0.145503 0.19863 0.207606 -0.506154 0.160978 0.36437 0.760364 0.064325 0.201488 -0.140713 0.118965 -0.254568 -0.160165 -0.345765
internal_weight=8132 7302 6919 830 6503 416 6429 965 55 5464 775 754 383 703 393 355 607 74 357 115 44 242 145 97 71 49 96 51
internal_count=8132 7302 6919 830 6503 416 6429 965 55 5464 775 754 383 703 393 355 607 74 357 115 44 242 145 97 71 49 96 51
is_linear=0
shrinkage=0.03


Tree=155
num_leaves=31
num_cat=0
split_feature=1 1 68 45 38 13 62 35 37 12 13 13 54 39 36 32 16 32 7 31 62 35 7 51 8 35 25 41 10 11
split_gain=19732.8 21267.8 21982 20211.2 16814.9 14766.5 15061.3 14396.9 14251.7 13404 13243.3 12676.4 12219.9 11803.3 11395.8 15881.4 10891.2 15604.9 10441.9 11264.6 10088.3 9809.82 9597.53 7715.6 6965.63 8634.1 6543.01 4820.8 3866.28 3591.92
threshold=77.100837000000013 77.309166200000007 25.500000000000004 3.1700000000000004 115.50000000000001 97.500000000000014 5.4850000000000012 38.150000000000013 536.83333333333337 5.1500000000000012 354.00000000000006 160.50000000000003 52.350000000000001 22.950000000000003 420.50000000000006 163.50000000000003 10.350000000000003 259.50000000000006 66.985000000000014 1142.1182142857147 11.437482014388491 210.50000000000003 11.385000000000002 212.45000000000002 23.250000000000004 252.50000000000003 2.5000000000000004 8.8950000000000014 20.950000000000003 79.500000000000014
decision_type=2 2 2 8 10 2 10 10 8 2 2 2 10 10 10 10 2 10 2 2 8 10 2 2 2 10 2 10 2 2
left_child=3 2 4 -1 7 9 12 28 14 -5 -9 24 13 -7 15 -4 -8 -18 19 20 -13 29 -6 -16 -3 27 -24 -26 -2 -11
right_child=1 11 8 5 22 6 16 10 -10 21 -12 18 -14 -15 23 -17 17 -19 -20 -21 -22 -23 26 -25 25 -27 -28 -29 -30 -31
leaf_value=1.080730987071991 0.075935291991784032 0.47391506780277598 0.12828132452425389 0.48733518719673152 -0.96928307361602772 0.29624984866806436 0.67512185668945313 -0.031357751249487892 0.90945647726888246 0.084497139562781029 0.46889258632436392 0.96748152530193332 0.025582408761978148 1.2301473939829859 -0.69448641953261003 0.78552605335776859 0.13200880912026841 -0.46121828874703058 -0.22995316919225911 1.0339102211983306 0.25472640789113937 -0.92153318680822849 0.10688385643064975 0.11119122201204298 -0.26242212648327284 -0.64434455516663458 -0.58659389476776125 0.16654426922706458 -0.3124028596626367 -0.37072408144290631
leaf_weight=20 26 22 313 20 25 21 30 6150 23 26 48 20 25 29 23 37 555 43 26 23 168 22 24 20 37 22 25 65 205 39
leaf_count=20 26 22 313 20 25 21 30 6150 23 26 48 20 25 29 23 37 555 43 26 23 168 22 24 20 37 22 25 65 205 39
internal_value=-3.14505e-10 -0.0157556 -0.0278015 0.138611 -0.0413261 0.115349 0.165322 -0.0361505 0.183617 -0.212975 -0.0274836 0.201857 0.567134 0.83791 0.141138 0.197761 0.117335 0.089352 0.33732 0.407221 0.330551 -0.373966 -0.490969 -0.319753 -0.018039 -0.105321 -0.246931 0.0109388 -0.268694 -0.188636
internal_weight=8132 7302 6919 830 6503 810 703 6429 416 107 6198 383 75 50 393 350 628 598 237 211 188 87 74 43 146 124 49 102 231 65
internal_count=8132 7302 6919 830 6503 810 703 6429 416 107 6198 383 75 50 393 350 628 598 237 211 188 87 74 43 146 124 49 102 231 65
is_linear=0
shrinkage=0.03


Tree=156
num_leaves=31
num_cat=0
split_feature=20 60 1 1 18 21 24 24 13 56 13 64 45 39 35 17 16 30 37 59 26 13 37 24 60 10 24 34 63 44
split_gain=19482.1 24225 17776.4 27751.8 16757.1 19535 22576.1 23818 22763.3 18929.6 13090.7 11350.7 10003.5 10026.1 9767.14 9400.16 13375.6 9249.18 8321.14 14576.3 10005.6 8215.04 7537.96 7384.79 7283.03 7035.88 6469.17 5666.48 5280.85 5071.75
threshold=2250.0000000000005 35.150000000000013 77.188546500000015 77.309166200000007 6635.5000000000009 1479.5000000000002 767.70500000000004 912.13000000000011 110.50000000000001 284.50000000000006 160.50000000000003 6.410000000000001 103.50000000000001 27.650000000000002 398.50000000000006 1012.5000000000001 15.950000000000001 13973.853333333334 248.83333333333334 57.538095238095245 10.500000000000002 180.50000000000003 263.83333333333343 10.380000000000001 12.850000000000003 26.250000000000004 188.15500000000003 63.999999999999993 22.599285714285717 12.250000000000002
decision_type=2 8 2 2 2 2 2 2 2 10 2 10 10 8 10 2 2 2 10 10 2 2 8 2 10 2 2 10 10 10
left_child=1 14 4 11 5 6 8 -8 -2 25 23 15 13 -12 21 22 -17 29 20 -20 -13 28 -4 24 -5 27 -25 -6 -1 -7
right_child=2 -3 3 10 9 17 7 -9 -10 -11 12 18 -14 -15 -16 16 -18 -19 19 -21 -22 -23 -24 26 -26 -27 -28 -29 -30 -31
leaf_value=0.23180740231275557 -0.16029474089712104 1.0096925864469359 -0.079377376365327185 -0.096865568876266475 -0.24288436668760638 -0.96630055175887219 0.54083864245996915 0.10193494596277122 0.035516348455749032 1.221654425382614 -0.16873742480936924 -0.099711745703487786 -0.15730369967493144 0.48490591723556542 -0.4156468993425369 0.33240645405150165 -0.021103631156185083 0.05169015364213423 -0.41335676143518307 -0.062519305047352577 0.21648504016247203 -0.039449702485611568 -0.70023470911112695 -0.50375247875281737 0.71274694025516505 0.53575264996060956 -0.001784737233949058 0.3089630814032121 0.92121025568246839 -0.36692661881446836
leaf_weight=20 672 37 88 20 34 27 129 810 2608 20 24 2153 33 176 24 152 263 22 205 222 94 38 22 35 20 39 68 33 20 24
leaf_count=20 672 37 88 20 34 27 129 810 2608 20 24 2153 33 176 24 152 263 22 205 222 94 38 22 35 20 39 68 33 20 24
internal_value=-2.78777e-10 0.352118 -0.0061234 -0.0558586 0.0341218 0.0241111 0.03253 0.162232 -0.00460105 0.37512 0.187946 -0.0845146 0.326621 0.406469 0.113586 0.0430193 0.108375 -0.462454 -0.109554 -0.230954 -0.0864841 0.276426 -0.203549 -0.0380075 0.307941 0.215397 -0.172356 0.0289211 0.576509 -0.684242
internal_weight=8132 139 7993 3575 4418 4292 4219 939 3280 126 376 3199 233 200 102 525 415 73 2674 427 2247 78 110 143 40 106 103 67 40 51
internal_count=8132 139 7993 3575 4418 4292 4219 939 3280 126 376 3199 233 200 102 525 415 73 2674 427 2247 78 110 143 40 106 103 67 40 51
is_linear=0
shrinkage=0.03


Tree=157
num_leaves=28
num_cat=0
split_feature=12 1 1 38 16 9 47 45 32 12 13 1 22 64 63 58 17 57 16 0 13 15 12 39 41 68 39
split_gain=18438.6 18066.6 25296.4 16234.1 17066.9 19879.2 17980.7 20898.4 15952.5 14723.3 12483 11959.7 10787.5 10068.5 9962.14 10667.3 9539.55 13505.4 12593.4 7976.47 7006.36 30917.1 8804.69 6455.28 9869.53 5249.21 3379.53
threshold=2.5000000000000004 77.188546500000015 77.309166200000007 111.50000000000001 22.000000000000004 41.400000000000006 46.705000000000005 41.006618705035983 112.50000000000001 2.3500000000000001 137.50000000000003 77.100837000000013 2099.0000000000005 6.410000000000001 12.479999999999999 42.350000000000001 1012.5000000000001 297.35714285714295 15.950000000000001 28.677609300000004 143.50000000000003 992.75000000000011 6.2500000000000009 63.45000000000001 8.8950000000000014 15.500000000000002 103.50000000000001
decision_type=2 2 2 10 2 2 8 10 10 2 2 2 2 10 10 8 2 8 2 2 2 2 2 8 10 2 10
left_child=9 3 13 4 6 8 11 -8 -6 19 23 -2 -7 16 -12 -16 17 -3 -18 25 21 -15 -22 24 -4 -1 -5
right_child=1 2 10 26 5 12 7 -9 -10 -11 14 -13 -14 20 15 -17 18 -19 -20 -21 22 -23 -24 -25 -26 -27 -28
leaf_value=0.36940677698539648 0.21973347994534728 -0.045687571907335002 -0.34044982767105098 -0.84194094353914262 -0.094635958210784979 0.49129577777887651 0.16937159633540866 -0.036811157869838053 -0.63928328816420754 1.1340352478027342 0.89664105021435281 -0.062024997855766095 -0.26306031980297778 -0.065659776825643265 0.54852612106076304 0.10233194643403254 0.32399324325919149 -0.87309989040548153 -0.020470521919315986 0.67917843081057072 -0.20839805019741181 1.098583367552076 -0.073930532356902751 -0.42343507419932969 0.28967327832394546 -0.22476313048973678 -0.29043591284751891
leaf_weight=23 156 92 35 20 699 76 1769 590 52 20 23 1036 22 914 70 155 150 22 263 24 877 21 876 33 62 32 20
leaf_count=23 156 92 35 20 699 76 1769 590 52 20 23 1036 22 914 70 155 150 22 263 24 877 21 876 33 62 32 20
internal_value=-3.01425e-10 -0.00501493 -0.055028 0.0354574 0.0409269 -0.0799083 0.069817 0.117804 -0.132348 0.406918 0.177121 -0.0251506 0.321951 -0.0823226 0.30194 0.241148 0.0375783 -0.205364 0.104637 0.222838 -0.10583 -0.039511 -0.141203 -0.0609951 0.0623093 0.0237079 -0.566188
internal_weight=8132 8033 3593 4440 4400 849 3551 2359 751 99 378 1192 98 3215 248 225 527 114 413 79 2688 935 1753 130 97 55 40
internal_count=8132 8033 3593 4440 4400 849 3551 2359 751 99 378 1192 98 3215 248 225 527 114 413 79 2688 935 1753 130 97 55 40
is_linear=0
shrinkage=0.03


Tree=158
num_leaves=31
num_cat=0
split_feature=16 12 17 15 6 6 15 18 37 17 24 53 37 18 17 24 17 5 31 17 48 25 43 1 35 17 31 7 48 25
split_gain=18019.7 26845.3 46562.6 24821 25415.5 41062.3 27853.3 23132.8 22724.2 21295 28565.8 33776.5 25876.3 20488.9 20246.7 20122.6 28530.6 24502.7 46766.2 19454.7 16813.8 14969 14290.2 14253.8 12950.7 11503.3 11489.2 11101.2 10431.2 10211.6
threshold=14.750000000000002 5.8500000000000005 1865.0000000000002 987.1500000000002 58.245000000000005 122.89500000000002 992.25000000000011 4011.5000000000005 170.16666666666671 3105.0000000000005 78.085000000000022 239788.85000000001 219.50000000000003 6099.5000000000009 3057.5000000000005 2333.5800000000004 1957.5000000000002 394.00000000000006 2084.0514285714294 3432.5000000000005 81.65000000000002 5.5000000000000009 17.740000000000006 77.128061500000015 138.50000000000003 3450.0000000000005 4858.4778571428587 24.705000000000002 36.985000000000007 3.5000000000000004
decision_type=2 2 2 2 2 2 2 2 10 2 2 2 10 2 2 2 2 2 2 2 10 2 10 2 10 2 2 2 10 2
left_child=1 3 8 7 27 20 -7 24 -3 14 -11 12 25 -13 15 17 22 18 -2 -15 -6 -19 -17 28 -1 -12 -18 -5 -9 -25
right_child=9 2 -4 4 5 6 -8 23 -10 10 11 13 -14 19 -16 16 26 21 -20 -21 -22 -23 -24 29 -26 -27 -28 -29 -30 -31
leaf_value=-0.21681650553792714 -0.060866793975415501 0.48208824022852498 1.7890219230651854 -0.17407102923199999 1.0270405251905321 0.21959608485517293 -0.066076899947338674 0.97182337117195117 -0.32565135858275673 -0.88829467773437498 0.69416063489913937 -0.59928450859509974 1.436543907324473 0.41426547312523637 -0.61331662889373928 1.1047529702294956 -0.33873206532827699 0.50968424469935447 -0.71402522308991689 -0.0036669629841789646 0.21661428570747376 -0.083299026977270846 0.30036923996633985 -0.18084688968189849 -0.78663548207708767 0.029063733491030606 0.19398440993145891 -0.94583772683143619 0.15635334856808186 0.06866743059736076
leaf_weight=100 4257 109 20 104 64 759 516 20 44 24 50 39 27 140 57 22 101 106 101 353 36 60 206 311 56 44 57 20 48 281
leaf_count=100 4257 109 20 104 64 759 516 20 44 24 50 39 27 140 57 22 101 106 101 353 36 60 206 311 56 44 57 20 48 281
internal_value=1.70425e-10 0.0672613 0.427742 0.0403225 0.112799 0.149896 0.103983 -0.0928182 0.249797 -0.0296503 0.128191 0.16555 0.617963 0.0626516 -0.0511639 -0.0446379 0.163279 -0.062378 -0.0760042 0.115016 0.735287 0.295353 0.377985 -0.0151612 -0.421367 0.382839 -0.14655 -0.29855 0.396197 -0.0624119
internal_weight=8132 2488 173 2315 1499 1375 1275 816 153 5644 677 653 121 532 4967 4910 386 4524 4358 493 100 166 228 660 156 94 158 124 68 592
internal_count=8132 2488 173 2315 1499 1375 1275 816 153 5644 677 653 121 532 4967 4910 386 4524 4358 493 100 166 228 660 156 94 158 124 68 592
is_linear=0
shrinkage=0.03


Tree=159
num_leaves=31
num_cat=0
split_feature=1 63 1 40 0 19 50 63 41 60 17 10 15 52 35 57 34 12 38 47 34 17 56 60 51 18 17 57 17 53
split_gain=17588.6 19410.1 21511.8 12097.7 15509.5 13819.1 24112.5 15912.3 15800.4 11874 11831.3 32817.4 12644 16649.2 11609.2 11349.7 11284.7 11000.1 10434 10438.1 10340.8 9193.51 14007.8 9547.38 9849.76 9114.41 9393.14 8917.88 8912.29 8728.6
threshold=77.131314500000016 86.528571428571439 77.309166200000007 101.53333333333335 28.682925800000003 13.4 1.0000000180025095e-35 6.0192857142857159 26.050000000000004 35.150000000000013 1607.5000000000002 13.250000000000002 980.05000000000007 11424.250000000002 38.150000000000013 112.32142857142858 113.63333333333335 6.0500000000000007 115.50000000000001 188.25000000000003 92.333333333333357 1272.5000000000002 280.50000000000006 20.250000000000004 565.55500000000018 5603.0000000000009 2507.5000000000005 233.07142857142858 1282.5000000000002 60786.750000000007
decision_type=2 8 2 10 2 2 2 8 10 10 2 2 2 2 10 8 10 2 10 10 10 2 10 10 2 2 2 10 2 2
left_child=3 2 14 4 25 6 9 28 -8 -6 21 -12 27 -14 -2 -9 20 -18 19 -16 -4 23 -23 24 -3 26 -1 -13 -7 -25
right_child=1 10 16 -5 5 7 8 15 -10 -11 11 12 13 -15 18 -17 17 -19 -20 -21 -22 22 -24 29 -26 -27 -28 -29 -30 -31
leaf_value=0.075568238148639957 -0.28749046971360526 0.15990689003909075 0.14789413035388402 -0.61077468599591933 0.5961523072615913 0.18290400025637252 -0.31252477191388606 0.49192947367534912 0.46833270589279569 1.5710308058153499 1.3591585766998204 0.92142732024192808 0.45382976912566136 -0.073227051556971498 -0.045833082223918478 -0.11440091247425267 0.78641409421453667 0.1329282655363733 -0.41835096404623628 0.38133827981753993 -0.56676131004095076 0.0082084599825052104 -0.52870518808016331 -0.60154110074043277 0.77426317595518546 -0.11128403706521522 0.57560133663316559 0.24968178893884885 1.0011853304386138 0.01724784907071214
leaf_weight=556 186 243 205 21 23 23 32 34 86 22 22 29 74 199 5173 152 49 44 67 52 20 169 59 23 26 246 36 46 25 190
leaf_count=556 186 243 205 21 23 23 32 34 86 22 22 29 74 199 5173 152 49 44 67 52 20 169 59 23 26 246 36 46 25 190
internal_value=6.1166e-10 -0.0188567 -0.0406145 0.103231 0.115372 0.269831 0.481902 0.122107 0.256575 1.07276 0.0979101 0.235458 0.164419 0.0696382 -0.0545396 -0.00356633 0.199265 0.477238 -0.0463519 -0.0415818 0.0843692 0.0262303 -0.13073 0.100477 0.219287 0.0421978 0.105976 0.509423 0.609092 -0.0495697
internal_weight=8132 6876 5796 1256 1235 397 163 234 118 45 1080 370 348 273 5478 186 318 93 5292 5225 225 710 228 482 269 838 592 75 48 213
internal_count=8132 6876 5796 1256 1235 397 163 234 118 45 1080 370 348 273 5478 186 318 93 5292 5225 225 710 228 482 269 838 592 75 48 213
is_linear=0
shrinkage=0.03


Tree=160
num_leaves=31
num_cat=0
split_feature=15 31 29 16 29 21 8 53 12 10 23 22 31 11 36 35 15 22 44 60 14 44 35 16 5 21 68 46 41 37
split_gain=17199.4 22784.3 26315.9 20474.3 28424.4 25153.6 24095.5 22174.7 33620.6 21065.3 20611.1 17828.6 17775.7 35050.8 15852.2 14189.7 13820.4 20908.3 9642.54 11863.3 9582.78 9266.74 8473.28 8147.2 7333.47 7157.55 5652.8 5505.53 3703.85 3364.91
threshold=975.95000000000016 944.55785714285719 148.35714285714286 19.450000000000003 1960.3571428571429 1727.0000000000002 32.850000000000001 61816.450000000004 3.9500000000000006 11.550000000000002 4680.6650000000018 2099.0000000000005 165.14571428571418 53.500000000000007 193.50000000000003 170.50000000000003 971.95000000000016 3.5000000000000004 10.850000000000003 17.850000000000005 3.0500000000000003 7.8850000000000007 246.50000000000003 15.850000000000003 198.50000000000003 1479.5000000000002 9.5000000000000018 12.80666666666667 44.95000000000001 79.416666666666671
decision_type=2 2 2 2 2 2 2 2 2 2 2 2 2 2 10 10 2 2 10 10 2 10 10 2 2 2 2 10 10 10
left_child=1 2 16 4 5 7 9 8 -2 18 -9 21 15 -14 24 -11 29 23 -5 -20 -19 22 -8 -18 28 -13 -23 -7 -3 -1
right_child=3 14 -4 6 -6 27 11 10 -10 12 -12 25 13 -15 -16 -17 17 20 19 -21 -22 26 -24 -25 -26 -27 -28 -29 -30 -31
leaf_value=0.13758529926091431 0.30678999051338796 0.57695554152131079 -0.92851775481150689 -0.067537122219800946 1.1812551348209381 -0.93454012930393215 0.26538358870893713 0.066812055654639768 -0.33856216846504711 -0.04661341339948788 0.62677746556699276 0.13063014005497098 -0.054505732504921592 -0.38395530881240003 1.047728871613741 0.39380637468115703 -0.16472971387531446 -0.18047969510033726 1.0734913156181574 0.22981000021845102 0.086250316098332405 0.32617620653562968 0.74810012276967364 -0.46563580359959478 -0.21203928960336219 -0.56741269615980294 -0.021949670495895239 -0.32493118385970593 0.10449071025475859 0.68789609295129772
leaf_weight=20 99 28 39 36 20 24 120 4221 273 597 60 20 702 496 20 74 138 220 24 40 270 62 45 196 37 39 130 30 32 20
leaf_count=20 99 28 39 36 20 24 120 4221 273 597 60 20 702 496 20 74 138 220 24 40 270 62 45 196 37 39 130 30 32 20
internal_value=7.38312e-11 -0.115206 -0.166243 0.0165228 0.0526789 0.0478836 -0.0551375 0.0553546 -0.166815 -0.0989673 0.0746602 0.152316 -0.121665 -0.190906 0.278697 0.00195747 -0.131835 -0.158271 0.325249 0.54619 -0.033506 0.232157 0.397034 -0.341309 0.120134 -0.330788 0.090466 -0.595868 0.324974 0.412741
internal_weight=8132 1020 903 7112 4727 4707 2385 4653 372 1969 4281 416 1869 1198 117 671 864 824 100 64 490 357 165 334 97 59 192 54 60 40
internal_count=8132 1020 903 7112 4727 4707 2385 4653 372 1969 4281 416 1869 1198 117 671 864 824 100 64 490 357 165 334 97 59 192 54 60 40
is_linear=0
shrinkage=0.03


Tree=161
num_leaves=19
num_cat=0
split_feature=20 61 35 13 13 24 24 18 64 39 47 48 13 24 22 39 15 47
split_gain=16681.4 18573.9 14989.2 15492.1 18172.4 14058.2 30603.5 22180.7 12695 17211.8 9699.51 8460.56 4199.43 3925.89 5834.16 2668.7 2451.07 1571.83
threshold=2250.0000000000005 32.350000000000001 38.150000000000013 354.00000000000006 350.00000000000006 698.07500000000016 666.79500000000019 6264.5000000000009 81.550000000000026 41.350000000000001 64.63000000000001 77.65000000000002 180.50000000000003 536.65500000000009 26.500000000000004 57.650000000000013 975.85000000000002 25.135000000000002
decision_type=2 8 8 2 2 2 2 2 10 10 10 8 2 2 2 8 2 10
left_child=1 8 13 4 5 6 -4 -7 9 12 -3 -5 -1 14 16 -13 -2 -18
right_child=2 10 3 11 -6 7 -8 -9 -10 -11 -12 15 -14 -15 -16 -17 17 -19
leaf_value=0.53328841592584331 -0.514848014981516 0.40423946200311178 -0.012895454362784988 0.94608440182425757 -0.90571095230430354 0.11844997379824888 -0.46194894886442595 -0.13992556928982577 0.5969595475494861 -0.77300043951719999 1.3385605044364928 -0.031403428852558139 -0.059813696037639273 -0.5325903679229117 0.14837428857882817 0.45868081703782082 -0.056459815611964774 -0.29276726077065657
leaf_weight=21 31 20 5607 22 20 1577 140 369 32 24 20 20 22 37 36 20 38 76
leaf_count=21 31 20 5607 22 20 1577 140 369 32 24 20 20 22 37 36 20 38 76
internal_value=1.15532e-10 0.325826 -0.00566619 0.00121294 -0.0025838 -0.000235876 -0.0238346 0.0694569 0.105392 -0.129386 0.8714 0.473539 0.229841 -0.251011 -0.193451 0.213639 -0.278318 -0.213998
internal_weight=8132 139 7993 7775 7713 7693 5747 1946 99 67 40 62 43 218 181 40 145 114
internal_count=8132 139 7993 7775 7713 7693 5747 1946 99 67 40 62 43 218 181 40 145 114
is_linear=0
shrinkage=0.03


Tree=162
num_leaves=31
num_cat=0
split_feature=1 47 68 14 12 40 0 13 13 53 19 15 5 21 60 15 17 0 40 16 67 17 59 57 17 18 17 21 10 17
split_gain=16509.5 17545.4 16634.2 15027.1 14511.6 11448.4 14439.4 23500 16653.8 23869.7 13426.3 10980.5 11113.5 20588.5 16941.6 10776.8 10095.2 11784.6 10064.5 10652.2 13117.6 13525.1 9452.53 9401.91 9361.17 8431.64 8753.8 9235.85 7501.47 6331.82
threshold=77.131314500000016 121.05000000000001 3.5000000000000004 1.0000000180025095e-35 8.2500000000000018 101.53333333333335 28.682925800000003 90.500000000000014 302.50000000000006 156711.40000000002 13.4 995.95000000000016 307.00000000000006 161.00000000000003 13.15 994.55000000000007 2735.0000000000005 28.770489700000002 94.850000000000009 8.5000000000000018 1.0000000180025095e-35 1607.5000000000002 35.678571428571438 205.17857142857144 1612.5000000000002 5603.0000000000009 2507.5000000000005 486.00000000000006 25.850000000000005 1272.5000000000002
decision_type=2 8 2 2 2 10 2 2 2 2 2 2 2 2 10 2 2 2 10 2 2 2 10 10 2 2 2 2 2 2
left_child=5 2 3 4 15 6 25 -8 10 -10 -9 12 13 -4 -14 -2 17 -5 19 -3 21 -21 -13 -20 29 26 27 -1 -6 -25
right_child=1 18 11 16 28 -7 7 8 9 -11 -12 22 14 -15 -16 -17 -18 -19 23 20 -22 -23 -24 24 -26 -27 -28 -29 -30 -31
leaf_value=0.04839064047232354 0.29580605855697317 0.63262864513322714 -0.07058759439640154 0.084652388158451664 -0.21528537422418595 -0.59456757426261897 -0.40139807802300115 0.6613382832774749 -0.67308166047558182 0.53811347219679095 0.25367991462349893 0.87148212723433971 0.86155940402468489 -0.2873908402602996 0.012078291089221666 -0.26852426698939363 -0.62251928661550793 -0.24721403691023586 -0.39733488326009947 0.041752373597304694 -0.14033779229862348 0.24437825592514523 0.040087776028085498 0.024847125864277279 0.46816723025869578 -0.10640090448554695 0.55592461864153542 0.67560379694808614 0.20379019938666243 -0.51386267013019982
leaf_weight=534 395 32 3038 269 114 21 43 130 32 27 165 20 22 453 534 33 28 150 76 815 210 466 32 72 32 246 36 22 58 27
leaf_count=534 395 32 3038 269 114 21 43 130 32 27 165 20 22 453 534 33 28 150 76 815 210 466 32 72 32 246 36 22 58 27
internal_value=1.02513e-10 -0.0182691 -0.0460549 0.0606669 0.158766 0.100014 0.111825 0.26086 0.341304 -0.118806 0.433326 -0.0733146 -0.0788804 -0.0987205 0.0456909 0.252295 -0.0710093 -0.0341542 0.0643816 0.0910582 0.079435 0.115463 0.359855 -0.131891 0.0221073 0.0412202 0.102563 0.0732084 -0.0739692 -0.122074
internal_weight=8132 6876 5146 1047 600 1256 1235 397 354 59 295 4099 4047 3491 556 428 447 419 1730 1523 1491 1281 52 207 131 838 592 556 172 99
internal_count=8132 6876 5146 1047 600 1256 1235 397 354 59 295 4099 4047 3491 556 428 447 419 1730 1523 1491 1281 52 207 131 838 592 556 172 99
is_linear=0
shrinkage=0.03


Tree=163
num_leaves=31
num_cat=0
split_feature=1 1 0 10 13 51 9 13 18 10 51 13 48 13 40 12 7 63 1 47 48 33 38 37 15 51 1 1 58 0
split_gain=15775.4 23558.2 15092.8 17661.7 44730.8 33472.8 20325.3 23403.3 15400.5 19440.6 17377.9 14052.8 13669.1 13608.6 13466.3 11600.8 12716.1 10366.4 8252.13 10526.1 9948.92 8970.06 12445.6 8924.17 11652.3 8554.08 8146.75 12612.8 14795.2 12420.4
threshold=77.188546500000015 77.309166200000007 28.662761550000003 11.550000000000002 298.50000000000006 526.45500000000015 25.150000000000002 130.50000000000003 6635.5000000000009 26.250000000000004 2584.8600000000006 150.00000000000003 152.90000000000003 203.00000000000003 80.983333333333348 3.9500000000000006 33.32500000000001 12.479999999999999 77.232522700000018 88.450000000000017 70.405000000000015 163.50000000000003 35.350000000000001 240.83333333333334 993.45000000000016 1622.1450000000002 77.14626250000002 77.146786750000018 18.150000000000002 28.638037000000004
decision_type=2 2 2 2 2 2 2 2 2 2 2 2 8 2 10 2 2 10 2 8 8 10 10 10 2 2 2 2 8 2
left_child=2 18 13 4 5 11 7 -5 10 -10 -8 -4 -9 14 15 -1 -17 -3 21 23 -21 -2 -23 -20 -25 -24 29 -28 -29 -15
right_child=1 17 3 6 -6 -7 8 12 9 -11 -12 -13 -14 26 -16 16 -18 -19 19 20 -22 22 25 24 -26 -27 27 28 -30 -31
leaf_value=0.26345711342990397 -0.096456668963388587 0.75443892222184394 0.90159322392940511 0.38874082584040509 -0.23111613817250026 1.7646053917407989 0.094097852964177359 -0.28548078214800032 0.18328090900182722 1.3288122153282165 -0.44845676539160989 0.26794630055768148 -1.0358753862688619 0.034464396533532803 -0.62224279350201994 -0.16381396485001312 0.11141072462894953 0.13397907937274259 -0.060090678922660623 0.67167701906484101 0.037913583512822611 -0.62346174587125647 -0.24479379404993618 -0.50317308033334796 0.28418119397546565 0.44477586445212364 -0.22035396643233698 0.80123016108637268 0.02187422270659739 0.30746038289989464
leaf_weight=84 1394 26 45 35 85 20 1564 74 40 20 55 105 31 476 42 709 192 357 826 23 725 73 85 87 21 20 208 23 468 219
leaf_count=84 1394 26 45 35 85 20 1564 74 40 20 55 105 31 476 42 709 192 357 826 23 725 73 85 87 21 20 208 23 468 219
internal_value=-3.61858e-10 -0.0464522 0.0375854 0.0969783 0.330797 0.611754 0.0641999 -0.283084 0.0931575 0.565125 0.0756664 0.45804 -0.507026 -0.0132947 -0.0961607 -0.0737288 -0.105165 0.176099 -0.0726467 -0.0264609 0.057401 -0.122064 -0.32261 -0.0936222 -0.350076 -0.113447 0.0477552 -0.0245611 0.0583817 0.120488
internal_weight=8132 3637 4495 2074 255 170 1819 140 1679 60 1619 150 105 2421 1027 985 901 383 3254 1682 748 1572 178 934 108 105 1394 699 491 695
internal_count=8132 3637 4495 2074 255 170 1819 140 1679 60 1619 150 105 2421 1027 985 901 383 3254 1682 748 1572 178 934 108 105 1394 699 491 695
is_linear=0
shrinkage=0.03


Tree=164
num_leaves=31
num_cat=0
split_feature=15 31 31 16 30 51 8 18 18 0 50 22 5 13 32 56 22 5 36 14 24 44 37 21 5 32 46 0 0 41
split_gain=15518.3 21281.5 24674.3 18428.4 26415.6 26522.6 22233.3 21450.1 43112.5 39828 17499.8 21526.5 17350.9 23579 26866.7 21822.6 16675.7 16362.1 14537.6 11307.7 9127.39 8450.21 7404.04 6723.18 6695.73 5924.83 5066.69 5044.53 4129.07 3456.24
threshold=975.95000000000016 944.55785714285719 887.00428571428563 19.450000000000003 12556.063333333335 2997.6200000000003 32.850000000000001 3672.5000000000005 3425.5000000000005 28.643240000000002 1.0000000180025095e-35 3.5000000000000004 16.500000000000004 130.50000000000003 110.50000000000001 314.50000000000006 2099.0000000000005 356.00000000000006 193.50000000000003 3.0500000000000003 1.1700000000000002 7.8850000000000007 250.16666666666671 1479.5000000000002 198.50000000000003 35.650000000000013 11.600000000000003 28.677609300000004 28.514958500000002 44.95000000000001
decision_type=2 2 2 2 2 2 2 2 2 2 2 2 2 2 10 10 2 2 10 2 2 10 10 2 2 10 8 2 2 10
left_child=1 2 10 4 5 7 12 8 -2 -9 11 25 15 14 -14 20 21 -15 24 -13 -5 22 -8 -18 29 -1 -12 -7 -23 -3
right_child=3 18 -4 6 -6 27 16 9 -10 -11 26 19 13 17 -16 -17 23 -19 -20 -21 -22 28 -24 -25 -26 -27 -28 -29 -30 -31
leaf_value=-0.26918547476615223 0.066363028001693469 0.55855819791555406 -0.8968724503883948 0.21302650591439529 1.1116301509312221 -0.29937800023866734 0.26233869022766093 0.0021087181876410545 -0.32093273166676944 0.20894929167665688 0.075759275959328159 -0.2110509568378329 -0.26984410862127939 -0.11219640970903179 -1.1486151505919064 0.90148536071777341 0.12695916205644608 0.31242041487615185 1.007715297281742 0.086567348348183762 -0.063306172465997151 0.49688325405120848 0.72014687310817627 -0.54957143160013056 -0.19798747533076519 -0.54606932603682468 0.55460230192823978 -0.76535432004928583 0.041456222648537433 0.10215888362377881
leaf_weight=210 844 28 39 138 21 69 122 1876 373 1514 43 200 396 797 34 25 20 91 20 270 488 20 43 39 37 104 37 30 172 32
leaf_count=210 844 28 39 138 21 69 122 1876 373 1514 43 200 396 797 34 25 20 91 20 270 488 20 43 39 37 104 37 30 172 32
internal_value=1.48413e-10 -0.109431 -0.158757 0.0156946 0.0499967 0.0452592 -0.0522912 0.0556995 -0.0523398 0.0944853 -0.125439 -0.168568 -0.0943931 -0.156981 -0.339328 0.0323216 0.146985 -0.0686827 0.271261 -0.0400787 -0.00238938 0.224201 0.381646 -0.320239 0.119414 -0.360892 0.297224 -0.440583 0.0888965 0.315145
internal_weight=8132 1020 903 7112 4727 4706 2385 4607 1217 3390 864 784 1969 1318 430 651 416 888 117 470 626 357 165 59 97 314 80 99 192 60
internal_count=8132 1020 903 7112 4727 4706 2385 4607 1217 3390 864 784 1969 1318 430 651 416 888 117 470 626 357 165 59 97 314 80 99 192 60
is_linear=0
shrinkage=0.03


Tree=165
num_leaves=18
num_cat=0
split_feature=12 35 13 13 12 0 53 15 68 0 68 21 49 45 14 33 33
split_gain=15240.6 13480.8 14288.6 16891.6 12825.9 12811.5 26988.7 14277.3 11142.5 7252.23 4803.93 3456.45 4817.95 2750.52 1883.7 2412.34 1360.71
threshold=2.5000000000000004 38.150000000000013 354.00000000000006 350.00000000000006 2.3500000000000001 28.682925800000003 277244.05000000005 995.95000000000016 11.500000000000002 28.677609300000004 15.500000000000002 26.500000000000004 76.51666666666668 40.45000000000001 1.6500000000000001 20.350000000000005 19.650000000000002
decision_type=2 8 2 2 2 2 2 2 2 2 2 2 8 8 2 8 10
left_child=4 11 3 5 9 7 -7 -3 -4 10 -1 12 14 -10 -2 -16 -13
right_child=1 2 8 -5 -6 6 -8 -9 13 -11 -12 16 -14 -15 15 -17 -18
leaf_value=0.33897797016507902 -0.44870763843709771 -0.027086851401809976 1.038360381066799 -0.87241978329420078 1.0486016328334808 0.052221108619221836 0.89293109408446714 0.39230147968172219 0.42079722574778966 0.63327157014049584 -0.22943219382315874 -0.57200382739305489 0.14806301061940541 -0.064752781093120576 -0.017987425812455108 -0.31675227436103992 -0.25656470292806627
leaf_weight=23 33 5726 20 20 20 1898 35 74 21 24 32 32 34 21 43 56 20
leaf_count=23 33 5726 20 20 20 1898 35 74 21 24 32 32 34 21 43 56 20
internal_value=-4.11957e-10 -0.00455934 0.00193154 -0.00169601 0.369952 0.000555962 0.0674435 -0.021736 0.455551 0.198142 0.0082666 -0.237249 -0.17039 0.178022 -0.252416 -0.186986 -0.450681
internal_weight=8132 8033 7815 7753 99 7733 1933 5800 62 79 55 218 166 42 132 99 52
internal_count=8132 8033 7815 7753 99 7733 1933 5800 62 79 55 218 166 42 132 99 52
is_linear=0
shrinkage=0.03


Tree=166
num_leaves=31
num_cat=0
split_feature=1 57 53 53 29 56 47 38 5 5 21 23 56 39 40 0 45 38 56 35 25 17 12 21 16 52 26 32 60 25
split_gain=14704.1 16287.5 14450.2 12920.9 12234.1 13191.9 12083.5 19847.5 13266.5 23526.4 19650.4 24809 16388.8 12979.9 10659.2 12761.2 12842.3 12482.6 20824.9 14669.2 9943.11 11500.9 9644.92 9196.17 6690.47 9317.17 10016.4 6215.67 4507.08 3701.47
threshold=77.131314500000016 372.64285714285717 59029.400000000001 67747.950000000012 117.14285714285715 301.50000000000006 122.85000000000001 115.50000000000001 1727.0000000000002 2225.0000000000005 1727.0000000000002 5053.2250000000013 142.50000000000003 103.50000000000001 101.53333333333335 28.682925800000003 3.1700000000000004 49.95000000000001 247.50000000000003 237.50000000000003 5.5000000000000009 1607.5000000000002 6.0500000000000007 134.50000000000003 17.650000000000002 17182.000000000004 7.5000000000000009 163.50000000000003 89.250000000000014 2.5000000000000004
decision_type=2 8 2 2 2 10 8 10 2 2 2 2 10 10 10 2 8 10 10 8 2 2 2 2 2 2 2 10 10 2
left_child=14 6 -3 -4 22 -6 8 20 10 12 11 -2 -10 -9 15 24 -17 19 -19 -18 21 -8 -5 -22 25 26 -1 28 -26 -15
right_child=1 2 3 4 5 -7 7 13 9 -11 -12 -13 -14 29 -16 16 17 18 -20 -21 23 -23 -24 -25 27 -27 -28 -29 -30 -31
leaf_value=-0.067302044481039047 -0.060101723944341413 -0.50072566012541453 0.95980411505699148 0.144286323046142 0.99530158363282684 0.24311076816193716 0.031901542360371272 -1.0689076914106097 1.3293261321731236 -0.2359062049090862 -0.74554444351711779 0.47919591740060308 0.24854584451232636 0.099985544396483383 -0.5758252257108688 0.98669511651992803 0.23429430738430132 1.0916890768300402 0.22672171111863393 -0.27171312875747677 0.024401456874816915 0.22703251512733627 -0.35376656887622976 -0.41098519115285442 0.0092387995779959122 0.69293135870248079 0.22334075160821279 -0.48278111410801233 -0.42489555887554004 -0.427359766459465
leaf_weight=203 4871 27 20 107 24 167 689 21 23 40 37 78 28 23 21 20 165 33 104 75 129 449 52 66 335 24 225 28 23 25
leaf_count=203 4871 27 20 107 24 167 689 21 23 40 37 78 28 23 21 20 165 33 104 75 129 449 52 66 335 24 225 28 23 25
internal_value=-2.65603e-10 -0.0172412 0.169285 0.218177 0.175799 0.337627 -0.0286706 0.0492933 -0.0502001 0.308764 -0.0567516 -0.051602 0.735957 -0.446832 0.0943875 0.105784 0.245891 0.206591 0.435072 0.076167 0.0749741 0.108891 -0.0185989 -0.12296 0.0394084 0.117743 0.0854891 -0.0523199 -0.0186525 -0.174673
internal_weight=8132 6876 397 370 350 191 6479 1402 5077 91 4986 4949 51 69 1256 1235 397 377 137 240 1333 1138 159 195 838 452 428 386 358 48
internal_count=8132 6876 397 370 350 191 6479 1402 5077 91 4986 4949 51 69 1256 1235 397 377 137 240 1333 1138 159 195 838 452 428 386 358 48
is_linear=0
shrinkage=0.03


Tree=167
num_leaves=25
num_cat=0
split_feature=16 29 29 28 10 16 17 24 20 33 17 17 24 17 5 63 68 5 36 22 40 32 45 45
split_gain=14424.3 20794.6 24828.8 29863.4 24506.8 41303.9 17529.8 26775.7 29707.5 20582.3 18409.9 18629.3 18426.4 25703.6 21513.3 16603.3 16507.8 15253.6 15162.9 14640.6 12191.3 10159.9 8655.19 5575.48
threshold=14.750000000000002 487.85714285714295 384.64285714285717 391.33333333333343 20.150000000000002 14.550000000000002 3105.0000000000005 78.085000000000022 21724.250000000004 47.350000000000001 3057.5000000000005 3047.5000000000005 2333.5800000000004 1957.5000000000002 394.00000000000006 18.035714285714288 15.500000000000002 948.00000000000011 144.50000000000003 307.00000000000006 60.550000000000004 63.650000000000013 37.424136690647494 9.1050000000000022
decision_type=2 2 2 2 2 2 2 2 2 10 2 2 2 2 2 10 2 2 10 2 10 10 10 10
left_child=1 2 3 4 5 -1 10 -8 15 18 11 12 14 -14 -2 21 -5 -11 -10 -6 -4 -9 -17 -12
right_child=6 -3 20 16 19 -7 7 8 9 17 23 -13 13 -15 -16 22 -18 -19 -20 -21 -22 -23 -24 -25
leaf_value=0.10350155325307779 -0.073435450441630384 0.78626125880650111 -0.86673991288703223 0.28015819387776514 -0.030506469255109581 1.081732091523707 -0.8674400210380554 0.37618063415799818 0.17194509591375079 0.088936096649536223 -0.91777738498449324 0.8739072486162186 0.35915626364318948 -0.13871378313608562 0.27456164034734287 -0.10694690509275956 1.4844529475569725 -0.29590653939258593 1.019715978753182 -0.45920846806122706 0.029820063454764227 1.1843494747153351 0.64179883360862733 -0.3198414769023657
leaf_weight=1347 4338 35 39 21 887 40 24 21 49 323 25 20 228 158 166 33 20 130 31 78 21 42 24 32
leaf_count=1347 4338 35 39 21 887 40 24 21 49 323 25 20 228 158 166 33 20 130 31 78 21 42 24 32
internal_value=-2.78373e-10 0.0601782 0.0498182 0.0649314 0.0509389 0.131713 -0.0265279 0.116681 0.152851 0.0568387 -0.0460471 -0.0398242 -0.0435613 0.155365 -0.0606096 0.579303 0.867619 -0.0215044 0.500456 -0.065158 -0.552944 0.91496 0.208314 -0.582094
internal_weight=8132 2488 2453 2393 2352 1387 5644 677 653 533 4967 4910 4890 386 4504 120 41 453 80 965 60 63 57 57
internal_count=8132 2488 2453 2393 2352 1387 5644 677 653 533 4967 4910 4890 386 4504 120 41 453 80 965 60 63 57 57
is_linear=0
shrinkage=0.03


Tree=168
num_leaves=31
num_cat=0
split_feature=12 1 1 16 9 12 32 5 42 33 29 45 54 5 13 57 64 7 11 37 65 29 26 35 11 57 40 39 39 26
split_gain=14160.6 14155.7 19674.4 12325 16349.6 14682 19742.1 14267.1 13514.8 12095.2 11798 11591.2 19515.8 15384.5 10952.1 8866.53 9536.18 8759.98 8837.68 8666.84 16188 11578.8 9655.33 14729.8 8129.32 6952.4 6525.16 8260.62 6025.68 10486.8
threshold=2.5000000000000004 77.188546500000015 77.309166200000007 22.000000000000004 41.400000000000006 9.2500000000000018 89.850000000000009 1727.0000000000002 34.95000000000001 206.50000000000003 779.857142857143 41.006618705035983 89.850000000000009 570.00000000000011 137.50000000000003 263.64285714285717 41.115000000000002 66.985000000000014 77.500000000000014 248.83333333333334 79.000714285714295 347.4285714285715 10.500000000000002 276.50000000000006 80.500000000000014 265.35714285714295 51.816666666666684 27.950000000000003 63.45000000000001 5.5000000000000009
decision_type=2 2 2 2 2 2 10 2 10 10 2 10 10 2 2 10 10 2 2 8 8 2 2 10 2 10 10 8 8 2
left_child=9 3 19 7 5 6 -5 11 -9 26 -7 12 -2 -13 28 16 -6 18 -16 22 24 -22 23 -3 -21 -24 27 -1 29 -4
right_child=1 2 14 4 15 10 -8 8 -10 -11 -12 13 -14 -15 17 -17 -18 -19 -20 20 21 -23 25 -25 -26 -27 -28 -29 -30 -31
leaf_value=0.044514554793184453 0.01843932337525998 -0.053213303321691059 0.54183019995689385 -0.16510018564189652 0.59350222513473661 -0.01464421408908332 -0.86674377694421889 1.1706170607805251 0.067743276514112938 1.0156370630264282 -0.70831660866737367 -0.040094435753982235 0.18181066906213225 -0.88556314158439642 0.42002054242538689 0.79434776186943046 -0.11987142529338597 -0.24801559306108034 -0.082514421176165337 -0.52414756079514813 -0.14779879819559197 0.29700866838616713 0.11404945377950315 -0.70093772292137146 0.12393782656174153 0.73863496005535123 -0.10072825578418938 0.88692915733158595 -0.41714215636253354 -0.1465459672750338
leaf_weight=22 1910 2515 28 137 26 544 49 20 20 20 23 615 1004 20 184 24 48 26 38 135 350 62 81 32 20 20 37 20 33 69
leaf_count=22 1910 2515 28 137 26 544 49 20 20 20 23 615 1004 20 184 24 48 26 38 135 350 62 81 32 20 20 37 20 33 69
internal_value=-2.26214e-10 -0.00439483 -0.048665 0.0314301 -0.0712166 -0.118655 -0.349942 0.055769 0.61918 0.356603 -0.0427826 0.0494189 0.0747279 -0.0667234 0.156068 0.293281 0.130773 0.272983 0.334001 -0.0727362 -0.179182 -0.0808618 -0.0499436 -0.0613512 -0.440524 0.23773 0.189759 0.445664 -0.0669701 0.0521606
internal_weight=8132 8033 3593 4440 851 753 186 3589 40 99 567 3549 2914 635 378 98 74 248 222 3215 567 412 2648 2547 155 101 79 42 130 97
internal_count=8132 8033 3593 4440 851 753 186 3589 40 99 567 3549 2914 635 378 98 74 248 222 3215 567 412 2648 2547 155 101 79 42 130 97
is_linear=0
shrinkage=0.03


Tree=169
num_leaves=25
num_cat=0
split_feature=15 17 15 13 19 16 29 51 8 24 10 31 22 22 17 60 68 58 35 36 15 63 37 57
split_gain=13766 25264.2 17942.2 16780.9 15842 14333 23236.4 23092.9 19816 19129.5 18535.1 16166 14366.5 11587.9 13597.3 8390.35 6844.88 6751.12 5664.81 5036.7 4284.74 3227.76 2599.87 978.611
threshold=975.95000000000016 3347.5000000000005 971.95000000000016 355.50000000000006 25.835416666666671 19.450000000000003 1662.2857142857144 2997.6200000000003 32.850000000000001 2756.5350000000003 11.550000000000002 165.14571428571418 2099.0000000000005 2.5000000000000004 2735.0000000000005 18.150000000000002 9.5000000000000018 39.549069767441871 107.50000000000001 78.950000000000017 974.6500000000002 20.313571428571432 119.75000000000001 70.377380952380975
decision_type=2 2 2 2 2 2 2 2 2 2 2 2 2 2 2 8 2 8 10 10 2 8 10 10
left_child=1 2 22 5 13 6 7 9 10 -2 15 -12 16 18 -15 -7 -10 -14 -4 23 -21 -9 -1 -6
right_child=3 -3 4 -5 19 8 -8 21 12 -11 11 -13 17 14 -16 -17 -18 -19 -20 20 -22 -23 -24 -25
leaf_value=0.24069720318827489 0.035156582452658611 0.95267823100090021 -0.30027765167219672 0.67967033680747535 -0.13131504009167352 0.69274422358064092 1.037707609449114 -0.25290504936988534 0.38828518832997072 0.35587346294160188 0.0085574229954340775 -0.17536613626553302 0.080408073806762695 -0.078205042720236206 -0.56681130277483083 0.11264819154685193 0.11389261640543523 -0.56901206481982669 -0.65377319577862236 0.12762845982523527 0.62877071998348188 -0.59594051264701997 0.66140022468566884 0.12265223104168069
leaf_weight=39 4399 20 204 34 36 34 21 52 127 174 671 1198 25 509 57 66 230 34 51 34 28 47 20 22
leaf_count=39 4399 20 204 34 36 34 21 52 127 174 671 1198 25 509 57 66 230 34 51 34 28 47 20 22
internal_value=6.40943e-12 -0.103068 -0.124183 0.0147819 -0.156002 0.011588 0.0420216 0.0375461 -0.0482965 0.0473597 -0.0880439 -0.109335 0.139835 -0.203062 -0.127411 0.309881 0.211506 -0.293834 -0.370977 0.165966 0.353951 -0.41576 0.383308 -0.0349826
internal_weight=8132 1020 1000 7112 941 7078 4693 4672 2385 4573 1969 1869 416 821 566 100 357 59 255 120 62 99 59 58
internal_count=8132 1020 1000 7112 941 7078 4693 4672 2385 4573 1969 1869 416 821 566 100 357 59 255 120 62 99 59 58
is_linear=0
shrinkage=0.03


Tree=170
num_leaves=17
num_cat=0
split_feature=12 35 13 13 12 40 38 22 48 0 62 24 22 15 63 47
split_gain=13242.6 12180.2 12513.2 16024.6 12016.8 11267.9 10415.8 8245.95 7858.77 6567.42 4329.69 3297.8 5141.56 2140.73 1525.36 1465.89
threshold=2.5000000000000004 38.150000000000013 354.00000000000006 350.00000000000006 2.3500000000000001 6.2766666666666682 115.50000000000001 136.50000000000003 77.65000000000002 28.677609300000004 17.250000000000004 536.65500000000009 26.500000000000004 975.85000000000002 47.391428571428577 25.135000000000002
decision_type=2 8 2 2 2 10 10 2 8 2 10 2 2 2 8 10
left_child=4 11 3 5 9 7 -7 -3 -4 10 -1 12 13 -2 -10 -15
right_child=1 2 8 -5 -6 6 -8 -9 14 -11 -12 -13 -14 15 -16 -17
leaf_value=-0.2541724267910267 -0.4733947482416706 0.063355729611071401 0.88185166142203586 -0.84956016540527346 1.0017450206279754 -0.0047324157041473249 -0.32428123993258318 0.33548594872588694 -0.0093220740258693705 0.59262437656521794 0.27897261087711039 -0.48350343974860938 0.148219879232347 -0.040098097622394559 0.36119375431537631 -0.26830326674604105
leaf_weight=29 31 366 22 20 20 7136 93 138 20 24 26 37 36 38 20 76
leaf_count=29 31 366 22 20 20 7136 93 138 20 24 26 37 36 38 20 76
internal_value=-9.93504e-11 -0.00424999 0.00191984 -0.00147486 0.34485 0.000718555 -0.00884336 0.137868 0.426422 0.178548 -0.00214023 -0.22543 -0.172675 -0.252345 0.175936 -0.192235
internal_weight=8132 8033 7815 7753 99 7733 7229 504 62 79 55 218 181 145 40 114
internal_count=8132 8033 7815 7753 99 7733 7229 504 62 79 55 218 181 145 40 114
is_linear=0
shrinkage=0.03


Tree=171
num_leaves=31
num_cat=0
split_feature=1 63 1 40 0 13 13 9 19 58 13 58 42 48 17 20 15 19 17 5 15 12 21 34 43 26 17 56 60 36
split_gain=13595.9 14695.6 16961.7 10010.8 11856.3 21576.3 15216.8 17811.6 11829.7 9708.42 9705.95 12251.5 10030.4 9685.55 9086.17 22416.5 15531.3 14353.2 9803.15 9022.22 22914.6 29713.7 20790.9 16162.9 13193.4 11906.3 8344.32 12829 8105.25 10073.7
threshold=77.131314500000016 86.528571428571439 77.309166200000007 101.53333333333335 28.682925800000003 90.500000000000014 302.50000000000006 30.950000000000003 13.4 30.450000000000003 260.50000000000006 42.350000000000001 20.250000000000004 72.65000000000002 1607.5000000000002 11424.250000000002 980.05000000000007 10.412500000000003 2147.5000000000005 311.50000000000006 988.55000000000007 5.5500000000000007 163.50000000000003 186.66666666666671 23.883333333333336 11.500000000000002 1272.5000000000002 280.50000000000006 20.250000000000004 522.50000000000011
decision_type=2 8 2 10 2 2 2 2 2 8 2 8 10 10 2 2 2 2 2 2 2 2 2 10 10 2 2 10 10 10
left_child=3 2 19 4 -1 9 8 -8 -7 -6 -4 13 -13 -12 26 17 -17 -16 -18 22 23 -22 25 -21 -24 -2 28 -28 29 -3
right_child=1 14 10 -5 5 6 7 -9 -10 -11 11 12 -14 -15 15 16 18 -19 -20 20 21 -23 24 -25 -26 -27 27 -29 -30 -31
leaf_value=0.037826581907709766 -0.052823803612247991 0.15038064370672385 0.019893868875182318 -0.55874759882688518 -0.88112456989288324 0.61592344934435994 -0.58855166007171966 0.46136596427514004 0.2332695472511378 0.022630891994289731 0.3805454205233475 0.0038962591942871294 0.7281917400793595 1.2265248904909407 1.3115771809369325 0.45423292432142337 -0.39246135440923402 0.41074083401606631 0.066678445360157643 0.0055250529046264492 1.3751556068658828 0.19246563678092143 -0.47125493954590242 -0.84134370122637059 -0.14742612842795016 0.14256391742441912 0.0056347362494327613 -0.50819046827254155 -0.04530975027180368 0.85018727427721019
leaf_weight=838 3812 249 167 21 20 130 33 26 165 23 29 79 22 21 20 69 59 78 144 594 24 94 148 21 482 303 169 59 213 20
leaf_count=838 3812 249 167 21 20 130 33 26 165 23 29 79 22 21 20 69 59 78 144 594 24 94 148 21 482 303 169 59 213 20
internal_value=-3.51199e-10 -0.0165788 -0.0355107 0.090761 0.101805 0.236854 0.313935 -0.125876 0.401897 -0.39772 0.177494 0.351794 0.161664 0.735857 0.0850226 0.205562 0.0653991 0.594585 -0.0667661 -0.0478758 0.0500807 0.433013 -0.0630079 -0.0233924 -0.2235 -0.0384368 0.0222065 -0.127329 0.092941 0.202411
internal_weight=8132 6876 5796 1256 1235 397 354 59 295 43 318 151 101 50 1080 370 272 98 203 5478 733 118 4745 615 630 4115 710 228 482 269
internal_count=8132 6876 5796 1256 1235 397 354 59 295 43 318 151 101 50 1080 370 272 98 203 5478 733 118 4745 615 630 4115 710 228 482 269
is_linear=0
shrinkage=0.03


Tree=172
num_leaves=31
num_cat=0
split_feature=1 1 44 16 0 13 54 10 57 13 1 19 39 53 16 58 13 45 17 54 11 47 49 65 49 11 61 41 35 48
split_gain=12836.4 14883.4 17577.3 10061.3 9359.42 17799 19049.2 17411.9 15662.6 10481.5 11234 15472.7 11082.2 10087.5 10888.9 9134.66 8919.1 8866.44 8719.54 20142.5 8619.27 8613.99 12804.7 9950.52 8828.86 8432.65 12603.5 8353.33 14330.7 13438.8
threshold=77.14626250000002 77.309166200000007 126.50000000000001 10.15 28.682925800000003 90.500000000000014 225.50000000000003 11.65 363.35714285714295 284.50000000000006 77.13893400000002 8.8687500000000021 59.850000000000001 61816.450000000004 17.650000000000002 30.450000000000003 160.50000000000003 103.50000000000001 1607.5000000000002 163.50000000000003 48.500000000000007 68.310000000000016 68.051666666666691 53.910000000000004 71.991666666666674 77.500000000000014 11.22857142857143 24.250000000000004 301.50000000000006 96.77500000000002
decision_type=2 2 8 2 2 2 10 2 10 2 2 2 10 2 2 8 2 10 2 8 2 8 8 10 8 2 10 10 10 10
left_child=4 2 27 -4 9 15 7 -7 -9 21 13 -12 -13 -11 -15 -6 -3 25 20 -20 -5 -1 23 -23 -24 26 -18 28 -2 -30
right_child=1 16 3 18 5 6 -8 8 -10 10 11 12 -14 14 -16 -17 17 -19 19 -21 -22 22 24 -25 -26 -27 -28 -29 29 -31
leaf_value=0.033966319261091379 -0.077588803047892785 -0.025181664783660681 0.58381799230405262 0.44980962865693225 -0.85469085144996648 1.0724430576960247 -0.28611446932554241 0.33692253397838634 -0.51308669635227755 -0.47208855223655699 -0.058505791702866551 0.91873327519031278 0.25624159032648258 0.22915131494402885 -0.071005019664764413 0.02195197688496631 0.84977073852052076 -0.18332890277559105 0.11250841321319829 0.91514096375434617 -0.036186817061107109 -1.1221181954741477 0.52913756918907162 -0.22434777363538741 -0.12479422677436287 -0.092367298352024091 0.27286533132856405 -0.027538378906591485 -0.53093707945484381 -0.042307310915855038
leaf_weight=680 1502 146 35 35 20 27 50 275 21 30 50 47 44 246 195 23 47 33 305 31 533 20 20 25 262 33 124 3060 130 83
leaf_count=680 1502 146 35 35 20 27 50 275 21 30 50 47 44 246 195 23 47 33 305 31 533 20 20 25 262 33 124 3060 130 83
internal_value=-3.14304e-10 -0.0217755 -0.0339106 0.0847432 0.0652409 0.192164 0.258791 0.343142 0.276618 0.0326282 0.130543 0.36546 0.598408 0.0602178 0.0964291 -0.385789 0.159269 0.272897 0.0654206 0.186561 -0.00623985 -0.0268791 -0.153408 -0.623357 -0.0784161 0.346698 0.43143 -0.0572438 -0.110246 -0.340532
internal_weight=8132 6097 5714 939 2035 416 373 323 296 1619 612 141 91 471 441 43 383 237 904 336 568 1007 327 45 282 204 171 4775 1715 213
internal_count=8132 6097 5714 939 2035 416 373 323 296 1619 612 141 91 471 441 43 383 237 904 336 568 1007 327 45 282 204 171 4775 1715 213
is_linear=0
shrinkage=0.03


Tree=173
num_leaves=24
num_cat=0
split_feature=15 17 15 13 19 16 29 51 53 8 10 24 5 22 17 13 44 44 35 0 8 36 36
split_gain=12612.9 23628.3 16641.7 15053.9 14845.7 13239.6 21646 22038.1 19193.6 18132.5 17155.5 14652.2 13598 11006 13857.2 9489.4 9005.37 8778.32 5772.4 4851.43 4728.86 3240.5 2316.33
threshold=975.95000000000016 3347.5000000000005 971.95000000000016 355.50000000000006 25.835416666666671 19.450000000000003 1662.2857142857144 2997.6200000000003 61816.450000000004 32.850000000000001 11.550000000000002 1.1700000000000002 830.00000000000011 3.5000000000000004 2735.0000000000005 286.50000000000006 35.960215827338139 10.850000000000003 107.50000000000001 28.677609300000004 29.850000000000005 94.800000000000026 74.750000000000014
decision_type=2 2 2 2 2 2 2 2 2 2 2 2 2 2 2 2 10 10 10 2 2 10 10
left_child=1 2 22 5 13 6 7 8 -2 10 17 -12 16 18 -15 -14 -11 -7 -4 -9 -6 -22 -1
right_child=3 -3 4 -5 20 9 -8 19 -10 12 11 -13 15 14 -16 -17 -18 -19 -20 -21 21 -23 -24
leaf_value=0.13450486678144205 -0.16089879625822387 0.92233582001924508 -0.27233445025687142 0.64389655751340524 0.58306623548269265 -0.076394666930039712 1.001382053920201 -0.26830293090447133 0.063930417205454448 0.29136810928419393 0.1433113487472292 -0.13335738174397371 -0.52193585927669817 -0.053015096960713465 -0.54951563267331371 0.049984892883302663 -0.30351126816272733 0.5091847800370306 -0.5995030626505613 -0.72527377104759216 -0.012960442293148773 0.39929736719890074 0.51992299268643061
leaf_weight=23 372 20 254 34 20 36 21 69 4201 273 192 1677 39 450 57 79 25 64 60 30 78 22 36
leaf_count=23 372 20 254 34 20 36 21 69 4201 273 192 1677 39 450 57 79 25 64 60 30 78 22 36
internal_value=-1.74192e-10 -0.0986567 -0.119077 0.0141493 -0.149721 0.0111242 0.040374 0.0360544 0.0456412 -0.046431 -0.0844525 -0.104936 0.133531 -0.195277 -0.108835 -0.13904 0.241462 0.298376 -0.334851 -0.406779 0.161958 0.0777363 0.369675
internal_weight=8132 1020 1000 7112 941 7078 4693 4672 4573 2385 1969 1869 416 821 507 118 298 100 314 99 120 100 59
internal_count=8132 1020 1000 7112 941 7078 4693 4672 4573 2385 1969 1869 416 821 507 118 298 100 314 99 120 100 59
is_linear=0
shrinkage=0.03


Tree=174
num_leaves=31
num_cat=0
split_feature=1 1 38 26 23 18 56 6 8 8 21 13 8 63 16 19 18 5 57 13 1 55 54 13 58 19 60 45 35 1
split_gain=12506.4 18266 13341.2 12869.6 14494.1 13706.1 13388.1 17613.7 33554.5 18170.5 15511 12861.2 12124.3 9354.99 8694.85 7880.73 10744.6 9544.48 10281.3 7927.09 7753.46 7471.11 6806.04 7863.89 9301.99 8448.61 5616.79 5038.5 4127.84 3618.26
threshold=77.188546500000015 77.309166200000007 111.50000000000001 10.500000000000002 3154.3500000000004 3411.0000000000005 411.50000000000006 450.67500000000001 17.350000000000005 23.050000000000004 457.50000000000006 299.50000000000006 17.750000000000004 12.479999999999999 18.750000000000004 1.6541666666666668 6529.5000000000009 135.50000000000003 160.43571428571428 318.50000000000006 77.232522700000018 71.178571428571445 252.50000000000003 260.50000000000006 40.750000000000007 13.262500000000003 49.45000000000001 13.750000000000002 373.50000000000006 77.201112150000014
decision_type=2 2 10 2 2 2 10 2 2 2 2 2 2 10 2 2 2 2 10 2 2 10 8 2 10 2 10 8 10 2
left_child=2 15 3 6 5 12 7 9 -9 -1 14 -7 -5 -3 -8 21 19 18 -18 20 -17 29 23 25 -25 -15 -19 -21 -4 -2
right_child=1 13 28 4 -6 11 10 8 -10 -11 -12 -13 -14 22 -16 16 17 26 -20 27 -22 -23 -24 24 -26 -27 -28 -29 -30 -31
leaf_value=-0.18544079121122239 -0.51415516206196377 0.70400877053921029 -0.79898511614118295 0.23680664550613711 0.9188524135676297 0.097561804175626626 -0.33076106309358561 0.69031675590487085 0.074499311660609177 0.019990379415471438 -1.0058637675513393 -0.40734385128347916 0.87788330278088966 0.45290984869003298 0.34210827208757399 -0.12920104015343942 0.17574724993535448 -0.25927103212556324 1.0663251142501831 -0.18883697501544294 -0.031233910946606224 -0.85815944838523861 -0.31786831393837928 0.70635807366762315 0.17147474285129696 -0.078932479368570937 0.24489678494372338 0.25929742210051593 -0.19677225548028945 -0.031866370591201953
leaf_weight=489 21 26 21 185 22 358 56 85 1261 1867 23 52 31 33 25 1404 28 37 20 29 1508 20 30 40 109 145 43 102 20 42
leaf_count=489 21 26 21 185 22 358 56 85 1261 1867 23 52 31 33 25 1404 28 37 20 29 1508 20 30 40 109 145 43 102 20 42
internal_value=1.17976e-10 -0.0413601 0.0334653 0.0384241 0.162012 0.135414 0.0173824 0.0268131 0.113388 -0.0226479 -0.318315 0.033525 0.328813 0.154606 -0.123085 -0.0644256 -0.0568723 0.212382 0.546821 -0.0681981 -0.0784681 -0.352998 0.114593 0.154269 0.315068 0.0196675 0.0117192 0.160092 -0.505223 -0.192629
internal_weight=8132 3637 4495 4454 648 626 3806 3702 1346 2356 104 410 216 383 81 3254 3171 128 48 3043 2912 83 357 327 149 178 80 131 41 63
internal_count=8132 3637 4495 4454 648 626 3806 3702 1346 2356 104 410 216 383 81 3254 3171 128 48 3043 2912 83 357 327 149 178 80 131 41 63
is_linear=0
shrinkage=0.03


Tree=175
num_leaves=31
num_cat=0
split_feature=1 63 1 49 47 44 20 62 33 13 18 18 56 17 13 5 21 17 66 35 12 26 16 17 8 35 29 17 56 35
split_gain=11902.4 12939.5 14305 9493.9 11467.2 11217.5 22659.7 30943.3 11016.9 10379.4 10230.2 9806.84 9363.05 9106.33 8672.74 8451.16 19468.6 18471.1 18936.5 13592.6 11302.8 10880.8 8396.69 7981.36 26835.8 10275.4 8538.86 7920.59 12051.2 7839.96
threshold=77.131314500000016 86.528571428571439 77.309166200000007 135.38333333333335 78.750000000000014 47.95000000000001 10052.250000000002 20.750000000000004 179.50000000000003 283.50000000000006 6641.5000000000009 6145.5000000000009 349.50000000000006 3042.5000000000005 115.00000000000001 311.50000000000006 161.00000000000003 1432.5000000000002 1.0000000180025095e-35 229.50000000000003 5.5500000000000007 11.500000000000002 20.750000000000004 1607.5000000000002 19.750000000000004 117.50000000000001 162.92857142857147 1272.5000000000002 280.50000000000006 340.50000000000006
decision_type=2 8 2 8 10 10 2 10 10 2 2 2 10 2 2 2 2 2 2 10 2 2 2 2 2 10 2 2 10 10
left_child=3 2 15 4 10 6 7 -6 29 -5 11 13 14 -1 -4 16 21 20 -19 -18 -17 -2 -16 27 -25 -26 -27 -3 -29 -7
right_child=1 23 12 9 5 8 -8 -9 -10 -11 -12 -13 -14 -15 22 17 19 18 -20 -21 -22 -23 -24 24 25 26 -28 28 -30 -31
leaf_value=0.057350608041113138 -0.049035442559484783 0.089867194373454293 -0.18727009932994843 0.11028478532584744 1.8172106905494416 0.10006696823849734 0.076142177372024611 0.43651286348700524 0.5779562533037228 -0.41777805563674042 0.66889172635972505 -0.24440058712847532 0.50340378379922801 0.61886887868245444 0.31078456230300794 0.94733448728271152 -0.10410061694681644 -0.07953449111375728 0.5823727354833057 -0.38803945623792524 0.23009621764117097 0.13776963297978484 -0.16070340602099895 1.2615997905135155 0.75936619081280443 -0.029711723930257207 0.28595752340320857 0.0041329016562925988 -0.49387274544117815 -0.48045885751822159
leaf_weight=697 3800 482 75 67 21 83 65 48 33 67 24 96 59 27 139 23 396 527 42 246 141 303 45 20 22 204 124 169 59 28
leaf_count=697 3800 482 75 67 21 83 65 48 33 67 24 96 59 27 139 23 396 527 42 246 141 303 45 20 22 204 124 169 59 28
internal_value=2.03423e-11 -0.015512 -0.0332767 0.0849206 0.113425 0.280534 0.478084 0.856725 0.0967032 -0.153747 0.0583813 0.0405127 0.162336 0.0782912 0.0846415 -0.0446321 -0.0592776 0.0501736 -0.0306767 -0.2129 0.330685 -0.0352402 0.195475 0.0798255 0.192799 0.131725 0.0896267 0.0209521 -0.124737 -0.046372
internal_weight=8132 6876 5796 1256 1122 278 134 69 144 134 844 820 318 724 259 5478 4745 733 569 642 164 4103 184 1080 370 350 328 710 228 111
internal_count=8132 6876 5796 1256 1122 278 134 69 144 134 844 820 318 724 259 5478 4745 733 569 642 164 4103 184 1080 370 350 328 710 228 111
is_linear=0
shrinkage=0.03


Tree=176
num_leaves=31
num_cat=0
split_feature=1 1 38 16 9 12 32 18 18 21 23 19 35 63 16 57 19 18 5 57 13 1 54 15 12 29 38 60 58 45
split_gain=11700.3 16402.4 12412.4 12070.6 14026.4 14262.8 18317.9 13788.9 13465.3 15268.5 15996.6 12185.2 9877.88 8591.03 8293.73 10659.5 7376.61 10148.2 8967.91 9642.16 7382.31 7154.5 6433.09 9161.93 9109.57 6316.31 6014.02 5273.03 4771.32 4095.57
threshold=77.188546500000015 77.309166200000007 111.50000000000001 22.000000000000004 41.400000000000006 9.2500000000000018 89.850000000000009 5834.5000000000009 6564.5000000000009 1727.0000000000002 1875.4150000000002 1.6541666666666668 172.50000000000003 12.479999999999999 25.750000000000004 236.07142857142858 1.6541666666666668 6529.5000000000009 135.50000000000003 160.43571428571428 318.50000000000006 77.232522700000018 252.50000000000003 988.1500000000002 5.0500000000000007 94.357142857142861 41.95000000000001 49.45000000000001 91.350000000000009 11.350000000000003
decision_type=2 2 10 2 2 2 10 2 2 2 2 2 10 10 2 10 2 2 2 10 2 2 8 2 2 2 10 10 8 10
left_child=2 16 3 8 5 6 -5 -7 9 10 -1 -10 -13 -3 15 -6 25 20 19 -19 21 -18 23 26 -25 -2 -15 -20 -22 -16
right_child=1 13 -4 4 14 7 -8 -9 11 -11 -12 12 -14 22 29 -17 17 18 27 -21 28 -23 -24 24 -26 -27 -28 -29 -30 -31
leaf_value=0.037186826925459153 -0.76374584788861477 0.67218771017514745 -0.48722852692825763 -0.15815840310252763 0.18873783499002456 0.042887815517611436 -0.8346731315461956 -0.31938601505104453 0.010250263389419107 -0.63536327411388527 0.27893616897336548 1.1824702658057213 0.40199854542811708 0.2375428847286814 0.24686568040739407 1.0483870065212249 -0.12420636903148334 0.17194589482886452 -0.24995385415449337 1.0343981137275695 0.23385207103599201 -0.030099257903027817 -0.31309442751109601 0.95238165980035605 0.22202459640362684 -0.17901993194408714 -0.059769819536745941 0.23854248998123545 -0.2596286722591945 -0.33885626247950962
leaf_weight=3184 23 26 41 136 34 446 49 120 51 29 267 20 54 103 22 21 1404 28 37 20 110 1508 30 22 51 60 151 43 21 21
leaf_count=3184 23 26 41 136 34 446 49 120 51 29 267 20 54 103 22 21 1404 28 37 20 110 1508 30 22 51 60 151 43 21 21
internal_value=1.61083e-10 -0.0400051 0.0323689 0.0371519 -0.0646156 -0.108664 -0.337343 -0.0339194 0.0611188 0.0501303 0.0558907 0.367041 0.612937 0.145695 0.272942 0.516968 -0.0618623 -0.0545545 0.207121 0.531301 -0.0655616 -0.0754723 0.107352 0.145925 0.442132 -0.341052 0.060794 0.0126129 0.154744 -0.0391846
internal_weight=8132 3637 4495 4454 849 751 185 566 3605 3480 3451 125 74 383 98 55 3254 3171 128 48 3043 2912 357 327 73 83 254 80 131 43
internal_count=8132 3637 4495 4454 849 751 185 566 3605 3480 3451 125 74 383 98 55 3254 3171 128 48 3043 2912 357 327 73 83 254 80 131 43
is_linear=0
shrinkage=0.03


Tree=177
num_leaves=27
num_cat=0
split_feature=15 17 15 13 28 17 36 13 36 36 16 15 8 17 26 29 17 13 42 36 21 35 13 47 32 37
split_gain=11588.3 22091 15629.1 14027.9 12793 16385.7 13329.8 12324.3 20338.6 22580.3 37817.5 19240.2 30011.9 23149.5 22608.8 19972.2 19821.9 17467.2 9625.31 9505.98 7923.42 7760.41 7160.26 4371.5 4087.18 2321.76
threshold=975.95000000000016 3347.5000000000005 971.95000000000016 355.50000000000006 7.5000000000000009 2735.0000000000005 212.50000000000003 297.50000000000006 373.50000000000006 346.50000000000006 14.850000000000003 986.6500000000002 26.550000000000004 2577.5000000000005 3.5000000000000004 355.9285714285715 3085.0000000000005 303.50000000000006 11.15 212.50000000000003 245.00000000000003 107.50000000000001 301.50000000000006 89.350000000000023 35.250000000000007 119.75000000000001
decision_type=2 2 2 2 2 2 10 2 8 10 2 2 2 2 2 2 2 2 10 10 2 10 2 8 10 10
left_child=1 2 25 7 21 20 -7 11 9 17 -11 12 16 15 -14 -13 -2 -9 -10 -15 -6 23 -20 -4 -23 -1
right_child=3 -3 4 -5 5 6 -8 8 18 10 -12 13 14 19 -16 -17 -18 -19 22 -21 -22 24 -24 -25 -26 -27
leaf_value=0.22457261804777842 -0.14904426907617019 0.89265427967905997 -0.24187178770661899 0.6214700881172629 0.049688877312474032 -0.15472650292822543 -1.0898447470043016 -0.18845708798699906 -0.91222673749923699 1.4738641346019246 -0.30983977496623993 0.04027452671861019 0.4564655126713284 0.2062676565987723 0.014676515057118127 0.30382755146965235 -0.85318718009873429 0.027052251208407232 0.16478256287782089 0.76340263525644936 -0.32089823784464494 -0.1987416773736477 -0.45924331613768965 0.2058120688370296 -0.70617844333648672 0.62213782238960269
leaf_weight=39 677 20 301 34 433 34 23 540 30 23 20 1845 109 49 2394 301 38 907 23 63 59 20 59 21 50 20
leaf_count=39 677 20 301 34 433 34 23 540 30 23 20 1845 109 49 2394 301 38 907 23 63 59 20 59 21 50 20
internal_value=4.13881e-11 -0.0945645 -0.114309 0.0135624 -0.144006 -0.0505371 -0.532055 0.0106422 -0.0625471 -0.0332405 0.644234 0.0320537 -0.0150509 0.0991852 0.0339154 0.0772407 -0.186467 -0.0533728 -0.45243 0.519656 0.00524855 -0.274911 -0.284212 -0.212675 -0.561197 0.35934
internal_weight=8132 1020 1000 7112 941 549 57 7078 1602 1490 43 5476 3218 2258 2503 2146 715 1447 112 112 492 392 82 322 70 59
internal_count=8132 1020 1000 7112 941 549 57 7078 1602 1490 43 5476 3218 2258 2503 2146 715 1447 112 112 492 392 82 322 70 59
is_linear=0
shrinkage=0.03


Tree=178
num_leaves=25
num_cat=0
split_feature=20 60 9 26 45 7 7 5 7 6 53 19 6 6 35 43 35 13 28 0 46 58 55 33
split_gain=11349.6 19202.2 10451.5 43444.1 40279.4 37858.2 22341.8 15704.3 13412.7 22911.4 34062.5 17270.1 16273.9 18112.7 10124.2 9430.62 6581.96 6313.74 5711.93 5049.69 4982.63 4433.6 2397.92 1863.87
threshold=2250.0000000000005 35.150000000000013 19.100000000000005 1.5000000000000002 41.006618705035983 13.565000000000001 29.820000000000004 53.500000000000007 23.045000000000005 536.65500000000009 147220.50000000003 2.7062500000000003 84.305000000000007 212.45000000000002 398.50000000000006 15.501666666666667 232.50000000000003 180.50000000000003 25.833333333333339 28.638037000000004 27.600000000000019 63.95000000000001 120.62142857142858 161.50000000000003
decision_type=2 8 2 2 10 2 2 2 2 2 2 2 2 2 10 8 10 2 2 2 10 10 10 10
left_child=1 14 6 4 5 7 15 -4 9 11 -11 -5 -10 -14 17 16 -2 20 22 -20 -1 23 -17 -8
right_child=2 -3 3 8 -6 -7 21 -9 12 10 -12 -13 13 -15 -16 18 -18 -19 19 -21 -22 -23 -24 -25
leaf_value=0.15042758166790007 0.76212154483795158 0.85420590004002728 0.96160972941364786 -0.46395658673017054 -0.3060022287815809 2.0211160693849837 -0.62881004333496093 0.019922472972955022 -0.81153627258539196 -0.51751746230881723 0.035613617860172926 -0.010433722365470296 0.58650085276365271 0.037086310371047052 -0.48243042357265947 -0.63741984776088167 0.054692233893378031 -0.054740948692748419 0.2269581660012836 -0.21070333461372218 0.82008154392242427 -0.23578655058145523 -0.22222718746431414 -0.98827000093460071
leaf_weight=20 20 37 37 77 34 21 37 28 20 212 190 4064 55 2982 24 21 29 38 46 49 20 20 31 20
leaf_count=20 20 37 37 77 34 21 37 28 20 212 190 4064 55 2982 24 21 29 38 46 49 20 20 31 20
internal_value=8.21531e-11 0.268758 -0.00467375 0.00177727 0.56814 0.913731 -0.187098 0.55596 -0.00716529 -0.0398579 -0.256087 -0.0188668 0.0414191 0.0470362 0.0563892 -0.0169936 0.343439 0.22218 -0.137138 0.00121697 0.485255 -0.620092 -0.389901 -0.754936
internal_weight=8132 139 7993 7720 120 86 273 65 7600 4543 402 4141 3057 3037 102 196 49 78 147 95 40 77 52 57
internal_count=8132 139 7993 7720 120 86 273 65 7600 4543 402 4141 3057 3037 102 196 49 78 147 95 40 77 52 57
is_linear=0
shrinkage=0.03


Tree=179
num_leaves=28
num_cat=0
split_feature=1 47 13 18 13 57 53 53 18 10 36 12 38 47 7 25 46 13 5 12 60 36 21 7 42 35 25
split_gain=11072.7 16599.1 12011.7 11746.8 17528 11381.8 14037 11573.1 12636.1 14977.6 10859.4 9728.87 9327.91 12870.8 9931.64 9790.97 9665.17 9118.79 8878.02 8427.48 7932.53 7727.93 7570.03 7139.32 6302.93 8925.04 5787
threshold=77.100837000000013 28.410000000000004 100.50000000000001 4310.5000000000009 299.50000000000006 372.64285714285717 59029.400000000001 67747.950000000012 3672.5000000000005 11.550000000000002 310.50000000000006 10.550000000000002 115.50000000000001 122.85000000000001 11.385000000000002 5.5000000000000009 35.811666666666682 32.500000000000007 333.50000000000006 5.1500000000000012 54.750000000000007 364.50000000000006 134.50000000000003 19.385000000000005 42.650000000000013 197.50000000000003 2.5000000000000004
decision_type=2 8 2 2 2 8 2 2 2 2 10 2 10 8 2 2 8 2 2 2 10 8 2 2 8 10 2
left_child=1 -1 19 4 10 12 -7 -8 9 -9 -4 20 13 17 -14 16 -15 -2 -19 -3 -5 -10 -17 -6 25 -21 -16
right_child=5 2 3 11 23 6 7 8 21 -11 -12 -13 14 15 26 22 -18 18 -20 24 -22 -23 -24 -25 -26 -27 -28
leaf_value=0.75297701723435351 0.51194069769647388 0.30785435475409029 -0.15574835767546161 0.31613876426188259 -0.22030297870819385 -0.48795405666530128 0.88825513386726374 0.25494652506397214 -0.097916957280215086 -0.29017477571964262 0.30337245100006766 -0.26238659985576357 -0.84334945850372312 0.50718815045356747 0.23747594390226445 0.0023281205424200034 0.080670929642036968 -0.055218749051642486 0.060973266997159666 -0.25091761380434036 -0.050273685072149549 0.39904614073587807 -0.39167129848491056 -0.95460101727734903 0.04426833724975586 -0.99243373342922747 -0.42190244268178939
leaf_weight=34 27 24 88 341 26 30 20 86 34 96 98 35 25 50 23 131 1095 4754 676 48 63 164 66 22 30 21 25
leaf_count=34 27 24 88 341 26 30 20 86 34 96 98 35 25 50 23 131 1095 4754 676 48 63 164 66 22 30 21 25
internal_value=1.22111e-10 0.103832 0.0761049 0.125926 -0.0457455 -0.0118023 0.137929 0.18487 0.14785 -0.03259 0.086154 0.217432 -0.0211714 -0.0175498 -0.358484 0.0656846 0.0992961 -0.038019 -0.0407536 -0.196493 0.259 0.313709 -0.129672 -0.556856 -0.318759 -0.476596 -0.10595
internal_weight=8132 830 796 673 234 7302 430 400 380 182 186 439 6872 6799 73 1342 1145 5457 5430 123 404 198 197 48 99 69 48
internal_count=8132 830 796 673 234 7302 430 400 380 182 186 439 6872 6799 73 1342 1145 5457 5430 123 404 198 197 48 99 69 48
is_linear=0
shrinkage=0.03


Tree=180
num_leaves=31
num_cat=0
split_feature=1 68 13 12 32 19 13 9 32 18 19 43 61 11 25 19 19 13 13 12 28 32 19 8 18 28 15 64 58 10
split_gain=10804.6 15812.8 12335.8 13479.6 20260.3 16090.3 12018.5 20221.6 11180.8 11298.2 11896.4 16964.9 10647.7 12895.9 10438.2 15035.9 17883 12180.8 17542 8849.34 17407.4 8745.53 7805.58 10744.1 8706.08 7355.78 7115.2 7971.04 7101.79 6761.99
threshold=77.188546500000015 11.500000000000002 160.50000000000003 4.1500000000000012 177.50000000000003 13.262500000000003 193.50000000000003 20.300000000000001 376.50000000000006 6635.5000000000009 1.6541666666666668 36.816666666666677 11.22857142857143 77.500000000000014 5.5000000000000009 25.985416666666669 25.377083333333335 295.50000000000006 289.50000000000006 6.2500000000000009 119.83333333333336 116.50000000000001 1.6541666666666668 32.550000000000004 6641.5000000000009 1.1666666666666667 987.25000000000011 51.860000000000007 59.850000000000001 25.850000000000005
decision_type=2 2 2 2 8 2 2 2 10 2 2 10 10 2 2 2 2 2 2 2 2 10 2 2 2 2 2 10 10 2
left_child=8 2 3 -2 5 -5 7 -3 9 14 -11 -12 13 -4 15 16 -1 18 -16 20 28 -22 23 -14 -24 -17 -9 -28 -8 -19
right_child=1 6 12 4 -6 -7 19 26 -10 10 11 -13 22 -15 17 25 -18 29 -20 -21 21 -23 24 -25 -26 -27 27 -29 -30 -31
leaf_value=0.049947336362133075 0.33595447571016845 0.75832881563901899 0.67640376021987503 0.31116401951014994 -0.86913841955123405 -0.15305062957906296 -0.19029166395334821 -0.073507982261293459 0.7388467454910278 0.01182650399784888 1.2470389136024143 0.22907731755477626 -0.83388093709945676 -0.11951181501150131 -0.084239773197940238 0.95118067639214654 -0.19751423765709133 -0.49614046958461405 0.53686316607457896 -0.082072233902373254 -0.31976784264682828 -0.732125735538946 0.071825420273257029 0.14946503971517086 0.70508161859214302 0.27120785975456235 0.56337126491262635 0.028837327491492031 0.13341452519650812 0.0058932275663722642
leaf_weight=3378 64 30 57 80 31 420 247 683 20 62 23 41 20 27 452 21 285 90 45 675 133 71 848 20 20 45 34 96 81 33
leaf_count=3378 64 30 57 80 31 420 247 683 20 62 23 41 20 27 452 21 285 90 45 675 133 71 848 20 20 45 34 96 81 33
internal_value=-8.17885e-12 -0.0384433 0.0326522 -0.0753451 -0.124918 -0.0787763 -0.0934816 -0.00656356 0.0311053 0.0279422 0.307995 0.594907 0.0974289 0.420574 0.0198285 0.0387798 0.0306936 -0.0941544 -0.0280031 -0.154187 -0.245687 -0.463285 0.0675344 -0.342208 0.0864166 0.487563 -0.0347884 0.168639 -0.110352 -0.361449
internal_weight=8132 3637 1587 595 531 500 2050 843 4495 4475 126 64 992 84 4349 3729 3663 620 497 1207 532 204 908 40 868 66 813 130 328 123
internal_count=8132 3637 1587 595 531 500 2050 843 4495 4475 126 64 992 84 4349 3729 3663 620 497 1207 532 204 908 40 868 66 813 130 328 123
is_linear=0
shrinkage=0.03


Tree=181
num_leaves=24
num_cat=0
split_feature=35 16 1 68 38 10 52 9 17 37 17 16 11 9 36 33 39 24 30 15 48 48 37
split_gain=10760 12372.3 9415.75 13566.2 11476.9 10853.3 55316.6 21985.5 9867.25 15132.8 8756.38 8619.37 18721.4 8549.55 7395.32 6791.05 2970.06 2967.4 3942.46 2028.3 1687.95 1272.48 1315.51
threshold=38.150000000000013 8.5000000000000018 77.188546500000015 11.500000000000002 111.50000000000001 11.550000000000002 7899.2500000000009 25.150000000000002 682.50000000000011 265.83333333333343 652.50000000000011 15.850000000000003 68.500000000000014 24.450000000000003 333.50000000000006 199.50000000000003 103.50000000000001 536.65500000000009 67.740000000000023 975.85000000000002 76.540000000000006 19.825000000000003 38.783333333333331
decision_type=8 2 2 2 10 2 2 2 2 8 2 2 2 2 8 10 10 2 2 2 8 10 10
left_child=17 13 4 11 5 6 -3 -7 10 -10 -5 12 -4 15 -13 -2 -6 18 19 -1 -20 -21 -23
right_child=1 2 3 8 16 7 -8 -9 9 -11 -12 14 -14 -15 -16 -17 -18 -19 20 21 -22 22 -24
leaf_value=-0.4415649774382191 -0.26354382169246676 0.071676704040899569 0.27255393017896196 -0.0023312470779336732 -0.73242643725872036 -0.24011344868499429 1.182117261073806 0.038962071565012128 -0.07569246984251482 -0.36325611161403965 0.52945471262786448 0.0059893563000598523 -0.066745188398846203 0.81085027417966293 -0.2599494789509138 0.51824520814418795 -0.21541030937433242 -0.44872842956233666 -0.08519982826709746 0.03123296312663866 0.30456369182467458 -0.37830564241255482 -0.14195136829098659
leaf_weight=31 20 490 330 87 20 274 44 3491 1647 183 41 839 263 28 106 20 20 37 20 23 20 31 67
leaf_count=31 20 490 330 87 20 274 44 3491 1647 183 41 839 263 28 106 20 20 37 20 23 20 31 67
internal_value=6.34449e-11 0.00587423 0.00237731 -0.0342612 0.0318976 0.0366039 0.163174 0.0186522 -0.0866377 -0.104449 0.168006 0.0324182 0.122072 0.408792 -0.0238408 0.127351 -0.473918 -0.202725 -0.155318 -0.225055 0.109682 -0.169586 -0.216716
internal_weight=8132 7903 7835 3496 4339 4299 534 3765 1958 1830 128 1538 593 68 945 40 40 229 192 152 40 121 98
internal_count=8132 7903 7835 3496 4339 4299 534 3765 1958 1830 128 1538 593 68 945 40 40 229 192 152 40 121 98
is_linear=0
shrinkage=0.03


Tree=182
num_leaves=24
num_cat=0
split_feature=15 17 15 19 13 16 29 21 23 8 5 11 56 22 22 10 44 58 32 8 46 36 36
split_gain=10344.2 20631 14427.4 13308.8 13145.8 10866.7 19156.5 19313.6 17990.5 16057.5 14744.7 25747.8 17118.3 12420.3 9745.29 12571.2 7060.57 6345.3 5469.44 4386.4 4357.4 2908.24 1969.72
threshold=975.95000000000016 3347.5000000000005 971.95000000000016 25.835416666666671 355.50000000000006 19.450000000000003 1662.2857142857144 1727.0000000000002 4680.6650000000018 32.850000000000001 16.500000000000004 53.500000000000007 314.50000000000006 2099.0000000000005 3.5000000000000004 24.750000000000004 7.8850000000000007 39.549069767441871 24.550000000000004 29.850000000000005 12.80666666666667 93.500000000000014 74.750000000000014
decision_type=2 2 2 2 2 2 2 2 2 2 2 2 10 2 2 2 10 8 10 2 10 10 10
left_child=1 2 22 14 5 6 7 8 -2 10 12 -12 -7 16 18 -16 -11 -15 -4 -5 -9 -21 -1
right_child=4 -3 3 19 -6 9 -8 20 -10 13 11 -13 -14 17 15 -17 -18 -19 -20 21 -22 -23 -24
leaf_value=0.12978773307541142 0.032164146270323761 0.86469583556056018 -0.099073006676303005 0.56372066777944563 0.60129693357383507 0.0081319655012041803 0.94054323366710113 -0.83601669192314143 0.55504877221584314 0.33775432823937046 -0.027230586048884644 -0.29782461815640665 0.8086745014965534 0.086790069293975827 -0.53596718219047379 -0.047710184510181844 0.070156419117120089 -0.54280877255944204 -0.3852514475641588 -0.011388697617433286 -0.28954418815415478 0.37304977118968963 0.48520186463991805
leaf_weight=23 4559 20 81 20 34 626 21 24 60 165 790 528 25 25 53 454 192 34 233 77 29 23 36
leaf_count=23 4559 20 81 20 34 626 21 24 60 165 790 528 25 25 53 454 192 34 233 77 29 23 36
internal_value=-3.36329e-10 -0.0893444 -0.108425 -0.136958 0.0128137 0.00998688 0.0364861 0.0324225 0.0389563 -0.0421561 -0.0779361 -0.135632 0.0388748 0.127197 -0.180092 -0.0987509 0.193836 -0.27603 -0.311428 0.158147 -0.537003 0.0770322 0.346651
internal_weight=8132 1020 1000 941 7112 7078 4693 4672 4619 2385 1969 1318 651 416 821 507 357 59 314 120 53 100 59
internal_count=8132 1020 1000 941 7112 7078 4693 4672 4619 2385 1969 1318 651 416 821 507 357 59 314 120 53 100 59
is_linear=0
shrinkage=0.03


Tree=183
num_leaves=27
num_cat=0
split_feature=16 18 53 29 29 28 5 68 17 33 5 53 17 17 33 22 21 20 32 40 33 57 58 57 0 58
split_gain=10069.2 17646.3 30388.4 15462.2 24452.8 22783.4 17407.4 15187.2 13015.3 23098 21019.6 22191.1 16552.8 16569.8 15474.4 13654.1 26027.2 14185.8 11647.8 11227.5 7361.14 7076.21 6983.39 4727.86 2069.34 1608.83
threshold=14.750000000000002 2864.0000000000005 46689.30000000001 487.85714285714295 384.64285714285717 391.33333333333343 198.50000000000003 15.500000000000002 3105.0000000000005 168.50000000000003 37.500000000000007 239406.85000000001 3057.5000000000005 3047.5000000000005 47.350000000000001 175.00000000000003 170.50000000000003 14630.000000000002 62.45000000000001 60.550000000000004 149.50000000000003 251.64285714285717 40.750000000000007 164.87142857142859 28.647228500000001 21.150000000000002
decision_type=2 2 2 2 2 2 2 2 2 8 2 2 2 2 10 2 2 2 10 10 10 10 8 10 2 10
left_child=1 2 20 4 5 6 -3 -7 12 10 -10 18 13 15 -13 16 -2 -17 -12 -6 21 -1 25 -14 -22 -4
right_child=8 3 22 -5 19 7 -8 -9 9 -11 11 14 23 -15 -16 17 -18 -19 -20 -21 24 -23 -24 -25 -26 -27
leaf_value=0.27356109352111818 -0.038212355522126519 0.10011432870407837 -0.6129703661128878 0.69802111407688683 -0.83610085514875554 0.21596139145748955 -0.14296602573643608 1.371081919670105 -0.56981404316922024 -0.81280518531799306 0.1268350336733548 0.49110262329641136 -0.28807361686229704 0.82866256606578814 0.027449926688486462 0.14086665092837564 -0.31482577094969461 -0.099936177469619095 0.80689984317430674 0.024290500538689749 0.64206640559434891 -0.40005759003572167 -0.9876445752878984 -0.83527649395995673 0.21051067793369291 -0.24120035819031976
leaf_weight=25 3554 1868 20 35 39 21 309 20 36 24 34 76 30 20 439 674 335 327 68 21 20 32 36 27 20 22
leaf_count=25 3554 1868 20 35 39 21 309 20 36 24 34 76 30 20 439 674 335 327 68 21 20 32 36 27 20 22
internal_value=-3.57574e-10 0.0502791 -0.240185 0.0722554 0.0626409 0.078807 0.0656119 0.779435 -0.0221642 0.101234 0.134828 0.175941 -0.0389832 -0.0330825 0.0958725 -0.036607 -0.0620399 0.0622028 0.580212 -0.534964 0.114317 -0.104611 -0.681039 -0.547275 0.426289 -0.418234
internal_weight=8132 2488 175 2313 2278 2218 2177 41 5644 677 653 617 4967 4910 515 4890 3889 1001 102 60 97 57 78 57 40 42
internal_count=8132 2488 175 2313 2278 2218 2177 41 5644 677 653 617 4967 4910 515 4890 3889 1001 102 60 97 57 78 57 40 42
is_linear=0
shrinkage=0.03


Tree=184
num_leaves=31
num_cat=0
split_feature=1 47 13 18 13 19 18 21 21 21 33 36 33 0 58 20 10 62 7 6 36 22 5 48 42 41 40 46 62 19
split_gain=10026.6 15524.3 11154.2 11153.9 16285 11032.1 19025.1 14095.5 13652.5 15151.2 10203.2 10063.5 9614.47 10443.5 8951.32 8783.09 13150.7 10181.3 6679.93 6566.5 6240.69 12010.9 8538.32 5772.82 5204.13 10103 7490.22 5082.67 4418.73 3891.73
threshold=77.100837000000013 28.410000000000004 100.50000000000001 4310.5000000000009 299.50000000000006 1.6541666666666668 6564.5000000000009 1479.5000000000002 1026.5000000000002 771.00000000000011 65.750000000000014 310.50000000000006 47.850000000000001 28.638037000000004 18.650000000000002 10983.500000000002 25.450000000000003 5.8850000000000007 19.385000000000005 375.71500000000003 254.50000000000003 90.500000000000014 135.50000000000003 44.802500000000002 42.850000000000001 35.350000000000001 31.266666666666666 20.61333333333334 16.750000000000004 0.87083333333333346
decision_type=2 8 2 2 2 2 2 2 2 2 10 10 10 2 8 2 2 8 2 2 10 2 2 10 10 10 10 8 8 2
left_child=1 -1 24 4 11 14 7 8 9 -7 23 -4 13 -8 -2 16 -5 -17 -6 -16 22 -22 -14 -9 25 26 -3 -10 -12 -21
right_child=5 2 3 15 18 6 12 10 27 -11 28 -13 20 -15 19 17 -18 -19 -20 29 21 -23 -24 -25 -26 -27 -28 -29 -30 -31
leaf_value=0.72658247054499736 0.33137953771786255 -0.39366455050748445 -0.15301397337705236 0.55035248373914503 -0.21439227846952585 -0.009207949156290066 0.13262281402945519 -0.3588538198471069 0.2127434517145157 -0.62631549686193466 -0.8037476084039018 0.28896125829493513 0.38045280043567931 0.99316961485147481 -0.71438681697845463 0.60090147519484161 -0.00640739583942507 0.029922895221547646 -0.92467275852506803 -0.085290833536822055 -0.098230891764163955 0.87965090880027175 -0.15777843896765262 0.26834365367889401 0.1606279981958455 -0.89733377270400516 0.21807896410265273 0.73961368093123792 -0.30916109426268218 -0.40819942666817516
leaf_weight=34 22 43 88 120 26 6675 22 25 45 36 37 98 42 30 30 32 56 231 22 78 20 26 72 28 29 20 31 26 29 59
leaf_count=34 22 43 88 120 26 6675 22 25 45 36 37 98 42 30 30 32 56 231 22 78 20 26 72 28 29 20 31 26 29 59
internal_value=3.31949e-10 0.0988057 0.0719911 0.120001 -0.0472822 -0.011231 -0.00522016 -0.0138196 -0.00814023 -0.0125183 -0.337496 0.0798547 0.274708 0.629092 -0.237448 0.209167 0.373202 0.0993956 -0.539937 -0.312384 0.159533 0.454485 0.0405173 -0.0275042 -0.190696 -0.299083 -0.137394 0.405682 -0.586429 -0.224354
internal_weight=8132 830 796 673 234 7302 7113 6901 6782 6711 119 186 212 52 189 439 176 263 48 167 160 46 114 53 123 94 74 71 66 137
internal_count=8132 830 796 673 234 7302 7113 6901 6782 6711 119 186 212 52 189 439 176 263 48 167 160 46 114 53 123 94 74 71 66 137
is_linear=0
shrinkage=0.03


Tree=185
num_leaves=17
num_cat=0
split_feature=35 12 13 13 68 19 19 10 33 40 24 22 45 23 48 15
split_gain=9940.95 11738.9 9967.08 12529.9 9737.86 9609.07 17812.9 11696 8622.42 9291.63 2734.45 4431.31 2509.49 1808.28 1424.97 1410.49
threshold=38.150000000000013 2.5000000000000004 354.00000000000006 350.00000000000006 11.500000000000002 25.908333333333339 25.377083333333335 26.850000000000005 206.50000000000003 51.816666666666684 536.65500000000009 26.500000000000004 40.45000000000001 2.3250000000000006 19.825000000000003 975.95000000000016
decision_type=8 2 2 2 2 2 2 2 10 10 2 2 8 2 10 2
left_child=10 8 3 5 -4 6 -3 -7 9 -2 11 13 -6 14 -1 -16
right_child=1 2 4 -5 12 7 -8 -9 -10 -11 -12 -13 -14 -15 15 -17
leaf_value=0.043321345448493954 0.56111025458201769 0.0078460317508364224 0.92546456730365745 -0.75119174132868638 0.35307495628084457 0.49397089733527255 -0.17779381088822721 -0.0017684039822534509 0.8977670502662658 -0.14146919945875802 -0.43100641482585184 0.15066998381788532 -0.11071312648909432 -0.40849456357955932 -0.39905879232618541 -0.14381179112408843
leaf_weight=24 32 7062 20 20 21 78 498 95 20 36 37 36 21 35 27 70
leaf_count=24 32 7062 20 20 21 78 498 95 20 36 37 36 21 35 27 70
internal_value=-6.40022e-10 0.00564623 0.00176637 -0.00126335 0.380627 0.000676205 -0.00438262 0.221744 0.350204 0.189156 -0.194856 -0.149348 0.121181 -0.218583 -0.16365 -0.21486
internal_weight=8132 7903 7815 7753 62 7733 7560 173 88 68 229 192 42 156 121 97
internal_count=8132 7903 7815 7753 62 7733 7560 173 88 68 229 192 42 156 121 97
is_linear=0
shrinkage=0.03


Tree=186
num_leaves=22
num_cat=0
split_feature=38 16 39 1 1 10 20 6 9 62 13 13 37 16 38 13 62 10 39 10 38
split_gain=9723.31 10210.2 9667.44 9270.25 12048.5 10287.9 52621.9 71350 20870.5 22182.6 12820.4 10842.7 9109.43 10137.5 7675.39 7539.79 7319.95 6999.89 5942.08 4057.99 1301.11
threshold=115.50000000000001 7.7500000000000009 103.50000000000001 77.188546500000015 77.309166200000007 11.550000000000002 7899.2500000000009 556.07000000000005 25.150000000000002 77.640719424460443 299.50000000000006 160.50000000000003 248.83333333333334 11.550000000000002 76.65000000000002 137.50000000000003 11.15 11.65 63.45000000000001 13.950000000000001 128.50000000000003
decision_type=10 2 10 2 2 2 2 2 2 10 2 2 8 2 8 2 8 2 8 2 10
left_child=1 14 -2 5 12 6 10 -8 9 -7 -3 -10 17 -14 -1 18 -17 -5 -6 -4 -21
right_child=2 3 19 4 15 8 7 -9 11 -11 -12 -13 13 -15 -16 16 -18 -19 -20 20 -22
leaf_value=0.07157137922702296 -0.78199991544087732 0.16875794061559385 0.18351982200374969 0.13795715898275376 0.063379898276180027 -0.3395423246791861 -0.061419013250957832 2.3547202894904395 -0.029506215025670208 0.45819557358821233 -0.1589121113184698 0.075749380690305596 0.075237858019649009 -0.23217812809375446 0.75680353045463555 0.71480892047882083 0.17163366990244133 -0.045061846940793168 -0.40327169406143099 -0.45257752922448241 -0.11824607545137404
leaf_weight=31 27 336 26 204 96 244 22 22 1511 36 158 2112 124 436 28 25 209 2410 33 22 20
leaf_count=31 27 336 26 204 96 244 22 22 1511 36 158 2112 124 436 28 25 209 2410 33 22 20
internal_value=4.17139e-10 0.00356652 -0.301727 0.000658674 -0.0355776 0.0295187 0.152504 1.14665 0.0125661 -0.236976 0.0639566 0.0318517 -0.0543024 -0.164107 0.396766 0.128149 0.229665 -0.0307788 -0.0559961 -0.111031 -0.293372
internal_weight=8132 8037 95 7978 3537 4441 538 44 3903 280 494 3623 3174 560 59 363 234 2614 129 68 42
internal_count=8132 8037 95 7978 3537 4441 538 44 3903 280 494 3623 3174 560 59 363 234 2614 129 68 42
is_linear=0
shrinkage=0.03


Tree=187
num_leaves=25
num_cat=0
split_feature=15 17 15 19 13 13 36 36 7 13 15 8 15 26 10 9 16 28 17 1 33 8 36 37
split_gain=9398.51 18758.8 13689.1 12876.6 11654.1 10326.2 18698.1 19762.7 34720.7 16393.6 16379.8 25327.6 22540.8 20582.2 19046.7 17925 16206.2 8669.39 14575.2 7243.7 5755.37 3937.48 2739.34 1986.7
threshold=975.85000000000002 3347.5000000000005 971.95000000000016 25.835416666666671 355.50000000000006 297.50000000000006 373.50000000000006 346.50000000000006 21.700000000000003 303.50000000000006 986.6500000000002 26.550000000000004 987.80000000000007 3.5000000000000004 22.650000000000002 29.650000000000002 11.450000000000001 202.16666666666671 2735.0000000000005 77.272782850000013 161.50000000000003 29.850000000000005 93.500000000000014 119.75000000000001
decision_type=2 2 2 2 2 2 8 10 2 2 2 2 2 2 2 2 2 2 2 2 8 2 10 10
left_child=1 2 23 17 5 10 7 9 -9 -7 11 15 16 -13 -14 -2 -12 18 -4 20 -8 -5 -23 -1
right_child=4 -3 3 21 -6 6 19 8 -10 -11 12 13 14 -15 -16 -17 -18 -19 -20 -21 -22 22 -24 -25
leaf_value=0.20879974840352167 -0.02390690617505152 0.81999441417865448 -0.17654465373547021 0.53383555018901829 0.56579280358903539 -0.17964536842207113 -0.11870277063315733 1.4763903713226316 -0.22901905303651635 0.029136134998029858 -0.016104867727566165 0.43299096865391506 0.033708839473533814 0.011749683280118179 0.9646447663195431 -0.32434990952445708 0.39360870236438344 0.25614066728635837 -0.78054024439893266 0.0069160752657514346 -0.69962807975032104 -0.013090716516720009 0.36001734518486517 0.57656075477600099
leaf_weight=39 362 20 669 20 34 540 20 21 22 907 119 109 1797 2470 20 353 322 38 38 26 66 77 23 20
leaf_count=39 362 20 669 20 34 540 20 21 22 907 119 109 1797 2470 20 353 322 38 38 26 66 77 23 20
internal_value=-2.78217e-10 -0.0889959 -0.108671 -0.138828 0.0116878 0.0090544 -0.0580437 -0.0299438 0.603855 -0.0487782 0.0284152 -0.0142477 0.0906524 0.0295532 0.0439558 -0.172238 0.283051 -0.185283 -0.209008 -0.431872 -0.564529 0.149576 0.0727241 0.333464
internal_weight=8132 944 924 865 7188 7154 1602 1490 43 1447 5552 3294 2258 2579 1817 715 441 745 707 112 86 120 100 59
internal_count=8132 944 924 865 7188 7154 1602 1490 43 1447 5552 3294 2258 2579 1817 715 441 745 707 112 86 120 100 59
is_linear=0
shrinkage=0.03


Tree=188
num_leaves=28
num_cat=0
split_feature=0 53 0 16 6 40 15 1 53 19 35 16 16 20 63 18 53 17 17 48 13 64 54 15 24 32 40
split_gain=9327.27 21849.5 19820.6 23111 14739.2 13744 11787.8 10481.2 9012.38 14456.4 14708 11997.6 7687.98 8811.36 7190.42 7154.36 23023.2 12388.8 14467.9 12890.1 8536.77 6373.01 6102.44 7791.49 6033.04 5317.89 1283.37
threshold=28.682925800000003 277244.05000000005 28.712721700000003 10.15 4680.6650000000018 101.53333333333335 995.95000000000016 77.309166200000007 74416.250000000015 14.668750000000001 234.50000000000003 19.650000000000002 12.550000000000002 5836.0000000000009 12.479999999999999 3405.0000000000005 74416.250000000015 652.50000000000011 682.50000000000011 121.55000000000001 339.50000000000006 59.725000000000009 252.50000000000003 988.1500000000002 176.48500000000004 79.850000000000009 39.033333333333339
decision_type=2 2 2 2 2 10 2 2 2 2 8 2 2 2 10 2 2 2 2 10 2 8 8 2 2 10 10
left_child=6 2 3 -2 5 -5 7 15 12 11 -11 -10 -4 -14 -9 17 21 19 -19 -1 -18 -17 23 -16 -8 -6 -26
right_child=1 -3 8 4 25 -7 24 14 9 10 -12 -13 13 -15 22 16 20 18 -20 -21 -22 -23 -24 -25 26 -27 -28
leaf_value=-0.32138441801311507 0.86634246458609887 0.79879297697118345 0.077400643676519387 0.12881183412970365 -0.10312604401633144 -0.66455857926607131 0.69523520597096145 0.64384235983309535 0.22786587693955043 -0.11158847882288944 -0.78503846185281867 -0.1692587404720711 -0.87169813997605272 -0.12091982498764992 0.056620109782180211 -1.0061713257730007 -0.043407770017706258 0.46210581655944544 0.052859343845821631 0.34577773473479528 0.24380789221587934 -0.39265214664861559 -0.31290168511867522 0.41210995350505264 0.31162610685186726 -0.77903660384091455 -0.0095091018825769411
leaf_weight=124 36 35 24 1129 20 20 29 23 222 332 32 99 34 24 254 20 4748 93 474 33 95 64 30 71 21 22 24
leaf_count=124 36 35 24 1129 20 20 29 23 222 332 32 99 34 24 254 20 4748 93 474 33 95 64 30 71 21 22 24
internal_value=3.25273e-10 0.0557225 0.0426796 0.117461 0.0948246 0.115002 -0.0185255 -0.0231446 -0.0769507 -0.0413708 -0.170793 0.105388 -0.374173 -0.561031 0.129795 -0.0333749 -0.0463145 0.0546826 0.119984 -0.181153 -0.0377738 -0.538728 0.0964909 0.134281 0.357807 -0.457174 0.140354
internal_weight=8132 2029 1994 1227 1191 1149 6103 6029 767 685 364 321 82 58 378 5651 4927 724 567 157 4843 84 355 325 74 42 45
internal_count=8132 2029 1994 1227 1191 1149 6103 6029 767 685 364 321 82 58 378 5651 4927 724 567 157 4843 84 355 325 74 42 45
is_linear=0
shrinkage=0.03


Tree=189
num_leaves=28
num_cat=0
split_feature=38 7 47 18 16 46 15 1 44 9 12 12 12 36 1 58 8 1 35 28 63 30 68 14 65 60 39
split_gain=9186.05 10687.1 10156.5 13823.2 15002.1 26811.8 22191 16536.5 13284.1 12332.4 18769.5 11858.3 13391.5 11046.9 9631.78 8048.6 9812.25 7943.67 7926.18 6483.55 6257.95 5522.43 4762.93 4069.43 3840.32 2346.22 2285.24
threshold=115.50000000000001 11.385000000000002 77.65000000000002 2981.5000000000005 14.750000000000002 40.216666666666676 994.10000000000014 77.268416000000016 50.850000000000001 30.750000000000004 6.1500000000000012 5.3500000000000005 3.9500000000000006 344.50000000000006 77.14626250000002 11.450000000000001 33.150000000000013 77.146786750000018 39.95000000000001 41.500000000000007 55.967857142857149 116.29666666666638 9.5000000000000018 6.9000000000000012 120.74285714285716 24.950000000000003 115.50000000000001
decision_type=10 2 8 2 2 10 2 2 10 2 2 2 2 10 2 8 2 2 10 2 8 2 2 2 8 10 10
left_child=2 -2 8 11 5 6 -5 -7 14 10 -6 12 -4 -11 15 19 -17 23 -19 -1 25 -22 -3 -16 -14 -13 -24
right_child=1 22 3 4 9 7 -8 -9 -10 13 -12 20 24 -15 17 16 -18 18 -20 -21 21 -23 26 -25 -26 -27 -28
leaf_value=-0.043011177236383605 -0.78547913789749146 0.30017786348238584 0.040784310373392967 0.35531318143423657 -0.45731494301152459 -0.049255295986253202 -0.3010731901140774 0.57769152045249939 -0.77689595784459797 0.10128594653484804 -0.022957705833561663 -0.3361173140274924 -0.4591965095911707 -0.28319286627074081 -0.28378915729231374 0.038451216567784836 0.35347538547124713 -0.25984459406148425 -0.025831696419906101 -0.7078871171447364 0.57198949873447413 -0.00099832273111110791 -0.48533990706716257 0.058200667810283206 -0.9438944791404591 0.013053776251858678 -0.064574482165850128
leaf_weight=33 28 20 33 509 103 495 51 41 21 1021 685 43 28 72 178 1218 96 136 3089 22 24 41 21 38 31 29 26
leaf_count=33 28 20 33 509 103 495 51 41 21 1021 685 43 28 72 178 1218 96 136 3089 22 24 41 21 38 31 29 26
internal_value=3.9023e-10 -0.293273 0.00346658 0.044865 0.0621422 0.150368 0.295535 -0.00129854 -0.0240067 0.0107356 -0.0797328 -0.179738 -0.443178 0.0759589 -0.0207196 0.0465846 0.0614667 -0.0474966 -0.0357001 -0.308962 -0.0028297 0.210566 -0.0875749 -0.223624 -0.713868 -0.195479 -0.252576
internal_weight=8132 95 8037 3206 2977 1096 560 536 4831 1881 788 229 92 1093 4810 1369 1314 3441 3225 55 137 65 67 216 59 72 47
internal_count=8132 95 8037 3206 2977 1096 560 536 4831 1881 788 229 92 1093 4810 1369 1314 3441 3225 55 137 65 67 216 59 72 47
is_linear=0
shrinkage=0.03


Tree=190
num_leaves=21
num_cat=0
split_feature=15 17 15 13 13 30 17 36 68 32 16 68 15 7 21 48 20 61 41 32
split_gain=8823.97 17655 12917.8 10668.8 11486.4 9849.23 12313.1 11839.1 9747.61 10679.6 9800.4 9303.46 8969.69 8817.79 8361.06 7988.68 4984.43 2589.24 1876.34 1684.95
threshold=975.85000000000002 3347.5000000000005 971.95000000000016 354.00000000000006 350.00000000000006 10.520000000000076 2735.0000000000005 212.50000000000003 25.500000000000004 31.450000000000003 29.850000000000005 23.500000000000004 975.1500000000002 29.300000000000004 135.50000000000003 92.050000000000011 8012.0000000000009 24.725714285714293 18.750000000000004 35.250000000000007
decision_type=2 2 2 2 2 2 2 10 2 10 2 2 2 2 2 8 2 8 10 10
left_child=1 2 18 4 8 16 12 -8 10 -10 11 -2 -7 -11 -12 -5 19 -18 -1 -4
right_child=3 -3 5 15 -6 6 7 -9 9 13 14 -13 -14 -15 -16 -17 17 -19 -20 -21
leaf_value=0.53583698303803151 0.016066021158760397 0.79560845090635124 -0.32410170540727412 0.82441567955017081 -0.70979550589621065 0.035322042477234035 -0.13747795806211582 -1.0187593021600143 0.75976532592773427 0.22688621124552028 -0.3738526581569549 -0.13896464924138735 -0.24444744278490543 -0.096281510578549417 0.14292726269678063 0.092625238525456399 -0.32201752051137961 -0.039892471864708325 0.18895047176629304 -0.55180413856344701
leaf_weight=23 6234 20 58 25 20 437 34 23 25 224 109 369 135 115 38 29 52 67 36 59
leaf_count=23 6234 20 58 25 20 437 34 23 25 224 109 369 135 115 38 29 52 67 36 59
internal_value=1.49991e-10 -0.0862328 -0.10532 0.011325 0.00814512 -0.134616 -0.0726079 -0.493083 0.0101635 0.161385 0.00200873 0.00740234 -0.0307075 0.117257 -0.240263 0.431417 -0.299882 -0.163174 0.324177 -0.438926
internal_weight=8132 944 924 7188 7134 865 629 57 7114 364 6750 6603 572 339 147 54 236 119 59 117
internal_count=8132 944 924 7188 7134 865 629 57 7114 364 6750 6603 572 339 147 54 236 119 59 117
is_linear=0
shrinkage=0.03


Tree=191
num_leaves=31
num_cat=0
split_feature=1 63 68 10 8 11 36 32 7 49 47 44 20 62 49 13 18 18 11 11 29 62 13 44 1 22 13 36 66 17
split_gain=8937.85 9680.3 11000.6 11825 18904.2 9866.71 12656.4 11798 9719 9048.31 9569.79 10130 20321.3 28035.9 9980.65 8913.58 8663.46 9190.22 8339.86 7094.35 6886.46 6866.67 6853.81 8978.01 11127.9 10524.6 8016.82 12320.5 8123.29 6777.58
threshold=77.131314500000016 86.528571428571439 3.5000000000000004 11.550000000000002 16.650000000000002 53.500000000000007 262.50000000000006 196.50000000000003 22.615000000000006 135.38333333333335 78.750000000000014 47.95000000000001 10052.250000000002 20.750000000000004 121.14999999999999 283.50000000000006 6641.5000000000009 6149.0000000000009 46.500000000000007 54.500000000000007 93.500000000000014 30.81381294964029 314.50000000000006 11.250000000000002 77.14626250000002 26.500000000000004 297.50000000000006 388.50000000000006 1.0000000180025095e-35 1607.5000000000002
decision_type=2 8 2 2 2 2 8 10 2 8 10 10 2 10 10 2 2 2 2 2 2 8 2 10 2 2 2 8 2 2
left_child=9 2 3 4 8 7 -7 -5 -2 10 16 12 13 -12 19 21 17 18 -1 -13 -14 -11 26 25 -25 -24 28 -28 -4 -3
right_child=1 29 22 5 -6 6 -8 -9 -10 15 11 14 20 -15 -16 -17 -18 -19 -20 -21 -22 -23 23 24 -26 -27 27 -29 -30 -31
leaf_value=0.36161948885061318 0.30722949186196696 0.014766858775535938 -0.047798652251341431 0.074456373682459359 0.9522597674187272 0.00079973378184498563 -0.37589602295309305 0.58921117315689719 -0.30694153801961382 0.55084412509202962 1.7146272676331655 -0.40867424900022642 0.38455321903190304 0.40039302855730058 0.5119765097772081 -0.40408823516831466 0.61295176774263382 -0.24611523258109247 0.035131889534241054 0.10711477449784675 -0.23368471595732604 -0.11284964702230819 0.2212972063422203 0.65681055455393078 0.088856510526158033 -0.5181381791684686 -0.1321273399557647 -0.83956157373345408 0.30411411035060881 0.17312506943498107
leaf_weight=79 78 710 3668 366 32 490 96 45 33 20 21 36 31 48 36 67 24 93 648 72 34 47 30 37 193 41 604 23 60 370
leaf_count=79 78 710 3668 366 32 490 96 45 33 20 21 36 31 48 36 67 24 93 648 72 34 47 30 37 193 41 604 23 60 370
internal_value=3.42642e-10 -0.0134421 -0.0288075 0.054718 0.30984 0.0181258 -0.0609115 0.130816 0.124638 0.0735889 0.101416 0.254076 0.441805 0.800377 0.079383 -0.15941 0.0511321 0.0346886 0.0706099 -0.0648149 0.0611672 0.0852679 -0.0492584 0.0891912 0.180223 -0.205701 -0.0588274 -0.158078 -0.0421348 0.0690192
internal_weight=8132 6876 5796 1140 143 997 586 411 111 1256 1122 278 134 69 144 134 844 820 727 108 65 67 4656 301 230 71 4355 627 3728 1080
internal_count=8132 6876 5796 1140 143 997 586 411 111 1256 1122 278 134 69 144 134 844 820 727 108 65 67 4656 301 230 71 4355 627 3728 1080
is_linear=0
shrinkage=0.03


Tree=192
num_leaves=17
num_cat=0
split_feature=38 7 16 19 19 14 16 29 52 58 34 22 37 68 25 37
split_gain=8677.15 10026.7 9175.99 8357.2 16888 13279.2 10962.8 20806.6 12201.5 7932.72 6742.87 8535.96 4619.25 4344.46 2951.76 1543.61
threshold=115.50000000000001 11.385000000000002 7.7500000000000009 25.908333333333339 25.377083333333335 12.750000000000002 19.450000000000003 1662.2857142857144 24336.000000000004 57.350000000000001 19.916666666666668 2.5000000000000004 91.283333333333346 9.5000000000000018 2.5000000000000004 66.616666666666688
decision_type=10 2 2 2 2 2 2 2 2 8 10 2 10 2 2 10
left_child=2 -2 9 4 6 12 7 -4 -8 -1 -6 -12 15 -3 -15 -5
right_child=1 13 3 5 10 -7 8 -9 -10 -11 11 -13 -14 14 -16 -17
leaf_value=-0.029549987411499022 -0.76179104243006024 0.2845353205651045 0.030634579724205576 -0.16257400574755262 0.21521802744040122 0.69344979694256415 -0.08046635085681271 1.0002915980815885 0.075160923076552741 0.67441142573076129 -0.32346340976253585 -0.076971895039830818 0.39499755156040189 0.021161277507032665 -0.45704425334930421 0.068997343466395411
leaf_weight=25 28 20 4754 44 39 39 1885 20 597 34 241 266 30 21 26 63
leaf_count=25 28 20 4754 44 39 39 1885 20 597 34 241 266 30 21 26 63
internal_value=-2.23147e-10 -0.285034 0.00336919 0.000612555 -0.00399911 0.205046 0.00810841 0.0346968 -0.043033 0.376123 -0.164901 -0.19414 0.066011 -0.0857919 -0.243378 -0.0262283
internal_weight=8132 95 8037 7978 7802 176 7256 4774 2482 59 546 507 137 67 47 107
internal_count=8132 95 8037 7978 7802 176 7256 4774 2482 59 546 507 137 67 47 107
is_linear=0
shrinkage=0.03


Tree=193
num_leaves=31
num_cat=0
split_feature=1 1 19 18 21 5 32 57 11 68 5 48 17 40 47 68 35 20 21 48 62 38 35 56 21 55 35 30 41 31
split_gain=8478.57 14004.3 11043 14988.1 15682.3 11598.4 11461.2 13655.9 10381.1 9348.25 7575.13 7411.7 14951.9 8929.8 10737.7 13967.2 9775.6 11483.6 15143.9 8266.83 7850.14 6715.26 7337.55 6603.05 6327.04 5614.59 5475.4 5332.51 4949.99 4902.36
threshold=77.14626250000002 77.146786750000018 1.6541666666666668 6529.5000000000009 1479.5000000000002 1727.0000000000002 93.15000000000002 162.51428571428576 13.500000000000002 8.5000000000000018 144.50000000000003 133.56395683453241 697.50000000000011 44.116666666666681 68.790000000000006 9.5000000000000018 423.50000000000006 10052.250000000002 457.50000000000006 149.46640287769787 3.7050000000000005 44.050000000000004 344.50000000000006 324.50000000000006 96.500000000000014 62.507142857142867 366.50000000000006 440.25666666666643 28.050000000000004 457.89428571428567
decision_type=2 2 2 2 2 2 10 10 2 2 2 8 2 10 10 2 10 2 2 8 8 10 10 10 2 10 10 2 10 2
left_child=11 -2 8 4 5 -4 7 -5 25 -10 -8 13 -13 14 21 -16 17 18 -15 -14 -19 22 -1 -18 26 -3 -21 -17 -6 -26
right_child=1 2 3 6 28 -7 10 -9 9 -11 -12 12 19 16 15 27 23 20 -20 24 -22 -23 -24 -25 29 -27 -28 -29 -30 -31
leaf_value=0.05880021497641863 -0.1976129814780882 -0.39677580852400174 -0.0062628657696906093 0.009424873534868013 -0.75535754044850667 0.61711702903111765 -0.62341640692949285 0.55087918759722787 -0.96447092386392441 -0.26777157586641037 0.167120258808136 0.63037996530532836 -0.46151633340865372 0.28805471739250615 -0.75799304154786196 0.11866918406463585 0.090708656680583949 0.54463419997692097 1.1151680606603622 -0.43967772656503845 0.032711622769020045 -0.3605151349847967 0.48905349293270622 -0.62191669431599705 0.39647287062623282 0.18012381388368656 0.13589587194578989 -0.31196461298438005 -0.25786419638329078 -0.057432883811778711
leaf_weight=995 366 22 5251 67 27 27 20 112 26 52 24 23 64 211 33 65 25 30 22 51 266 33 37 22 33 49 21 43 54 61
leaf_count=995 366 22 5251 67 27 27 20 112 26 52 24 23 64 211 33 65 25 30 22 51 266 33 37 22 33 49 21 43 54 61
internal_value=3.78596e-11 -0.0176973 -0.00620735 0.000596386 -0.00943151 -0.00307392 0.241581 0.348212 -0.261096 -0.500005 -0.192215 0.0530225 -0.0989243 0.0745951 0.0281836 -0.217835 0.171769 0.208608 0.366151 -0.171855 0.0845957 0.0607551 0.074226 -0.242861 -0.060178 0.00136618 -0.271802 -0.0527869 -0.423695 0.101917
internal_weight=8132 6097 5731 5582 5359 5278 223 179 149 78 44 2035 253 1782 1206 141 576 529 233 230 296 1065 1032 47 166 71 72 108 81 94
internal_count=8132 6097 5731 5582 5359 5278 223 179 149 78 44 2035 253 1782 1206 141 576 529 233 230 296 1065 1032 47 166 71 72 108 81 94
is_linear=0
shrinkage=0.03


Tree=194
num_leaves=25
num_cat=0
split_feature=20 60 9 26 45 7 7 42 7 6 9 18 10 17 13 43 37 63 22 0 55 37 64 64
split_gain=8184.25 16548.7 9341.01 36542.2 36030.9 33253.8 19120.7 14447.5 9992.33 21510 29602.3 15168 25158.5 15962.2 14405.8 9183.57 8188.43 5468.91 4180.19 6118.09 4116.78 3299.45 3204.96 2802.61
threshold=2250.0000000000005 35.150000000000013 19.100000000000005 1.5000000000000002 41.006618705035983 13.565000000000001 30.690000000000001 25.150000000000002 23.045000000000005 536.65500000000009 32.550000000000004 3689.0000000000005 12.250000000000002 1372.5000000000002 318.50000000000006 15.501666666666667 358.33333333333343 21.642857142857142 41.500000000000007 28.638037000000004 180.32142857142861 244.50000000000003 39.00500000000001 100.23611510791368
decision_type=2 8 2 2 10 2 2 8 2 2 2 2 2 2 2 8 10 10 2 2 10 10 10 10
left_child=1 16 6 4 5 7 15 -4 9 14 -11 13 -13 -10 -5 20 17 22 21 -20 -2 -17 -1 -8
right_child=2 -3 3 8 -6 -7 23 -9 11 10 -12 12 -14 -15 -16 18 -18 -19 19 -21 -22 -23 -24 -25
leaf_value=0.22980106507028852 0.57270966667681933 0.7717172733674178 0.12402627134645305 -0.024378601139531934 -0.30519821910297168 1.8862774440220424 -0.81692668642546673 1.0272491713081087 -0.039700716146164466 -0.42380360168384179 0.12438274515623395 0.80668536221981046 0.048690840664494639 -0.52217546041309837 0.28628950878870574 -0.39356298703806741 -0.46708959911180575 0.46326841692714127 0.310665686564012 -0.26275076402022557 0.051454085490666324 0.020599283290945965 -0.27768453169614071 -0.38301006402288162
leaf_weight=21 25 37 37 4002 34 21 37 28 270 270 132 40 2667 80 139 70 23 34 33 34 30 23 24 21
leaf_count=21 25 37 37 4002 34 21 37 28 270 270 132 40 2667 80 139 70 23 34 33 34 30 23 24 21
internal_value=2.01154e-10 0.228223 -0.00396885 0.00212983 0.521559 0.848416 -0.17643 0.513107 -0.00607167 -0.0342895 -0.243802 0.0358628 0.0598914 -0.149981 -0.0139505 -0.0460271 0.0310731 0.176108 -0.160982 0.0196782 0.288388 -0.291136 -0.0408579 -0.659819
internal_weight=8132 139 7993 7720 120 86 273 65 7600 4543 402 3057 2707 350 4141 215 102 79 160 67 55 93 45 58
internal_count=8132 139 7993 7720 120 86 273 65 7600 4543 402 3057 2707 350 4141 215 102 79 160 67 55 93 45 58
is_linear=0
shrinkage=0.03


Tree=195
num_leaves=23
num_cat=0
split_feature=35 12 12 19 19 14 35 16 12 16 68 41 32 41 22 43 24 22 23 39 54 31
split_gain=8449.95 9004.9 8256.64 8217.43 14506.2 12203.5 10576.4 8421.13 20180.1 12404.1 7040.78 7354.34 5891.44 4644.72 4610.07 3744.9 2511.63 3895.18 1729.64 1261.76 2461.97 905.71
threshold=38.150000000000013 2.5000000000000004 2.3500000000000001 25.908333333333339 25.377083333333335 12.750000000000002 107.50000000000001 19.450000000000003 6.2500000000000009 19.850000000000005 18.500000000000004 34.45000000000001 18.450000000000003 18.550000000000004 1.0000000180025095e-35 17.740000000000006 536.65500000000009 26.500000000000004 2.3250000000000006 18.150000000000002 28.550000000000004 9.5728571428570124
decision_type=8 2 2 2 2 2 10 2 2 2 2 10 10 8 2 8 2 2 2 10 10 2
left_child=16 2 10 4 7 14 12 8 -3 -9 11 -2 -6 -8 -5 -16 17 18 19 20 -1 -21
right_child=1 3 -4 5 6 -7 13 9 -10 -11 -12 -13 -14 -15 15 -17 -18 -19 -20 21 -22 -23
leaf_value=-0.23349545826082643 0.76546762444756244 -0.011699190654144887 0.8428064616322517 0.36065926982710755 0.37184089634567496 0.67331338896201209 -0.048078401756286616 -0.28235083123808996 0.12043437660030128 -0.018661760118732388 -0.25096240682601928 -0.019417916366032191 -0.11368944852599255 -0.50975647920763101 -0.3449240373304257 0.075126279741525651 -0.40597469213846565 0.14524841798779864 -0.38668291037423269 -0.28760243230395849 0.21578278936445711 -0.062800318825504048
leaf_weight=23 22 3197 20 36 24 39 25 173 1542 2232 25 21 358 91 26 72 37 36 35 54 21 23
leaf_count=23 22 3197 20 36 24 39 25 173 1542 2232 25 21 358 91 26 72 37 36 35 54 21 23
internal_value=-1.67217e-10 0.00520561 0.306984 0.00180746 -0.00282108 0.206266 -0.15937 0.00809179 0.0312951 -0.0376298 0.149389 0.382151 -0.0831849 -0.410257 0.0703343 -0.0363156 -0.17965 -0.136036 -0.200947 -0.147222 -0.0190672 -0.220454
internal_weight=8132 7903 88 7815 7642 173 498 7144 4739 2405 68 43 382 116 134 98 229 192 156 121 44 77
internal_count=8132 7903 88 7815 7642 173 498 7144 4739 2405 68 43 382 116 134 98 229 192 156 121 44 77
is_linear=0
shrinkage=0.03


Tree=196
num_leaves=31
num_cat=0
split_feature=1 47 13 19 19 15 22 28 9 36 10 10 32 62 15 21 54 38 58 42 7 12 12 0 32 42 6 36 61 53
split_gain=8013.83 14541.4 10149.2 9591.4 9657.49 25306.3 28587.5 31055.1 24776 11563.1 13933.6 12521.6 11333.8 11251.2 10057.1 23641.7 9399.83 8923.29 8561.96 8420.99 7670.37 7465.21 7255.6 7204.58 6346.75 7422.62 5615.5 5325.74 3595.66 3637.3
threshold=77.100837000000013 28.410000000000004 100.50000000000001 1.6541666666666668 10.727083333333335 992.1500000000002 78.500000000000014 131.83333333333334 24.650000000000002 324.50000000000006 13.800000000000002 10.350000000000003 255.50000000000003 82.200000000000003 993.20000000000016 92.500000000000014 225.50000000000003 20.150000000000002 18.650000000000002 14.15 15.590000000000002 10.550000000000002 5.1500000000000012 28.682925800000003 42.750000000000007 39.250000000000007 375.71500000000003 368.50000000000006 71.54928571428573 279010.45000000001
decision_type=2 8 2 2 2 2 2 2 2 10 2 2 10 10 2 2 10 8 8 10 2 2 2 2 10 10 2 10 10 2
left_child=1 -1 22 18 5 6 7 -5 -8 11 19 -6 -12 -13 15 -7 21 -16 -2 -11 -18 23 -3 -4 -24 -26 -20 -22 29 -28
right_child=3 2 16 4 9 14 8 -9 -10 10 12 13 -14 -15 17 -17 20 -19 26 -21 27 -23 24 -25 25 -27 28 -29 -30 -31
leaf_value=0.69591249061419691 0.33534913309595799 0.27977740876376628 0.079085373753874463 0.050970102509011954 0.71693405832563128 -0.99459660427910945 0.57977850489939253 -0.56285050944141712 0.15207069551464292 0.30463579998862356 -0.25780989392237225 -0.02484886957994914 -0.91302889400058318 0.27066856637096204 0.57289799145289821 -0.12529198378169287 0.21344977727958134 -0.059466965843599451 -0.66601254725456238 -0.15183323781768029 -0.69714605397648277 -0.21674612101653348 -0.033083328293128447 0.29791647374175312 -0.81194955825805659 -0.10540050317411837 -0.24455431494861843 -0.1066298987184252 -0.485692605254325 0.13984829633496701
leaf_weight=34 22 24 290 383 21 35 144 92 794 62 198 4525 27 119 21 144 28 460 30 88 27 46 44 254 32 23 72 28 33 32
leaf_count=34 22 24 290 383 21 35 144 92 794 62 198 4525 27 119 21 144 28 460 30 88 27 46 44 254 32 23 72 28 33 32
internal_value=-2.93633e-10 0.0883333 0.0623814 -0.0100406 -0.00443601 0.0500698 0.121707 -0.0679173 0.217732 -0.0268548 -0.187125 -0.0139713 -0.336436 -0.0172764 -0.103298 -0.295268 0.108177 -0.0318585 -0.22097 0.0368406 -0.190747 0.150229 -0.188192 0.18126 -0.301639 -0.516484 -0.294257 -0.39652 -0.212851 -0.126277
internal_weight=8132 830 796 7302 7113 2073 1413 475 938 5040 375 4665 225 4644 660 179 673 481 189 150 83 590 123 544 99 55 167 55 137 104
internal_count=8132 830 796 7302 7113 2073 1413 475 938 5040 375 4665 225 4644 660 179 673 481 189 150 83 590 123 544 99 55 167 55 137 104
is_linear=0
shrinkage=0.03


Tree=197
num_leaves=28
num_cat=0
split_feature=38 7 47 18 16 45 16 19 12 12 29 19 8 29 17 19 17 16 56 0 60 63 30 68 65 25 60
split_gain=7961.23 9263.81 8664.53 12459.8 13541 19317.7 13362.3 12756.8 10893.4 12057.1 10266.2 12927.4 8574.88 11357.4 9845.91 26381 10883.7 6897.04 6023.22 7409.46 7124.69 5690.12 5213.17 4047.82 3589.25 2745.7 2166.46
threshold=115.50000000000001 11.385000000000002 77.65000000000002 2981.5000000000005 19.450000000000003 32.650000000000013 13.750000000000002 5.7250000000000014 5.3500000000000005 3.9500000000000006 89.107142857142875 8.5250000000000021 32.850000000000001 878.71428571428567 2735.0000000000005 10.458333333333334 2622.5000000000005 30.850000000000005 284.50000000000006 28.496097500000001 91.15000000000002 55.967857142857149 116.29666666666638 9.5000000000000018 120.74285714285716 2.5000000000000004 24.450000000000003
decision_type=10 2 8 2 2 10 2 2 2 2 2 2 2 2 2 2 2 2 10 2 8 8 2 2 8 2 10
left_child=2 -2 12 8 5 6 -5 -7 9 -4 17 -12 13 14 16 -16 -1 -6 19 -14 -21 26 -23 -3 -11 -25 -10
right_child=1 23 3 4 10 7 -8 -9 21 24 11 -13 18 -15 15 -17 -18 -19 -20 20 -22 22 -24 25 -26 -27 -28
leaf_value=-0.024339218295513922 -0.73128294621195111 0.27595032575726508 0.03494769188490781 0.32862052833752053 0.096022919625332007 -0.57046177931677766 0.11050752302253605 0.020585319510457781 -0.32499828736630404 -0.43491296391401968 0.074511409281215191 -0.28190116183897262 0.55183752332414904 -0.63677805094580564 0.14797074689484876 -0.36104482955961342 0.29737489413662055 -0.39268754584448679 0.60244954109191895 0.081027081010793395 -0.44334662232398986 0.55242563590407368 -0.0042874688055457135 0.021517352291515895 -0.90349867839967046 -0.43969448822048995 0.0087950157821178425
leaf_weight=3891 28 20 33 370 362 34 798 985 42 28 142 258 28 28 145 249 97 28 21 347 25 24 41 21 31 26 30
leaf_count=3891 28 20 33 370 362 34 798 985 42 28 142 258 28 28 145 249 97 28 21 347 25 24 41 21 31 26 30
internal_value=-2.12782e-10 -0.273022 0.00322721 0.0414642 0.0578672 0.0963216 0.179602 0.000864415 -0.171775 -0.424269 -0.0485884 -0.155375 -0.022148 -0.0344972 -0.0306488 -0.173717 -0.0165142 0.060936 0.107211 0.0812105 0.0457869 -0.00221641 0.201268 -0.0815102 -0.681119 -0.233621 -0.185918
internal_weight=8132 95 8037 3206 2977 2187 1168 1019 229 92 790 400 4831 4410 4382 394 3988 390 421 400 372 137 65 67 59 47 72
internal_count=8132 95 8037 3206 2977 2187 1168 1019 229 92 790 400 4831 4410 4382 394 3988 390 421 400 372 137 65 67 59 47 72
is_linear=0
shrinkage=0.03


Tree=198
num_leaves=29
num_cat=0
split_feature=35 20 61 35 24 18 53 21 7 24 31 34 13 8 33 22 20 46 41 62 21 49 14 33 29 33 15 34
split_gain=7864.97 8303.72 15626.1 14398.1 8098.03 17669.4 19520.3 17673.2 17381.5 16310.1 25866.1 20356.7 18722.8 18534.1 12231.1 11262.7 7448.63 5849.77 5061 3266.58 2363.42 3523.8 1313.62 1794.3 1591.22 1132.59 830.151 463.224
threshold=38.150000000000013 2250.0000000000005 32.742857142857154 398.50000000000006 767.70500000000004 6264.5000000000009 268468.00000000006 2024.5000000000002 23.110000000000003 614.28000000000009 823.85714285714278 219.8333333333334 113.50000000000001 26.650000000000002 46.45000000000001 96.500000000000014 22949.000000000004 27.600000000000019 19.350000000000005 9.6000000000000014 26.500000000000004 76.51666666666668 1.6500000000000001 20.350000000000005 1.7857142857142858 17.950000000000003 975.95000000000016 21.933333333333319
decision_type=8 2 8 10 2 2 2 2 2 2 2 8 2 2 8 2 2 10 10 8 2 8 2 8 2 10 2 10
left_child=20 2 3 17 9 7 16 8 -6 10 12 -12 -3 18 -8 -15 -7 19 -11 -2 21 22 27 24 -24 -22 -25 -1
right_child=1 4 -4 -5 5 6 14 -9 -10 13 11 -13 -14 15 -16 -17 -18 -19 -20 -21 25 -23 23 26 -26 -27 -28 -29
leaf_value=-0.41575209640938299 0.28841318404132671 -0.10025322441145032 0.83102435758998316 -0.58014359354972844 -0.067360509844363065 -0.52485738727511189 0.66474104108481569 -0.58798157735304402 0.17112665416877798 -0.19460029648038846 -0.52736064721408082 0.2482529536820948 0.039329888528091279 -0.27427632984228245 -0.016627702986964813 0.16674464673012285 -0.14899472171521705 0.57946244653194179 -0.48365571828023213 -0.24133107478916643 -0.48585524612002906 0.15343485421994152 -0.15016140460968017 -0.3760063688651375 0.2157209034115076 -0.20562984352111816 -0.14121996589682317 -0.22087109225136894
leaf_weight=23 22 1092 31 24 362 98 29 33 1145 87 139 39 4158 82 130 143 92 31 146 20 27 34 23 23 20 25 33 21
leaf_count=23 22 1092 31 24 362 98 29 33 1145 87 139 39 4158 82 130 143 92 31 146 20 27 34 23 23 20 25 33 21
internal_value=-2.33614e-10 0.00502219 0.244688 0.0573027 0.00107656 0.0551215 -0.137615 0.0988001 0.113839 -0.0162681 -0.001762 -0.357423 0.0102966 -0.188188 0.107647 0.006017 -0.342861 0.266874 -0.375725 0.036154 -0.17332 -0.121082 -0.186352 -0.125734 0.0200164 -0.351131 -0.23765 -0.322741
internal_weight=8132 7903 128 97 7775 1889 349 1540 1507 5886 5428 178 5250 458 159 225 190 73 233 42 229 177 143 99 43 52 56 44
internal_count=8132 7903 128 97 7775 1889 349 1540 1507 5886 5428 178 5250 458 159 225 190 73 233 42 229 177 143 99 43 52 56 44
is_linear=0
shrinkage=0.03


Tree=199
num_leaves=31
num_cat=0
split_feature=1 1 19 18 23 11 68 57 12 57 0 44 62 43 17 18 64 17 18 33 64 62 55 18 44 18 0 46 47 57
split_gain=7752.69 13149.3 10007 13511.6 11602.3 9166.19 8813.5 8760.61 8400.17 17947.1 7050.39 9638.85 10687.6 8590.59 7614.71 11161.1 7239.81 6999.62 14703 13144.7 5674.33 5649.52 5306.43 3817.85 3759.34 3947.88 3675.05 2876.72 2712.63 2382.24
threshold=77.14626250000002 77.146786750000018 1.6541666666666668 6529.5000000000009 10283.990000000002 13.500000000000002 8.5000000000000018 377.64285714285717 6.7500000000000009 162.51428571428576 28.638037000000004 3.3550000000000004 4.1450000000000005 82.38333333333334 4002.5000000000005 6648.0000000000009 39.00500000000001 712.50000000000011 2939.0000000000005 241.50000000000003 54.955000000000005 10.250000000000002 62.507142857142867 6482.5000000000009 88.950000000000017 5606.5000000000009 28.632526500000001 25.021666666666665 35.970000000000006 60.107142857142868
decision_type=2 2 2 2 2 2 2 8 2 10 2 8 8 10 2 2 10 2 2 8 10 10 10 2 8 2 2 8 10 10
left_child=10 23 5 4 7 22 -7 -4 9 -5 11 -1 -13 16 15 17 -14 18 -12 -19 -6 -15 -3 24 25 29 -10 -8 -27 -2
right_child=1 2 3 8 20 6 27 -9 26 -11 14 12 13 21 -16 -17 -18 19 -20 -21 -22 -23 -24 -25 -26 28 -28 -29 -30 -31
leaf_value=-0.5852602541905183 0.19118956571817397 -0.38886172832413152 -0.013901145007725844 -0.12318937895962824 -0.16720736521940963 -0.92390699551655697 -0.071024064179509877 0.14461245728784533 0.27602972812606735 0.8709661529416387 -0.13098083157288401 0.56706454272927909 -0.19579148983137637 0.75706734859943392 -0.37507861095666883 0.79434680444853645 0.014662641997050471 0.10376093354509397 0.61619548191626861 -0.29855559986886343 -0.72697095036506654 0.08640460659713986 0.17198275316126491 0.21174761912226678 -0.56889601464271544 -0.2071798655875407 -0.021410908394239165 -0.52967415726184841 -0.54013325303792947 -0.15132219295281002
leaf_weight=26 20 22 4957 26 39 26 32 335 65 44 38 29 205 20 30 21 521 977 63 79 28 26 49 20 25 49 88 20 40 212
leaf_count=26 20 22 4957 26 39 26 32 335 65 44 38 29 205 20 30 21 521 977 63 79 28 26 49 20 25 49 88 20 40 212
internal_value=5.37956e-11 -0.0169228 -0.0057891 0.000687618 -0.00883357 -0.248427 -0.472921 -0.00386674 0.229495 0.501708 0.0507019 -0.016786 0.00166632 -0.0195727 0.0969044 0.108924 -0.0447631 0.0964837 0.33508 0.0736634 -0.401138 0.377997 -0.00180004 -0.19126 -0.214555 -0.186958 0.104953 -0.247428 -0.356822 -0.121795
internal_weight=8132 6097 5731 5582 5359 149 78 5292 223 70 2035 827 801 772 1208 1178 726 1157 101 1056 67 46 71 366 346 321 153 52 89 232
internal_count=8132 6097 5731 5582 5359 149 78 5292 223 70 2035 827 801 772 1208 1178 726 1157 101 1056 67 46 71 366 346 321 153 52 89 232
is_linear=0
shrinkage=0.03


Tree=200
num_leaves=25
num_cat=0
split_feature=15 17 15 19 13 13 36 36 16 13 15 8 15 12 26 21 17 42 1 28 17 8 36 46
split_gain=7599.18 16268.4 11616.5 10793.9 9581.67 9054.33 16655.2 18289.2 30718.1 13914.5 13347.3 21873.7 20466.2 19255.2 19047.4 18129.6 17439.7 7959.7 8130.86 7400.74 12712.4 3108.91 2262.44 1790.74
threshold=975.85000000000002 3347.5000000000005 971.95000000000016 25.835416666666671 355.50000000000006 297.50000000000006 373.50000000000006 346.50000000000006 14.850000000000003 303.50000000000006 986.6500000000002 26.550000000000004 987.80000000000007 3.6500000000000008 3.5000000000000004 69.000000000000014 3085.0000000000005 11.15 77.232522700000018 202.16666666666671 2735.0000000000005 29.850000000000005 93.500000000000014 14.6
decision_type=2 2 2 2 2 2 8 10 2 2 2 2 2 2 2 2 2 10 2 2 2 2 10 8
left_child=1 2 23 19 5 10 7 9 -9 -7 11 16 13 -12 -13 -14 -2 -8 -19 20 -4 -5 -23 -1
right_child=4 -3 3 21 -6 6 17 8 -10 -11 12 14 15 -15 -16 -17 -18 18 -20 -21 -22 22 -24 -25
leaf_value=0.18607923030853271 -0.12398106352297314 0.76647795094549653 -0.16026257959582879 0.47936826395988463 0.51293655683450834 -0.16687351225714925 -0.82565046787261964 1.3292392457049824 -0.27834466588497164 0.025475222018669034 -0.10267990511475188 0.41654917615269299 0.20532582159816179 0.37241868840269088 0.011317485046013058 -0.015710556144097842 -0.78445845731387009 -0.45239248275756838 0.19652410508394241 0.23918845060624572 -0.72434074670076365 -0.0083529485713738898 0.33072538694609765 0.53127245451722827
leaf_weight=38 677 20 669 20 34 540 30 23 20 907 99 109 441 342 2470 1376 38 57 25 38 38 77 23 21
leaf_count=38 677 20 669 20 34 540 30 23 20 907 99 109 441 342 2470 1376 38 57 25 38 38 77 23 21
internal_value=-8.31108e-11 -0.0800247 -0.0983472 -0.126128 0.0105096 0.00812181 -0.0547084 -0.028188 0.581526 -0.0463066 0.0262511 -0.0122606 0.0824326 0.265764 0.0284444 0.0379367 -0.159083 -0.407525 -0.254552 -0.16866 -0.190581 0.137924 0.0696351 0.308945
internal_weight=8132 944 924 865 7188 7154 1602 1490 43 1447 5552 3294 2258 441 2579 1817 715 112 82 745 707 120 100 59
internal_count=8132 944 924 865 7188 7154 1602 1490 43 1447 5552 3294 2258 441 2579 1817 715 112 82 745 707 120 100 59
is_linear=0
shrinkage=0.03


Tree=201
num_leaves=30
num_cat=0
split_feature=1 1 38 32 25 41 48 13 19 65 37 65 64 18 18 35 22 17 31 24 40 63 54 12 24 54 40 15 35
split_gain=7583.29 11788.5 8904.88 8771.72 8956.67 12268.9 11551.9 14127.1 10662.6 9499.93 7385.38 13305.5 7999.94 7489.12 8363 7347.9 12172.2 7124.8 6828.21 8368.52 7940.39 6621.94 5868.69 7522.83 6292.86 5092.81 4681.76 3818.29 3100.38
threshold=77.188546500000015 77.309166200000007 111.50000000000001 376.50000000000006 5.5000000000000009 112.50000000000001 137.70000000000002 295.50000000000006 25.985416666666669 156.40000000000001 248.83333333333334 64.23642857142859 56.45000000000001 3425.5000000000005 2880.5000000000005 276.50000000000006 406.00000000000006 682.50000000000011 1607.7050000000004 369.0750000000001 72.750000000000014 12.479999999999999 252.50000000000003 3.9500000000000006 0.69500000000000017 94.250000000000014 27.116666666666678 979.6500000000002 373.50000000000006
decision_type=2 2 10 10 2 10 10 2 2 10 8 8 10 2 2 10 2 2 2 2 10 10 8 2 2 8 10 2 10
left_child=2 10 3 4 5 8 7 -6 -1 -8 13 12 25 14 27 17 -17 -15 19 -13 -20 -3 23 -23 -25 -12 -16 -2 -4
right_child=1 21 28 -5 6 -7 9 -9 -10 -11 11 18 -14 15 26 16 -18 -19 20 -21 -22 22 -24 24 -26 -27 -28 -29 -30
leaf_value=0.042772440733588782 0.19722133159637451 0.5874578610750345 -0.66863398741398528 0.65697144770622251 0.03443076240632878 -0.54041018949821584 -0.89742698881361227 -0.33245411952472281 0.42746036874977023 -0.034779121756553649 -0.01976085431196473 0.023737415660576647 -0.91047770784451409 0.48576059305149577 0.053477210578322408 -0.92694984522732815 0.095644293319433929 -0.044863109509285924 -0.036485783280256916 -0.2578615416072913 0.54943656516075134 0.58966305373043848 -0.31001934885606169 0.53907686147689815 0.041795598224296668 -0.51042489874362951 0.41776230386105073 -0.14313853894719983 -0.14672317206859589
leaf_weight=3712 42 26 21 20 458 32 27 119 66 20 33 166 26 23 50 22 20 2319 68 222 30 29 30 25 273 45 87 101 20
leaf_count=3712 42 26 21 20 458 32 27 119 66 20 33 166 26 23 50 22 20 2319 68 222 30 29 30 25 273 45 87 101 20
internal_value=5.46974e-12 -0.0322066 0.026059 0.0301103 0.0272827 0.0445382 -0.0780751 -0.0412353 0.0494928 -0.530343 -0.0507363 -0.146774 -0.454747 -0.0294668 0.117305 -0.0467051 -0.44 -0.039652 -0.0808699 -0.137384 0.142878 0.125224 0.0915596 0.128402 0.0835138 -0.302836 0.284812 -0.0431727 -0.414043
internal_weight=8132 3637 4495 4454 4434 3810 624 577 3778 47 3254 590 104 2664 280 2384 42 2342 486 388 98 383 357 327 298 78 137 143 41
internal_count=8132 3637 4495 4454 4434 3810 624 577 3778 47 3254 590 104 2664 280 2384 42 2342 486 388 98 383 357 327 298 78 137 143 41
is_linear=0
shrinkage=0.03


Tree=202
num_leaves=25
num_cat=0
split_feature=15 17 15 19 13 13 36 36 7 13 15 8 17 26 24 31 68 42 1 28 17 36 41 22
split_gain=7371.74 15342.9 10971.5 9850.51 8981.49 8333.64 15757.9 17145.1 29532.4 12982.3 12693.8 20442.6 19399.3 17975.5 17663.5 17509.1 11562.6 7487.17 7667.85 6962.17 11937.5 2847.02 1719.95 1383.84
threshold=975.85000000000002 3347.5000000000005 971.95000000000016 25.835416666666671 355.50000000000006 297.50000000000006 373.50000000000006 346.50000000000006 21.700000000000003 303.50000000000006 986.6500000000002 26.550000000000004 2577.5000000000005 3.5000000000000004 2.3250000000000006 1862.0264285714291 4.5000000000000009 11.15 77.232522700000018 202.16666666666671 2735.0000000000005 91.250000000000014 18.750000000000004 44.000000000000007
decision_type=2 2 2 2 2 2 8 10 2 2 2 2 2 2 2 2 2 10 2 2 2 10 10 2
left_child=1 2 22 19 5 10 7 9 -9 -7 11 14 15 -13 -2 -12 -14 -8 -19 20 -4 23 -1 -5
right_child=4 -3 3 21 -6 6 17 8 -10 -11 12 13 16 -15 -16 -17 -18 18 -20 -21 -22 -23 -24 -25
leaf_value=0.50185810555582455 0.39566120439570163 0.74325352916121479 -0.15612283963534665 -0.044033649261109524 0.49678796560448762 -0.16044331718153423 -0.80094374108314514 1.3686003678185599 -0.20423814930699088 0.025350463318555328 0.030878491407254485 0.40425231912814152 1.0996568853727409 0.010588008730857057 -0.19450856492955337 0.31114257703402215 0.31870045695658566 -0.4391812777950575 0.1909884142756462 0.23133816003799437 -0.70274037150960211 0.35184977223475777 0.16974231570959092 0.22550588433630764
leaf_weight=23 49 20 669 60 34 540 30 21 22 907 1922 109 21 2470 666 224 91 57 25 38 38 36 36 24
leaf_count=23 49 20 669 60 34 540 30 21 22 907 1922 109 21 2470 666 224 91 57 25 38 38 36 36 24
internal_value=-3.38891e-10 -0.078818 -0.0966118 -0.12361 0.0103512 0.00803934 -0.0522385 -0.0264424 0.563892 -0.0439852 0.0254322 -0.0121249 0.080221 0.027226 -0.154063 0.0601325 0.46513 -0.395419 -0.247056 -0.164241 -0.185503 0.128639 0.299211 0.0329776
internal_weight=8132 944 924 865 7188 7154 1602 1490 43 1447 5552 3294 2258 2579 715 2146 112 112 82 745 707 120 59 84
internal_count=8132 944 924 865 7188 7154 1602 1490 43 1447 5552 3294 2258 2579 715 2146 112 112 82 745 707 120 59 84
is_linear=0
shrinkage=0.03


Tree=203
num_leaves=31
num_cat=0
split_feature=0 0 16 8 5 40 15 51 32 20 5 1 5 15 9 15 17 21 22 22 22 33 63 9 24 58 13 43 62 58
split_gain=7272.69 16602.6 19267.1 14028 16310.4 11716.3 10284.6 9524.05 13166.3 11505.3 9741.87 8495.11 8355.73 7810.87 16462.5 7660.52 6570.48 6142.28 8801.85 16191.2 15953.7 6438.01 6035.99 5823.79 5539.59 5497.07 10475.2 6484.27 5253.41 1156.04
threshold=28.682925800000003 28.712721700000003 10.15 35.750000000000007 948.00000000000011 101.53333333333335 995.95000000000016 438.27000000000004 142.50000000000003 7362.7500000000009 118.50000000000001 77.309166200000007 143.00000000000003 987.25000000000011 27.150000000000002 992.6500000000002 1880.0000000000002 2024.5000000000002 356.00000000000006 311.50000000000006 432.50000000000006 61.550000000000004 12.479999999999999 39.95000000000001 176.48500000000004 42.350000000000001 260.50000000000006 15.094999999999997 12.44676258992806 32.550000000000004
decision_type=2 2 2 2 2 10 2 2 8 2 2 2 2 2 2 2 2 2 2 2 2 10 10 2 2 8 2 10 8 10
left_child=6 2 -2 4 5 -4 11 8 13 15 -9 17 -12 23 -15 -10 -14 18 19 -1 -20 -19 -13 -3 -8 26 -24 -27 -23 -26
right_child=1 7 3 -5 -6 -7 24 10 9 -11 12 22 16 14 -16 -17 -18 21 20 -21 -22 28 25 -25 29 27 -28 -29 -30 -31
leaf_value=-0.031631498392121871 0.80103741506735482 -0.15227536884938109 0.11292424932372337 0.77292861877216223 -0.5762340559742668 -0.61957172191143028 0.65849493852977092 0.62524162381887438 0.079401274661760071 -0.9009224550426006 -0.49309770245914869 0.5879933906638104 0.33305046304837976 -0.11306270302188666 0.66436354645169693 -0.56569773650169375 -0.097300028405228597 0.11234342200415474 0.43976994573128853 -0.41913657518950376 0.014412628063522434 -0.86915309088570725 0.012901804501360113 0.24302176279393403 0.29679267834126949 -0.1778992991754324 0.59535775847267358 0.13748180261147874 -0.21286488579667132 -0.0092121483519673353
leaf_weight=4910 36 359 1132 27 33 20 29 30 37 32 23 23 67 66 39 30 61 21 95 99 482 21 66 37 20 101 48 140 23 25
leaf_count=4910 36 359 1132 27 33 20 29 30 37 32 23 23 67 66 39 30 61 21 95 99 482 21 66 37 20 101 48 140 23 25
internal_value=6.0018e-11 0.049204 0.117091 0.0967757 0.0813697 0.100207 -0.0163583 -0.059276 -0.116816 -0.432956 0.131465 -0.0206729 0.0333631 -0.0543453 0.175696 -0.209449 0.127962 -0.029883 -0.0265092 -0.0392903 0.0844455 -0.319829 0.117016 -0.115341 0.335161 0.0865023 0.258146 0.00530964 -0.526093 0.12679
internal_weight=8132 2029 1248 1212 1185 1152 6103 781 600 99 181 6029 151 501 105 67 128 5651 5586 5009 577 65 378 396 74 355 114 241 44 45
internal_count=8132 2029 1248 1212 1185 1152 6103 781 600 99 181 6029 151 501 105 67 128 5651 5586 5009 577 65 378 396 74 355 114 241 44 45
is_linear=0
shrinkage=0.03


Tree=204
num_leaves=27
num_cat=0
split_feature=38 7 47 1 45 13 53 25 17 8 11 13 17 16 36 35 13 45 44 44 16 24 44 40 68 25
split_gain=7168.6 8379.24 7629.42 11531 13946.7 11484 11160.5 9521.87 9284.17 22453.5 12844.2 13137.1 11895.3 11093.6 7835.24 9437.94 15814 7660.88 7697.08 7509.93 8498.58 6723.08 6692.73 3757.94 3588.52 2609.03
threshold=115.50000000000001 11.385000000000002 121.05000000000001 77.100837000000013 3.0750000000000006 90.500000000000014 67747.950000000012 5.5000000000000009 1612.5000000000002 18.950000000000003 48.500000000000007 292.50000000000006 1062.5000000000002 19.450000000000003 441.50000000000006 436.50000000000006 285.50000000000006 103.50000000000001 97.15000000000002 9.5050000000000008 20.750000000000004 705.74000000000012 35.960215827338139 73.183333333333351 9.5000000000000018 2.5000000000000004
decision_type=10 2 8 2 10 2 2 2 2 2 2 2 2 2 10 10 2 10 10 10 2 2 10 10 2 2
left_child=2 -2 3 4 -1 21 -7 8 10 -10 11 -4 -12 -11 15 22 -17 18 23 -16 -21 -6 -5 -9 -3 -26
right_child=1 24 7 14 5 6 -8 17 9 13 12 -13 -14 -15 19 16 -18 -19 -20 20 -22 -23 -24 -25 25 -27
leaf_value=0.88901877316832545 -0.69490777373313906 0.25963476875424385 0.69773797696950479 -0.017189160554518131 -0.51099151619645056 -0.3286964002928951 0.17000114500022878 -0.041048776848718174 1.101015000032342 0.24489811016095064 0.11620805846328998 -0.14738223552703858 -0.095122699811840128 -0.041687442650027731 0.66949639210334189 -0.99980691373348229 0.041251692196418492 0.34478425270318985 -0.65112996486803654 0.25472535420209169 -0.45375716905295849 0.14387295552662441 -0.13252929019844364 -0.34898128007849055 0.028550519687788826 -0.42103592096039877
leaf_weight=20 28 20 49 4888 43 44 492 172 23 344 444 25 521 188 26 24 29 30 26 64 20 21 499 45 21 26
leaf_count=20 28 20 49 4888 43 44 492 172 23 344 444 25 521 188 26 24 29 30 26 64 20 21 499 45 21 26
internal_value=-2.39011e-10 -0.259075 0.00306235 -0.0130163 0.109689 0.083711 0.129063 0.0561986 0.0842366 0.183299 0.0313206 0.412224 0.00211135 0.143624 -0.0267239 -0.0317926 -0.430171 -0.107511 -0.163349 0.223947 0.086039 -0.296114 -0.0278732 -0.104906 -0.0769355 -0.220157
internal_weight=8132 95 8037 6170 620 600 536 1867 1594 555 1039 74 965 532 5550 5440 53 273 243 110 84 64 5387 217 67 47
internal_count=8132 95 8037 6170 620 600 536 1867 1594 555 1039 74 965 532 5550 5440 53 273 243 110 84 64 5387 217 67 47
is_linear=0
shrinkage=0.03


Tree=205
num_leaves=31
num_cat=0
split_feature=19 19 14 35 16 12 9 8 16 9 16 11 5 53 57 31 9 28 19 23 41 37 34 22 25 44 35 53 37 36
split_gain=6889.12 13262.5 11163.2 10141.4 8826.1 13838.7 22664.5 15686 13779.9 32076.3 28006.3 10253.6 27067.1 20793 15509.9 9329.38 12802.3 8003.97 4680.72 4867.99 4349.24 3777.57 3674 3662.25 3407.12 3088 2052.55 1997.85 1318.22 607.681
threshold=25.908333333333339 25.377083333333335 12.750000000000002 107.50000000000001 19.450000000000003 6.2500000000000009 19.100000000000005 16.950000000000003 14.750000000000002 30.750000000000004 14.550000000000002 53.500000000000007 16.500000000000004 116343.8 141.0071428571429 279.06999999999988 32.45000000000001 22.500000000000004 25.450000000000006 12.485000000000001 18.550000000000004 91.283333333333346 20.433333333333334 2.5000000000000004 5.5000000000000009 14.15 145.50000000000003 194899.75000000003 66.616666666666688 83.250000000000014
decision_type=2 2 2 10 2 2 2 2 2 2 2 2 2 2 10 2 2 2 2 2 8 10 10 2 2 10 10 2 10 10
left_child=1 4 21 18 5 8 25 -8 10 -10 -1 15 14 -14 -13 17 -17 -6 -3 22 -5 28 -20 26 -21 -7 -22 -25 -2 -30
right_child=2 3 -4 20 11 6 7 -9 9 -11 -12 12 13 -15 -16 16 -18 -19 19 24 23 -23 -24 27 -26 -27 -28 -29 29 -31
leaf_value=0.019839941889533887 -0.15123901943676174 -0.38870738813281058 0.63345301045821256 -0.045261196231842035 0.28773275516142971 -0.62943446672879733 0.45595692412442518 0.097204999087408941 -0.36776191938948888 -0.0012721633636213552 0.5955583437183235 -0.053094368410534436 -0.054652939855675153 -0.43316230882996132 0.30302013529145477 0.28140751936738351 0.010116506687301437 -0.17503429574567708 0.36855033264628473 -0.24913139762341974 -0.49798164978050274 0.35568141019344329 -5.543468820471917e-05 -0.11077776953577995 0.041827143627931093 -0.17093491740524769 -0.89674957871437078 -0.51676178008317941 0.12630271703567961 -0.073858538568019869
leaf_weight=2034 44 40 39 25 38 39 119 1402 279 936 79 478 237 291 143 193 829 293 28 125 26 30 186 24 51 20 21 20 43 20
leaf_count=2034 44 40 39 25 38 39 119 1402 279 936 79 478 237 291 143 193 829 293 28 125 26 30 186 24 51 20 21 20 43 20
internal_value=1.10941e-11 -0.00410689 0.18565 -0.146799 0.00640725 0.0297842 0.102895 0.125273 -0.00492571 -0.0854291 0.0413647 -0.0394497 -0.105353 -0.263263 0.0289095 0.0165167 0.0613486 -0.121907 -0.0796452 -0.0479465 -0.39573 0.0581735 0.0481734 -0.492013 -0.16482 -0.474011 -0.676155 -0.295316 -0.0252399 0.0627595
internal_weight=8132 7956 176 546 7410 4908 1580 1521 3328 1215 2113 2502 1149 528 621 1353 1022 331 430 390 116 137 214 91 176 59 47 44 107 63
internal_count=8132 7956 176 546 7410 4908 1580 1521 3328 1215 2113 2502 1149 528 621 1353 1022 331 430 390 116 137 214 91 176 59 47 44 107 63
is_linear=0
shrinkage=0.03


Tree=206
num_leaves=31
num_cat=0
split_feature=1 1 19 18 21 5 11 68 12 55 48 17 40 39 47 64 61 58 48 38 17 20 28 21 44 36 55 61 31 28
split_gain=6860.6 12168.1 8847.19 12559.4 12533.6 10631.1 8130.22 8232.79 7589.7 12783.2 6885.19 13047.8 7635.98 10197.7 9877.36 14752.4 8866.73 7930.85 7529.53 6777.4 6564.38 14093.3 6001.86 5758.19 6081.26 5496.79 4892.86 4456.45 4102.77 3967.12
threshold=77.14626250000002 77.146786750000018 1.6541666666666668 6529.5000000000009 1479.5000000000002 1727.0000000000002 13.500000000000002 8.5000000000000018 6.7500000000000009 68.614285714285728 133.56395683453241 697.50000000000011 44.116666666666681 41.050000000000004 69.350000000000023 39.00500000000001 31.678571428571431 11.450000000000001 149.46640287769787 44.050000000000004 660.00000000000011 3869.5000000000005 41.500000000000007 102.50000000000001 107.50000000000001 227.50000000000003 62.507142857142867 29.69285714285715 457.89428571428567 122.00000000000001
decision_type=2 2 2 2 2 2 2 2 2 10 8 2 10 10 10 8 10 8 8 10 2 2 2 2 8 10 10 10 2 2
left_child=10 -2 6 4 5 -4 26 -8 9 -5 12 -12 14 -14 17 -16 -17 22 27 -19 -15 -22 -1 24 -20 -6 -3 -13 -25 -10
right_child=1 2 3 8 25 -7 7 -9 29 -11 11 18 13 20 15 16 -18 19 23 -21 21 -23 -24 28 -26 -27 -28 -29 -30 -31
leaf_value=-0.038535306453704829 -0.18362559871503809 -0.37275393900884823 -0.0056683508435736362 -0.0018144314967352766 -0.22301979565414887 0.59115049044291179 -0.88065657624831561 -0.22684349162647355 0.30700972480631689 0.82118278524861099 0.5825327859754148 -0.72718213236757678 0.6876185568301908 -0.36776884503986523 -0.90685541833224503 0.085470550219927513 -0.50818071334592763 0.09016069450889902 -0.41839981357211414 -0.33470726356336045 0.8601662185415625 0.11587650586278683 -0.67823656553571865 0.38150010205564955 0.18171409611191067 -0.7710954871384994 0.16579158231920124 -0.22254943192005155 -0.044759749083195702 -0.011344342318420507
leaf_weight=33 366 22 5251 29 58 27 26 52 55 41 23 28 31 23 23 84 31 978 55 35 24 498 22 31 21 23 49 36 59 98
leaf_count=33 366 22 5251 29 58 27 26 52 55 41 23 28 31 23 23 84 31 978 55 35 24 498 22 31 21 23 49 36 59 98
internal_value=-2.71347e-10 -0.0159194 -0.00520919 0.000880665 -0.0082989 -0.00261528 -0.233354 -0.444781 0.221478 0.480227 0.0476957 -0.0987547 0.0684881 0.158347 0.0255703 -0.213274 -0.0745572 0.0564321 -0.166883 0.0754812 0.128242 0.150097 -0.294416 -0.0603031 -0.252579 -0.378646 -0.00108168 -0.443326 0.102063 0.103097
internal_weight=8132 6097 5731 5582 5359 5278 149 78 223 70 2035 253 1782 576 1206 138 115 1068 230 1013 545 522 55 166 76 81 71 64 90 153
internal_count=8132 6097 5731 5582 5359 5278 149 78 223 70 2035 253 1782 576 1206 138 115 1068 230 1013 545 522 55 166 76 81 71 64 90 153
is_linear=0
shrinkage=0.03


Tree=207
num_leaves=29
num_cat=0
split_feature=35 12 12 24 24 24 31 34 24 8 1 18 8 21 22 24 54 68 41 57 21 47 14 33 29 33 15 36
split_gain=6895.5 7653.54 7079.21 6836.74 16591.4 15173.4 22791.2 17943.8 16934.7 15736.8 14777.3 12418.6 17333.1 13047.7 10125.5 9882.4 6843.58 6520.22 6717.33 5751.05 2127.02 3206.2 1301.19 1637.62 1454.67 1061.35 765.864 545.156
threshold=38.150000000000013 2.5000000000000004 2.3500000000000001 767.70500000000004 912.13000000000011 614.28000000000009 823.85714285714278 219.8333333333334 524.57500000000016 26.650000000000002 77.188546500000015 6264.5000000000009 35.250000000000007 2024.5000000000002 96.500000000000014 861.12000000000012 196.50000000000003 18.500000000000004 34.45000000000001 164.87142857142859 26.500000000000004 76.540000000000006 1.6500000000000001 20.350000000000005 1.7857142857142858 17.950000000000003 975.95000000000016 43.650000000000013
decision_type=8 2 2 2 2 2 2 8 2 2 2 2 2 2 2 2 10 2 10 10 2 8 2 8 2 10 2 10
left_child=20 2 17 5 10 6 8 -8 -3 16 15 13 -13 -6 -11 -5 -7 18 -2 -12 21 22 27 24 -24 -22 -25 -1
right_child=1 3 -4 4 11 9 7 -9 -10 14 19 12 -14 -15 -16 -17 -18 -19 -20 -21 25 -23 23 26 -26 -27 -28 -29
leaf_value=-0.40804666996002198 0.72732286886735387 -0.0030043144772256727 0.77906522879004481 0.28673860455336775 0.075666725491365924 -0.43458933429612268 -0.49378081751920333 0.23441662825070894 0.21766570196425664 -0.26686851575243764 -0.17886299456249583 -0.26560257750115995 0.24077080626692621 -0.52848460590974855 0.15129443188093705 0.83746191394679681 -0.029421018628363913 -0.24827652053833005 -0.022800762653350827 0.28129271787675941 -0.46138900862799748 0.1444515393184764 -0.13928654248299807 -0.35575082799662711 0.21054472886770964 -0.19012014026641846 -0.12879591587930916 -0.19597274494171144
leaf_weight=24 22 4976 20 69 1283 186 139 39 334 82 55 254 80 33 143 51 47 25 21 44 27 35 23 23 20 25 32 20
leaf_count=24 22 4976 20 69 1283 186 139 39 334 82 55 254 80 33 143 51 47 25 21 44 27 35 23 23 20 25 32 20
internal_value=1.60203e-10 0.00470248 0.282917 0.00156968 0.051618 -0.0141619 -0.000317494 -0.334232 0.0108759 -0.180054 0.296963 0.019054 -0.144316 0.060517 -0.00110273 0.520796 -0.35286 0.136991 0.360983 0.0256507 -0.162287 -0.11273 -0.17612 -0.11527 0.0234257 -0.330971 -0.223704 -0.311649
internal_weight=8132 7903 88 7815 1869 5946 5488 178 5310 458 219 1650 334 1316 225 120 233 68 43 99 229 177 142 98 43 52 55 44
internal_count=8132 7903 88 7815 1869 5946 5488 178 5310 458 219 1650 334 1316 225 120 233 68 43 99 229 177 142 98 43 52 55 44
is_linear=0
shrinkage=0.03


Tree=208
num_leaves=17
num_cat=0
split_feature=38 39 30 21 23 21 60 33 24 39 43 61 37 62 35 58
split_gain=6680.47 7867.17 7227.91 19486 17434.5 18830.3 9716.18 6755.95 6739.65 6076.61 6003.32 2712.99 2421.62 2307.24 3955.31 2190.01
threshold=115.50000000000001 103.50000000000001 13973.853333333334 1479.5000000000002 4680.6650000000018 771.00000000000011 33.45000000000001 151.50000000000003 2333.5800000000004 71.750000000000014 25.400000000000009 23.461428571428574 160.65000000000003 12.44676258992806 153.50000000000003 111.50000000000001
decision_type=10 10 2 2 2 2 10 10 2 8 10 10 10 8 10 10
left_child=2 -2 3 4 5 8 -4 9 -1 -6 -5 15 -7 14 -12 -3
right_child=1 11 6 10 7 12 -8 -9 -10 -11 13 -13 -14 -15 -16 -17
leaf_value=-0.0043438579983472508 -0.68335138453377609 -0.41392350325117938 0.87186382842063892 -0.88082877142088756 0.34759000126804623 -0.41660856744647023 0.054950160984145971 0.80527612079273558 0.11670815159017241 -0.1304297257863706 -0.16554140628738837 0.20541353557791028 -0.883455363035202 -0.091551537694675583 -0.74846227240562435 -0.0042635409533977502
leaf_weight=7251 27 23 20 21 105 20 38 22 439 31 22 21 20 28 20 24
leaf_count=7251 27 23 20 21 105 20 38 22 439 31 22 21 20 28 20 24
internal_value=-9.4098e-11 -0.250099 0.00295625 0.000530641 0.00556618 -0.000810312 0.336645 0.31753 0.00256665 0.23863 -0.435956 -0.0780718 -0.650032 -0.302494 -0.443123 -0.204735
internal_weight=8132 95 8037 7979 7888 7730 58 158 7690 136 91 68 40 70 42 47
internal_count=8132 95 8037 7979 7888 7730 58 158 7690 136 91 68 40 70 42 47
is_linear=0
shrinkage=0.03


Tree=209
num_leaves=23
num_cat=0
split_feature=16 32 5 60 26 29 56 13 18 68 13 53 12 53 44 19 7 60 48 5 55 47
split_gain=6517.04 9420.1 8303.55 6749.96 11196.9 13605.2 13067.8 10776.8 9777.82 7424.27 8164.05 7421.38 13686.6 12699.3 7062.16 6490.93 5267.48 4619.16 4123.68 6927.86 4926.59 609.031
threshold=29.850000000000005 418.50000000000006 233.50000000000003 12.250000000000002 7.5000000000000009 340.71428571428578 209.50000000000003 298.50000000000006 4905.5000000000009 23.500000000000004 143.50000000000003 72846.10000000002 3.9500000000000006 76715.950000000012 37.424136690647494 17.547916666666669 21.220000000000002 11.925000000000002 79.65000000000002 28.500000000000004 70.435714285714297 31.405000000000005
decision_type=2 8 2 10 2 2 10 2 2 2 2 2 2 2 10 2 2 8 8 2 10 10
left_child=1 3 17 4 6 8 14 -8 -6 11 15 12 -5 -13 -1 -11 -12 -2 20 -20 21 -19
right_child=2 -3 -4 9 5 -7 7 -9 -10 10 16 13 -14 -15 -16 -17 -18 18 19 -21 -22 -23
leaf_value=-0.074250389805492534 -0.68081387954950334 0.57408373677959801 0.3941937707215547 0.26137127199998267 0.01524744694043138 0.76339449059578679 0.24360923553713493 -0.1169222018867731 0.24983448443927875 0.36314827104894126 -0.11034035410199847 0.41500176587525534 -0.16709718115167924 0.0025162117395901551 -0.39455498763493124 -0.093872943957420907 -0.39114022305996521 -0.32935416972293746 -0.071517469991118673 -0.72252618159566606 0.28875433867940531 -0.11978204961006457
leaf_weight=317 20 26 20 78 358 31 216 114 289 41 126 68 480 5533 77 88 115 24 31 28 26 26
leaf_count=317 20 26 20 78 358 31 216 114 289 41 126 68 480 5533 77 88 115 24 31 28 26 26
internal_value=-1.3497e-10 0.00398283 -0.181094 0.00211388 0.061839 0.149448 -0.0202039 0.119062 0.120032 -0.0107112 -0.141232 -0.00287017 -0.107204 0.00752407 -0.136848 0.0513819 -0.244332 -0.255324 -0.192289 -0.380471 -0.0462003 -0.220377
internal_weight=8132 7957 175 7931 1402 678 724 330 647 6529 370 6159 558 5601 394 129 241 155 135 59 76 50
internal_count=8132 7957 175 7931 1402 678 724 330 647 6529 370 6159 558 5601 394 129 241 155 135 59 76 50
is_linear=0
shrinkage=0.03


Tree=210
num_leaves=29
num_cat=0
split_feature=19 19 14 35 35 30 20 10 20 19 5 41 54 9 8 22 43 19 64 57 9 32 57 49 57 59 49 57
split_gain=6473.79 12314.5 10486.5 9626.27 7496.48 9271.78 8845.87 46508.6 21075.1 4391.81 4372.42 4102.64 4137.75 3770.58 4614.09 3606.07 3298.71 3034.19 2655.89 3213.24 2587.58 2489.15 2236.7 2224.69 1534.75 1062.54 259.222 192.954
threshold=25.908333333333339 25.377083333333335 12.750000000000002 107.50000000000001 47.100000000000009 1.7766666666667417 9486.2500000000018 10.750000000000002 8922.7500000000018 25.450000000000006 90.500000000000014 18.550000000000004 38.45000000000001 32.850000000000001 30.950000000000003 1.0000000180025095e-35 17.740000000000006 22.925000000000008 46.520000000000003 67.157142857142887 31.850000000000005 45.150000000000013 125.77142857142859 76.51666666666668 92.464285714285737 24.421428571428574 31.371666666666666 66.392857142857153
decision_type=2 2 2 10 8 2 2 2 2 2 2 8 10 2 2 2 8 2 10 10 2 10 10 8 10 10 10 10
left_child=1 4 15 9 10 18 8 -8 -7 27 17 -5 22 20 -15 -2 -17 25 19 -6 -11 -14 -13 -19 26 -1 -18 -3
right_child=2 3 -4 11 5 6 7 -9 -10 13 -12 12 21 14 -16 16 24 23 -20 -21 -22 -23 -24 -25 -26 -27 -28 -29
leaf_value=-0.44908334362506863 0.3003970682219817 -0.44131454837322237 0.61398522954720713 -0.043616959476470943 0.12539612133876754 0.024672158988227614 1.4183287218511105 -0.032257641601282472 0.35702553040706192 -0.081148698477141831 0.24826416271273047 -0.47386138833314179 -0.064993528697801672 -0.22852363899984257 0.10445810353492989 -0.33032145841763566 0.059394512708697993 -0.16779055888600208 -0.012468188032507896 0.42046744964624705 0.13864379287187173 -0.48969751265313882 -0.91715570160320825 0.073748594830895575 0.28724883593944833 -0.19976700872182845 -0.077116833934860837 -0.30953495836257933
leaf_weight=40 39 20 39 25 59 3039 20 3700 182 83 24 20 23 141 51 26 21 170 32 76 115 27 21 43 20 25 31 20
leaf_count=40 39 20 39 25 59 3039 20 3700 182 83 24 20 23 141 51 26 21 170 32 76 115 27 21 43 20 25 31 20
internal_value=-1.07235e-10 -0.00398117 0.179967 -0.141479 0.00615023 0.0123699 0.00705527 -0.0244588 0.0434515 -0.0760529 -0.14024 -0.384005 -0.477518 -0.0453481 -0.140075 0.0564144 -0.0406808 -0.17378 0.233263 0.29151 0.0465086 -0.294334 -0.700915 -0.119029 0.0639117 -0.353192 -0.0219873 -0.375425
internal_weight=8132 7956 176 546 7410 7108 6941 3720 3221 430 302 116 91 390 192 137 98 278 167 135 198 50 41 213 72 65 52 40
internal_count=8132 7956 176 546 7410 7108 6941 3720 3221 430 302 116 91 390 192 137 98 278 167 135 198 50 41 213 72 65 52 40
is_linear=0
shrinkage=0.03


Tree=211
num_leaves=28
num_cat=0
split_feature=35 12 12 30 24 30 57 24 24 24 68 41 12 6 12 18 42 35 55 33 28 16 23 39 54 20 65
split_gain=6191.13 7143.05 6687.72 6551.77 11927.7 10476.6 7881.2 6547.31 15662.2 15164.3 6122.98 6286.14 4782.36 3853.07 2788.01 2630.63 2427.92 2007.38 1515.98 1473.85 1244.91 2374.48 1397.53 1305.89 2267.09 483.225 431.883
threshold=38.150000000000013 2.5000000000000004 2.3500000000000001 1.7766666666667417 2.3250000000000006 2.9983333333334086 67.157142857142887 767.70500000000004 912.13000000000011 614.28000000000009 18.500000000000004 34.45000000000001 7.4500000000000011 1.1700000000000002 7.9500000000000011 5282.5000000000009 36.050000000000004 19.550000000000001 30.534285714285719 28.750000000000004 16.833333333333339 22.200000000000006 2.3250000000000006 18.150000000000002 28.550000000000004 9265.5000000000018 47.607060637204533
decision_type=8 2 2 2 2 2 10 2 2 2 2 10 2 2 2 2 10 10 10 10 2 2 2 10 10 2 8
left_child=17 2 10 4 6 14 15 9 -9 -7 11 -2 18 -8 19 -3 -14 -1 -6 -5 22 -22 23 24 -19 -25 -16
right_child=1 3 -4 5 12 7 13 8 -10 -11 -12 -13 16 -15 26 -17 -18 20 -20 -21 21 -23 -24 25 -26 -27 -28
leaf_value=-0.36288978093011037 0.70284675381400363 -0.093158960175864836 0.75546640348434446 -0.28168746509722298 -0.13939585439129065 -0.0015913842774888263 0.70598432910442355 0.28725560840831632 0.017240767374431545 -0.18629809828758376 -0.24194895556122062 -0.022802080426897322 -0.040630088177594274 0.27536953022936356 -0.064026154673868615 0.23713463176041841 0.3514359400953565 -0.19522327797753469 -0.45445265379216937 -0.5843250513076782 0.26615462645888327 -0.15874788562799322 -0.34649780365927468 -0.23400036721879783 0.25107232788205147 -0.061801479175686826 -0.24283696246147157
leaf_weight=35 22 34 20 28 28 5112 45 219 1650 434 25 21 44 32 31 60 21 21 27 30 20 29 29 55 20 20 20
leaf_count=35 22 34 20 28 28 5112 45 219 1650 434 25 21 44 32 31 60 21 21 27 30 20 29 29 55 20 20 20
internal_value=4.016e-10 0.00445584 0.273232 0.00142931 0.141103 -0.00397273 0.301999 0.000319314 0.0488797 -0.0160455 0.131398 0.34846 -0.088174 0.527028 -0.29595 0.117667 0.0860374 -0.153775 -0.29406 -0.438224 -0.116048 0.0146817 -0.160226 -0.113658 0.0224819 -0.188081 -0.134148
internal_weight=8132 7903 88 7815 291 7524 171 7415 1869 5546 68 43 120 77 109 94 65 229 55 58 194 49 145 116 41 75 51
internal_count=8132 7903 88 7815 291 7524 171 7415 1869 5546 68 43 120 77 109 94 65 229 55 58 194 49 145 116 41 75 51
is_linear=0
shrinkage=0.03


Tree=212
num_leaves=31
num_cat=0
split_feature=1 1 1 1 10 9 57 18 32 33 53 9 15 9 36 22 33 43 37 16 16 16 42 17 33 18 18 48 17 40
split_gain=6387.22 9980.96 8054.28 13519.4 13293.5 35896.4 11215.4 15993.5 18957.6 14297.2 13157.8 10045.7 10872.1 9741.83 9643.45 9076.25 8455.36 8107.07 7641.59 11694.8 11350.8 9173.86 12861.3 9249.07 7341 7197.08 7184.5 6570.39 12266.7 7134.71
threshold=77.188546500000015 77.309166200000007 77.159231500000018 77.14626250000002 11.550000000000002 24.150000000000002 231.64285714285717 4513.5000000000009 140.50000000000003 139.50000000000003 104632.45000000001 25.150000000000002 990.05000000000007 27.050000000000004 373.50000000000006 57.000000000000007 141.50000000000003 30.433333333333334 248.83333333333334 11.550000000000002 11.050000000000002 15.65 21.850000000000005 755.00000000000011 259.50000000000006 3425.5000000000005 2880.5000000000005 133.56395683453241 697.50000000000011 44.116666666666681
decision_type=2 2 2 2 2 2 8 2 8 10 2 2 2 2 10 2 10 8 8 2 2 2 10 2 8 2 2 8 2 10
left_child=2 18 3 27 5 16 9 10 -9 15 -8 14 24 -14 -6 -5 -4 -18 25 20 -20 22 -21 -23 -13 26 -2 29 -29 -1
right_child=1 -3 4 6 11 -7 7 8 -10 -11 -12 12 13 -15 -16 -17 17 -19 19 21 -22 23 -24 -25 -26 -27 -28 28 -30 -31
leaf_value=0.024643655488480676 -0.029832286245052839 0.11530108666373295 0.60971334820985801 -0.13404250086521949 -0.059234175045611494 1.5023354463917868 -0.22027648631901664 -0.3382940371658491 -1.3872771191596984 0.64208764876638136 0.31922124039668298 0.037168117274500187 0.21461553957901502 0.9704760585512433 -0.77248933315277102 0.064865101447953183 0.35643900969198772 -0.18700277918577193 -0.051523093847852003 -0.80838331177186684 0.58789421427994959 0.26345162172317504 -0.23732376797651422 -0.19228072921736258 0.60437048333031784 -0.041871426365818379 0.27416547490406212 0.56333454982094133 -0.16330389012266758 0.15298844770053013
leaf_weight=1206 143 383 30 472 59 21 187 69 20 28 52 930 57 21 24 367 42 60 114 47 32 50 145 202 21 2384 137 23 230 576
leaf_count=1206 143 383 30 472 59 21 187 69 20 28 52 930 57 21 24 367 42 60 114 47 32 50 145 202 21 2384 137 23 230 576
internal_value=2.53759e-10 -0.0295578 0.0239158 -0.0012154 0.0880849 0.350266 -0.0813089 -0.230732 -0.574021 -0.0247798 -0.102896 0.0520114 0.0776202 0.418116 -0.265477 -0.0470352 0.166982 0.0367674 -0.0466078 -0.144297 0.0886232 -0.220888 -0.377114 -0.101858 0.0496931 -0.0249725 0.118909 0.0458174 -0.0972459 0.0661288
internal_weight=8132 3637 4495 3230 1265 153 1195 328 89 867 239 1112 1029 78 83 839 132 102 3254 590 146 444 192 252 951 2664 280 2035 253 1782
internal_count=8132 3637 4495 3230 1265 153 1195 328 89 867 239 1112 1029 78 83 839 132 102 3254 590 146 444 192 252 951 2664 280 2035 253 1782
is_linear=0
shrinkage=0.03


Tree=213
num_leaves=27
num_cat=0
split_feature=0 53 15 19 13 36 15 22 7 0 15 1 18 53 52 26 7 53 18 16 52 37 64 0 43 29
split_gain=6164.87 18535.7 14896.8 21482.2 29397.9 25376.6 19785.4 13594.5 12783.6 10295.7 9415.7 7281.51 6369.29 19186.8 12094.3 19910.9 15749.2 6662.16 6149.87 8524.99 11092.6 7131.85 5615.29 4249.32 4207.32 1284.63
threshold=28.682925800000003 277244.05000000005 994.55000000000007 13.4 174.50000000000003 295.50000000000006 990.60000000000014 423.50000000000006 52.050000000000004 28.712721700000003 995.95000000000016 77.309166200000007 3405.0000000000005 74416.250000000015 3504.5000000000005 11.500000000000002 12.540000000000001 76715.950000000012 2981.5000000000005 14.950000000000001 8012.0000000000009 302.83333333333343 59.725000000000009 28.602725000000003 36.350000000000009 65.642857142857153
decision_type=2 2 2 2 2 10 2 2 2 2 2 2 2 2 2 2 2 2 2 2 2 10 8 2 8 2
left_child=10 2 3 4 6 9 -2 -6 -7 -5 11 12 14 22 16 -16 -1 -15 -13 20 -20 -21 -14 -12 25 -4
right_child=1 -3 24 5 7 8 -8 -9 -10 -11 23 18 13 17 15 -17 -18 -19 19 21 -22 -23 -24 -25 -26 -27
leaf_value=-0.4667999199805436 0.29057351981711688 0.72970656195708683 -0.3555251802007357 0.095094169453657132 0.028001516115612687 -0.6131387383887108 0.99412253444845022 0.46042896407681544 0.045153625309467316 -0.10358836761921875 0.56125566138114247 -0.39063591633524208 -0.92822076237201689 0.42928554155996862 0.034791319736604737 0.48646004744478177 0.08336979311865729 -0.034811706757252911 0.20241420311146768 0.14727107718325499 0.94323085784912108 -0.20200282117253857 -0.35232769982772877 0.10592123634540118 -0.74461714625358577 -0.072171502243727439
leaf_weight=81 104 35 36 599 565 94 55 74 37 386 35 21 20 28 421 111 111 4815 87 171 23 76 64 39 20 24
leaf_count=81 104 35 36 599 565 94 55 74 37 386 35 21 20 28 421 111 111 4815 87 171 23 76 64 39 20 24
internal_value=9.00364e-11 0.0453018 0.0332886 0.0500527 0.168909 -0.0349355 0.53394 0.0780792 -0.427209 0.0172348 -0.015061 -0.0191893 -0.0277162 -0.0399253 0.0553694 0.12903 -0.148733 -0.0321285 0.108286 0.137634 0.357312 0.0398022 -0.489445 0.321282 -0.367792 -0.242184
internal_weight=8132 2029 1994 1914 798 1116 159 639 131 985 6103 6029 5651 4927 724 532 192 4843 378 357 110 247 84 74 80 60
internal_count=8132 2029 1994 1914 798 1116 159 639 131 985 6103 6029 5651 4927 724 532 192 4843 378 357 110 247 84 74 80 60
is_linear=0
shrinkage=0.03


Tree=214
num_leaves=21
num_cat=0
split_feature=38 39 15 17 50 13 22 57 13 13 36 36 15 8 56 58 46 61 58 62
split_gain=6153.75 7507.89 6499.66 14055.9 9435.51 12074 10516 9157.96 8473.62 7635.64 15110.8 15251.9 10661.5 21648.7 17813.5 7112.7 3517.41 2474.48 2060.31 1232.17
threshold=115.50000000000001 103.50000000000001 975.85000000000002 3347.5000000000005 1.0000000180025095e-35 237.00000000000003 2.5000000000000004 132.90000000000001 355.50000000000006 297.50000000000006 373.50000000000006 346.50000000000006 986.55000000000007 26.450000000000003 31.100000000000005 39.250000000000007 11.600000000000003 23.461428571428574 111.50000000000001 6.3250000000000011
decision_type=10 10 2 2 2 2 2 10 2 2 8 10 2 2 8 8 8 10 10 10
left_child=2 -2 3 4 5 6 -1 -7 9 12 11 -11 13 -4 -14 -12 19 18 -3 -6
right_child=1 17 8 -5 16 7 -8 -9 -10 10 15 -13 14 -15 -16 -17 -18 -19 -20 -21
leaf_value=-0.29580930230154351 -0.6632807617717319 -0.39585092487542523 -0.16108817914052104 0.71572411581873896 0.20308320701122284 -0.2793516140033121 -0.019688499384527491 -0.99025989447321217 0.49228719765489753 -0.038986342774862369 0.049003796222118229 0.53448140210883555 0.90773160431696021 0.031607823600605114 0.068560121378026556 -0.51802335978606173 0.43768445008509865 0.19875357278755731 0.001493571251630783 -0.11818706248378889
leaf_weight=157 27 23 660 20 21 73 593 21 33 1424 26 43 23 2560 2239 85 37 21 24 22
leaf_count=157 27 23 660 20 21 73 593 21 33 1424 26 43 23 2560 2239 85 37 21 24 22
internal_value=-8.4909e-11 -0.240037 0.00283731 -0.0711144 -0.0881456 -0.117661 -0.0774898 -0.438172 0.0126795 0.0104377 -0.0477134 -0.0221771 0.0271765 -0.00788887 0.0770928 -0.385206 0.223237 -0.0719838 -0.192952 0.0387124
internal_weight=8132 95 8037 944 924 844 750 94 7093 7060 1578 1467 5482 3220 2262 111 80 68 47 43
internal_count=8132 95 8037 944 924 844 750 94 7093 7060 1578 1467 5482 3220 2262 111 80 68 47 43
is_linear=0
shrinkage=0.03


Tree=215
num_leaves=31
num_cat=0
split_feature=1 1 19 18 21 32 54 21 11 68 30 0 44 62 43 17 18 17 52 40 64 54 36 55 54 47 13 46 54 42
split_gain=5974.11 11100.5 8002.84 11510.4 10634.1 10417 13457.5 8449.19 7453.43 7838.51 7393.42 6271.58 8666.02 10041.1 8106.14 7117.95 10168 6912.28 9770.35 8658.15 6434.8 5681.25 4848.8 4462.31 4229.97 5467.72 5195.04 4191.05 3638.89 3378.71
threshold=77.14626250000002 77.146786750000018 1.6541666666666668 6529.5000000000009 1479.5000000000002 93.15000000000002 92.65000000000002 1026.5000000000002 13.500000000000002 8.5000000000000018 509.61666666666667 28.638037000000004 3.3550000000000004 4.1450000000000005 82.38333333333334 4002.5000000000005 6648.0000000000009 1857.5000000000002 17656.500000000004 94.850000000000009 39.00500000000001 70.850000000000009 227.50000000000003 62.507142857142867 81.15000000000002 99.940000000000012 274.50000000000006 61.833333333333336 185.50000000000003 33.050000000000004
decision_type=2 2 2 2 2 10 10 2 2 2 2 2 8 8 10 2 2 2 2 8 10 10 10 10 8 10 2 10 10 10
left_child=11 24 8 4 7 6 -5 -4 23 -10 -7 12 -1 -14 20 16 17 19 -19 -13 -15 -16 -6 -3 25 -2 -26 -27 -28 -25
right_child=1 2 3 5 22 10 -8 -9 9 -11 -12 15 13 14 21 -17 -18 18 -20 -21 -22 -23 -24 29 26 27 28 -29 -30 -31
leaf_value=-0.5581675551573817 -0.17150115732609025 -0.35415933300148356 -0.0063170286653000162 0.21165098260535348 -0.20258788181147699 -0.62720970529317854 0.97506319910287853 0.36415124563333978 -0.84935687817060035 -0.21139187925602668 0.15378806591033936 0.16085256817403126 0.54638347574349111 -0.18908820476619209 0.65637335974436539 -0.36824451511213557 0.75392421841621393 -0.16952458356107983 0.15534614512084313 -0.23219774858405193 0.0093207529225422872 -0.016169954493641853 -0.71734552926343409 -0.13982736065983772 -0.62221169114112851 0.45385951237678523 -0.31893640333414081 -0.12102676544870647 0.11185737590789795 0.36702419128911246
leaf_weight=26 199 22 5222 155 58 20 24 56 26 52 24 765 29 205 26 30 21 189 149 54 521 20 23 20 36 25 60 21 25 29
leaf_count=26 199 22 5222 155 58 20 24 56 26 52 24 765 29 205 26 30 21 189 149 54 521 20 23 20 36 25 60 21 25 29
internal_value=-1.08465e-10 -0.0148554 -0.00462571 0.00116626 -0.00762159 0.21235 0.314008 -0.00238633 -0.221611 -0.424047 -0.201211 0.0445077 -0.0191438 -0.00164737 -0.022234 0.0880836 0.0997049 0.0878306 -0.0263123 0.134937 -0.0467038 0.363963 -0.348754 0.000783789 -0.175036 -0.103362 -0.32016 0.191411 -0.192232 0.160146
internal_weight=8132 6097 5731 5582 5359 223 179 5278 149 78 44 2035 827 801 772 1208 1178 1157 338 819 726 46 81 71 366 245 121 46 85 49
internal_count=8132 6097 5731 5582 5359 223 179 5278 149 78 44 2035 827 801 772 1208 1178 1157 338 819 726 46 81 71 366 245 121 46 85 49
is_linear=0
shrinkage=0.03


Tree=216
num_leaves=29
num_cat=0
split_feature=19 19 28 35 35 5 6 5 7 5 43 10 5 41 19 23 61 36 34 35 25 19 10 47 32 18 39 57
split_gain=5912.12 10768.5 9714.55 9056.94 6374.69 7588.06 23959.8 23888 14075 13210.3 9373.39 7311.82 4019.93 3883.84 3735.73 4385.05 3689.56 3327.05 3326.42 3033.81 2909.41 2722.33 2106.71 1981.42 1877.49 1586.41 743.517 177.657
threshold=25.908333333333339 25.377083333333335 1.1666666666666667 107.50000000000001 47.100000000000009 16.500000000000004 58.245000000000005 15.500000000000002 21.820000000000004 20.500000000000004 17.216666666666672 10.65 90.500000000000014 18.550000000000004 25.450000000000006 12.485000000000001 32.550000000000004 91.250000000000014 20.433333333333334 144.50000000000003 5.5000000000000009 22.925000000000008 27.250000000000004 76.540000000000006 35.250000000000007 5206.0000000000009 21.950000000000003 66.392857142857153
decision_type=2 2 2 10 8 2 2 2 2 2 10 2 2 8 2 2 8 10 10 10 2 2 2 8 10 2 10 10
left_child=1 4 -2 14 12 7 11 8 -6 -8 -9 -7 21 -5 27 18 22 -18 -16 25 -17 26 24 -23 -4 -15 -1 -3
right_child=2 3 16 13 5 6 9 10 -10 -11 -12 -13 -14 19 15 20 17 -19 -20 -21 -22 23 -24 -25 -26 -27 -28 -29
leaf_value=-0.41695226518731365 0.6039818885197511 -0.40825084000825879 -0.10074627182985606 -0.036439688873291014 0.023968474949015346 -0.022902783393859864 0.55341909940426159 1.0487403773516417 0.60238053406660375 -0.00064962930329457011 0.36043527447659035 -0.68525416010618201 0.24319146201014516 -0.14289838908956601 0.35547192204211436 -0.22943641905874013 0.057488858970728786 0.53377097303217103 0.0047352894467692225 -0.65862815843178679 0.039432090389104016 -0.156310588807066 -0.30562610302120446 0.069700579443438479 0.24749714940109038 -0.47430239645334388 -0.21105542920529843 -0.2818028098940849
leaf_weight=38 37 20 38 25 1299 20 39 24 39 5558 69 60 24 26 28 125 33 22 186 39 51 169 24 44 22 26 27 20
leaf_count=38 37 20 38 25 1299 20 39 24 39 5558 69 60 24 26 28 125 33 22 186 39 51 169 24 44 22 26 27 20
internal_value=-5.78099e-10 -0.00380455 0.171983 -0.132382 0.00566955 0.011405 -0.00415723 0.073143 0.040828 0.00321113 0.538062 -0.519666 -0.129324 -0.367627 -0.06892 -0.0406014 0.0569903 0.248002 0.0506261 -0.458612 -0.151526 -0.161483 -0.0680768 -0.109623 0.026943 -0.3086 -0.331426 -0.345027
internal_weight=8132 7956 176 546 7410 7108 5677 1431 1338 5597 93 80 302 116 430 390 139 55 214 91 176 278 84 213 60 52 65 40
internal_count=8132 7956 176 546 7410 7108 5677 1431 1338 5597 93 80 302 116 430 390 139 55 214 91 176 278 84 213 60 52 65 40
is_linear=0
shrinkage=0.03


Tree=217
num_leaves=30
num_cat=0
split_feature=9 10 24 62 11 7 60 10 8 10 6 22 8 32 20 43 63 33 39 43 12 48 39 36 22 64 39 47 65
split_gain=5778.86 16970.1 36527.7 43117 14844.3 13899.1 7534.77 7135.19 12594.6 12437.4 35454.8 16868.7 12721.6 8490 7976.33 6941.82 7993.42 6520.06 5646.5 5285.16 4828.21 4826.97 4943.01 4436.6 2846.49 2607.59 2046.26 1204.13 916.593
threshold=19.100000000000005 10.250000000000002 528.45500000000015 18.250000000000004 86.500000000000014 29.820000000000004 37.850000000000001 10.65 17.100000000000005 11.550000000000002 565.55500000000018 71.000000000000014 16.350000000000005 136.50000000000003 2250.0000000000005 24.944999999999997 24.361428571428579 287.50000000000006 38.050000000000004 26.683333333333334 5.3500000000000005 119.45000000000002 47.433023255813957 250.50000000000003 41.500000000000007 100.23611510791368 63.45000000000001 87.850000000000023 75.16500000000002
decision_type=2 2 2 10 2 2 10 2 2 2 2 2 2 10 2 8 10 10 10 10 2 10 10 10 2 10 8 10 10
left_child=5 2 4 -4 6 15 17 8 21 10 11 -9 13 -11 -14 16 18 -2 -1 -5 -7 22 -3 -18 28 -22 -26 -25 -17
right_child=1 7 3 19 -6 20 -8 9 -10 12 -12 -13 14 -15 -16 24 23 -19 -20 -21 25 -23 -24 27 26 -27 -28 -29 -30
leaf_value=0.15683473251961372 -0.0034678626916685158 -0.24573455661535262 2.0215479962825773 -0.026514617443084715 0.84825513732433311 -0.1666077169088217 -0.44716789054870604 0.5436334977895021 0.48076925119757646 -0.01443332862854004 1.4132547426223754 -0.029898513512313363 0.42381328213673369 -0.73407905340194701 -0.0064164341911269922 -0.50897080133110284 0.73626707279038694 0.49628752072652182 -0.41374739395247562 0.65490943704332627 -0.74982270750645053 -0.023444218202070759 -0.70043337936584771 0.37046953743696209 0.17570826114519783 -0.33127588648881229 -0.23920508238673208 0.041270778000354766 -0.24101598107152514
leaf_weight=37 181 48 20 20 20 39 30 60 20 25 20 200 39 36 6980 20 22 27 27 21 37 33 39 20 23 21 20 20 27
leaf_count=37 181 48 20 20 20 39 30 60 20 25 20 200 39 36 6980 20 22 27 27 21 37 33 39 20 23 21 20 20 27
internal_value=8.63641e-11 0.00505988 0.21936 0.87957 0.0632641 -0.1264 -0.0027015 -0.00405503 -0.216217 -1.93301e-05 0.196084 0.102455 -0.00777481 -0.439142 -0.00402593 0.00756819 0.151305 0.0614042 -0.0838796 0.322507 -0.424721 -0.332382 -0.449565 0.394076 -0.193663 -0.59828 -0.0172747 0.20587 -0.355039
internal_weight=8132 7819 319 61 258 313 238 7500 140 7360 280 260 7080 61 7019 216 126 208 64 41 97 120 87 62 90 58 43 40 47
internal_count=8132 7819 319 61 258 313 238 7500 140 7360 280 260 7080 61 7019 216 126 208 64 41 97 120 87 62 90 58 43 40 47
is_linear=0
shrinkage=0.03


Tree=218
num_leaves=31
num_cat=0
split_feature=1 68 13 15 53 29 15 33 5 64 55 12 35 59 1 10 8 1 57 18 32 33 53 54 33 61 16 17 38 36
split_gain=5857.1 9829.09 11560.6 13066.9 10201.5 14125.1 10092.9 10956.6 10485.1 8794.85 8654.59 8436.62 9833.63 11433.9 7340.06 12205.7 27526.7 11883 10777.1 15124.8 17856.6 13326.6 12299.2 8258.31 7560.66 7600.71 7109.59 6873.77 6847.15 12384.5
threshold=77.188546500000015 11.500000000000002 193.50000000000003 987.25000000000011 59029.400000000001 90.071428571428584 986.6500000000002 86.050000000000011 506.50000000000006 80.850000000000009 122.79285714285716 7.6500000000000012 157.50000000000003 56.528571428571439 77.159231500000018 11.550000000000002 17.100000000000005 77.14626250000002 231.64285714285717 4513.5000000000009 140.50000000000003 139.50000000000003 104632.45000000001 57.650000000000013 134.50000000000003 32.550000000000004 13.65 3042.5000000000005 76.050000000000011 342.50000000000006
decision_type=2 2 2 2 2 2 2 10 2 8 10 2 8 10 2 2 2 2 8 2 8 10 2 10 10 8 2 2 10 10
left_child=14 4 3 -3 5 -2 7 27 9 -8 26 12 -4 -14 17 16 24 -1 21 22 -21 23 -20 -19 -16 -26 -5 -6 29 -17
right_child=1 2 11 10 6 -7 8 -9 -10 -11 -12 -13 13 -15 15 28 -18 18 19 20 -22 -23 -24 -25 25 -27 -28 -29 -30 -31
leaf_value=0.04300536302329986 0.053603014693810382 -0.043618053595697724 -0.071062354457049448 0.86396429402960673 -0.014028626456409916 -0.80432758044811981 0.31762485126809531 -0.27634631864726544 0.76722695464673241 0.047443021170896792 0.016709238601057497 -0.013323420143421203 -0.37969489328420386 -0.055124732584390837 0.64221150659024706 0.071367688095839599 1.2683004194498062 -0.12286036142078804 -0.21182369078544372 -0.32770982599776721 -1.3457769699096678 0.62306808011872417 0.30977487231676398 0.067646657979168301 0.3248825048913761 -0.1867414975059884 0.27776460090279581 0.23618319948428665 0.45085479913531118 -0.25558767531353688
leaf_weight=2035 39 683 376 27 667 31 144 128 23 439 73 376 313 142 24 958 24 484 187 69 20 28 52 355 49 56 60 116 37 117
leaf_count=2035 39 683 376 27 667 31 144 128 23 439 73 376 313 142 24 958 24 484 187 69 20 28 52 355 49 56 60 116 37 117
internal_value=1.41234e-10 -0.0283046 -0.0716974 0.0135487 0.0277479 -0.326338 0.0440867 -0.0190254 0.138963 0.114177 0.257579 -0.131236 -0.184587 -0.2784 0.0229019 0.0841598 0.335386 -0.00108925 -0.0761792 -0.222653 -0.556489 -0.0207658 -0.0983378 -0.0422525 0.16182 0.0520164 0.459689 0.0230398 0.0495936 0.0357828
internal_weight=8132 3637 2050 843 1587 70 1517 911 606 583 160 1207 831 455 4495 1265 153 3230 1195 328 89 867 239 839 129 105 87 783 1112 1075
internal_count=8132 3637 2050 843 1587 70 1517 911 606 583 160 1207 831 455 4495 1265 153 3230 1195 328 89 867 239 839 129 105 87 783 1112 1075
is_linear=0
shrinkage=0.03


Tree=219
num_leaves=31
num_cat=0
split_feature=9 9 9 17 33 62 7 53 17 9 56 5 20 35 65 64 5 54 22 13 49 36 47 22 34 55 13 14 37 58
split_gain=5597.98 16824.9 16320.7 33485.3 14433.5 14140.3 13767.2 14521.4 18183.9 15708.8 12655.3 12077.6 11871.1 16530.9 10416.7 8278.91 8244.48 8840.84 7835.29 8301.4 6785.42 6767.53 7540.39 7220.98 6566.54 8406.35 5894.53 10071.9 5684.01 4901.43
threshold=38.45000000000001 36.45000000000001 35.650000000000013 2622.5000000000005 79.050000000000011 6.035000000000001 107.86000000000001 183811.95000000004 2872.5000000000005 33.800000000000004 276.50000000000006 110.50000000000001 18364.750000000004 181.50000000000003 45.572857142857153 89.350000000000023 830.00000000000011 61.350000000000001 233.50000000000003 145.00000000000003 67.54000000000002 191.50000000000003 72.65000000000002 158.50000000000003 41.950000000000024 62.507142857142867 283.50000000000006 1.4500000000000002 198.50000000000003 56.550000000000004
decision_type=2 2 2 2 10 10 2 2 2 2 10 2 2 10 10 10 2 10 2 2 10 10 10 2 10 10 2 2 10 10
left_child=1 2 6 18 10 16 7 9 -9 -1 11 28 13 26 -5 21 17 -6 19 -4 -15 23 -23 -14 -13 -26 27 -3 -2 -7
right_child=4 12 3 14 5 29 -8 8 -10 -11 -12 24 15 20 -16 -17 -18 -19 -20 -21 -22 22 -24 -25 25 -27 -28 -29 -30 -31
leaf_value=-0.0023502253233301778 0.29512757207014984 -0.38794327323217837 -0.19948999671217724 1.0724594029017855 0.88091781098927768 -0.48150859104959587 0.69493819227218623 -0.070577981812951079 -0.47467034442528433 0.26102016207955359 0.90393360149860369 0.52665299205780036 -0.31422868191233227 -0.79537533161315044 0.43706354097179745 -0.30411216914188116 -0.21244991892768489 0.083696104518828862 0.61561894512176507 0.11376512200665582 -0.17623718627861568 0.11377892423243749 0.74842713564634322 0.25314634699713096 -0.13026235593943036 0.15801672007660475 0.11352254878390919 0.19447407889366147 0.80972263546139001 -0.10351945810593091
leaf_weight=5284 85 113 117 35 21 76 25 780 115 212 20 25 52 66 69 64 31 31 20 218 21 63 23 33 170 196 55 35 25 52
leaf_count=5284 85 113 117 35 21 76 25 780 115 212 20 25 52 66 69 64 31 31 20 218 21 63 23 33 170 196 55 35 25 52
internal_value=2.76087e-10 -0.00782849 0.00467193 0.177487 0.0791405 -0.130188 -0.00769121 -0.0104397 -0.1225 0.00780889 0.163917 0.134375 -0.171524 -0.299941 0.650899 -0.0130525 0.174794 0.405651 0.0387967 0.0043596 -0.645928 0.0958821 0.28351 -0.0939537 0.0562481 0.0241166 -0.151661 -0.250209 0.412081 -0.327951
internal_weight=8132 7400 6875 459 732 211 6416 6391 895 5496 521 501 525 290 104 235 83 52 355 335 87 171 86 85 391 366 203 148 110 128
internal_count=8132 7400 6875 459 732 211 6416 6391 895 5496 521 501 525 290 104 235 83 52 355 335 87 171 86 85 391 366 203 148 110 128
is_linear=0
shrinkage=0.03


Tree=220
num_leaves=28
num_cat=0
split_feature=38 7 47 1 45 13 53 67 46 17 10 11 35 12 44 21 45 24 55 7 35 24 21 9 39 68 29
split_gain=5726.15 7189.71 6241.44 9457.22 12563.4 10342.1 10239.7 8457.38 9781.39 9578.33 18867.3 11090.9 8970.5 7396.99 6978.95 10298.3 10196.7 7955.71 7031.74 14111.8 6893.32 6124.73 5716.15 7466.17 3574.54 2973.84 1960.65
threshold=115.50000000000001 11.385000000000002 121.05000000000001 77.100837000000013 3.0750000000000006 90.500000000000014 67747.950000000012 1.0000000180025095e-35 129.43333333333337 1612.5000000000002 13.050000000000002 48.500000000000007 355.50000000000006 3.3500000000000001 35.960215827338139 13.500000000000002 17.850000000000005 12.485000000000001 236.78571428571433 21.400000000000002 423.50000000000006 705.74000000000012 134.50000000000003 22.700000000000006 50.050000000000004 9.5000000000000018 111.92857142857143
decision_type=10 2 8 2 10 2 2 2 10 2 2 2 10 2 10 2 8 2 10 2 10 2 2 2 8 2 2
left_child=2 -2 3 4 -1 21 -7 8 9 11 -11 -4 -10 -9 18 17 -17 -16 20 -20 -5 -6 23 -15 -24 -3 -27
right_child=1 25 7 14 5 6 -8 13 12 10 -12 -13 -14 22 15 16 -18 -19 19 -21 -22 -23 24 -25 -26 26 -28
leaf_value=0.83899321147799488 -0.63526087965284073 0.24356040090322495 0.3920346130410286 -0.014843707489774366 -0.49087688759315845 -0.32076663148674095 0.15691439115124323 0.43746141433715818 0.023443612168575153 1.0334568444542263 0.15531637339465451 0.0080009769027565465 -0.76991273643205993 -0.43002672323704294 -0.19981344483115454 0.25566310147444404 -0.21907506578166699 0.52430917819341016 0.6247384020815725 -0.064136179996712603 -0.3556757417652342 0.13416735299995966 -0.035405881905555728 0.064844178997390853 -0.4575162610915991 0.02239043572119304 -0.36734880676636328
leaf_weight=20 28 20 73 4855 43 44 492 21 29 23 517 929 23 35 22 45 428 36 46 64 54 21 25 127 65 21 26
leaf_count=20 28 20 73 4855 43 44 492 21 29 23 517 929 23 35 22 45 428 36 46 64 54 21 25 127 65 21 26
internal_value=1.81537e-10 -0.231547 0.00273696 -0.0118058 0.0993191 0.0746633 0.117702 0.0507973 0.0772217 0.0908687 0.192719 0.0359795 -0.327464 -0.10349 -0.0242197 -0.127646 -0.17391 0.249642 -0.0132774 0.223939 -0.0185929 -0.285784 -0.148569 -0.0420724 -0.340263 -0.0628308 -0.19321
internal_weight=8132 95 8037 6170 620 600 536 1867 1594 1542 540 1002 52 273 5550 531 473 58 5019 110 4909 64 252 162 90 67 47
internal_count=8132 95 8037 6170 620 600 536 1867 1594 1542 540 1002 52 273 5550 531 473 58 5019 110 4909 64 252 162 90 67 47
is_linear=0
shrinkage=0.03


Tree=221
num_leaves=31
num_cat=0
split_feature=19 19 30 35 16 12 9 7 20 20 20 36 10 30 64 47 45 13 10 41 54 54 34 44 36 57 37 10 31 16
split_gain=5714.92 10813.2 9374.93 8347.64 7199.89 12233.2 19006 17570.2 13430.6 16712.4 10021 11979 13949.8 10387.4 7022.06 7019.88 5775.69 4662.77 4304.93 3855.18 3411.19 3389.16 2936.09 2772.6 2670.82 2114.74 1935.39 1804.97 1901.88 1802.72
threshold=25.835416666666671 25.377083333333335 3.5166666666667408 107.50000000000001 19.450000000000003 6.2500000000000009 19.100000000000005 71.785000000000011 20039.500000000004 17182.000000000004 24336.000000000004 340.50000000000006 12.550000000000002 452.77333333333337 96.850000000000009 41.005000000000003 47.162302158273391 105.50000000000001 26.850000000000005 18.550000000000004 38.45000000000001 27.250000000000004 19.916666666666668 14.15 114.50000000000001 125.77142857142859 66.616666666666688 27.250000000000004 118.30142857142845 16.050000000000004
decision_type=2 2 2 10 2 2 2 2 2 2 2 10 2 2 8 8 8 2 2 8 10 10 10 10 10 10 10 2 2 2
left_child=1 4 -2 18 5 8 23 -8 9 -1 11 12 -6 -13 -10 17 -17 -12 22 -5 25 -4 -3 -7 -24 -21 -23 28 -28 -20
right_child=2 3 21 19 10 6 7 -9 14 -11 15 13 -14 -15 -16 16 -18 -19 29 20 -22 26 24 -25 -26 -27 27 -29 -30 -31
leaf_value=-0.010650868938906219 0.58310149006153411 0.23549278696519987 -0.22872236287593842 -0.035109075736999507 0.23977014246842135 -0.58033741549803652 0.13974766146549328 -0.31702253680676223 -0.20061421081423758 0.36885742667648524 0.68026714446069669 -0.565742984608962 -0.074294695869455238 0.0026638077928320221 -0.8809213666482405 -0.057422790811147408 0.17224738696889652 0.18579148692656153 -0.080169753164052962 -0.43646896947920322 -0.28281182365848662 -0.080806581375579681 -0.088241530055753317 -0.14588346791267395 0.19090588791029792 -0.86750881757055009 0.10905214784400803 0.023035875173906484 0.44520876644687218 -0.37119204613397705
leaf_weight=3162 38 35 30 25 138 39 1441 80 36 108 20 78 1639 46 22 317 143 121 30 20 47 31 260 20 35 21 28 36 33 53
leaf_count=3162 38 35 30 25 138 39 1441 80 36 108 20 78 1639 46 22 317 143 121 30 20 47 31 260 20 35 21 28 36 33 53
internal_value=2.09762e-10 -0.00395235 0.16003 -0.135388 0.00537763 0.0264914 0.0952302 0.115723 -0.00614298 0.00188335 -0.0360398 -0.0697981 -0.0499047 -0.354882 -0.458662 0.0707395 0.0139747 0.25593 -0.0728744 -0.363867 -0.457264 0.0582783 -0.0242995 -0.433065 -0.0551223 -0.657245 0.125544 0.191491 0.290907 -0.266003
internal_weight=8132 7936 196 526 7410 4908 1580 1521 3328 3270 2502 1901 1777 124 58 601 460 141 413 113 88 158 330 59 295 41 128 97 61 83
internal_count=8132 7936 196 526 7410 4908 1580 1521 3328 3270 2502 1901 1777 124 58 601 460 141 413 113 88 158 330 59 295 41 128 97 61 83
is_linear=0
shrinkage=0.03


Tree=222
num_leaves=31
num_cat=0
split_feature=16 12 11 37 12 29 29 28 10 68 24 29 22 15 7 36 37 7 16 16 13 40 7 11 43 57 40 63 64 56
split_gain=5512.1 17350 24772.5 16198.7 13741.8 13104.9 16466.6 20868.2 15551.7 13822.6 10958.8 16982.1 27245.8 22551.3 20538.4 13037.7 18073.7 10268.6 16680.6 18632 12415 9757.07 8589.39 8328.09 6587.96 4752.39 4760.99 4167.99 2501.36 2324.35
threshold=14.750000000000002 5.8500000000000005 68.500000000000014 170.16666666666671 4.0500000000000007 487.85714285714295 384.64285714285717 391.33333333333343 20.150000000000002 15.500000000000002 698.07500000000016 91.714285714285722 106.50000000000001 993.45000000000016 36.040000000000006 344.50000000000006 310.83333333333343 66.985000000000014 15.750000000000002 19.450000000000003 107.50000000000001 60.550000000000004 11.385000000000002 54.500000000000007 27.500000000000011 74.521428571428586 25.333333333333339 19.615000000000006 121.15000000000002 204.50000000000003
decision_type=2 2 2 10 2 2 2 2 2 2 2 2 2 2 2 10 10 2 2 2 2 10 2 2 10 10 8 8 8 10
left_child=1 5 -3 25 -2 6 7 8 -1 -9 11 15 13 -13 -14 16 -6 18 24 -20 27 -8 -17 -22 -12 28 -27 -19 -4 -5
right_child=4 2 3 29 10 -7 21 9 -10 -11 17 12 14 -15 -16 22 -18 20 19 -21 23 -23 -24 -25 -26 26 -28 -29 -30 -31
leaf_value=0.074568228611367235 -0.80137661294639106 1.3199196249246596 -0.029191419138358189 -0.50668825474652379 -0.0032704611179249308 0.59164188071659629 -0.76443237121288587 0.15292899336133683 -0.088204566765002282 1.2549352862834928 -0.76875024629675826 -0.40049226585471687 -0.13772264806830281 0.22393843676149844 0.22961516651830502 -0.78975454902648923 0.55554698183851414 0.43594342181357471 0.29642917528562246 0.006708449284861407 -0.068558465588999834 0.037642143113272526 -0.12511925114052636 -0.52186465117335323 -0.10311066096648573 0.83846642407774918 0.30832317946418636 0.046632019678751628 0.40545109393244438 -0.070598261126063086
leaf_weight=1279 20 20 26 22 3032 35 39 21 900 20 23 393 394 60 210 30 53 55 420 381 414 21 42 40 32 30 31 45 22 22
leaf_count=1279 20 20 26 22 3032 35 39 21 900 20 23 393 394 60 210 30 53 55 420 381 414 21 42 40 32 30 31 45 22 22
internal_value=1.37731e-10 0.0372006 0.327 0.197207 -0.0163988 0.0155438 0.00670022 0.0199544 0.00733761 0.690493 -0.0136073 -0.0378311 -0.141912 -0.317786 -0.0100059 -0.00298375 0.00632997 0.0587893 0.12392 0.158622 -0.0418456 -0.483706 -0.402051 -0.108497 -0.381469 0.39333 0.569049 0.260753 0.17002 -0.288643
internal_weight=8132 2488 173 153 5644 2315 2280 2220 2179 41 5624 4214 1057 453 604 3157 3085 1410 856 801 554 60 72 454 55 109 61 100 48 44
internal_count=8132 2488 173 153 5644 2315 2280 2220 2179 41 5624 4214 1057 453 604 3157 3085 1410 856 801 554 60 72 454 55 109 61 100 48 44
is_linear=0
shrinkage=0.03


Tree=223
num_leaves=28
num_cat=0
split_feature=19 19 14 16 29 51 24 20 24 22 11 47 45 15 31 67 13 0 17 60 61 57 22 57 64 32 46
split_gain=5492.59 9945.53 8834.22 6459.25 11432.5 12770.1 12702.9 9295.38 11926.7 13731 11233.7 6520.25 5456.99 5291.11 4578.01 5433.75 4311.33 4173.87 3409.42 3361.93 4382.61 2940.62 2811.52 1825.03 1692.16 854.362 511.665
threshold=25.835416666666671 25.377083333333335 12.750000000000002 19.450000000000003 1960.3571428571429 2997.6200000000003 2756.5350000000003 24336.000000000004 2.8900000000000006 38.500000000000007 53.500000000000007 41.005000000000003 47.162302158273391 973.70000000000016 11.679999999999872 1.0000000180025095e-35 105.50000000000001 28.581425950000003 1022.5000000000001 11.15 17.632142857142863 73.65000000000002 134.50000000000003 92.464285714285737 42.110000000000007 26.550000000000004 3.2316666666666682
decision_type=2 2 2 2 2 2 2 2 2 2 2 8 8 2 2 2 2 2 2 10 10 10 2 10 8 10 10
left_child=1 3 19 4 5 6 -1 8 9 -5 -10 16 -13 24 18 22 -9 -7 -15 -2 -21 -20 -16 26 -3 -17 -22
right_child=2 13 -4 7 -6 17 -8 11 10 -11 -12 12 -14 14 15 25 -18 -19 21 20 23 -23 -24 -25 -26 -27 -28
leaf_value=0.019661138426428915 0.40978827165705817 -0.2826472895396383 0.56099143690787823 0.022219336085403576 0.74086970758438109 -0.017326213508844373 0.28077930468166695 0.65519581156969076 -0.015399504358083316 0.59443605478604633 -0.17344830687659799 -0.055422690037802473 0.16782085875426972 -0.20630309950364262 -0.29261317419751515 0.18754273892513343 0.17971937079875427 -0.44026828852721622 -0.024226253401424924 -0.38571572930298065 0.13527588602155446 0.28215160363250308 -0.055150713882409032 0.3155242862649586 -0.62356450125575058 -0.018706127685659071 -0.026156971531072215
leaf_weight=4614 21 38 39 234 20 30 174 20 776 45 846 317 143 38 178 28 121 70 59 22 24 54 60 23 20 51 67
leaf_count=4614 21 38 39 234 20 30 174 20 776 45 846 317 143 38 178 28 121 70 59 22 24 54 60 23 20 51 67
internal_value=-1.03101e-10 -0.0038747 0.156886 0.00507314 0.0250715 0.0221427 0.0291504 -0.0341563 -0.0666693 0.114512 -0.0978343 0.0686844 0.0139769 -0.129927 -0.0964309 -0.161189 0.247163 -0.313386 0.0395187 0.056503 0.00195159 0.122184 -0.232749 0.0767646 -0.400205 0.0543947 0.0164187
internal_weight=8132 7936 196 7410 4908 4888 4788 2502 1901 279 1622 601 460 526 468 317 141 100 151 157 136 113 238 114 58 79 91
internal_count=8132 7936 196 7410 4908 4888 4788 2502 1901 279 1622 601 460 526 468 317 141 100 151 157 136 113 238 114 58 79 91
is_linear=0
shrinkage=0.03


Tree=224
num_leaves=31
num_cat=0
split_feature=0 15 10 51 11 35 59 20 51 41 46 20 20 15 1 68 18 9 24 20 26 7 13 18 16 20 62 24 43 17
split_gain=5476.45 14455.4 24469.1 35436.9 13662.9 16903.2 24663.9 12428.4 12375.4 14959.5 11361.1 10753.4 9675.69 8459.27 6735.56 6585.85 5981.76 12855.5 12210.6 11333.6 17528.1 14170.3 6233.69 5533.66 7481.93 10384.1 7644.86 4505.54 3749.81 2400.11
threshold=28.682925800000003 994.55000000000007 11.550000000000002 556.2650000000001 51.500000000000007 262.50000000000006 54.264285714285727 11424.250000000002 124.65500000000002 23.650000000000002 36.298333333333339 17182.000000000004 6478.2500000000009 995.95000000000016 77.309166200000007 17.500000000000004 3405.0000000000005 21.850000000000005 53.150000000000013 3504.5000000000005 11.500000000000002 12.540000000000001 324.00000000000006 2981.5000000000005 14.950000000000001 8012.0000000000009 123.50000000000001 176.48500000000004 36.350000000000009 812.50000000000011
decision_type=2 2 2 2 2 10 8 2 2 8 10 2 2 2 2 2 2 2 2 2 2 2 2 2 2 2 8 2 8 2
left_child=13 2 3 8 7 15 -7 10 9 -2 -4 -9 -10 14 16 -6 19 18 -18 21 -21 -1 -19 -16 25 -25 -26 -15 29 -3
right_child=1 28 4 -5 5 6 -8 11 12 -11 -12 -13 -14 27 23 -17 17 22 -20 20 -22 -23 -24 24 26 -27 -28 -29 -30 -31
leaf_value=-0.44507279003659878 0.089413965665377099 -0.39431558024883268 0.52164792748942834 1.5768388860225677 -0.043576301889824524 -0.79639017586990934 -0.085026244552511926 -0.15341500534365574 0.19106871531825317 1.0804187594200001 -0.11867873037233949 0.15700378155992198 -0.53492733270674941 0.5962070779964842 -0.3687715834379196 0.12242786649380411 0.08301827817090919 -0.034579438352270696 -0.44939264481975921 0.037095395967258124 0.46087703875593233 0.076790909453018294 0.17077089888336014 0.18826497135748124 0.094163128792175213 0.90503340420515643 -0.48017339773800061 0.11668866635362307 -0.70828507411479946 -0.0094505417704582196
leaf_weight=81 26 35 113 20 558 59 171 144 95 29 32 332 20 29 21 350 56 4608 126 421 111 111 137 87 224 23 23 45 20 25
leaf_count=81 26 35 113 20 558 59 171 144 95 29 32 332 20 29 21 350 56 4608 126 421 111 111 137 87 224 23 23 45 20 25
internal_value=7.3224e-11 0.0426975 0.0589206 0.382351 0.023985 -0.0377789 -0.267507 0.137169 0.241823 0.611944 0.380334 0.0630956 0.0648085 -0.0141952 -0.0181082 0.0204121 -0.0263092 -0.038141 -0.285574 0.0542091 0.125516 -0.14337 -0.0286505 0.104495 0.132334 0.338135 0.0406824 0.304608 -0.352538 -0.233955
internal_weight=8132 2029 1949 190 1759 1138 230 621 170 55 145 476 115 6103 6029 908 5651 4927 182 724 532 192 4745 378 357 110 247 74 80 60
internal_count=8132 2029 1949 190 1759 1138 230 621 170 55 145 476 115 6103 6029 908 5651 4927 182 724 532 192 4745 378 357 110 247 74 80 60
is_linear=0
shrinkage=0.03


Tree=225
num_leaves=22
num_cat=0
split_feature=41 10 41 40 1 1 15 10 16 20 57 32 54 18 7 19 34 14 65 18 14
split_gain=5425.07 9037.73 8259.64 15983.1 7293.03 8419.66 6742.65 12760.6 6315.61 15246.9 9434.14 5699.18 5631.21 5300.51 10448.8 5057.55 5791.46 5196.18 4381.74 3500.45 3466.74
threshold=112.50000000000001 24.900000000000002 99.500000000000014 51.45000000000001 77.14626250000002 77.146786750000018 994.10000000000014 11.450000000000001 14.750000000000002 7281.0000000000009 223.07142857142858 31.450000000000003 63.45000000000001 6644.5000000000009 75.050000000000011 25.908333333333339 34.33333333333335 8.6000000000000032 129.40357142857144 6421.0000000000009 12.050000000000002
decision_type=10 2 8 10 2 2 2 2 2 2 10 8 10 2 2 2 10 2 8 2 2
left_child=2 18 4 6 13 19 7 -4 9 -7 -10 -9 -3 15 -15 17 -17 -1 -2 20 -6
right_child=1 12 3 -5 5 8 -8 11 10 -11 -12 -13 -14 14 -16 16 -18 -19 -20 -21 -22
leaf_value=0.044542210590924801 -0.87593851447105409 0.43232860162854192 0.66513528890469498 0.87577650204300872 -0.21755280892595205 -0.018576570294679549 -0.45679788594692944 0.43360362389508417 -0.0092757549030729122 0.191603495719218 -0.12538689199295602 0.028618898477691872 -0.26320848913355305 0.74385137448708216 -0.16085332614183426 0.68361038065474955 0.0027682883766564454 -0.1297876435703427 -0.25548096844128199 0.21974732869863509 0.14341803967952726
leaf_weight=1720 20 20 34 24 303 1201 20 34 2783 419 814 390 22 27 20 23 22 169 21 20 26
leaf_count=1720 20 20 34 24 303 1201 20 34 2783 419 814 390 22 27 20 23 22 169 21 20 26
internal_value=1.06148e-10 -0.2413 0.00248825 0.120321 -0.00534958 -0.0229433 0.0823902 0.105936 -0.0134 0.0357848 -0.0355517 0.0610941 0.0679996 0.0440835 0.358871 0.0364335 0.350754 0.0289457 -0.558143 -0.165601 -0.189026
internal_weight=8132 83 8049 502 7547 5566 478 458 5217 1620 3597 424 42 1981 47 1934 45 1889 41 349 329
internal_count=8132 83 8049 502 7547 5566 478 458 5217 1620 3597 424 42 1981 47 1934 45 1889 41 349 329
is_linear=0
shrinkage=0.03


Tree=226
num_leaves=22
num_cat=0
split_feature=16 32 6 9 9 9 17 53 35 53 53 7 53 36 33 45 63 33 59 68 47
split_gain=5324.13 8141.06 7069.6 5980.05 19237.8 14426.8 30418.4 12877.3 13919.1 12870.4 17278.6 12618.5 10504.2 9280.03 5129.63 3975.72 6308.48 9362.92 3897.82 2748.71 1432.04
threshold=29.850000000000005 418.50000000000006 1392.7400000000002 38.45000000000001 36.45000000000001 35.650000000000013 2622.5000000000005 249590.55000000002 217.50000000000003 239406.85000000001 220795.85000000001 107.86000000000001 254562.70000000004 191.50000000000003 47.350000000000001 29.299892086330939 16.869285714285716 74.750000000000014 18.978571428571431 19.500000000000004 64.63000000000001
decision_type=2 8 2 2 2 2 2 2 10 2 2 2 2 10 10 10 10 10 10 2 8
left_child=1 3 15 4 5 11 -7 8 18 10 -6 -1 20 -11 -14 16 17 19 -5 -2 -9
right_child=2 -3 -4 7 9 6 -8 12 -10 13 -12 -13 14 -15 -16 -17 -18 -19 -20 -21 -22
leaf_value=-0.0074992795467920849 -0.22786729843336706 0.53358598498484255 0.36714133295416829 0.55958294935848396 -0.11931310333371163 0.037265377565588745 0.62066382432213185 -0.20574771900971728 1.0187207615375518 -0.29432079043827558 -0.53751142823177833 0.66784439592361455 0.27790170472509718 0.27621576599682435 0.022949743599423932 -0.51350842518465867 0.22662938845157621 -0.83035627773829868 0.12294349543426347 0.18947996100783349 -0.50690501141548161
leaf_weight=6230 49 26 20 23 250 355 104 27 23 38 138 25 85 79 432 35 30 21 92 20 30
leaf_count=6230 49 26 20 23 250 355 104 27 23 38 138 25 85 79 432 35 30 21 92 20 30
internal_value=-1.53572e-10 0.00359991 -0.163683 0.00186247 -0.00631862 0.00711258 0.169452 0.0848109 0.345013 -0.184887 -0.268054 -0.00480006 0.0222537 0.0909133 0.0648664 -0.232176 -0.150121 -0.275704 0.210271 -0.106897 -0.364252
internal_weight=8132 7957 175 7931 7219 6714 459 712 138 505 388 6255 574 117 517 155 120 90 115 69 57
internal_count=8132 7957 175 7931 7219 6714 459 712 138 505 388 6255 574 117 517 155 120 90 115 69 57
is_linear=0
shrinkage=0.03


Tree=227
num_leaves=18
num_cat=0
split_feature=38 7 12 58 60 28 35 62 53 53 51 58 34 62 7 25 11
split_gain=5314.1 6472.23 5788.06 6368.88 5689.46 10049 10754.8 8320.76 5708.04 15695.6 10651.7 5658.36 6580.8 4547.36 3312.54 3014.27 1901.2
threshold=115.50000000000001 11.385000000000002 2.5000000000000004 113.50000000000001 12.250000000000002 498.00000000000006 274.50000000000006 84.100000000000009 72846.10000000002 76715.950000000012 388.11000000000007 46.150000000000013 215.50000000000003 6.035000000000001 10.825000000000001 2.5000000000000004 52.500000000000007
decision_type=10 2 2 10 10 2 8 10 2 2 2 8 10 10 2 2 2
left_child=2 -2 11 4 5 7 -7 -4 10 -10 -6 13 -13 -1 -5 -3 -16
right_child=1 15 3 14 8 6 -8 -9 9 -11 -12 12 -14 -15 16 -17 -18
leaf_value=-0.34418165833968667 -0.6061009983505522 0.14126395049420271 0.024954251089422452 0.072505632519721988 -0.038418691048215402 0.056634632170200344 0.88194506035910702 0.39231880177583156 0.44619660309382847 -0.0057303845722483822 -0.36893110381665628 0.17101813470495159 0.87838476741313931 0.24382872557074858 -0.19429631303096639 -0.26122453463647294 -0.52724298601800745
leaf_weight=20 28 33 1282 20 488 30 27 58 70 5795 107 29 20 29 29 34 33
leaf_count=20 28 33 1282 20 488 30 27 58 70 5795 107 29 20 29 29 34 33
internal_value=8.27763e-11 -0.223061 0.00263665 -0.000191947 0.00255309 0.0574498 0.447571 0.0408551 -0.00931854 -0.000336542 -0.0978554 0.231782 0.459739 0.00382449 -0.263213 -0.0629839 -0.37151
internal_weight=8132 95 8037 7939 7857 1397 57 1340 6460 5865 595 98 49 49 82 67 62
internal_count=8132 95 8037 7939 7857 1397 57 1340 6460 5865 595 98 49 49 82 67 62
is_linear=0
shrinkage=0.03


Tree=228
num_leaves=31
num_cat=0
split_feature=1 1 37 16 31 17 40 26 38 38 48 44 44 51 10 9 47 32 16 13 38 39 28 39 44 17 32 24 45 18
split_gain=5173.84 8234.76 7214.31 9391.46 11514.4 12470.1 10532.4 8667.79 6557.01 7451.12 6770.01 10924.6 8714.92 8496.44 25716.2 9588.73 5717.96 11197.8 5914.46 5384.16 5978.87 13478.6 5217.24 5146.41 4999.48 5269.58 4832.66 4802.46 4695.24 5175.69
threshold=77.188546500000015 77.309166200000007 230.50000000000003 11.950000000000001 1607.7050000000004 992.50000000000011 71.40000000000002 10.500000000000002 111.50000000000001 103.50000000000001 135.55000000000004 107.50000000000001 92.050000000000011 450.67500000000001 11.550000000000002 37.850000000000001 106.35000000000001 188.50000000000003 11.050000000000002 137.50000000000003 41.95000000000001 28.739883720930234 111.16666666666667 25.550000000000004 18.950000000000003 2465.0000000000005 74.750000000000014 5.7650000000000015 41.850000000000001 5574.5000000000009
decision_type=2 2 8 2 2 2 10 2 10 10 10 10 10 2 2 2 8 10 2 2 10 8 2 10 10 2 8 2 8 2
left_child=8 2 7 16 5 -5 -6 28 9 10 13 12 -12 15 -15 -1 17 -4 -18 27 21 -21 -13 -9 -22 -26 -23 -3 -2 -30
right_child=1 19 3 4 6 -7 -8 23 -10 -11 11 22 -14 14 -16 -17 18 -19 -20 20 24 26 -24 -25 25 -27 -28 -29 29 -31
leaf_value=-0.0076063318297788594 -0.048022371246696935 0.27102906256914139 0.10421066355197987 -0.083243621568355339 -0.090425336428663947 -0.42694195598226536 0.5322983069419861 -0.0064438153396953234 -0.35612805212416299 0.46099934577941892 -0.12183315014618697 0.0075923620104789737 -0.64825598582625388 0.5860090293518958 0.058944030702486633 0.16976124516199573 0.044874474936061434 -0.71586178015578883 0.50701919285580521 -0.098317394256591792 0.52030389482324768 0.4233074340820312 0.63367050150166382 0.58242254050338971 -0.0690421781565832 0.31699793929403475 1.0676437470316886 -0.15070950312484607 -0.0037343759729872583 0.20849614587850235
leaf_weight=2898 1935 32 47 169 132 217 30 22 41 35 245 25 32 93 800 303 81 22 36 27 22 20 23 34 115 44 22 101 388 141
leaf_count=2898 1935 32 47 169 132 217 30 22 41 35 245 25 32 93 800 303 81 22 36 27 22 20 23 34 115 44 22 101 388 141
internal_value=-1.41768e-10 -0.0266025 -0.0420894 -0.124857 -0.187375 -0.276463 0.0248939 -0.0179816 0.0215246 0.025001 0.0215477 -0.110243 -0.182647 0.0320099 0.113834 0.00918291 0.0593358 -0.157262 0.187073 0.104976 0.187018 0.424634 0.307588 0.351082 0.0964351 0.0377865 0.760817 -0.0492386 -0.0263694 0.0528337
internal_weight=8132 3637 3254 734 548 386 162 2520 4495 4454 4419 325 277 4094 893 3201 186 69 117 383 250 69 48 56 181 159 42 133 2464 529
internal_count=8132 3637 3254 734 548 386 162 2520 4495 4454 4419 325 277 4094 893 3201 186 69 117 383 250 69 48 56 181 159 42 133 2464 529
is_linear=0
shrinkage=0.03


Tree=229
num_leaves=31
num_cat=0
split_feature=19 19 30 9 18 21 5 24 31 5 5 5 6 18 55 7 56 11 37 7 16 19 37 5 37 68 10 41 68 37
split_gain=5072.13 9090.13 8533.73 6068.17 6246.46 5748.22 21163.4 34328.2 43069.6 21578.3 18760.2 23191.3 22732.7 18456.8 16435 14604.2 13586.6 13261.7 12133.5 11890.1 5168.12 2955.47 2900.88 2718.04 2508.05 2504.24 1941.37 1732.69 1565.31 1277.08
threshold=25.835416666666671 25.377083333333335 3.5166666666667408 32.850000000000001 3881.0000000000005 141.50000000000003 90.500000000000014 524.57500000000016 369.10571428571416 85.500000000000014 307.00000000000006 118.50000000000001 2584.8600000000006 3569.5000000000005 189.13571428571433 23.110000000000003 366.50000000000006 56.500000000000007 380.16666666666669 55.550000000000004 14.550000000000002 26.087500000000002 138.68333333333337 2.5000000000000004 66.616666666666688 16.500000000000004 27.150000000000002 14.450000000000001 15.500000000000002 91.283333333333346
decision_type=2 2 2 2 2 2 2 2 2 2 2 2 2 2 10 2 10 2 8 2 2 2 10 2 10 2 2 10 2 10
left_child=1 5 -2 4 23 6 9 13 -9 19 11 18 17 -8 -14 -13 -11 -12 -7 -1 -5 24 -22 29 -4 -6 28 -27 -26 -3
right_child=2 3 21 20 25 10 7 8 -10 16 12 15 14 -15 -16 -17 -18 -19 -20 -21 22 -23 -24 -25 26 27 -28 -29 -30 -31
leaf_value=0.0096850131501722957 0.55440629733432278 -0.24171628976861634 -0.08980269809856134 -0.059914607414603228 -0.022816886960164359 0.02727302621830912 0.26332388277237229 1.1635303849994012 0.23896673918474809 -0.52223795972764486 0.16164101746508747 -0.34802243738556199 -0.024090096644428838 -0.042900908824378324 -0.80965866015851495 -0.10129455830874866 0.10136731350144675 0.64254745537415148 0.5431714291181019 -0.36483402006901228 -0.28517494394091258 -0.17296296021113028 -0.66401598164013453 -0.027569600092247126 0.17946800966933368 0.37330479453910481 0.079893684983253471 0.089695109763043984 0.55480492123961445 -0.53609568136078967
leaf_weight=3485 38 36 34 100 92 323 234 53 314 117 369 331 581 729 25 621 43 60 47 78 136 39 21 40 20 33 45 47 20 21
leaf_count=3485 38 36 34 100 92 323 234 53 314 117 369 331 581 729 25 621 43 60 47 78 136 39 21 40 20 33 45 47 20 21
internal_value=3.84358e-10 -0.00372345 0.150762 -0.124233 -0.0246357 0.00483095 0.0228771 0.125598 0.372487 -0.0138189 -0.0338568 -0.108745 0.0617977 0.0315089 -0.056498 -0.187079 -0.354644 0.228901 0.0928061 0.00148617 -0.228481 0.0536825 -0.335848 -0.21714 0.127961 0.0839278 0.215067 0.206684 0.367136 -0.350172
internal_weight=8132 7936 196 526 269 7410 5053 1330 367 3723 2357 1322 1035 963 606 952 160 429 370 3563 257 158 157 97 119 172 85 80 40 57
internal_count=8132 7936 196 526 269 7410 5053 1330 367 3723 2357 1322 1035 963 606 952 160 429 370 3563 257 158 157 97 119 172 85 80 40 57
is_linear=0
shrinkage=0.03


Tree=230
num_leaves=22
num_cat=0
split_feature=35 12 12 68 41 48 38 47 44 17 17 48 61 7 0 35 15 41 40 24 37
split_gain=5078.94 5792.58 5674.01 5554.05 5629.12 5443.08 9109.08 8489.55 12495.3 10163.8 8319.24 6651.96 6297.82 5612.06 4767.15 1897.24 1582.46 1480.82 2031.51 624.025 631.077
threshold=38.150000000000013 2.5000000000000004 2.3500000000000001 18.500000000000004 34.45000000000001 137.70000000000002 118.50000000000001 77.65000000000002 50.850000000000001 605.00000000000011 660.00000000000011 144.05000000000004 27.439999999999998 25.470000000000002 28.643240000000002 19.550000000000001 975.85000000000002 14.450000000000001 18.955775193798456 1.3600000000000003 57.100000000000016
decision_type=8 2 2 2 10 10 10 8 10 2 2 10 10 2 2 10 2 10 10 2 10
left_child=15 2 3 4 -2 6 7 8 -3 -9 12 14 -7 -13 -12 -1 -17 18 -18 -19 -21
right_child=1 5 -4 -5 -6 10 -8 9 -10 -11 11 13 -14 -15 -16 16 17 19 -20 20 -22
leaf_value=-0.3425765880857195 0.65751918391747899 -0.0098502255137277884 0.69025962300226096 -0.2401474591255188 -0.029161654881068637 0.59038872829505373 -0.61476282966988427 -0.26692201017632206 -0.74331367471388399 0.066855026662559658 -0.64999373392625293 -0.14803974203929141 -0.051761545605129661 0.046710567641471114 -0.13609773645177484 -0.30293335539102551 0.23953096395657794 -0.25481191481862747 -0.11299942038232279 -0.035109853710682891 -0.22522428371689535
leaf_weight=35 22 4581 20 25 21 28 21 85 21 2413 33 364 27 210 32 30 28 28 31 55 22
leaf_count=35 22 4581 20 25 21 28 21 85 21 2413 33 364 27 210 32 30 28 28 31 55 22
internal_value=1.17762e-10 0.00403581 0.246074 0.115431 0.322163 0.00131036 0.00912643 0.0109717 -0.0131972 0.0554975 -0.0788888 -0.109362 0.275151 -0.0767896 -0.396999 -0.13928 -0.102602 -0.0659562 0.0543031 -0.133531 -0.0894283
internal_weight=8132 7903 88 68 43 7815 7121 7100 4602 2498 694 639 55 574 65 229 194 164 59 105 77
internal_count=8132 7903 88 68 43 7815 7121 7100 4602 2498 694 639 55 574 65 229 194 164 59 105 77
is_linear=0
shrinkage=0.03


Tree=231
num_leaves=15
num_cat=0
split_feature=21 29 33 57 23 21 6 29 60 9 68 44 57 1
split_gain=4928.76 10809.5 6823.27 6289.68 6072.28 15603.1 13776.4 6215.59 5633.02 6329.79 5005.98 4876.12 4110.76 2922.74
threshold=2024.5000000000002 1960.3571428571429 103.50000000000001 188.65000000000001 4680.6650000000018 771.00000000000011 10283.990000000002 453.85714285714295 145.50000000000003 38.000000000000007 4.5000000000000009 11.15 150.45000000000002 77.184301000000019
decision_type=2 2 10 10 2 2 2 2 10 2 2 10 10 2
left_child=1 4 3 11 5 8 7 -6 9 -1 -9 -2 -8 -7
right_child=2 -3 -4 -5 6 13 12 10 -10 -11 -12 -13 -14 -15
leaf_value=-0.0066217687340303019 0.0911108272416251 0.69908855581283569 -0.61890518822603757 0.39135823345184323 0.62025796578480652 -0.85082435488700858 -0.032424963201795304 0.57098005503416061 -0.45924843698740003 0.09657574260207763 0.086058125637079527 -0.52898374321460728 -0.63339051157236093 -0.33794355046749114
leaf_weight=7178 21 20 27 20 39 20 21 24 24 578 95 25 20 20
leaf_count=7178 21 20 27 20 39 20 21 24 24 578 95 25 20 20
internal_value=1.98538e-10 0.00251207 -0.217146 -0.0527894 0.000774756 -0.00338972 0.164424 0.291577 -0.000351188 0.00106881 0.183858 -0.245897 -0.325579 -0.594384
internal_weight=8132 8039 93 66 8019 7820 199 158 7780 7756 119 46 41 40
internal_count=8132 8039 93 66 8019 7820 199 158 7780 7756 119 46 41 40
is_linear=0
shrinkage=0.03


Tree=232
num_leaves=18
num_cat=0
split_feature=41 10 41 40 9 6 22 54 13 58 21 38 45 35 6 21 24
split_gain=5026.5 8277.57 7170.61 14910.2 7168.52 12378.6 12481.9 5181.16 4607.72 5065.95 6861.72 6381.94 5866.26 5241.4 4963.82 4451.75 4355.8
threshold=112.50000000000001 24.900000000000002 99.500000000000014 51.45000000000001 41.400000000000006 2756.5350000000003 136.50000000000003 63.45000000000001 24.500000000000004 113.50000000000001 29.500000000000004 115.50000000000001 44.750000000000007 41.95000000000001 221.16000000000005 63.500000000000007 393.9550000000001
decision_type=10 2 8 10 2 2 2 10 2 8 2 10 10 10 2 2 2
left_child=2 16 8 4 5 6 -4 -3 -1 11 14 13 -13 -10 -11 -12 -2
right_child=1 7 3 -5 -6 -7 -8 -9 9 10 15 12 -14 -15 -16 -17 -18
leaf_value=0.34880925514481281 -0.85234602642059321 0.41320676598697897 -0.0019579578377883129 0.84184272304177288 0.63150506575405596 -0.55992265769413541 0.37189669072070963 -0.25395819819786336 -0.13097719229928409 -0.051431551889098925 -0.47273083142800759 -0.57821908433328972 -0.020692592178072247 0.00571276123509181 0.49665295966900885 -0.14062919154902484 -0.23372800162860324
leaf_weight=33 20 20 323 24 20 28 107 22 262 58 55 33 35 6944 20 107 21
leaf_count=33 20 20 323 24 20 28 107 22 262 58 55 33 35 6944 20 107 21
internal_value=-1.62436e-10 -0.232267 0.0023951 0.112185 0.0755498 0.0512723 0.091071 0.0637394 -0.00490776 -0.00646122 -0.142073 -0.00198681 -0.291257 0.000742907 0.0891029 -0.25338 -0.535493
internal_weight=8132 83 8049 502 478 458 430 42 7547 7514 240 7274 68 7206 78 162 41
internal_count=8132 83 8049 502 478 458 430 42 7547 7514 240 7274 68 7206 78 162 41
is_linear=0
shrinkage=0.03


Tree=233
num_leaves=24
num_cat=0
split_feature=16 32 5 21 5 24 31 5 5 5 6 18 32 55 36 38 54 7 60 45 5 55 58
split_gain=4917.93 7266.84 6667.34 5509.12 20849.4 33517.5 40023.8 19936.7 19006 23259.6 21514.1 16922.2 15612.1 15275.1 14393.9 14009.7 13586.1 12118.1 3950.51 3680.45 5801.53 5389.14 523.185
threshold=29.850000000000005 418.50000000000006 233.50000000000003 141.50000000000003 90.500000000000014 524.57500000000016 369.10571428571416 85.500000000000014 307.00000000000006 118.50000000000001 2584.8600000000006 3569.5000000000005 306.50000000000006 189.13571428571433 377.50000000000006 128.50000000000003 100.50000000000001 23.110000000000003 11.925000000000002 22.050000000000004 28.500000000000004 70.435714285714297 29.450000000000003
decision_type=2 8 2 2 2 2 2 2 2 2 2 2 10 10 10 8 10 2 8 8 2 10 10
left_child=1 3 18 4 7 11 -7 12 9 14 15 -6 -1 -12 -5 -10 -9 -11 -2 21 -21 22 -20
right_child=2 -3 -4 8 5 6 -8 16 10 17 13 -13 -14 -15 -16 -17 -18 -19 19 20 -22 -23 -24
leaf_value=0.0032999676235627886 -0.61732087844610217 0.50418172627687452 0.35818631894141434 0.013367867312155479 0.25381325461754672 1.1281198737306415 0.23705149250371113 -0.66434721215244597 0.18309967722762102 -0.33992310090633954 -0.023536555659316043 -0.042456912209456861 -0.73418834677109357 -0.78087803263664246 0.57132504744891155 0.96039085517044764 -0.10513119230451791 -0.11365756782287803 -0.31955209165066478 -0.084868111502040516 -0.69073844618797309 0.34337696969509124 -0.12509909104894507
leaf_weight=4048 20 26 20 363 228 53 315 68 406 330 581 726 26 25 47 22 92 601 20 33 25 24 33
leaf_count=4048 20 26 20 363 228 53 315 68 406 330 581 726 26 25 47 22 92 601 20 33 25 24 33
internal_value=-1.28784e-10 0.00345985 -0.157315 0.00181835 0.0181658 0.122169 0.365385 -0.0143076 -0.0364243 -0.110946 0.0602228 0.0283498 -0.00140663 -0.05478 0.0773288 0.223054 -0.342798 -0.193859 -0.223831 -0.165536 -0.346019 -0.0295879 -0.198478
internal_weight=8132 7957 175 7931 5556 1322 368 4234 2375 1341 1034 954 4074 606 410 428 160 931 155 135 58 77 53
internal_count=8132 7957 175 7931 5556 1322 368 4234 2375 1341 1034 954 4074 606 410 428 160 931 155 135 58 77 53
is_linear=0
shrinkage=0.03


Tree=234
num_leaves=23
num_cat=0
split_feature=13 19 19 30 9 18 13 25 53 13 15 32 17 16 54 6 33 44 58 64 33 61
split_gain=4854.36 4852.98 8305.3 8020.56 5835.4 5965.43 5796.15 12486.5 14457.4 11327.8 9300.71 16644.8 16466.3 4800.14 3008.9 2537.3 2219.46 2142.44 1646.61 1688.08 1366.73 586.101
threshold=358.50000000000006 25.835416666666671 25.377083333333335 3.5166666666667408 32.850000000000001 3881.0000000000005 297.50000000000006 4.5000000000000009 66171.700000000012 299.50000000000006 986.6500000000002 126.50000000000001 2577.5000000000005 14.550000000000002 27.250000000000004 5.1350000000000007 20.350000000000005 15.450000000000001 21.950000000000003 37.50500000000001 38.850000000000001 32.550000000000004
decision_type=2 2 2 2 2 2 2 2 2 2 2 10 2 2 10 2 10 10 8 8 10 10
left_child=1 2 6 -3 5 15 10 8 -8 -9 11 -1 -12 20 -5 -4 -7 -15 21 -20 -6 -16
right_child=-2 3 4 14 13 16 7 9 -10 -11 12 -13 -14 17 18 -17 -18 -19 19 -21 -22 -23
leaf_value=-0.00090344327162427925 0.46680700349807736 0.5376334560701721 -0.3389701080008557 -0.21822295534610747 0.0076940416554882101 0.3651741747964512 -0.26950732685625556 -0.43290830944006031 0.039689886854488432 -0.084956861729785962 0.046447267086581021 -0.36333526267338606 0.41957506625513946 -0.36923241869395818 -0.12938633615151049 -0.02727806028909981 0.042508833670616149 -0.043660604006477768 0.39122354603475995 0.10069987239109145 -0.242121336625682 0.082540903687477102
leaf_weight=3401 20 38 57 30 73 22 156 123 1067 267 2146 118 112 136 24 40 150 21 27 54 27 23
leaf_count=3401 20 38 57 30 73 22 156 123 1067 267 2146 118 112 136 24 40 150 21 27 54 27 23
internal_value=-1.06895e-10 -0.0011509 -0.00480211 0.146313 -0.119982 -0.0223132 0.00339605 -0.0468848 0.000250177 -0.194695 0.017435 -0.0130566 0.0649549 -0.22221 0.0521982 -0.210437 0.08378 -0.325685 0.115578 0.197541 -0.0597561 -0.0256773
internal_weight=8132 8112 7916 196 526 269 7390 1613 1223 390 5777 3519 2258 257 158 97 172 157 128 81 100 47
internal_count=8132 8112 7916 196 526 269 7390 1613 1223 390 5777 3519 2258 257 158 97 172 157 128 81 100 47
is_linear=0
shrinkage=0.03


Tree=235
num_leaves=26
num_cat=0
split_feature=41 10 41 40 9 18 31 15 68 13 19 35 46 16 12 35 41 16 25 8 15 65 45 17 17
split_gain=4670.05 7774.99 6654.17 13960.9 6781.65 6282.68 7269.72 7011.8 6269.41 9051.57 8919.62 8899.94 5428.63 5249.21 14157 10888.6 9217.29 7297.95 8096.11 7230.67 4231.36 4137.44 2984.94 2980.64 1187.98
threshold=112.50000000000001 24.900000000000002 99.500000000000014 51.45000000000001 41.400000000000006 5905.0000000000009 473.32571428571447 994.10000000000014 23.500000000000004 143.50000000000003 17.547916666666669 219.50000000000003 17.678333333333335 14.750000000000002 5.8500000000000005 282.50000000000006 24.250000000000004 14.850000000000003 2.5000000000000004 26.650000000000002 991.75000000000011 129.40357142857144 8.0250000000000004 1897.5000000000002 1402.5000000000002
decision_type=10 2 8 10 2 2 2 2 2 2 2 10 10 2 2 10 10 2 2 2 2 8 8 2 2
left_child=2 21 8 4 5 7 -7 -4 13 10 23 20 -13 14 16 -16 -1 18 -15 -19 -11 -2 -3 -10 -12
right_child=1 22 3 -5 -6 6 -8 -9 9 11 24 12 -14 17 15 -17 -18 19 -20 -21 -22 -23 -24 -25 -26
leaf_value=-0.058302783562639744 -0.82656535291671751 0.3282529086023569 0.13019347525282157 0.81411998048424716 0.61336625674366951 0.062307264906438911 -0.51703232620443618 -0.44696277690678837 0.67468935175375511 -0.18323063431973594 -0.14965206820989999 -0.22096936715766785 -0.82195092847270346 0.0031151170134544369 0.42782033694344901 -0.26808917537331578 0.07109101441789821 -0.054366827109344221 -0.64215349899019514 0.020051540701617351 0.21140820341450828 -0.22365252750260489 -0.17813990633596075 0.18625374306803164 0.072942819287700036
leaf_weight=823 20 20 359 24 20 44 35 20 22 193 71 24 31 35 129 24 1245 2016 35 2817 28 21 22 23 31
leaf_count=823 20 20 359 24 20 44 35 20 22 193 71 24 31 35 129 24 1245 2016 35 2817 28 21 22 23 31
internal_value=-2.32356e-11 -0.22388 0.00230861 0.108071 0.0726212 0.0490078 -0.194362 0.0997367 -0.00472635 -0.116938 0.0732172 -0.218217 -0.559704 0.00193643 0.040198 0.318658 0.0195963 -0.0153956 -0.319519 -0.0109908 -0.133231 -0.517756 0.0629995 0.425044 -0.0820007
internal_weight=8132 83 8049 502 478 458 79 379 7547 423 147 276 55 7124 2221 153 2068 4903 70 4833 221 41 42 45 102
internal_count=8132 83 8049 502 478 458 79 379 7547 423 147 276 55 7124 2221 153 2068 4903 70 4833 221 41 42 45 102
is_linear=0
shrinkage=0.03


Tree=236
num_leaves=31
num_cat=0
split_feature=1 47 13 54 10 62 53 12 32 19 58 11 34 13 25 40 15 53 17 17 23 0 42 60 64 17 15 34 28 30
split_gain=4820.17 12789.1 7908.5 7572.92 6200.11 15928 9240.75 6065.89 5894.27 5699.88 7923.54 7178.28 11215.4 9190.99 12119.9 9902.15 8331.14 10132.4 8008.51 18503.2 14912.3 6846.26 5697.51 4982.77 4902.43 6096.57 4093.71 4177.65 2543.52 2053.9
threshold=77.100837000000013 28.410000000000004 100.50000000000001 225.50000000000003 11.65 23.750000000000004 137867.70000000004 5.1500000000000012 43.750000000000007 1.6541666666666668 18.650000000000002 34.500000000000007 136.8666666666667 318.50000000000006 1.5000000000000002 67.65000000000002 989.00000000000011 233014.20000000004 1872.5000000000002 1607.5000000000002 20.955000000000002 28.647228500000001 39.250000000000007 85.250000000000014 117.05000000000001 992.50000000000011 981.1500000000002 66.833333333333329 10.333333333333334 313.5733333333331
decision_type=2 8 2 10 2 10 2 2 10 2 8 2 10 2 2 10 2 2 2 2 2 2 10 10 10 2 2 10 2 2
left_child=1 -1 7 4 5 -4 -6 -3 28 10 -2 12 16 18 15 -15 17 -11 19 -13 -20 -16 -10 26 -5 -26 -12 -28 -9 -18
right_child=9 2 3 24 6 -7 -8 8 22 11 23 13 -14 14 21 -17 29 -19 20 -21 -22 -23 -24 -25 25 -27 27 -29 -30 -31
leaf_value=0.63830305816496113 0.36478624191812492 0.25086431287229061 1.078016493661063 -0.55610389522884207 -0.11790798999893833 0.062011078276285304 0.16513598893339615 -0.2756790693317141 -0.7584398793501238 0.45794145449995993 0.11078829612902233 -0.019348537386766038 -0.57734539713178357 0.2663400751970163 0.15710104999296806 0.99644977092742926 -0.29628299341599146 0.1044514033160365 0.62022208842966287 0.18202482388030722 -0.091036704100805416 -0.23324868550941125 -0.12717790619893507 -0.62250390646549369 0.38670229482650753 -0.25479476049542427 -0.085449325450962135 -0.46272699910998344 0.17217664589881895 0.047372650738107036
leaf_weight=34 22 24 21 23 142 41 386 21 31 92 35 4302 21 82 102 21 45 353 27 454 1523 67 22 26 20 40 56 50 25 24
leaf_count=34 22 24 21 23 142 41 386 21 31 92 35 4302 21 82 102 21 45 353 27 454 1523 67 22 26 20 40 56 50 25 24
internal_value=7.52734e-12 0.0685071 0.0441691 0.0845947 0.12234 0.406142 0.0890143 -0.177022 -0.280751 -0.00778703 -0.17039 -0.00346649 0.102209 -0.0120613 0.158684 0.415197 0.129973 0.177532 -0.0194261 -0.000125765 -0.078647 0.00234701 -0.496407 -0.240892 -0.183712 -0.0409624 -0.170524 -0.26341 -0.0322792 -0.176751
internal_weight=8132 830 796 673 590 62 528 123 99 7302 189 7113 535 6578 272 103 514 445 6306 4756 1550 169 53 167 83 60 141 106 46 69
internal_count=8132 830 796 673 590 62 528 123 99 7302 189 7113 535 6578 272 103 514 445 6306 4756 1550 169 53 167 83 60 141 106 46 69
is_linear=0
shrinkage=0.03


Tree=237
num_leaves=31
num_cat=0
split_feature=1 1 37 65 16 16 16 35 55 32 35 6 5 1 1 10 11 34 13 58 11 35 39 65 35 14 60 23 24 60
split_gain=4688.13 7589.54 7028.98 10411 7530.65 7754.2 7029.71 6790.04 6276.97 11331.2 9882.23 6164.51 17300.7 6473.87 11250 10504.9 5590.2 5291.91 5036.23 6987.34 6569.21 6305.91 10986.3 8370.98 7342.12 5045.11 7826.29 5961.24 5152.45 4430.03
threshold=77.309166200000007 77.188546500000015 248.83333333333334 64.23642857142859 11.550000000000002 12.250000000000002 11.050000000000002 308.50000000000006 115.86428571428574 115.50000000000001 132.50000000000003 14675.535000000002 2024.5000000000002 77.159231500000018 77.14626250000002 11.550000000000002 59.500000000000007 174.83333333333334 137.50000000000003 33.95000000000001 67.500000000000014 291.50000000000006 53.050000000000004 164.57142857142858 238.50000000000003 1.2500000000000002 8.7150000000000016 6.7200000000000015 188.15500000000003 17.550000000000004
decision_type=2 2 8 8 2 2 2 10 10 10 10 2 2 2 2 2 2 10 2 8 2 10 10 10 8 2 10 2 2 10
left_child=1 11 7 16 6 -6 -5 8 9 -3 -10 12 13 14 -1 -15 -4 -18 25 20 -20 24 -23 -24 -21 28 -27 -28 -2 -30
right_child=18 2 3 4 5 -7 -8 -9 10 -11 -12 -13 -14 15 -16 -17 17 -19 19 21 -22 22 23 -25 -26 26 27 -29 29 -31
leaf_value=0.038809951903002592 -0.61369609117507928 -0.019071724000419489 -0.22140682971379796 0.0016181618594809581 -0.60636524271965031 -0.10273214902998093 0.53524803954979472 -0.5565244538443429 0.72496085332787552 -0.44713761652770795 0.069315623636854784 -0.39470367612317203 0.74117761397361748 0.30909626984128769 -0.077969562442015056 0.043698626117307481 -0.99319720354947183 -0.32740184136799405 0.80385093288762222 0.077896663796517149 0.10193169185093472 -0.6726546919345856 0.35149349074810743 -0.2637630347118658 0.61653568214426435 -0.33740655872225761 0.026218701090131486 0.74103553205728534 0.18656960273611134 -0.38556890870843613
leaf_weight=2008 21 2357 61 95 30 332 29 21 23 57 206 32 30 153 1178 1094 22 21 28 62 21 21 48 34 36 20 21 21 29 21
leaf_count=2008 21 2357 61 95 30 332 29 21 23 57 206 32 30 153 1178 1094 22 21 28 62 21 21 48 34 36 20 21 21 29 21
internal_value=4.02768e-10 -0.00506406 -0.039959 -0.13365 -0.0753541 -0.14447 0.126419 -0.019209 -0.0149398 -0.0291793 0.135166 0.0201969 0.0231718 0.0183127 -0.00436841 0.0762614 -0.406073 -0.668041 0.102458 0.181805 0.503028 0.103497 -0.0604078 0.0963871 0.275764 -0.0466905 0.151036 0.383627 -0.219353 -0.0537286
internal_weight=8132 7749 3254 590 486 362 124 2664 2643 2414 229 4495 4463 4433 3186 1247 104 43 383 250 49 201 103 82 98 133 62 42 71 50
internal_count=8132 7749 3254 590 486 362 124 2664 2643 2414 229 4495 4463 4433 3186 1247 104 43 383 250 49 201 103 82 98 133 62 42 71 50
is_linear=0
shrinkage=0.03


Tree=238
num_leaves=19
num_cat=0
split_feature=21 29 33 51 51 29 9 9 59 21 0 57 44 53 57 57 54 38
split_gain=4564.18 9655.31 6387.54 6320.75 11472.1 10140.9 9634.7 14611 8331.69 8263.25 6736.74 5640.3 4599.43 3453.19 3314.94 3219.85 2765.48 3332.85
threshold=2024.5000000000002 1960.3571428571429 103.50000000000001 2997.6200000000003 1875.4150000000002 428.4285714285715 38.000000000000007 36.45000000000001 26.050000000000004 37.500000000000007 28.581425950000003 188.65000000000001 11.15 263525.00000000006 164.87142857142859 279.07142857142861 70.350000000000009 59.45000000000001
decision_type=2 2 10 2 2 2 2 2 10 2 2 10 10 2 10 10 10 10
left_child=1 3 11 4 6 10 7 -1 -7 -8 -6 12 -2 14 -5 -16 17 -15
right_child=2 -3 -4 13 5 8 9 -9 -10 -11 -12 -13 -14 16 15 -17 -18 -19
leaf_value=0.00063930779410596445 0.094500703130449559 0.66075453221797942 -0.59768003059758079 -0.01806496914314187 -0.46914594069771143 0.9620207199454307 0.53896379177386944 -0.17638401810624471 0.29126652779169382 0.086588672746399212 0.14746502116895638 0.37065702295303343 -0.50774341192245487 -0.01364547168666666 -0.63703260833566833 -0.18035079538822174 0.17238600578159094 -0.45927720728127852
leaf_weight=6625 21 20 27 23 23 20 39 448 100 533 52 20 25 44 33 24 32 23
leaf_count=6625 21 20 27 23 23 20 39 448 100 533 52 20 25 44 33 24 32 23
internal_value=2.55016e-10 0.00241738 -0.20896 0.000775434 0.00479995 0.232025 -0.00099585 -0.0105733 0.403059 0.117432 -0.041629 -0.0499383 -0.232806 -0.175494 -0.322075 -0.444746 -0.0570447 -0.166624
internal_weight=8132 8039 93 8019 7840 195 7645 7073 120 572 75 66 46 179 80 57 99 67
internal_count=8132 8039 93 8019 7840 195 7645 7073 120 572 75 66 46 179 80 57 99 67
is_linear=0
shrinkage=0.03


Tree=239
num_leaves=16
num_cat=0
split_feature=15 15 17 17 36 29 13 13 48 60 59 60 20 54 37
split_gain=4518.46 7110.15 11176.6 7027.88 8988.35 8393.95 6005.22 7240.07 7143.31 5315.8 10380.1 4642.96 4346.54 4264.83 1636.93
threshold=971.95000000000016 975.85000000000002 3347.5000000000005 2735.0000000000005 217.50000000000003 17.571428571428573 354.00000000000006 350.00000000000006 92.050000000000011 12.250000000000002 64.121428571428581 24.650000000000002 6991.0000000000009 65.050000000000011 119.75000000000001
decision_type=2 2 2 2 10 2 2 2 8 10 10 10 2 10 10
left_child=14 2 3 5 -5 12 7 9 -8 10 -3 -11 -2 -7 -1
right_child=1 6 -4 4 -6 13 8 -9 -10 11 -12 -13 -14 -15 -16
leaf_value=0.14842297696150264 -0.3481180910659688 0.096553535544682142 0.61897801065444946 -0.12163729365808623 -0.89548098742961879 0.048897431767545636 0.69476542868614188 -0.56440954470634463 0.002776793816993976 -0.044869838069980988 -0.14964650038317595 0.01298453487856588 -0.1136219005722266 -0.15677970883248668 0.48224492669105529
leaf_weight=39 112 1109 20 35 22 382 25 20 29 1812 179 4014 195 119 20
leaf_count=39 112 1109 20 35 22 382 25 20 29 1812 179 4014 195 119 20
internal_value=2.87788e-11 -0.00191173 -0.0821489 -0.0983599 -0.420314 -0.0756479 0.00796722 0.00558154 0.323142 0.00718399 0.0623378 -0.00500931 -0.199171 4.39792e-05 0.261583
internal_weight=8132 8073 885 865 57 808 7188 7134 54 7114 1288 5826 307 501 59
internal_count=8132 8073 885 865 57 808 7188 7134 54 7114 1288 5826 307 501 59
is_linear=0
shrinkage=0.03


Tree=240
num_leaves=31
num_cat=0
split_feature=1 1 32 12 37 35 19 10 38 32 68 13 9 12 35 57 56 13 58 39 35 39 65 35 14 60 21 24 60 56
split_gain=4444.12 7112.24 6630.1 7690.6 5841.75 8744.07 14949.7 9507.54 5704.58 6681.75 4781.83 10762 13102.7 7907.84 5548.7 9055.32 6351.34 4704.31 6535.86 6295.33 5926.79 10387.5 7828.18 6905.76 4751.73 7395.82 5623.26 4857.43 4147.6 4109.75
threshold=77.309166200000007 77.188546500000015 274.50000000000006 5.7500000000000009 536.83333333333337 485.50000000000006 11.472916666666668 12.65 111.50000000000001 157.50000000000003 11.500000000000002 193.50000000000003 20.300000000000001 7.6500000000000012 344.50000000000006 306.4285714285715 403.50000000000006 137.50000000000003 33.95000000000001 30.950000000000003 291.50000000000006 53.050000000000004 164.57142857142858 238.50000000000003 1.2500000000000002 8.7150000000000016 3.5000000000000004 188.15500000000003 17.550000000000004 155.50000000000003
decision_type=2 2 10 2 10 10 2 2 10 8 2 2 2 2 8 10 10 2 8 10 10 10 10 8 2 10 2 2 10 8
left_child=1 4 10 -4 5 8 7 -7 9 -1 14 12 -12 -13 15 -3 -16 24 19 -19 23 -22 -23 29 27 -26 -27 -2 -29 -20
right_child=17 2 3 -5 -6 6 -8 -9 -10 -11 11 13 -14 -15 16 -17 -18 18 20 -21 21 22 -24 -25 25 26 -28 28 -30 -31
leaf_value=0.01026540787048786 -0.59484761817114684 0.01948109673674811 -0.76862952291965481 -0.016792506750673057 0.43675543379783627 -0.43581196515456488 -0.78415236527269538 0.36920933615776796 -0.34828961363515337 0.11497675486643631 0.63665484046936038 -0.17167408094591605 -0.0018251774160246673 -0.0052387833145260809 0.4226022911482844 -0.3332115477153233 -0.15768238343298432 0.12557694165602973 0.33636874048874293 0.80693908540675274 -0.65352168611117767 0.34096528220921757 -0.25400940469959199 0.59820639262596764 -0.32732199132442474 0.026472705602645873 0.72073043090956557 0.1813638384177767 -0.37223600723913736 -0.15314962289550085
leaf_weight=3697 21 1023 24 25 30 23 33 31 37 644 30 816 809 375 58 70 24 23 29 26 21 48 34 36 20 21 21 29 21 33
leaf_count=3697 21 1023 24 25 30 23 33 31 37 644 30 816 809 375 58 70 24 23 29 26 21 48 34 36 20 21 21 29 21 33
internal_value=-1.20985e-10 -0.00493051 -0.0387104 -0.385039 0.0195232 0.0167199 -0.281094 0.0263299 0.0226381 0.0257996 -0.0334155 -0.0612943 0.0210049 -0.11927 0.0147497 -0.00310672 0.252763 0.099756 0.176444 0.487116 0.100708 -0.0581936 0.0942685 0.267716 -0.0443938 0.147497 0.373602 -0.211961 -0.0511481 0.0758186
internal_weight=8132 7749 3254 49 4495 4465 87 54 4378 4341 3205 2030 839 1191 1175 1093 82 383 250 49 201 103 82 98 133 62 42 71 50 62
internal_count=8132 7749 3254 49 4495 4465 87 54 4378 4341 3205 2030 839 1191 1175 1093 82 383 250 49 201 103 82 98 133 62 42 71 50 62
is_linear=0
shrinkage=0.03


Tree=241
num_leaves=30
num_cat=0
split_feature=15 10 24 62 11 35 34 63 43 15 16 15 58 20 9 9 10 0 35 0 12 63 0 45 60 58 20 48 16
split_gain=4509.93 14819.1 26759.3 37647.3 12032.7 10729.5 7910.96 7175.7 11958.7 6478.09 6332.03 12760.2 15189.4 10188.9 6949.1 15170.8 8720.39 6697.55 5727.34 5631.36 5321.81 7164.27 4462.11 5133.94 4422.83 3788.48 3959.7 2688.79 2030.04
threshold=994.35000000000014 10.250000000000002 528.45500000000015 18.250000000000004 86.500000000000014 155.50000000000003 156.05000000000004 56.944285714285733 27.699999999999999 995.95000000000016 10.15 993.45000000000016 71.250000000000014 3088.2500000000005 25.150000000000002 23.850000000000005 14.050000000000002 28.643240000000002 384.50000000000006 28.662761550000003 6.5500000000000007 25.337142857142862 28.567144700000004 30.309172661870509 26.850000000000005 33.350000000000001 3816.5000000000005 63.015000000000008 14.050000000000002
decision_type=2 2 2 10 2 10 10 10 10 2 2 2 8 2 2 2 2 2 10 2 2 10 2 10 10 10 2 8 2
left_child=1 2 4 -4 20 -2 -5 9 -9 25 11 12 18 22 15 -15 -16 -14 -3 27 21 -1 -12 -24 -22 28 -27 -11 -7
right_child=5 10 3 6 -6 7 -8 8 -10 19 13 -13 17 14 16 -17 -18 -19 -20 -21 24 -23 23 -25 -26 26 -28 -29 -30
leaf_value=0.16194638396923738 0.48233878557498638 0.19707754038454731 1.8371808221340178 0.65623919350760329 0.77816447147727008 -0.78190292984247201 -0.17744785344600678 0.52828476805578573 -0.33200832532002378 0.45628110332981398 -0.73554834562540061 -0.5409302036762238 0.29708086516175952 0.021478231671630151 0.12891389116318216 -0.24960403757364977 -0.0041388449647537292 1.0058235186338425 -0.29503777710785123 -0.27804108617561202 0.4896710443496704 -0.22511129153979437 -0.42066506431290979 0.17315348267555236 -0.033512310339854315 0.061139105616077299 -0.32019850069513683 -0.0024423763803813766 -0.36429210947318508
leaf_weight=72 26 80 20 21 20 20 20 33 26 23 20 20 21 453 479 315 5954 28 29 35 33 107 38 20 26 31 117 23 22
leaf_count=72 26 80 20 21 20 20 20 33 26 23 20 20 21 453 479 315 5954 28 29 35 33 107 38 20 26 31 117 23 22
internal_value=1.33215e-10 0.00478029 0.205016 0.770093 0.0714122 -0.104414 0.249563 -0.150644 0.149173 -0.215917 -0.0037855 0.172996 0.263366 -0.00810849 -0.00441446 -0.0897079 0.00576824 0.702077 0.0661478 0.00872658 0.0120212 -0.0694233 -0.349143 -0.2159 0.259116 -0.311686 -0.240324 0.226919 -0.563154
internal_weight=8132 7776 319 61 258 356 41 330 59 271 7457 178 158 7279 7201 768 6433 49 109 81 238 179 78 58 59 190 148 46 42
internal_count=8132 7776 319 61 258 356 41 330 59 271 7457 178 158 7279 7201 768 6433 49 109 81 238 179 78 58 59 190 148 46 42
is_linear=0
shrinkage=0.03


Tree=242
num_leaves=31
num_cat=0
split_feature=16 5 21 21 5 5 21 45 7 26 23 15 21 9 68 28 22 36 20 16 17 25 58 13 13 43 24 28 48 21
split_gain=4467.54 6329.19 5653.57 20374.1 17325.9 21256.6 16361.2 31852.7 29862.9 23925.9 16105.5 15583.8 16011.2 14202 13729.6 13682.7 25099 13226.5 12951.4 21096.7 18000 10347.5 9601.39 8970.25 8722.31 8444.83 7614.7 6011.45 5432.04 4330.67
threshold=29.850000000000005 233.50000000000003 141.50000000000003 89.500000000000014 307.00000000000006 118.50000000000001 100.50000000000001 44.034460431654686 18.025000000000002 2.5000000000000004 431.37500000000006 986.6500000000002 512.00000000000011 30.450000000000003 8.5000000000000018 241.50000000000003 113.00000000000001 377.50000000000006 17656.500000000004 19.050000000000004 2905.0000000000005 1.5000000000000002 65.850000000000009 107.50000000000001 110.50000000000001 23.883333333333336 230.01500000000001 142.83333333333337 117.80000000000003 66.500000000000014
decision_type=2 2 2 2 2 2 2 10 2 2 2 2 2 2 2 2 2 10 2 2 2 2 10 2 2 10 2 2 10 2
left_child=2 -2 3 10 5 17 7 8 -5 26 18 13 21 -6 -14 16 -7 25 20 -20 -1 -13 -9 -15 -11 -4 -8 -19 -17 -12
right_child=1 -3 4 6 11 15 9 22 -10 24 29 12 14 23 -16 28 -18 27 19 -21 -22 -23 -24 -25 -26 -27 -28 -29 -30 -31
leaf_value=-0.010489778081473092 -0.21474582577857279 0.35231987188418856 -0.21318235279482631 1.2588514948168468 -0.48098674499988558 -0.31367811774789561 0.1101728650698295 -0.59669435885644728 0.33743496493995184 0.40049913328211262 -0.55124497391026595 0.35581200706790078 -0.02428925812244415 0.17899812738447549 0.83333213055240263 -0.4723769634047098 0.044313802359787026 0.16945899076693291 0.39344304890541865 -0.015313054027722071 -0.54299382312544464 0.0029380827869369291 0.16970382673399786 -0.081346661016460139 0.10682090169617108 0.1050546231687319 -0.37138473022332197 0.85189721339024027 -0.12222576235062801 -0.15905453219016394
leaf_weight=3812 155 20 106 43 60 328 39 31 120 106 58 106 24 179 56 171 381 21 189 285 58 254 28 356 644 257 122 26 52 45
leaf_count=3812 155 20 106 43 60 328 39 31 120 106 58 106 24 179 56 171 381 21 189 285 58 254 28 356 644 257 122 26 52 45
internal_value=1.32071e-11 -0.149938 0.00329763 0.0198022 -0.0354469 -0.106576 0.133372 0.364311 0.580508 0.0770948 -0.00913286 0.0567807 0.19215 -0.0433243 0.576046 -0.185767 -0.121302 0.0734382 -0.000341657 0.147672 -0.0184705 0.10684 -0.23298 0.00575935 0.148327 0.0121259 -0.254734 0.546978 -0.390727 -0.3799
internal_weight=8132 175 7957 5580 2377 1342 1133 222 163 911 4447 1035 440 595 80 932 709 410 4344 474 3870 360 59 535 750 363 161 47 223 103
internal_count=8132 175 7957 5580 2377 1342 1133 222 163 911 4447 1035 440 595 80 932 709 410 4344 474 3870 360 59 535 750 363 161 47 223 103
is_linear=0
shrinkage=0.03


Tree=243
num_leaves=29
num_cat=0
split_feature=19 19 14 35 19 19 23 37 19 26 15 9 9 35 25 42 43 34 33 64 43 5 35 36 7 36 15 46
split_gain=4425.7 7677.94 7659.84 7587.07 4897.96 6702.61 6388.25 5535.43 4962.62 8031.03 6687.64 3293.46 2939.29 3049.89 2757.8 2569.36 3514.97 2561.75 3431.04 2626.41 2507.59 3122.64 1763.43 1537.22 1112.22 1070.09 871.56 477.787
threshold=25.835416666666671 25.377083333333335 12.750000000000002 107.50000000000001 25.168750000000006 25.112500000000001 30.010000000000002 114.40000000000003 24.885416666666668 7.5000000000000009 973.85000000000002 32.850000000000001 31.850000000000005 39.95000000000001 5.5000000000000009 9.3750000000000018 17.56666666666667 30.716666666666686 49.95000000000001 34.195000000000007 21.501666666666676 11.500000000000002 111.50000000000001 91.250000000000014 11.045000000000002 54.850000000000001 977.95000000000016 8.5000000000000036
decision_type=2 2 2 10 2 2 2 10 2 2 2 2 2 10 2 10 10 10 10 10 8 2 10 10 2 10 2 10
left_child=1 4 15 11 5 8 7 22 10 -10 -1 12 25 -14 24 -2 -17 -5 19 -19 -8 -22 -6 27 -13 -3 -7 -18
right_child=2 3 -4 17 6 26 20 -9 9 -11 -12 14 13 -15 -16 16 23 18 -20 -21 21 -23 -24 -25 -26 -27 -28 -29
leaf_value=0.22345967572468978 0.35620136530803781 -0.2494876232583608 0.51711532143446115 -0.056986093521118157 -0.0083099800836596936 -0.38717436077626971 0.10795021919533609 0.46716706854956486 -0.079648847158385216 0.31391890267008232 -0.0053016554941763463 -0.24374428152273861 -0.08156801202893256 0.24280999034643172 0.10242423439727109 -0.32170433569550516 0.085719577715448705 -0.76045063535372415 -0.15762894246086942 -0.35260349643230438 0.61899357219537088 0.20069269143301863 -0.30231408314271407 0.30316579793180737 -0.069628063845245738 -0.031339353625088523 -0.18126128201549116 -0.052558790739964355
leaf_weight=117 21 28 39 24 111 37 32 21 79 114 6775 117 40 75 34 25 46 27 32 30 36 29 22 21 46 73 37 44
leaf_count=117 21 28 39 24 111 37 32 21 79 114 6775 117 40 75 34 25 46 27 32 30 36 29 22 21 46 73 37 44
internal_value=1.59232e-10 -0.00347809 0.140827 -0.114232 0.00438379 -0.000183204 0.134643 0.0145272 0.00278342 0.152821 -0.00141816 -0.0546343 0.0262713 0.129983 -0.143343 0.0473542 -0.000335389 -0.332054 -0.406229 -0.545794 0.325343 0.432367 -0.0569422 0.072045 -0.194607 -0.0918161 -0.284218 0.0181168
internal_weight=8132 7936 196 526 7410 7159 251 154 7085 193 6892 413 216 115 197 157 136 113 89 57 97 65 133 111 163 101 74 90
internal_count=8132 7936 196 526 7410 7159 251 154 7085 193 6892 413 216 115 197 157 136 113 89 57 97 65 133 111 163 101 74 90
is_linear=0
shrinkage=0.03


Tree=244
num_leaves=27
num_cat=0
split_feature=60 9 33 9 9 17 62 48 7 53 56 53 10 55 5 31 51 22 37 45 63 63 35 60 55 62
split_gain=4406.47 5559.36 13845.3 12974.1 13393.7 29964.6 12764.7 11434.4 11162.3 11663.3 10206.6 9044.92 23822.4 9932.19 8998.96 8361.07 6744.84 6589.74 5706.86 5402.91 5057.21 4847.29 4608.03 5244.34 3665.18 3568.28
threshold=145.50000000000003 38.45000000000001 79.050000000000011 36.45000000000001 35.650000000000013 2622.5000000000005 6.035000000000001 36.985000000000007 107.86000000000001 183811.95000000004 276.50000000000006 239406.85000000001 25.750000000000004 84.892857142857153 110.50000000000001 961.51999999999998 3538.0300000000007 184.50000000000003 231.83333333333334 12.44676258992806 5.5650000000000013 6.0192857142857159 260.50000000000006 41.050000000000004 83.564285714285731 12.850000000000003
decision_type=10 2 10 2 2 2 10 10 2 2 10 2 2 10 2 2 2 2 10 8 10 10 10 10 10 8
left_child=1 3 10 4 8 17 16 -7 9 -1 14 12 18 25 21 -14 20 -6 -5 -16 -4 -3 24 -24 -8 -13
right_child=-2 2 6 11 5 7 22 -9 -10 -11 -12 13 15 -15 19 -17 -18 -19 -20 -21 -22 -23 23 -25 -26 -27
leaf_value=0.007271088623074704 -0.35134637027978893 0.70411916734278202 0.14055073812603949 -0.45449819611385461 -0.014027986857462439 1.0827254399657249 -0.31627260507467914 0.39969068993145307 0.62608865718841555 -0.10974374279147799 0.82985755133628847 0.16849170230794697 -0.17881000499787 0.55326461100578306 -0.033152810079224694 0.16994765407172963 -0.2030831512097003 0.40912595690102188 -0.97331470105959017 0.19411134183060288 0.74866973409801718 0.25539973358695323 -0.79703146959173266 -0.17452628226152486 0.11599141801397006 -0.23269578351164763
leaf_weight=5492 32 30 32 112 316 32 51 71 25 891 20 32 174 30 208 96 28 37 23 172 20 78 29 21 27 53
leaf_count=5492 32 30 32 112 316 32 51 71 25 891 20 32 174 30 208 96 28 37 23 172 20 78 29 21 27 53
internal_value=3.34377e-10 0.00138804 0.0812023 -0.00635127 0.00459403 0.161689 -0.124964 0.611896 -0.00658499 -0.00906296 0.165617 -0.150829 -0.217501 0.0839721 0.138394 -0.0548073 0.172309 0.0303253 -0.542889 0.0697141 0.374443 0.380044 -0.310759 -0.535579 -0.166643 -0.0816605
internal_weight=8132 8100 716 7384 6864 456 208 103 6408 6383 508 520 405 115 488 270 80 353 135 380 52 108 128 50 78 85
internal_count=8132 8100 716 7384 6864 456 208 103 6408 6383 508 520 405 115 488 270 80 353 135 380 52 108 128 50 78 85
is_linear=0
shrinkage=0.03


Tree=245
num_leaves=31
num_cat=0
split_feature=1 49 15 18 36 33 20 16 54 24 54 17 62 33 9 19 18 56 44 58 6 21 21 21 33 60 48 60 12 15
split_gain=4319.79 11716.8 11332.7 8667.88 9978.4 11194.1 12129.5 7856.39 15937.5 22686.6 9153.47 6684.04 6123.69 5819.33 5535.95 5056.26 10777.5 7907.96 9204.65 7481.84 6938 6677.05 8306.95 8788.08 6012.34 5598.53 5542.63 4620.16 3778.91 3722.18
threshold=77.100837000000013 32.928333333333349 977.05000000000007 4569.5000000000009 310.50000000000006 245.50000000000003 5103.0000000000009 17.650000000000002 86.950000000000017 393.9550000000001 45.150000000000013 1147.5000000000002 5.8850000000000007 70.450000000000017 24.250000000000004 1.6541666666666668 6564.5000000000009 264.50000000000006 28.850000000000005 18.650000000000002 512.86000000000013 1479.5000000000002 1026.5000000000002 771.00000000000011 65.750000000000014 42.850000000000001 44.490000000000002 85.250000000000014 6.2500000000000009 981.1500000000002
decision_type=2 8 2 2 10 10 2 2 8 2 10 2 8 10 2 2 2 10 8 8 2 2 2 2 10 10 10 10 2 2
left_child=1 2 -1 4 11 14 -7 8 10 -10 -5 28 -9 -14 -6 19 21 18 25 -2 -20 22 23 -17 26 -18 -23 29 -3 -21
right_child=15 3 -4 7 5 6 -8 12 9 -11 -12 -13 13 -15 -16 16 17 -19 20 27 -22 24 -24 -25 -26 -27 -28 -29 -30 -31
leaf_value=0.022476174309849738 0.35952634056691418 -0.28415027919568514 0.91087071073906767 0.30036863567797761 0.029739300634550013 0.43263571841376169 -0.44368524679744786 0.37357738304225835 0.073437414417664201 1.1312658976541983 -0.1683769752608763 -0.58996572481619347 0.085064765240408874 -0.23106143990742789 0.61384793972969054 -0.0067599091781985832 -0.21907690033830446 0.67708083782877237 0.1197213429843004 0.10697438223021372 0.80632743318875633 -0.33182484719902278 0.31692965470569234 -0.47674610123659172 -0.42363708582791415 0.17576083018661362 0.28450415601247342 -0.59649221090170046 0.022509689379645429 -0.24984017679573226
leaf_weight=24 22 76 28 76 23 21 44 34 36 37 74 37 114 97 40 6675 58 28 26 35 27 24 71 36 66 73 29 26 69 106
leaf_count=24 22 76 28 76 23 21 44 34 36 37 74 37 114 97 40 6675 58 28 26 35 27 24 71 36 66 73 29 26 69 106
internal_value=-1.33348e-10 0.0648539 0.500842 0.0357132 -0.0873221 0.115634 -0.160566 0.117211 0.246048 0.609597 0.0691208 -0.23006 -5.692e-05 -0.0602634 0.400602 -0.00737178 -0.00330248 0.207387 0.135911 -0.160519 0.469502 -0.00977488 -0.00586601 -0.00928107 -0.232548 0.000947179 0.00541178 -0.229028 -0.138222 -0.161269
internal_weight=8132 830 52 778 310 128 65 468 223 73 150 182 245 211 63 7302 7113 212 184 189 53 6901 6782 6711 119 131 53 167 145 141
internal_count=8132 830 52 778 310 128 65 468 223 73 150 182 245 211 63 7302 7113 212 184 189 53 6901 6782 6711 119 131 53 167 145 141
is_linear=0
shrinkage=0.03


Tree=246
num_leaves=29
num_cat=0
split_feature=35 30 24 30 16 12 11 12 24 29 57 12 17 45 10 35 46 59 37 32 0 22 57 23 39 54 31 63
split_gain=4353.26 5726.74 9025.6 7216.22 5121.32 12050.3 18374.4 10506.3 11182.8 10104.1 4782.87 4376.31 2348.35 2065.24 1882.88 1846.48 1709.74 2332.26 1588.75 1412.19 1294.29 1237.36 1616.09 1172.65 1232.22 2056.41 612.905 438.897
threshold=38.150000000000013 1.7766666666667417 1.3600000000000003 2.9983333333334086 14.750000000000002 5.8500000000000005 68.500000000000014 4.0500000000000007 705.74000000000012 487.85714285714295 70.377380952380975 6.2500000000000009 1122.5000000000002 8.3650000000000002 25.950000000000003 19.550000000000001 44.683333333333344 30.778571428571432 46.918333333333344 35.650000000000013 28.602725000000003 26.500000000000004 91.571428571428584 2.3250000000000006 18.150000000000002 28.550000000000004 9.5728571428570124 15.856428571428571
decision_type=8 2 2 2 2 2 2 2 2 2 10 2 2 10 2 10 8 10 10 10 2 2 10 2 10 10 2 8
left_child=15 2 10 14 5 9 -7 -6 -9 -5 13 19 -12 -2 27 -1 17 -13 -15 -4 -16 23 -23 24 25 -17 -26 -3
right_child=1 3 11 4 7 6 -8 8 -10 -11 12 16 -14 18 20 21 -18 -19 -20 -21 -22 22 -24 -25 26 -27 -28 -29
leaf_value=-0.32950503485543386 -0.045676783472299573 -0.039942786808636402 -0.096455527525395157 0.01233436135681183 -0.70081079614162434 1.1403004446029661 0.16863744656377014 -0.038410947415530958 0.062245776871698397 0.52615474360329761 0.7695417589187622 0.13235080011188985 0.34456018973480573 0.11521726028750771 -0.55586421918869011 -0.16461043695253985 0.33097325832623503 -0.20585328869819638 0.46070751199722287 -0.4046395051997641 -0.25770782420509741 0.20590496818721293 -0.15590031267330048 -0.29219183607534926 -0.21883993025009446 0.2604431165456772 -0.032852734767872351 -0.22019962549209593
leaf_weight=35 24 31 32 2170 20 20 141 3768 1349 35 25 69 22 23 20 21 23 25 25 23 38 25 20 33 52 20 23 20
leaf_count=35 24 31 32 2170 20 20 141 3768 1349 35 25 69 22 23 20 21 23 25 25 23 38 25 20 33 52 20 23 20
internal_value=3.96406e-10 0.00373638 0.134348 -0.00125678 0.00226386 0.0387848 0.289341 -0.014557 -0.0118747 0.0204902 0.335213 -0.00462225 0.570614 0.181548 -0.2436 -0.128946 0.0991304 0.0424029 0.29516 -0.225332 -0.36052 -0.0927627 0.0451026 -0.1344 -0.0895107 0.0427328 -0.161804 -0.110632
internal_weight=8132 7903 291 7612 7503 2366 161 5137 5117 2205 119 172 47 72 109 229 117 94 48 55 58 194 45 149 116 41 75 51
internal_count=8132 7903 291 7612 7503 2366 161 5137 5117 2205 119 172 47 72 109 229 117 94 48 55 58 194 45 149 116 41 75 51
is_linear=0
shrinkage=0.03


Tree=247
num_leaves=21
num_cat=0
split_feature=41 10 41 31 54 1 1 19 18 24 0 21 23 17 32 17 21 24 18 14
split_gain=4284.63 7045.37 5886.06 12763.3 4727.09 4318.77 8954.45 5588.69 7385 5520.2 4781.96 6831.1 7311.08 6804.14 15468.8 7420.5 5798.06 3943.05 3110.07 3334.54
threshold=112.50000000000001 24.900000000000002 99.500000000000014 429.70714285714286 63.45000000000001 77.14626250000002 77.146786750000018 1.6541666666666668 6529.5000000000009 450.67500000000001 28.638037000000004 570.00000000000011 6810.880000000001 1857.5000000000002 166.50000000000003 1612.5000000000002 447.50000000000006 393.9550000000001 6421.0000000000009 12.050000000000002
decision_type=10 2 10 2 10 2 2 2 2 2 2 2 2 2 10 2 2 2 2 2
left_child=2 17 5 -4 -3 10 18 9 -9 -8 11 16 -13 15 -15 -12 -1 -2 19 -7
right_child=1 4 3 -5 -6 6 7 8 -10 -11 13 12 -14 14 -16 -17 -18 -19 -20 -21
leaf_value=-0.024310906479088974 -0.79565784341096868 0.39244705143570896 0.85320318009542384 -0.046737907319455534 -0.24481246180155061 -0.20985932079584976 -0.48124194921244201 -0.0057174549234510902 0.17285017051489396 -0.07236942864385329 0.096846639600191867 0.74940405505044116 -0.033169833475893196 0.017559203671846078 -0.82032910219260624 0.4158022341504693 -0.48898054733276364 -0.20707880633217945 0.20330269720405339 0.14411573234658975
leaf_weight=726 20 20 23 37 22 304 41 5286 217 108 744 21 22 356 21 72 25 21 20 26
leaf_count=726 20 20 23 37 22 304 41 5286 217 108 744 21 22 356 21 72 25 21 20 26
internal_value=3.47391e-11 -0.214443 0.0022113 0.29824 0.0586444 -1.19696e-05 -0.0127033 -0.00358471 0.00132401 -0.184878 0.0383238 -0.0187235 0.349017 0.0762916 -0.0291136 0.12499 -0.0397793 -0.494191 -0.159955 -0.18197
internal_weight=8132 83 8049 60 42 7989 6002 5652 5503 149 1987 794 43 1193 377 816 751 41 350 330
internal_count=8132 83 8049 60 42 7989 6002 5652 5503 149 1987 794 43 1193 377 816 751 41 350 330
is_linear=0
shrinkage=0.03


Tree=248
num_leaves=31
num_cat=0
split_feature=19 30 19 9 53 21 6 24 31 24 7 31 22 19 14 24 28 36 24 36 24 54 68 55 63 11 54 57 38 36
split_gain=4162.24 7150.02 6913.79 5112.55 5093.33 4948.67 14695.2 22449.3 42322.7 29188.3 17877.8 20680.2 14192 14095.5 12200.8 12046.1 12003 11704.9 11042 3709.87 2828.91 2694.04 2294.01 2110.94 2029.56 1815.31 1809.39 1506.08 1390.12 1607.96
threshold=25.835416666666671 3.5166666666667408 25.377083333333335 32.850000000000001 120306.20000000001 141.50000000000003 502.56500000000005 524.57500000000016 369.10571428571416 212.45000000000002 29.820000000000004 384.19571428571419 108.50000000000001 10.502083333333335 0.60000000000000009 632.55500000000018 112.50000000000001 451.50000000000006 1181.7750000000003 97.550000000000011 6.2350000000000012 27.250000000000004 16.500000000000004 52.250000000000007 13.809285714285716 74.500000000000014 37.250000000000007 116.59285714285714 31.850000000000005 116.50000000000001
decision_type=2 2 2 2 2 2 2 2 2 2 2 2 2 2 2 2 2 10 2 10 2 10 2 10 10 2 10 10 10 10
left_child=2 -2 5 4 23 6 10 9 -9 -8 15 -12 14 17 16 -1 -7 -14 -15 20 -5 -3 -6 -4 -16 -22 -24 -23 29 -21
right_child=1 21 3 19 22 12 7 8 -10 -11 11 -13 13 18 24 -17 -18 -19 -20 28 25 27 26 -25 -26 -27 -28 -29 -30 -31
leaf_value=0.033249245019614598 0.50604475233115653 -0.20817103195190428 -0.26667911725640292 -0.41905612019392158 -0.021185592242881007 0.25101994915732312 0.19620719726598806 1.348938326402144 0.21489405046864879 -0.22647190915339022 -0.31254254183661739 0.2118210446012431 0.079607244499218771 0.053578488536711252 0.53227491228282453 -0.15979855274816729 -0.28378319786906242 0.53736505142667068 -0.12729651767767974 -0.25264913354601176 0.10573529860625665 0.062093814981178705 0.3031642996261899 0.067518358115445473 0.10488665637373924 -0.13763347472806098 0.0040400148715291698 0.33996825095266103 -0.1768850318816575 -0.5865294208246119
leaf_weight=3415 38 30 75 26 92 42 355 33 289 251 305 87 585 511 20 318 375 55 749 21 36 107 52 22 20 118 28 21 22 34
leaf_count=3415 38 30 75 26 92 42 355 33 289 251 305 87 585 511 20 318 375 55 749 21 36 107 52 22 20 118 28 21 22 34
internal_value=8.21321e-12 0.136571 -0.00337298 -0.108471 -0.0170518 0.00408743 0.0208315 0.128694 0.331116 0.0211371 -0.00343438 -0.196166 -0.031809 0.00429412 -0.181909 0.0168042 -0.229918 0.118946 -0.0539417 -0.204159 -0.12961 0.0477104 0.0809802 -0.190882 0.318581 -0.0807421 0.198471 0.107683 -0.37843 -0.459048
internal_weight=8132 196 7936 526 269 7410 5053 928 322 606 4125 392 2357 1900 457 3733 417 640 1260 257 180 158 172 97 40 154 80 128 77 55
internal_count=8132 196 7936 526 269 7410 5053 928 322 606 4125 392 2357 1900 457 3733 417 640 1260 257 180 158 172 97 40 154 80 128 77 55
is_linear=0
shrinkage=0.03


Tree=249
num_leaves=31
num_cat=0
split_feature=1 1 37 65 54 31 23 55 32 35 20 35 32 35 19 29 10 51 8 36 51 18 64 11 12 54 12 32 64 6
split_gain=4126.23 6494.22 6798.2 7796.79 7014.33 6962.36 7882.75 6855.9 9364.32 8998.01 6091.18 5840.33 5507.19 7024.72 16635.9 11533.5 5476.73 34603.5 11187 5320.83 5078.11 5005.91 4452.22 8217.49 7342.71 6742.89 4279.82 3841.33 5190.99 6187.23
threshold=77.309166200000007 77.188546500000015 230.50000000000003 64.23642857142859 72.750000000000014 1607.7050000000004 1158.2500000000002 109.59285714285714 100.50000000000001 132.50000000000003 10052.250000000002 209.50000000000003 376.50000000000006 485.50000000000006 11.472916666666668 121.28571428571431 11.550000000000002 530.46000000000015 19.150000000000002 168.50000000000003 512.86000000000013 4011.5000000000005 65.725000000000009 70.500000000000014 4.0500000000000007 69.950000000000017 5.7500000000000009 36.050000000000004 79.250000000000014 337.23500000000007
decision_type=2 2 8 8 10 2 2 10 10 10 2 10 10 10 2 2 2 2 2 10 2 2 8 2 2 10 2 10 10 2
left_child=1 12 7 4 -4 6 -5 8 11 -9 -6 -3 13 16 15 -15 17 -1 -18 -10 -11 -7 23 25 -24 -2 -25 -26 29 -29
right_child=22 2 3 5 10 21 -8 9 19 20 -12 -13 -14 14 -16 -17 18 -19 -20 -21 -22 -23 24 26 27 -27 -28 28 -30 -31
leaf_value=0.025482765391355126 0.22019335884114968 -0.027171050207649528 0.060369741593088423 -0.085842720218217719 -0.3209609624455052 -0.16019200279162479 -0.53723025437530225 0.73227913116358889 -0.58579343974590303 -0.008207092879385482 -0.88664415546825948 0.17568329234771868 0.51532650625705712 -0.49070685430713323 -0.80904886572591717 0.35632916223544336 -0.16233023565226851 0.79739480480299152 0.024756593993075216 -0.1356812574006617 0.38856489058387911 0.24538388482254483 0.4694859654913025 0.32121866721373338 0.36813643234116694 0.96372091514723635 -0.19343628238547933 -0.063651990673758763 0.022894703543186189 -0.73235814285278311
leaf_weight=458 23 2102 35 416 93 39 38 22 39 123 21 136 20 23 31 39 313 59 3552 60 38 92 31 26 21 21 33 33 175 20
leaf_count=458 23 2102 35 416 93 39 38 22 39 123 21 136 20 23 31 39 313 59 3552 60 38 92 31 26 21 21 33 33 175 20
internal_value=-8.40372e-11 -0.0047509 -0.0370297 -0.117375 -0.311114 -0.0680299 -0.123624 -0.0136275 -0.0274743 0.163203 -0.425166 -0.0148439 0.0186163 0.0163963 -0.241612 0.0421061 0.0218721 0.113573 0.00960571 -0.312998 0.085441 0.12464 0.0961219 0.264766 0.0340851 0.575059 0.0333608 -0.0201214 -0.055882 -0.315994
internal_weight=8132 7749 3254 734 149 585 454 2520 2337 183 114 2238 4495 4475 93 62 4382 517 3865 99 161 131 383 103 280 44 59 249 228 53
internal_count=8132 7749 3254 734 149 585 454 2520 2337 183 114 2238 4495 4475 93 62 4382 517 3865 99 161 131 383 103 280 44 59 249 228 53
is_linear=0
shrinkage=0.03


Tree=250
num_leaves=31
num_cat=0
split_feature=15 10 45 10 25 25 42 15 0 63 43 47 1 8 18 8 8 22 63 0 38 26 8 10 61 46 68 32 51 13
split_gain=4160.28 13100.3 23340.8 23118.9 11106.3 9540.1 8578.92 7408.46 9716.51 7477.89 8817.96 6975.55 5478.58 5370.21 19054.5 16987.4 18511.8 15335.6 13703.4 11962.8 8523.46 6243.67 22285 8033.81 4939.96 4360.24 4466.96 5271.27 3713.38 3640.67
threshold=994.35000000000014 10.250000000000002 38.550000000000004 10.100000000000001 1.5000000000000002 3.5000000000000004 24.250000000000004 995.95000000000016 28.662761550000003 56.944285714285733 27.699999999999999 69.904172661870533 77.13893400000002 16.250000000000004 3094.5000000000005 16.950000000000003 16.650000000000002 92.500000000000014 21.841428571428576 28.682925800000003 36.150000000000013 2.5000000000000004 23.650000000000002 14.050000000000002 22.164285714285715 33.866666666666688 22.500000000000004 146.50000000000003 212.45000000000002 302.50000000000006
decision_type=2 2 10 2 2 2 8 2 2 10 10 8 2 2 2 2 2 2 10 2 8 2 2 2 10 8 2 10 2 2
left_child=1 2 3 5 -4 6 -1 9 -9 25 -11 -7 -6 14 17 16 19 24 -19 -15 -16 22 -17 -23 -3 26 27 -2 -14 -27
right_child=7 13 4 -5 12 11 -8 8 -10 10 -12 -13 28 15 20 21 -18 18 -20 -21 -22 23 -24 -25 -26 29 -28 -29 -30 -31
leaf_value=0.33293418598175045 0.062511223231752719 0.20711512207984922 -0.61925235363744913 1.2918153489154316 0.46257355724062238 0.17148621429715838 -0.27497503097240739 0.34000240485300309 -0.28168203262771874 0.5268102497206284 -0.27062987238168712 0.71930166845138255 -0.3228497795218771 0.39716527709364891 -0.92626804425166198 -0.15689329106985991 1.2057978372573852 -0.86710318422317501 0.04156937141539687 -0.45004490080475806 -0.29483604584996764 0.10544623761144881 0.41822727066081233 -0.0065839776664936341 0.76003887867698305 -0.31738697307054387 -0.55693003204853642 -0.34086238319168288 0.10706280710175634 -0.80731573498249054
leaf_weight=45 72 33 31 23 21 35 39 64 35 26 24 52 33 60 26 560 20 20 59 20 74 639 68 5852 26 43 23 49 40 20
leaf_count=45 72 33 31 23 21 35 39 64 35 26 24 52 33 60 26 560 20 20 59 20 74 639 68 5852 26 43 23 49 40 20
internal_value=-3.76693e-10 0.00459125 0.192856 0.398843 -0.126834 0.278735 0.0506906 -0.100285 0.120215 -0.185225 0.144039 0.498916 0.0355587 -0.00346247 -0.143674 0.00116012 0.38945 0.0848285 -0.188474 0.185363 -0.459008 -0.00429415 -0.0946191 0.00444472 0.450776 -0.264757 -0.173686 -0.100838 -0.0872812 -0.47292
internal_weight=8132 7776 319 194 125 171 84 356 99 257 50 87 94 7457 238 7219 100 138 79 80 100 7119 628 6491 59 207 144 121 73 63
internal_count=8132 7776 319 194 125 171 84 356 99 257 50 87 94 7457 238 7219 100 138 79 80 100 7119 628 6491 59 207 144 121 73 63
is_linear=0
shrinkage=0.03


Tree=251
num_leaves=31
num_cat=0
split_feature=40 38 23 28 0 24 33 34 58 49 19 37 40 7 65 56 13 1 47 13 38 39 19 22 41 42 13 34 33 11
split_gain=4160.92 7263.36 11125.7 28211.2 15369.9 10152.7 10629.6 12271.5 8572.26 8554.27 8592.67 7408.56 6205.41 8282.2 8931.66 8234.1 6438.21 6173.3 10562.3 9410.05 6253.25 9686.05 8233.28 5749.79 4296.71 4072.62 3063.44 5578.38 4058.73 3750.43
threshold=94.850000000000009 86.250000000000014 393.9550000000001 100.16666666666667 28.643240000000002 1401.3600000000004 274.50000000000006 205.33333333333334 76.550000000000011 167.46666666666667 18.781250000000004 339.83333333333343 80.050000000000026 25.175000000000001 118.39285714285717 371.50000000000006 260.50000000000006 77.100837000000013 28.410000000000004 100.50000000000001 73.450000000000017 76.65000000000002 6.9937500000000012 219.50000000000003 58.850000000000001 41.750000000000007 283.50000000000006 264.35000000000008 232.50000000000003 55.500000000000007
decision_type=10 8 2 2 2 2 10 10 8 10 2 10 10 2 10 10 2 2 10 2 10 10 2 2 10 10 2 10 10 2
left_child=1 12 3 8 -5 9 7 -7 -3 10 -4 -10 17 14 -14 -16 -15 18 -1 -20 21 -19 -22 -18 25 26 28 29 -2 -28
right_child=24 2 5 4 -6 6 -8 -9 11 -11 -12 -13 13 16 15 -17 23 20 19 -21 22 -23 -24 -25 -26 -27 27 -29 -30 -31
leaf_value=0.59872200541855658 -0.10616943294351751 0.60651618566777965 -0.32741930865815705 0.21474248963853587 1.2130691650935581 0.26484168253727813 0.80512522867747705 -0.52574050396680827 0.097098400062756732 0.38621070523827294 0.20178870478754532 -0.42558965921401976 -0.84672852323605463 -0.35080312122191704 0.035319900046224179 -0.67033690818331459 0.00046984864268885101 -0.010915712778327088 -0.18813931560669189 0.10696774834165504 -0.36778582613055522 -0.30160646199967184 0.19633007148372619 0.61616869720816614 0.22082653061997506 -0.53399669175562647 -0.26406071909836359 -0.59134629236327274 0.33636940185840308 0.085886668039827932
leaf_weight=34 66 27 147 23 35 67 21 24 254 23 34 27 26 28 46 22 43 5899 117 576 26 105 223 20 31 23 63 27 26 49
leaf_count=34 66 27 147 23 35 67 21 24 254 23 34 27 26 28 46 22 43 5899 117 576 26 105 223 20 31 23 63 27 26 49
internal_value=4.30676e-10 0.00408967 0.0976419 0.210231 0.817181 -0.0327618 0.196734 0.0563365 0.0959351 -0.15876 -0.22801 0.0468757 -0.0048151 -0.176306 -0.373805 -0.192981 0.0277043 -0.00026986 0.0824727 0.0571445 -0.00988986 -0.0159994 0.137426 0.19593 -0.112602 -0.153296 -0.115391 -0.204271 0.0188959 -0.110959
internal_weight=8132 7847 682 366 58 316 112 91 308 204 181 281 7165 185 94 68 91 6980 727 693 6253 6004 249 63 285 254 231 139 92 112
internal_count=8132 7847 682 366 58 316 112 91 308 204 181 281 7165 185 94 68 91 6980 727 693 6253 6004 249 63 285 254 231 139 92 112
is_linear=0
shrinkage=0.03


Tree=252
num_leaves=19
num_cat=0
split_feature=60 18 37 45 24 21 23 21 7 33 38 47 8 32 35 43 1 57
split_gain=4084.1 4515.79 9543.22 9603.65 9139.06 8738.44 12542.6 12487.5 9140.24 6496.51 6346.81 5056.11 10335.5 4375.65 6024.19 2832.81 2819.58 2186.67
threshold=145.50000000000003 6540.0000000000009 277.83333333333343 1.2750000000000001 181.68500000000003 1479.5000000000002 4680.6650000000018 771.00000000000011 107.86000000000001 139.50000000000003 17.850000000000005 75.350000000000023 32.750000000000007 163.50000000000003 250.50000000000003 78.200000000000017 77.184301000000019 164.87142857142859
decision_type=10 2 10 10 2 2 2 2 2 10 10 10 2 10 10 8 2 10
left_child=1 5 3 -3 -5 6 7 8 -1 15 -6 12 -4 14 17 -8 -9 -7
right_child=-2 2 11 4 10 13 9 16 -10 -11 -12 -13 -14 -15 -16 -17 -18 -19
leaf_value=-0.0050224923310769757 -0.338250363394618 0.73997060511261226 -0.41322425633319654 0.62785792585076949 -0.38741929364204408 -0.086772921787280771 0.26742220051996002 -0.78583833141624926 0.43364488914262417 0.7588321826674721 0.11132004910465726 -0.48058650270980952 0.5101814703047276 0.048464699284783724 -0.80492631457068697 -0.11913044840097427 -0.28209057663381099 -0.46259778951591052
leaf_weight=7334 32 24 24 29 25 38 91 20 43 22 282 34 20 29 22 21 20 22
leaf_count=7334 32 24 24 29 25 38 91 20 43 22 282 34 20 29 22 21 20 22
internal_value=-3.02606e-10 0.0013363 0.0950234 0.160205 0.118794 -0.00401935 -0.000134925 -0.00533191 -0.00246553 0.287522 0.0707061 -0.205817 0.00650562 -0.268265 -0.380279 0.194944 -0.533964 -0.224575
internal_weight=8132 8100 438 360 336 7662 7551 7417 7377 134 307 78 44 111 82 112 40 60
internal_count=8132 8100 438 360 336 7662 7551 7417 7377 134 307 78 44 111 82 112 40 60
is_linear=0
shrinkage=0.03


Tree=253
num_leaves=28
num_cat=0
split_feature=35 30 24 30 12 35 24 33 40 16 57 12 42 17 49 45 35 35 37 55 15 62 56 39 32 45 24
split_gain=4057.37 5319.46 8205.74 6650.76 4882.32 4916.8 12715.6 4787.18 8262.63 4724.45 4421.31 3958.13 2189.55 2130.29 1983.71 1922.55 1787.36 1680.4 1503.5 1469.63 1239.43 1186.85 1100.79 805.39 1683.61 693.86 496.715
threshold=38.150000000000013 1.7766666666667417 1.3600000000000003 2.9983333333334086 2.5000000000000004 552.50000000000011 1401.3600000000004 206.50000000000003 51.816666666666684 14.750000000000002 70.377380952380975 6.2500000000000009 36.050000000000004 1122.5000000000002 42.930000000000014 8.3650000000000002 114.50000000000001 19.550000000000001 46.918333333333344 30.534285714285719 975.85000000000002 46.103021582733824 42.95000000000001 18.350000000000005 17.350000000000005 7.6050000000000013 1.3600000000000003
decision_type=8 2 2 2 2 10 2 10 10 2 10 2 10 2 10 10 10 10 10 10 2 8 10 10 10 10 2
left_child=17 2 10 16 7 9 -7 8 -5 -6 15 19 14 -12 -13 -2 22 -1 -17 -4 -19 23 -3 24 -22 -24 -25
right_child=1 3 11 4 5 6 -8 -9 -10 -11 13 12 -14 -15 -16 18 -18 20 -20 -21 21 -23 25 26 -26 -27 -28
leaf_value=-0.31581366961342944 -0.045963724404573442 -0.32934925512127255 -0.060638582557439799 0.45507076210342345 0.037893743138391119 -0.65012870967388148 0.30850992035865782 0.63231604886054982 -0.20746388855079809 -0.014307274310417001 0.73680939846038807 0.11778204553402387 0.34461169370412825 0.33203919541260057 -0.1881433618068695 0.10783902896163255 -0.42230483081191778 -0.26726269781589507 0.44393222708702085 -0.37084170831574331 -0.14785282530567861 0.14228426087161769 -0.21121251469308677 -0.27288651710206813 0.17494004604908137 0.00764813452376984 -0.10624057178571819
leaf_weight=35 24 23 28 32 2245 33 20 20 36 5117 25 65 25 22 27 23 32 30 25 27 33 23 22 22 26 32 60
leaf_count=35 24 23 28 32 2245 33 20 20 36 5117 25 65 25 22 27 23 32 30 25 27 33 23 22 22 26 32 60
internal_value=3.46178e-10 0.00360717 0.129489 -0.00120517 0.00217473 -0.000461621 -0.288378 0.224317 0.104317 0.00161113 0.321013 -0.00301949 0.0956517 0.547342 0.0279996 0.17327 -0.23386 -0.124487 0.282888 -0.21292 -0.089969 -0.0575372 -0.155545 -0.0901322 -0.00560512 -0.0815173 -0.15095
internal_weight=8132 7903 291 7612 7503 7415 53 88 68 7362 119 172 117 47 92 72 109 229 48 55 194 164 77 141 59 54 82
internal_count=8132 7903 291 7612 7503 7415 53 88 68 7362 119 172 117 47 92 72 109 229 48 55 194 164 77 141 59 54 82
is_linear=0
shrinkage=0.03


Tree=254
num_leaves=15
num_cat=0
split_feature=13 41 10 41 9 6 24 1 1 35 48 17 13 18
split_gain=4024.37 3893.42 6224.05 3931.28 5861.34 10763.4 15301.2 5045.89 7160.88 5657.09 4759.91 10305.3 6614.67 2782.68
threshold=358.50000000000006 118.50000000000001 24.900000000000002 99.500000000000014 41.400000000000006 2756.5350000000003 2333.5800000000004 77.14626250000002 77.146786750000018 522.50000000000011 133.56395683453241 697.50000000000011 284.50000000000006 6421.0000000000009
decision_type=2 10 2 8 2 2 2 2 2 10 8 2 2 2
left_child=1 3 -3 7 5 6 -5 10 13 -10 12 -12 -1 -9
right_child=-2 2 -4 4 -6 -7 -8 8 9 -11 11 -13 -14 -15
leaf_value=0.0094901838375457143 0.42503073227405547 -0.53973815133494718 0.048013745932018057 0.058010660998973264 0.55992600560188288 -0.50129866928889832 0.90616187024116512 -0.17203589561510343 -0.0074754721439064921 -0.33134799054766795 0.51718840163686997 -0.14991729347286997 0.13123443753148487 0.19245812241733073
leaf_weight=1099 20 31 34 447 22 29 20 328 5155 49 23 222 633 20
leaf_count=1099 20 31 34 447 22 29 20 328 5155 49 23 222 633 20
internal_value=-4.6354e-10 -0.00104791 -0.232299 0.000820032 0.080762 0.0595088 0.0943341 -0.00468003 -0.0193355 -0.010525 0.0364769 -0.087291 0.0539845 -0.151088
internal_weight=8132 8112 65 8047 518 496 467 7529 5552 5204 1977 245 1732 348
internal_count=8132 8112 65 8047 518 496 467 7529 5552 5204 1977 245 1732 348
is_linear=0
shrinkage=0.03


Tree=255
num_leaves=31
num_cat=0
split_feature=1 1 32 16 1 10 9 1 57 18 22 9 34 39 15 48 48 13 37 37 16 26 63 58 13 62 35 58 23 26
split_gain=3963.6 5876.95 6534.98 7240.43 5456.13 9706.68 26641 7882.48 10438.3 13242.8 11571.3 7701.79 9825.43 8467.9 5556.81 5385.23 10136.4 6099.78 4479.88 5599.36 7304.7 6341.82 4391.15 4254.95 8220.34 7781.86 5366.87 17368.4 10239.6 12516.2
threshold=77.309166200000007 77.188546500000015 274.50000000000006 14.15 77.159231500000018 11.550000000000002 24.150000000000002 77.14626250000002 231.64285714285717 4513.5000000000009 58.500000000000007 25.150000000000002 272.50000000000006 82.850000000000009 992.1500000000002 133.56395683453241 149.46640287769787 284.50000000000006 417.50000000000006 230.50000000000003 11.950000000000001 10.500000000000002 12.479999999999999 42.350000000000001 260.50000000000006 24.708129496402879 324.50000000000006 65.850000000000009 278.12000000000006 3.5000000000000004
decision_type=2 2 10 2 2 2 2 2 8 2 2 2 8 8 2 8 8 2 10 8 2 2 10 8 2 10 10 10 2 2
left_child=1 4 18 -4 7 6 14 15 10 -10 -9 13 -13 -7 -6 17 -17 -1 19 21 -21 -3 -2 24 -24 -26 28 -28 -25 -30
right_child=22 2 3 -5 5 11 -8 8 9 -11 -12 12 -14 -15 -16 16 -18 -19 -20 20 -22 -23 23 26 25 -27 27 -29 29 -31
leaf_value=0.0094360589121119734 0.4706163543462753 -0.01977049531430573 -0.73650489234924321 -0.007003728793933987 0.49543710899353027 0.01398230799340776 1.2869186090784415 -0.10837338314518052 -0.092098481367073298 -0.52079860728778193 0.11204030295502702 0.043100919292726914 0.51705294701974924 -0.60220194676343131 0.030964440031196267 -0.41966130219973047 0.014937813664053348 0.1249722679056551 0.39652001722292463 0.058632510973696123 -0.16880338261349859 0.30309388633285245 -0.0015084018490531229 -0.17006430526542199 0.17013920002513463 0.93023411588235327 -0.92411244506185697 0.090549548225743431 0.85637869559801538 0.082488133480005402
leaf_weight=1138 26 2461 25 24 30 49 21 479 239 89 388 988 41 34 102 65 188 644 22 171 495 56 66 77 27 22 22 49 26 68
leaf_count=1138 26 2461 25 24 30 49 21 479 239 89 388 988 41 34 102 65 188 644 22 171 495 56 66 77 27 22 22 49 26 68
internal_value=4.37421e-11 -0.00465633 -0.0353629 -0.379198 0.0175726 0.0703873 0.294423 -0.0031118 -0.0642693 -0.208423 -0.00973381 0.0395622 0.0619853 -0.238431 0.136526 0.0328013 -0.0967181 0.0511899 -0.0301061 -0.0330548 -0.110408 -0.0125872 0.0942087 0.0667952 0.217038 0.511406 -0.00460107 -0.223853 0.0864333 0.296543
internal_weight=8132 7749 3254 49 4495 1265 153 3230 1195 328 867 1112 1029 83 132 2035 253 1782 3205 3183 666 2517 383 357 115 49 242 71 171 94
internal_count=8132 7749 3254 49 4495 1265 153 3230 1195 328 867 1112 1029 83 132 2035 253 1782 3205 3183 666 2517 383 357 115 49 242 71 171 94
is_linear=0
shrinkage=0.03


Tree=256
num_leaves=28
num_cat=0
split_feature=19 14 19 35 19 10 19 31 37 16 41 10 35 60 61 34 13 37 64 47 36 54 16 62 0 45 35
split_gain=3900.24 6585.07 6322.76 6859.48 4539.05 6322.59 6096.71 4473.62 4580.25 4376.02 3442.95 2939.08 2851.82 2756.49 3785.4 2438.45 2406.61 2039.97 1779.76 1546.76 1420.65 1360.63 1266.52 777.062 1062.27 444.111 405.366
threshold=25.835416666666671 12.750000000000002 25.377083333333335 107.50000000000001 25.168750000000006 25.550000000000004 25.112500000000001 1.8428571428570131 49.666666666666664 17.650000000000002 18.550000000000004 26.850000000000005 144.50000000000003 11.15 17.632142857142863 19.916666666666668 103.50000000000001 49.666666666666664 52.220000000000006 58.350000000000009 91.250000000000014 41.850000000000001 16.050000000000004 12.850000000000003 28.638037000000004 7.6050000000000013 82.250000000000014
decision_type=2 2 2 10 2 2 2 2 10 2 8 2 10 10 10 10 2 10 10 10 10 10 2 10 2 10 10
left_child=2 13 4 11 6 -6 7 8 -1 -9 -5 15 21 -2 -15 -4 18 -17 -7 -18 25 -12 -13 24 -8 -16 -24
right_child=1 -3 3 10 5 16 23 9 -10 -11 12 22 -14 14 20 17 19 -19 -20 -21 -22 -23 26 -25 -26 -27 -28
leaf_value=0.0034811305240369755 0.36543210161583761 0.48109474374697758 0.22978791288818631 -0.00020113763809204103 0.48574100276357252 -0.15114592315564895 -0.18954417675733565 0.022120284215157885 0.57219575285911561 -0.0253552928821838 -0.38343659399912272 -0.05091576300002635 -0.59504718448378535 -0.36414740376851773 0.077467326603981909 -0.32001888547624857 0.1859029521989195 -0.013215936767277274 0.1770404098033905 -0.094277688690594261 0.28853511912482127 -0.066357381343841559 -0.23025765744122592 -0.1393303519888566 -0.47278792303342082 -0.053838474764065308 -0.40142113941907881
leaf_weight=26 21 39 35 25 38 58 22 3797 25 3237 29 30 38 22 49 21 114 274 20 21 21 21 33 26 26 44 20
leaf_count=26 21 39 35 25 38 58 22 3797 25 3237 29 30 38 22 49 21 114 274 20 21 21 21 33 26 26 44 20
internal_value=-2.92357e-10 0.132203 -0.00326509 -0.103771 0.00386931 0.129265 -0.00052717 0.00230219 0.282263 0.00027234 -0.310885 -0.0471026 -0.399147 0.0455355 -0.00386029 -0.00696663 0.0656688 -0.0350561 -0.0669956 0.142319 0.0656688 -0.250263 -0.206679 -0.27142 -0.342968 0.0153442 -0.294848
internal_weight=8132 196 7936 526 7410 251 7159 7085 51 7034 113 413 88 157 136 330 213 295 78 135 114 50 83 74 48 93 53
internal_count=8132 196 7936 526 7410 251 7159 7085 51 7034 113 413 88 157 136 330 213 295 78 135 114 50 83 74 48 93 53
is_linear=0
shrinkage=0.03


Tree=257
num_leaves=26
num_cat=0
split_feature=15 10 45 24 25 35 54 61 35 60 16 7 54 32 20 32 58 9 46 46 49 59 49 12 7
split_gain=3984.82 12145.5 21742.9 30663 10508.5 9901.94 8235.14 6745.39 5944.85 5248.6 5189.21 11477.7 14927.1 10109.8 9099.73 7804.19 5907.83 5993.18 4336.09 4228.04 9362.45 3900.48 4155.83 5052.32 3622.94
threshold=994.35000000000014 10.250000000000002 38.550000000000004 560.33500000000015 1.5000000000000002 155.50000000000003 82.65000000000002 31.490000000000002 286.50000000000006 8.4650000000000016 10.15 63.065000000000005 161.50000000000003 248.50000000000003 3088.2500000000005 153.50000000000003 113.50000000000001 25.150000000000002 68.916666666666671 31.950000000000021 65.950000000000003 28.63571428571429 34.43333333333333 4.0500000000000007 9.8150000000000013
decision_type=2 2 10 2 2 10 10 8 8 8 2 2 10 10 2 10 10 2 10 10 8 8 10 2 2
left_child=1 2 3 6 -4 -2 -1 -8 -6 -7 11 12 15 -14 19 -3 17 -16 -10 20 -12 -11 -23 -24 -18
right_child=5 10 4 -5 8 9 7 -9 18 21 14 -13 13 -15 16 -17 24 -19 -20 -21 -22 22 23 -25 -26
leaf_value=0.76335882018912926 0.46552463375605069 0.16892743607136335 -0.60176819662893977 1.2664164515584706 -0.28918958999893879 0.23578514474630355 0.26682217068463854 -0.19643068537116051 0.47634743515787453 0.12730099591341884 -0.17075241191820664 -0.52032606679201132 0.31520432230864848 1.0944373476505278 -0.081352445422847447 -0.44472214125669918 0.10695205271244049 0.0087363344301271389 -0.030131251662969587 -0.0078698451519012454 -0.99333959805965422 -0.57876540486629191 0.21544738649175715 -0.22731354981730151 -0.35237689822912216
leaf_weight=22 26 66 31 30 33 30 103 39 29 33 33 20 43 23 742 26 20 6371 32 25 20 26 26 215 68
leaf_count=22 26 66 31 30 33 30 103 39 29 33 33 20 43 23 742 26 20 6371 32 25 20 26 26 215 68
internal_value=6.25903e-11 0.00449338 0.185768 0.384579 -0.122786 -0.0981476 0.223267 0.139591 0.0351768 -0.142558 -0.0032613 0.156774 0.242483 0.586755 -0.00717479 -0.00449527 -0.00368378 -0.00066137 0.210654 -0.329466 -0.481163 -0.180392 -0.218422 -0.179547 -0.247984
internal_weight=8132 7776 319 194 125 356 164 142 94 330 7457 178 158 66 7279 92 7201 7113 61 78 53 300 267 241 88
internal_count=8132 7776 319 194 125 356 164 142 94 330 7457 178 158 66 7279 92 7201 7113 61 78 53 300 267 241 88
is_linear=0
shrinkage=0.03


Tree=258
num_leaves=16
num_cat=0
split_feature=35 16 5 32 32 30 35 1 16 60 48 55 55 23 44
split_gain=3828.41 3881.47 5638.61 5459.33 4741.03 10316.5 5288.82 4840.93 4024.37 3532.25 3434.36 5544.88 4340.45 1117.8 631.591
threshold=24.450000000000003 29.850000000000005 233.50000000000003 418.50000000000006 329.50000000000006 501.89500000000004 566.50000000000011 77.309166200000007 11.15 11.925000000000002 79.65000000000002 114.60000000000002 70.435714285714297 120.97000000000001 10.350000000000003
decision_type=8 2 2 8 10 2 10 2 2 8 8 8 10 2 8
left_child=13 3 9 4 6 8 7 -2 -6 -3 12 -12 -11 14 -1
right_child=1 2 -4 -5 5 -7 -8 -9 -10 10 11 -13 -14 -15 -16
leaf_value=-0.24437287598848342 0.0021148733045173677 -0.57111585974693291 0.33619729122519487 0.43897327519380125 -0.82527961730957022 0.17003266308456658 -0.44834690824798917 0.11660234688877545 -0.26194114485383035 -0.1740829442437738 -0.59205203590854516 -0.0096356326767376484 0.30380226604067362 -0.3749846453136868 -0.0059547875449061389
leaf_weight=20 7413 20 20 26 21 34 23 348 25 50 31 28 26 27 20
leaf_count=20 7413 20 20 26 21 34 23 348 25 50 31 28 26 27 20
internal_value=-5.39562e-11 0.00187615 -0.137869 0.00497569 0.00354081 -0.226229 0.00590226 0.00724844 -0.519117 -0.199039 -0.143916 -0.315651 -0.0105959 -0.225838 -0.125164
internal_weight=8132 8065 175 7890 7864 80 7784 7761 46 155 135 59 76 67 40
internal_count=8132 8065 175 7890 7864 80 7784 7761 46 155 135 59 76 67 40
is_linear=0
shrinkage=0.03


Tree=259
num_leaves=23
num_cat=0
split_feature=60 8 8 10 21 5 24 5 6 5 6 56 14 17 44 58 56 46 12 37 44 0
split_gain=3782.73 4377.58 9127.28 8347.47 7993.59 16032.6 24129.9 15905.5 20801.2 18652.5 13120.9 7437.14 6605.48 8419.75 9443.73 5452.53 5196.08 4373.5 3189.26 2271.76 2159.12 1155.14
threshold=145.50000000000003 33.150000000000013 33.45000000000001 27.250000000000004 141.50000000000003 90.500000000000014 524.57500000000016 307.00000000000006 2584.8600000000006 118.50000000000001 286.37000000000006 144.50000000000003 0.25000000000000006 3620.0000000000005 28.850000000000005 24.150000000000002 217.50000000000003 18.446666666666676 6.6500000000000012 165.50000000000003 7.4350000000000014 28.643240000000002
decision_type=10 2 2 2 2 2 2 2 2 2 2 10 2 2 8 8 10 8 2 10 8 2
left_child=1 3 16 4 5 10 -7 9 -9 -6 -1 18 13 14 -4 -15 -3 21 20 -20 -5 -14
right_child=-2 2 12 11 7 6 -8 8 -10 -11 -12 -13 17 15 -16 -17 -18 -19 19 -21 -22 -23
leaf_value=0.011425913508289432 -0.32553147498518226 0.19925799987532875 0.1237206205624645 0.1571786216781898 0.056519239868332696 0.03025502154181401 0.32000697014606577 0.21022561271223672 -0.098270703693641742 -0.20076139769841872 -0.15156848435317713 -0.5841878284130777 0.054244257872924209 0.40180075085163114 0.63942507559290296 -0.12492281687610289 0.77939942002296436 -0.54752481982111934 -0.34330089834428601 0.017723180907113213 -0.10956612178434928 -0.22814541596580637
leaf_weight=3605 32 33 177 44 369 900 363 388 399 811 507 35 32 20 39 153 24 24 62 21 72 22
leaf_count=3605 32 33 177 44 369 900 363 388 399 811 507 35 32 20 39 153 24 24 62 21 72 22
internal_value=1.14945e-10 0.00128605 0.0851452 -0.00451413 0.00110772 0.0200441 0.113533 -0.0506377 0.0538215 -0.120307 -0.00867092 -0.180906 0.0414025 0.0919253 0.216834 -0.0640299 0.443528 -0.210564 -0.109977 -0.251957 -0.00838708 -0.0608034
internal_weight=8132 8100 524 7576 7342 5375 1263 1967 787 1180 4112 234 467 389 216 173 57 78 199 83 116 54
internal_count=8132 8100 524 7576 7342 5375 1263 1967 787 1180 4112 234 467 389 216 173 57 78 199 83 116 54
is_linear=0
shrinkage=0.03


Tree=260
num_leaves=31
num_cat=0
split_feature=19 30 19 35 35 30 20 10 20 5 41 9 35 56 57 19 9 57 20 67 33 37 9 40 47 18 34 45 10 36
split_gain=3649.24 6359.74 5992.06 6419.07 4279.33 6371.99 5835.24 24144.3 16244.7 3311.76 3220.03 2719.49 2672.81 2641.93 4566.76 2492.32 2465.2 3214.53 2309.53 2263.19 2199.73 1882.96 1606.91 1687.79 1569.33 1354.6 1085.03 1064.86 1057.63 900.235
threshold=25.835416666666671 3.5166666666667408 25.377083333333335 107.50000000000001 47.100000000000009 1.7766666666667417 9486.2500000000018 10.750000000000002 8922.7500000000018 90.500000000000014 18.550000000000004 32.850000000000001 144.50000000000003 84.15000000000002 142.05000000000004 26.087500000000002 31.850000000000005 73.65000000000002 9674.5000000000018 1.0000000180025095e-35 25.350000000000005 66.616666666666688 35.050000000000004 26.916666666666671 76.540000000000006 5206.0000000000009 14.378333333333339 7.6050000000000013 26.850000000000005 54.850000000000001
decision_type=2 2 2 10 8 2 2 2 2 2 8 2 10 10 10 2 2 10 2 2 10 10 2 8 8 2 10 8 2 10
left_child=2 -2 4 11 9 13 8 -8 -7 18 -5 16 25 20 -15 21 29 -18 26 28 -6 -3 23 -23 -20 -12 -1 -24 -13 -4
right_child=1 15 3 10 5 6 7 -9 -10 -11 12 19 -14 14 -16 -17 17 -19 24 -21 -22 22 27 -25 -26 -27 -28 -29 -30 -31
leaf_value=-0.36566487413831056 0.47633572476768965 -0.07640237442820387 -0.22542626310672076 -0.0008973970413208007 -0.03199895009930645 0.017153760942263639 1.0180294489860535 -0.027134217960470532 0.30894487412421257 0.23129793912172317 -0.09255318169410412 -0.12018669308789752 -0.57636454591625608 0.52991731172161438 0.035298534482717511 -0.1640584786580159 -0.024329967105821252 0.293866371793567 -0.10784218453941867 0.095849471252192467 0.25720600796908866 0.12956397584506443 0.20470172207463871 0.50991583432470045 0.13067010268646603 -0.40510287713259457 -0.17065621490203417 -0.093960470216614855 -0.28332193186822924 -0.025338957233175839
leaf_weight=32 38 34 28 25 56 3039 20 3700 182 24 26 110 38 42 28 39 62 53 80 34 41 21 22 21 36 24 130 21 53 73
leaf_count=32 38 34 28 25 56 3039 20 3700 182 24 26 110 38 42 28 39 62 53 80 34 41 21 22 21 36 24 130 21 53 73
internal_value=5.86348e-11 0.127878 -0.00315828 -0.101 0.00378704 0.0084863 0.00408042 -0.0215151 0.0336412 -0.106817 -0.301355 -0.0461814 -0.386713 0.191607 0.33207 0.044072 0.0273369 0.122317 -0.136007 -0.12679 0.0902423 0.112283 0.187757 0.31974 -0.0338211 -0.242577 -0.209176 0.0588434 -0.173231 -0.0808087
internal_weight=8132 196 7936 526 7410 7108 6941 3720 3221 302 113 413 88 167 70 158 216 115 278 197 97 119 85 42 116 50 162 43 163 101
internal_count=8132 196 7936 526 7410 7108 6941 3720 3221 302 113 413 88 167 70 158 216 115 278 197 97 119 85 42 116 50 162 43 163 101
is_linear=0
shrinkage=0.03


Tree=261
num_leaves=16
num_cat=0
split_feature=41 34 41 31 33 38 39 58 38 9 40 9 20 17 26
split_gain=3624.78 5975.54 5332.16 11705.1 3804.05 3621.2 5637.95 4260.38 4111.52 7104.24 5303.5 3512.71 2585.63 1884.07 1388.54
threshold=112.50000000000001 76.566666666666706 99.500000000000014 429.70714285714286 55.650000000000013 115.50000000000001 103.50000000000001 113.50000000000001 86.250000000000014 23.250000000000004 80.050000000000026 24.550000000000004 11807.500000000002 1292.5000000000002 3.5000000000000004
decision_type=10 10 10 2 10 10 10 10 8 2 10 2 2 2 2
left_child=2 4 5 -4 -2 7 -7 8 10 -10 -1 -9 -13 -8 -15
right_child=1 -3 3 -5 -6 6 13 11 9 -11 -12 12 -14 14 -16
leaf_value=0.0013959266373085365 -0.31280195804742666 -0.60837318648300731 0.81524925268214676 -0.046577582166001601 0.16924998364027807 -0.56115471421239471 0.19477118994508472 0.0065360457698504125 -0.18191783976058162 0.10114483980969949 -0.15888246675319384 -0.64529207253456111 -0.1876504590511322 0.0096383082866668707 -0.3203228031505238
leaf_weight=6830 26 23 23 37 34 26 21 36 90 704 191 20 25 24 22
leaf_count=6830 26 23 23 37 34 26 21 36 90 704 191 20 25 24 22
internal_value=2.23456e-10 -0.19724 0.00203391 0.283789 -0.0396392 -8.21662e-05 -0.186189 0.00210983 0.00435329 0.0690596 -0.0029643 -0.214343 -0.391047 -0.0406804 -0.148169
internal_weight=8132 83 8049 60 60 7989 93 7896 7815 794 7021 81 45 67 46
internal_count=8132 83 8049 60 60 7989 93 7896 7815 794 7021 81 45 67 46
is_linear=0
shrinkage=0.03


Tree=262
num_leaves=27
num_cat=0
split_feature=15 10 45 10 25 35 25 42 47 63 43 35 17 16 61 32 16 35 56 35 25 0 16 54 64 32
split_gain=3781.58 11134.7 20376.2 20049.5 10186.9 9301.86 8280.06 7906.07 6420.42 6092.6 10316.3 5582.64 5412.84 4842.96 14315.8 4781.36 12294.9 5565.94 5396.06 4610.5 4447.27 4386.52 4288.53 3996.12 2723.88 1029.8
threshold=994.35000000000014 10.250000000000002 38.550000000000004 10.100000000000001 1.5000000000000002 155.50000000000003 3.5000000000000004 24.250000000000004 69.904172661870533 56.944285714285733 27.699999999999999 286.50000000000006 687.50000000000011 7.7500000000000009 32.742857142857154 329.50000000000006 13.750000000000002 552.50000000000011 487.50000000000006 535.00000000000011 1.5000000000000002 28.662761550000003 14.450000000000001 163.50000000000003 76.45744604316549 140.50000000000003
decision_type=2 2 10 2 2 10 2 8 8 10 10 10 2 2 8 10 2 10 10 10 2 2 2 10 8 10
left_child=1 2 3 6 -4 -2 7 -1 -8 12 -11 -6 21 14 -3 17 -17 18 -15 -18 -14 22 -7 -13 -22 -23
right_child=5 13 4 -5 11 9 8 -9 -10 10 -12 23 20 15 -16 16 19 -19 -20 -21 24 25 -24 -25 -26 -27
leaf_value=0.31705241515239074 0.45071355700492854 -0.24137590742111203 -0.59235102699648945 1.2019891202190647 -0.27955624190243805 0.36658464962785892 0.14954920567784991 -0.26653068721294398 0.67511472395979444 0.48972459295933896 -0.30930874668634856 0.48654353444392867 -0.59421795006539369 -0.0040512001776426537 0.89370899704098694 -0.77045007296479662 -0.22602636943260829 -0.49009531463895523 0.21568739608806722 0.3590331593155861 -0.053139215386830842 -0.41931083697080612 -0.13819779191698345 -0.0044599946098668238 -0.3327382489963423 -0.12187363983555273
leaf_weight=45 26 20 31 23 33 33 35 39 52 33 26 26 37 7219 20 26 27 21 102 22 52 20 28 35 79 22
leaf_count=45 26 20 31 23 33 33 35 39 52 33 26 26 37 7219 20 26 27 21 102 22 52 20 28 35 79 22
internal_value=-5.84983e-12 0.0043773 0.177945 0.370405 -0.120754 -0.095612 0.258555 0.0461031 0.46368 -0.138656 0.137608 0.0347732 -0.198802 -0.00304768 0.326167 -0.00482313 -0.243142 -0.00238865 -0.000989687 0.0366534 -0.303783 -0.0275697 0.134881 0.20482 -0.221752 -0.26351
internal_weight=8132 7776 319 194 125 356 171 84 87 330 59 94 271 7457 40 7417 75 7342 7321 49 168 103 61 61 131 42
internal_count=8132 7776 319 194 125 356 171 84 87 330 59 94 271 7457 40 7417 75 7342 7321 49 168 103 61 61 131 42
is_linear=0
shrinkage=0.03


Tree=263
num_leaves=23
num_cat=0
split_feature=24 57 31 29 34 32 63 43 29 31 32 21 16 21 44 62 58 62 43 43 46 35
split_gain=3595.84 10279 15143.2 8131.8 6671.14 8544.04 10742.7 8105.39 6045.97 19478.5 13950.3 8613.17 7994.3 6379.75 6282.39 5929.58 5471.25 4408.23 4304.87 3947.61 2980.37 1074.31
threshold=2958.5050000000006 308.35714285714295 3856.6792857142859 615.857142857143 77.166666666666671 74.750000000000014 11.057857142857141 31.116666666666664 487.85714285714295 2740.6285714285718 134.50000000000003 1026.5000000000002 16.750000000000004 141.50000000000003 13.001402877697844 17.850000000000005 28.850000000000005 11.550000000000002 28.466666666666665 65.350000000000009 7.73166666666667 159.50000000000003
decision_type=2 10 2 2 10 8 10 10 2 2 10 2 2 2 10 10 10 8 8 10 10 10
left_child=3 4 -3 8 5 18 -7 15 9 11 12 13 -10 -1 -11 -6 -9 -18 -2 -20 -5 -14
right_child=1 2 -4 20 7 6 -8 16 10 14 -12 -13 21 -15 -16 -17 17 -19 19 -21 -22 -23
leaf_value=0.011068224586887089 0.37241256582325899 0.84333532055219007 -0.02681327904264132 -0.16462500058114529 -0.62770428672030165 1.005611625060439 0.15043328486956084 0.36042064105763155 -0.30685923699070428 -0.97973713057381773 0.93320425879955282 0.60445241212844847 0.36901187592261547 -0.055871129412535317 -0.31597275127064095 -0.078894260314238407 -0.36378277686509219 0.060878113203428015 -0.14034219110349438 0.13981898867631259 -0.67633430310658038 0.10791777304009249
leaf_weight=5700 29 36 36 20 37 20 39 34 34 21 20 21 37 1653 33 34 33 66 106 79 21 23
leaf_count=5700 29 36 36 20 37 20 39 34 34 21 20 21 37 1653 33 34 33 66 106 79 21 23
internal_value=9.98349e-11 0.0741408 0.408261 -0.0053677 0.0237075 0.120691 0.440324 -0.106079 -0.00307714 -0.00640471 0.213741 -0.00224744 0.0606631 -0.00398016 -0.574103 -0.364894 0.0320859 -0.0806755 0.0325673 -0.0207058 -0.42672 0.268926
internal_weight=8132 549 72 7583 477 273 59 204 7542 7428 114 7374 94 7353 54 71 133 99 214 185 41 60
internal_count=8132 549 72 7583 477 273 59 204 7542 7428 114 7374 94 7353 54 71 133 99 214 185 41 60
is_linear=0
shrinkage=0.03


Tree=264
num_leaves=14
num_cat=0
split_feature=16 32 5 32 56 9 9 33 60 45 55 5 42
split_gain=3610.27 5018.24 4949.84 4472.32 4808.95 4201.36 13637.9 9237.72 3321.06 3231.77 4892.27 4698.41 486.365
threshold=29.850000000000005 418.50000000000006 233.50000000000003 358.50000000000006 610.00000000000011 38.45000000000001 36.45000000000001 79.050000000000011 11.925000000000002 22.050000000000004 70.435714285714297 28.500000000000004 30.750000000000004
decision_type=2 8 2 10 10 2 2 10 8 8 10 2 10
left_child=1 3 8 4 5 6 -1 -7 -2 10 12 -11 -10
right_child=2 -3 -4 -5 -6 7 -8 -9 9 11 -12 -13 -14
leaf_value=0.0061234354347420375 -0.55288168323039999 0.41906600200212918 0.30938238358497616 -0.36399778258800503 0.4103160912256974 0.13938796911454504 -0.15573023343325726 -0.099963819150413774 -0.27207171708345412 -0.072759341868487259 0.34409819260239599 -0.61799438234567639 -0.08949904421537086
leaf_weight=6659 20 26 20 30 26 509 504 203 24 33 24 25 29
leaf_count=6659 20 26 20 30 26 509 504 203 24 33 24 25 29
internal_value=1.77861e-11 0.0029644 -0.134787 0.00160031 0.00298848 0.00164365 -0.00526484 0.0711458 -0.192099 -0.13865 -0.0112576 -0.307774 -0.172173
internal_weight=8132 7957 175 7931 7901 7875 7163 712 155 135 77 58 53
internal_count=8132 7957 175 7931 7901 7875 7163 712 155 135 77 58 53
is_linear=0
shrinkage=0.03


Tree=265
num_leaves=31
num_cat=0
split_feature=35 24 24 1 7 5 5 35 16 24 36 11 18 47 37 35 64 43 7 21 62 6 11 34 5 57 57 9 12 21
split_gain=3489.01 3600.61 11366 11866 10723.7 11914.8 27688.1 15571.8 13184.4 12217.5 11463 11283.4 14085.4 8914.95 8636.86 13385 8437.08 8310.5 7531.71 10885.2 8109.21 7321.89 10234.2 8133.73 6922.7 4484.17 4975.2 4183.99 3118.31 989.706
threshold=24.450000000000003 767.70500000000004 912.13000000000011 77.188546500000015 39.255000000000003 195.50000000000003 180.50000000000003 235.50000000000003 21.550000000000004 656.8850000000001 64.850000000000009 42.500000000000007 5615.5000000000009 81.65000000000002 245.83333333333334 191.50000000000003 137.1713309352518 84.333333333333357 25.175000000000001 170.50000000000003 10.850000000000003 2756.5350000000003 49.500000000000007 132.84999999999999 200.00000000000003 162.51428571428576 200.07142857142858 33.150000000000013 5.5500000000000007 26.500000000000004
decision_type=8 2 2 2 2 2 2 10 2 2 10 2 2 8 10 10 8 10 2 2 10 2 2 10 2 10 10 2 2 2
left_child=29 4 3 14 5 6 9 -8 27 -2 13 17 -13 -6 15 -3 18 -12 20 -20 -4 22 -18 -23 -10 28 -27 -7 -5 -1
right_child=1 2 16 25 10 8 7 -9 24 -11 11 12 -14 -15 -16 -17 21 -19 19 -21 -22 23 -24 -25 -26 26 -28 -29 -30 -31
leaf_value=-0.12086459768749774 0.015408752807280218 0.2866222098629389 -0.3664761586258044 -0.36988858837972988 0.0090699918940663343 -0.42714015315279702 0.32765408835168608 1.296296783208847 -0.32650023070366485 -0.24782644993375713 0.11033618741840456 -0.17683537928201259 -0.78431245468758248 0.78685089690344667 -0.013808779798705003 1.0219436588722306 0.56701507618794078 -0.53445627074316149 0.19916675146093565 -0.032141989381689773 -0.039026830213021509 0.10606684094667435 0.11045330867819164 -0.55747084363647126 0.28565052933990953 0.48868465985243131 -0.14068216608278453 -0.079881266333707943 0.09775086062295095 -0.35593600882424248
leaf_weight=40 4897 56 104 33 36 131 59 20 23 164 179 480 37 21 29 37 65 20 233 855 197 60 138 23 60 26 20 41 21 27
leaf_count=40 4897 56 104 33 36 131 59 20 23 164 179 480 37 21 29 37 65 20 233 855 197 60 138 23 60 26 20 41 21 27
internal_value=-1.92001e-10 0.00179105 0.0379358 0.239644 -0.00932546 0.00564776 0.0155779 0.57288 -0.194514 0.0068787 -0.113828 -0.146424 -0.220311 0.295621 0.438216 0.579169 0.011202 0.0455329 -0.0193501 0.0173938 -0.152165 0.159583 0.256643 -0.077805 0.116018 -0.00261398 0.215047 -0.344363 -0.188029 -0.215595
internal_weight=8132 8065 1897 222 6168 5395 5140 79 255 5061 773 716 517 57 122 93 1675 199 1389 1088 301 286 203 83 83 100 46 172 54 67
internal_count=8132 8065 1897 222 6168 5395 5140 79 255 5061 773 716 517 57 122 93 1675 199 1389 1088 301 286 203 83 83 100 46 172 54 67
is_linear=0
shrinkage=0.03


Tree=266
num_leaves=31
num_cat=0
split_feature=15 10 45 10 25 25 42 15 63 43 63 58 1 16 7 54 32 20 32 58 9 44 46 49 68 46 32 36 7 5
split_gain=3587.94 10185.8 19104.7 18073.2 9760.99 7761.13 7840.77 6432.43 6603.01 7635.55 6317.59 5284.53 4842.74 4739.01 10491.9 13903 9272.1 8051.83 7384.81 5200.83 5354.8 4215.46 3978.42 8393.14 3921.25 5513.15 4059.44 3341.89 3308.15 1605.42
threshold=994.35000000000014 10.250000000000002 38.550000000000004 10.100000000000001 1.5000000000000002 2.5000000000000004 24.050000000000004 995.95000000000016 56.944285714285733 27.699999999999999 12.899571428571429 30.150000000000002 77.13893400000002 10.15 63.065000000000005 161.50000000000003 248.50000000000003 3088.2500000000005 153.50000000000003 113.50000000000001 25.150000000000002 10.65 31.950000000000021 65.950000000000003 22.500000000000004 33.866666666666688 146.50000000000003 314.50000000000006 9.8150000000000013 136.50000000000003
decision_type=2 2 10 2 2 2 8 2 10 10 8 8 2 2 2 10 10 2 10 10 2 10 10 8 2 10 10 10 2 2
left_child=1 2 3 5 -4 6 -1 8 24 -10 -7 -9 -6 14 15 18 -17 22 -3 20 -19 -13 23 -15 25 26 -2 -14 -21 -23
right_child=7 13 4 -5 12 10 -8 11 9 -11 -12 21 27 17 -16 16 -18 19 -20 28 -22 29 -24 -25 -26 -27 -28 -29 -30 -31
leaf_value=0.3171385795931364 0.036038138800197177 0.16238638585264031 -0.58059041423182323 1.1461662237540535 0.43475383315767557 -0.088476328829303383 -0.38047779321670533 0.48942715809345244 0.49330967898838796 -0.2487418684363365 0.49925631215495442 -0.2817411013956993 0.16080378997325898 -0.16299224896864459 -0.49726976323127747 0.30423955777703326 1.0504891951187796 -0.076730590508874208 -0.43454753664823675 0.10665517938137054 0.0084250680808882206 -0.010435308516025543 0.0022139413118362427 -0.94183431351184843 -0.52237364789372998 -0.52037024898188455 -0.30165795384071553 -0.25175339347921133 -0.33226519809049715 0.35628031658178022
leaf_weight=29 81 66 31 23 21 20 29 25 26 24 93 31 30 33 20 43 23 742 26 20 6371 21 25 20 38 35 53 43 68 22
leaf_count=29 81 66 31 23 21 20 29 25 26 24 93 31 30 33 20 43 23 742 26 20 6371 21 25 20 38 35 53 43 68 22
internal_value=9.49028e-11 0.00426376 0.170271 0.35663 -0.118958 0.250436 -0.0316696 -0.0931319 -0.172279 0.137125 0.395233 0.112331 0.0332824 -0.00283781 0.150098 0.232043 0.564296 -0.00657769 -0.00631233 -0.00329384 -0.000458033 -0.0150669 -0.309745 -0.456895 -0.247014 -0.185099 -0.0975282 -0.0822093 -0.232511 0.177187
internal_weight=8132 7776 319 194 125 171 58 356 257 50 113 99 94 7457 178 158 66 7279 92 7201 7113 74 78 53 207 169 134 73 88 43
internal_count=8132 7776 319 194 125 171 58 356 257 50 113 99 94 7457 178 158 66 7279 92 7201 7113 74 78 53 207 169 134 73 88 43
is_linear=0
shrinkage=0.03


Tree=267
num_leaves=29
num_cat=0
split_feature=60 9 33 62 9 9 17 48 20 32 20 16 53 10 36 31 31 47 54 16 10 48 37 19 35 60 32 37
split_gain=3564.86 4561.99 11301.2 11145.8 10641 11953.3 27607.1 10371.1 8943.14 18486.8 13629.4 8035.47 7659.16 19847.4 8408.5 9501.48 7223.34 7033.9 6735.92 6666.19 6158.9 5451.75 5401.97 4842.68 4324.23 4969.93 3463.73 3448.87
threshold=145.50000000000003 38.45000000000001 79.050000000000011 6.035000000000001 36.45000000000001 35.650000000000013 2622.5000000000005 36.985000000000007 14344.000000000002 120.50000000000001 13893.250000000002 17.550000000000004 239406.85000000001 25.750000000000004 191.50000000000003 548.81285714285707 961.51999999999998 42.335000000000008 93.350000000000009 20.050000000000004 25.850000000000005 51.306046511627912 231.83333333333334 13.4 260.50000000000006 41.050000000000004 36.95000000000001 221.16666666666671
decision_type=10 2 10 10 2 2 2 10 2 10 2 2 2 2 10 2 2 10 10 2 2 10 10 2 10 10 10 10
left_child=1 4 11 19 5 8 20 -8 10 -10 -1 17 13 22 -14 -16 -15 -3 26 -4 -7 -19 -6 -21 27 -26 -13 -5
right_child=-2 2 3 24 12 6 7 -9 9 -11 -12 18 14 16 15 -17 -18 21 -20 23 -22 -23 -24 -25 25 -27 -28 -29
leaf_value=0.0036909275338145309 -0.31601758240722116 0.84389405593872069 -0.1617496738650582 -0.33140799767204693 -0.40896360801266768 0.198896710776159 1.0330939033627509 0.38259389111063846 -0.058744442546694739 -0.61295936990914679 0.5594754032492637 0.36815117228415706 -0.28570063442776078 -0.16471480707798539 0.54827459396286438 -0.12513442628762939 0.15944710868410764 -0.15777526992559432 0.50379562696989844 0.70560680461966474 -0.064599498448917617 0.46643582462826194 -0.91373100399971008 0.09642962817102671 -0.75863480169197606 -0.15263492107391358 0.03781175547709259 0.068749780903259908
leaf_weight=5490 32 25 33 42 112 122 32 71 820 58 40 31 38 174 44 33 96 20 34 23 231 34 23 24 29 21 364 36
leaf_count=5490 32 25 33 42 112 122 32 71 820 58 40 31 38 174 44 33 96 20 34 23 231 34 23 24 29 21 364 36
internal_value=-1.86476e-10 0.00124846 0.0735496 -0.112713 -0.00576232 0.00415009 0.152557 0.584691 -0.00641072 -0.0953555 0.00771107 0.149815 -0.136606 -0.197958 0.0794611 0.259671 -0.0494572 0.427857 0.0986136 0.165069 0.0264672 0.235247 -0.494961 0.394538 -0.286327 -0.504115 0.0637371 -0.14672
internal_weight=8132 8100 716 208 7384 6864 456 103 6408 878 5530 508 520 405 115 77 270 79 429 80 353 54 135 47 128 50 395 78
internal_count=8132 8100 716 208 7384 6864 456 103 6408 878 5530 508 520 405 115 77 270 79 429 80 353 54 135 47 128 50 395 78
is_linear=0
shrinkage=0.03


Tree=268
num_leaves=24
num_cat=0
split_feature=13 13 36 36 38 15 58 1 32 17 31 38 35 7 13 26 24 24 68 58 44 28 41
split_gain=3544.23 3627.51 11010.2 11706.6 21288.9 9726.49 13818.9 16429.4 13404.3 12197.3 12833.1 10491.2 9677.86 9673.26 9662.75 14215.9 11801.7 8489.11 6779 5357.69 6499.76 3630.65 3566.73
threshold=358.50000000000006 297.50000000000006 373.50000000000006 346.50000000000006 47.433023255813957 986.6500000000002 15.350000000000003 77.188546500000015 136.50000000000003 2577.5000000000005 382.31999999999988 53.650000000000013 403.50000000000006 41.185000000000009 303.50000000000006 11.500000000000002 767.70500000000004 1.1700000000000002 6.5000000000000009 39.250000000000007 18.950000000000003 122.00000000000001 18.750000000000004
decision_type=2 2 8 10 10 2 8 2 10 2 2 8 10 2 2 2 2 2 2 8 8 2 10
left_child=1 5 3 14 -5 8 7 -7 12 10 -8 -10 17 -13 16 -16 -3 -1 -11 -4 -21 -9 -22
right_child=-2 2 19 4 -6 6 9 21 11 18 -12 13 -14 -15 15 -17 -18 -19 -20 20 22 -23 -24
leaf_value=0.10116694399651832 0.39887091642245648 -0.21034554716137399 0.051219996557785911 1.0907001826037532 -0.24759875178337096 1.199982710123062 0.11551139939427375 0.397238648891449 -0.77842618376016615 0.76208063178030505 -0.03480876717458236 0.28000342335965894 -0.66837018728256226 -0.54775810271501535 -0.0053904344069329643 0.48350357477602207 0.12600419636107674 -0.024031474391180811 0.21602764754703169 -0.91418398046493532 -0.52008317979899321 -0.11707543526376997 -0.082261671003173373
leaf_weight=565 20 419 26 23 20 20 900 30 36 28 1183 27 20 24 879 57 121 3550 76 20 33 21 34
leaf_count=565 20 419 26 23 20 20 900 30 36 28 1183 27 20 24 879 57 121 3550 76 20 33 21 34
internal_value=-1.65114e-10 -0.00098341 -0.0409585 -0.0197055 0.468236 0.00908439 0.0593428 0.471243 -0.0177947 0.0459707 0.0301399 -0.386315 -0.0100411 -0.109531 -0.0339206 0.024382 -0.134978 -0.00684141 0.363042 -0.326651 -0.439578 0.185462 -0.297905
internal_weight=8132 8112 1632 1519 43 6480 2258 71 4222 2187 2083 87 4135 51 1476 936 540 4115 104 113 87 51 67
internal_count=8132 8112 1632 1519 43 6480 2258 71 4222 2187 2083 87 4135 51 1476 936 540 4115 104 113 87 51 67
is_linear=0
shrinkage=0.03


Tree=269
num_leaves=27
num_cat=0
split_feature=15 17 17 36 36 15 5 6 5 13 31 6 31 35 20 14 68 13 1 64 1 40 43 41 22 35
split_gain=3493.33 7946.63 6488.59 7237.36 5866.41 6584.12 5497.56 19203.5 15296.4 9091.85 10625.5 15545 15522.6 8620.37 7704.19 10285.6 8171.01 5911.37 5513.28 5310.14 5258 5249.1 5138.81 6518.54 4901.07 3393.99
threshold=975.85000000000002 3347.5000000000005 2735.0000000000005 217.50000000000003 221.50000000000003 975.1500000000002 16.500000000000004 58.245000000000005 15.500000000000002 339.50000000000006 246.1342857142856 512.86000000000013 294.32714285714275 346.50000000000006 4536.0000000000009 8.1500000000000004 25.500000000000004 313.00000000000006 77.159231500000018 154.49672661870508 77.175104500000018 42.25 20.883333333333336 50.050000000000004 10.500000000000002 121.50000000000001
decision_type=2 2 2 10 8 2 2 2 2 2 2 2 2 10 2 2 2 2 2 10 2 10 8 10 2 10
left_child=1 2 4 -4 5 24 8 19 13 10 11 -9 -12 14 15 -2 -16 18 -10 20 -8 -20 -11 -24 -1 -7
right_child=6 -3 3 -5 -6 25 7 9 17 22 12 -13 -14 -15 16 -17 -18 -19 21 -21 -22 -23 23 -25 -26 -27
leaf_value=-0.084128556765241613 0.03760768020259482 0.53736913436651235 -0.10910367183387279 -0.8034937945279208 0.38048965477517671 -0.1566042049692222 -0.95231254463195802 -0.13963393777878921 0.23428614678382875 0.57304682284155317 0.16117819699514155 0.31189224169254304 -0.0083620480737715327 -0.4994500490029653 0.053573204752442823 -0.36330530076571133 0.40142030753195285 0.10457047442595163 1.1458642280101776 -0.095249216686934229 -0.3675565272377383 0.4585368613600731 -0.020513743054671366 0.6035931896120309 0.081557880187329221 -0.48036436694233042
leaf_weight=413 154 20 35 22 28 125 25 807 25 34 555 75 3911 27 1207 92 64 36 20 24 31 20 61 20 263 38
leaf_count=413 154 20 35 22 28 125 25 807 25 34 555 75 3911 27 1207 92 64 36 20 24 31 20 61 20 263 38
internal_value=2.52933e-10 -0.0542576 -0.0670633 -0.377114 -0.0466794 -0.0609353 0.00712565 -0.007167 0.0552862 -0.000409779 -0.00608503 -0.101239 0.0127071 0.0318887 0.0413456 -0.112327 0.0710887 0.412967 0.583772 -0.468601 -0.628608 0.802201 0.263514 0.133587 -0.0196677 -0.232082
internal_weight=8132 944 924 57 867 839 7188 5543 1645 5463 5348 882 4466 1544 1517 246 1271 101 65 80 56 40 115 81 676 163
internal_count=8132 944 924 57 867 839 7188 5543 1645 5463 5348 882 4466 1544 1517 246 1271 101 65 80 56 40 115 81 676 163
is_linear=0
shrinkage=0.03


Tree=270
num_leaves=23
num_cat=0
split_feature=24 57 31 29 34 32 43 36 36 29 31 32 33 21 24 44 62 64 43 43 49 46
split_gain=3466.85 9475.87 13796.7 6942.12 6043.77 8112.4 7379.19 5922.52 5839.85 5558.94 17842.1 13072.6 8637.39 7675.75 6009.96 5815.17 5446.39 4541.86 4070.7 3667.08 3344.55 2792.03
threshold=2958.5050000000006 308.35714285714295 3856.6792857142859 615.857142857143 77.166666666666671 74.750000000000014 31.116666666666664 179.50000000000003 344.50000000000006 487.85714285714295 2740.6285714285718 134.50000000000003 90.850000000000009 1026.5000000000002 2333.5800000000004 13.001402877697844 17.850000000000005 48.820000000000007 28.466666666666665 65.350000000000009 103.74833333333333 7.73166666666667
decision_type=2 10 2 2 10 10 10 10 10 2 2 10 10 2 2 10 10 10 8 10 8 10
left_child=3 4 -3 9 5 18 16 -7 20 10 13 12 17 14 -1 -12 -6 -11 -2 -20 -8 -5
right_child=1 2 -4 21 6 7 8 -9 -10 11 15 -13 -14 -15 -16 -17 -18 -19 19 -21 -22 -23
leaf_value=-0.0071047701020259283 0.36129045589216824 0.80888261074821155 -0.021679953982432682 -0.14090420562028882 -0.59798088331480281 0.08951619379795514 0.039299794254678021 0.69493658856912088 -0.41385289484804322 0.043007442528201691 -0.93993332386016837 0.90121113131102171 -0.30036819206299009 0.57036770709923335 0.23306545265215006 -0.30132747064937243 -0.072006436533787674 0.58066798946032161 -0.13629329412332122 0.13372966463807262 0.45239010340788149 -0.63618165799549653
leaf_weight=7258 29 36 36 20 37 26 89 33 22 31 21 20 37 21 95 33 34 26 106 79 22 21
leaf_count=7258 29 36 36 20 37 26 89 33 22 31 21 20 37 21 95 33 34 26 106 79 22 21
internal_value=1.91767e-10 0.0727989 0.393601 -0.00527055 0.0243759 0.116686 -0.0991569 0.428141 0.0326729 -0.00315416 -0.0063449 0.204747 0.0565636 -0.00236608 -0.0040018 -0.549674 -0.346106 0.288256 0.0308177 -0.0209862 0.121174 -0.394583
internal_weight=8132 549 72 7583 477 273 204 59 133 7542 7428 114 94 7374 7353 54 71 57 214 185 111 41
internal_count=8132 549 72 7583 477 273 204 59 133 7542 7428 114 94 7374 7353 54 71 57 214 185 111 41
is_linear=0
shrinkage=0.03


Tree=271
num_leaves=31
num_cat=0
split_feature=1 47 18 35 32 49 13 63 47 62 35 16 46 35 13 37 22 18 18 65 56 32 19 11 30 21 39 18 18 18
split_gain=3471.74 10439.7 8412.91 8057.61 17081.7 11766.8 7272.6 8997.82 8190.07 6484.43 6292.85 6023.27 4335.22 5302.78 12424.7 7076.07 13029.6 5328.06 10314.8 6619.61 4635.59 4501.2 10089.8 15879.9 9062.71 10733.3 8048.16 7591.05 7223.2 4655.71
threshold=77.100837000000013 28.410000000000004 4569.5000000000009 366.50000000000006 116.50000000000001 93.732841726618716 299.50000000000006 22.132857142857144 98.550000000000011 4.1450000000000005 175.50000000000003 13.300000000000002 88.51666666666668 522.50000000000011 284.50000000000006 413.83333333333343 92.500000000000014 3425.5000000000005 3672.5000000000005 130.95714285714288 384.50000000000006 76.425000000000026 13.4 51.500000000000007 385.12999999999982 144.50000000000003 44.750000000000007 2981.5000000000005 4778.0000000000009 2615.5000000000005
decision_type=2 8 2 10 10 8 2 10 10 10 10 2 8 10 2 10 2 2 2 10 10 10 2 2 2 2 8 2 2 2
left_child=1 -1 6 4 9 -5 7 10 -9 -4 -3 -8 13 15 -15 17 -17 19 -19 -2 -18 24 27 -24 29 26 -26 -23 -29 -14
right_child=12 2 3 5 -6 -7 11 8 -10 -11 -12 -13 21 14 -16 16 20 18 -20 -21 -22 22 23 -25 25 -27 -28 28 -30 -31
leaf_value=0.57294635611421918 0.026158779436955229 -0.10752209929444573 0.53852894067764279 0.19712452135302802 0.78907108308587748 -0.80829645502567293 -0.72836965462336178 0.46645602873393466 -0.011592976305124569 0.065252210792303089 -0.68972121288999921 -0.10451395225524902 0.46741994670459203 -0.86613849912370944 0.17865642791613937 -0.23843006307850234 0.23302328579603357 -0.19117949993861419 -0.018644729905352722 0.324439520423074 0.68905771616527012 -0.41357983737156306 0.26885826871945306 -0.45234694823142019 0.17977268689870834 0.11759746470171345 0.94244063567031511 0.1610849161213691 -0.10781436990345677 0.0071826297958051
leaf_weight=34 704 55 28 22 35 20 26 42 139 375 24 30 21 21 20 39 47 333 4911 74 35 29 39 93 20 91 33 327 124 341
leaf_count=34 704 55 28 22 35 20 26 42 139 375 24 30 21 21 20 39 47 333 4911 74 35 29 39 93 20 91 33 327 124 341
internal_value=9.55238e-11 0.0581404 0.0361512 0.115285 0.153347 -0.281647 -0.0840517 -0.0172588 0.0993355 0.098135 -0.284393 -0.394161 -0.00660867 -0.0164373 -0.356482 -0.0141677 0.212978 -0.0187318 -0.0296009 0.05453 0.427672 0.0477564 -0.00697847 -0.239264 0.113957 0.315259 0.654641 0.0568999 0.0871525 0.0338815
internal_weight=8132 830 796 480 438 42 316 260 181 403 79 56 7302 6184 41 6143 121 6022 5244 778 82 1118 612 132 506 144 53 480 451 362
internal_count=8132 830 796 480 438 42 316 260 181 403 79 56 7302 6184 41 6143 121 6022 5244 778 82 1118 612 132 506 144 53 480 451 362
is_linear=0
shrinkage=0.03


Tree=272
num_leaves=20
num_cat=0
split_feature=60 18 37 15 45 24 18 65 35 7 24 7 24 33 62 53 13 54 41
split_gain=3437.41 4029.01 8308.72 8460.44 8340.85 8717.24 6936.96 6247.75 5886.39 8772.33 4639.02 16010 10868.1 28289.1 11258.7 10668 9474.72 3488.46 2850.38
threshold=145.50000000000003 6540.0000000000009 277.83333333333343 980.85000000000002 1.2750000000000001 181.68500000000003 6372.5000000000009 48.090000000000011 262.50000000000006 20.210000000000004 767.70500000000004 38.010000000000005 1181.7750000000003 143.50000000000003 5.9450000000000012 174531.65000000005 110.50000000000001 68.450000000000017 45.650000000000013
decision_type=10 2 10 2 10 2 2 10 10 2 2 2 2 10 10 2 2 10 8
left_child=1 6 4 -4 -3 -6 10 -7 9 -8 11 16 13 -12 -14 -13 -1 -5 -11
right_child=-2 2 3 17 5 7 8 -9 -10 18 12 15 14 -15 -16 -17 -18 -19 -20
leaf_value=-0.071281707746167988 -0.3103170484676957 0.69084505558013909 0.18361690616235135 -0.69102496604919428 0.60912372480178689 -0.11359370967373252 0.37070928795771163 0.16754831681042337 -0.71377648293972018 -0.049138911500573153 0.10614308455667527 -0.087808503845542771 0.16280540843644448 1.0734436606949773 -0.054590861157757548 -0.3763411533223911 0.027402223542531304 -0.1665349693596363 -0.49582253615061445
leaf_weight=1120 32 24 32 25 29 112 22 195 20 20 441 614 279 29 926 142 4013 21 36
leaf_count=1120 32 24 32 25 29 112 22 195 20 20 441 614 279 29 926 142 4013 21 36
internal_value=1.19269e-10 0.00122594 0.0897196 -0.190989 0.15054 0.111946 -0.00383282 0.0649818 -0.254615 -0.136882 -0.000583648 -0.0131135 0.043469 0.165828 -0.00425596 -0.142004 0.00586979 -0.451584 -0.336293
internal_weight=8132 8100 438 78 360 336 7662 307 98 78 7564 5889 1675 470 1205 756 5133 46 56
internal_count=8132 8100 438 78 360 336 7662 307 98 78 7564 5889 1675 470 1205 756 5133 46 56
is_linear=0
shrinkage=0.03


Tree=273
num_leaves=25
num_cat=0
split_feature=40 38 23 32 36 68 7 59 26 36 32 30 57 68 13 32 16 12 32 16 61 58 54 36
split_gain=3417.54 6510.97 12216.1 4704.84 4551.3 4245.17 4546.08 4143.16 6272.65 15540.5 11020.7 8218.99 6909.35 4808.22 8270.76 7709.02 4832.18 10297 6361.63 4644.9 3541.01 2715.95 2410.52 4115.53
threshold=94.850000000000009 96.350000000000009 431.37500000000006 329.50000000000006 256.50000000000006 11.500000000000002 13.805000000000001 91.878571428571448 10.500000000000002 423.50000000000006 163.50000000000003 493.01833333333337 408.64285714285717 23.500000000000004 143.50000000000003 79.850000000000009 19.450000000000003 6.2500000000000009 136.50000000000003 20.250000000000004 30.550000000000004 60.250000000000007 235.50000000000003 286.50000000000006
decision_type=10 10 2 10 10 2 2 8 2 10 10 2 10 2 2 10 2 2 10 2 10 10 10 10
left_child=1 7 -3 5 -4 6 -2 13 9 10 -9 12 -10 16 15 -15 17 -1 -18 -16 -8 -7 23 -23
right_child=3 2 4 -5 -6 21 20 8 11 -11 -12 -13 -14 14 19 -17 18 -19 -20 -21 -22 22 -24 -25
leaf_value=-0.010983712968182235 -0.28636794716119768 0.72733997871167955 -0.3462081183493137 -0.53422793933323454 0.23040403321917566 -0.4400146166324615 0.047222716353441538 0.032358617735105552 0.38770132977788041 -0.76448258996009821 0.69608033686876292 0.72021344411989729 -0.19071328008876126 -0.01493015472813854 -0.26709496078881578 0.58196856737136837 -0.021525695311167381 0.086350683609494314 -0.22267696283414568 0.026132018596288706 0.50157890439033503 -0.16370122689008712 -0.37283302824497222 0.20202377577871083
leaf_weight=3220 20 32 22 21 28 25 38 364 41 21 24 29 34 127 213 23 2049 1405 152 63 26 90 25 40
leaf_count=3220 20 32 22 21 28 25 38 364 41 21 24 29 34 127 213 23 2049 1405 152 63 26 90 25 40
internal_value=2.73419e-11 0.00370638 0.269629 -0.102049 -0.0233053 -0.0676712 0.10843 0.00089818 0.0832905 0.030392 0.0734136 0.291324 0.125487 -0.00493018 -0.102713 0.0765943 0.0011723 0.0185849 -0.0354171 -0.200163 0.231805 -0.149852 -0.103052 -0.0511705
internal_weight=8132 7847 82 285 50 264 84 7765 513 409 388 104 75 7252 426 150 6826 4625 2201 276 64 180 155 130
internal_count=8132 7847 82 285 50 264 84 7765 513 409 388 104 75 7252 426 150 6826 4625 2201 276 64 180 155 130
is_linear=0
shrinkage=0.03


Tree=274
num_leaves=31
num_cat=0
split_feature=1 1 37 58 56 18 49 59 36 60 6 6 1 10 1 55 7 32 13 7 51 9 21 42 48 21 60 6 6 60
split_gain=3488.44 5186.18 6363.46 7465.47 7846.5 7615.25 7362.45 6794.04 6180.56 5318.01 5053.08 14165.2 5131 8783.11 8253.57 4884.01 10157.6 7655.64 3952.73 5668.74 7182.59 5766.56 9261.97 5071.19 4706.33 4499.38 3947.95 7948.12 3858.53 3068.14
threshold=77.309166200000007 77.188546500000015 230.50000000000003 58.750000000000007 153.50000000000003 4611.5000000000009 47.57166666666668 34.350000000000001 261.50000000000006 24.650000000000002 14675.535000000002 11251.245000000001 77.159231500000018 11.550000000000002 77.14626250000002 109.59285714285714 14.685000000000002 100.50000000000001 137.50000000000003 37.795000000000009 502.56500000000005 33.550000000000004 83.500000000000014 13.750000000000002 74.15000000000002 133.50000000000003 8.4650000000000016 33.290000000000006 298.67000000000002 18.150000000000002
decision_type=2 2 8 10 8 2 10 10 8 10 2 2 2 2 2 10 2 10 2 2 2 2 2 10 10 2 10 2 2 10
left_child=1 10 8 4 7 9 -6 -4 15 -5 11 12 14 -14 -1 17 -17 -3 26 21 -21 22 23 -20 -23 -24 -2 -28 -29 -30
right_child=18 2 3 5 6 -7 -8 -9 -10 -11 -12 -13 13 -15 -16 16 -18 -19 19 20 -22 24 25 -25 -26 -27 27 28 29 -31
leaf_value=0.031601494589460592 -0.33413282835390418 -0.016759523347395968 0.57134251031008632 -0.17604462554057437 -0.052028495409828145 -0.4120850200485438 -0.31176481675369883 -0.14497865204627697 0.34186670272187752 0.16618758648900048 -0.35912742163985967 0.66889812588691711 0.27929948300707574 0.036624890961045813 -0.06842397771815252 0.48767175324261186 -0.015594233339494567 -0.2877344498752939 0.11937810695171357 -0.46907526216827905 0.1780276986329179 0.16774609266221524 0.75886916671110227 -0.37399518477916716 0.76594639741141224 0.21557953950236824 0.43903817779384552 -0.44017715588212009 0.30780263543128966 -0.19071417531967164
leaf_weight=2008 32 2208 22 54 151 32 281 26 44 168 32 30 153 1094 1178 52 118 98 50 26 38 20 23 30 29 34 32 24 20 25
leaf_count=2008 32 2208 22 54 151 32 281 26 44 168 32 30 153 1094 1178 52 118 98 50 26 38 20 23 30 29 34 32 24 20 25
internal_value=1.48958e-11 -0.00436832 -0.0332138 -0.110948 -0.180546 0.0205763 -0.220977 0.183335 -0.0105722 0.0829419 0.0165134 0.0192068 0.01481 0.0663997 -0.00538219 -0.0168353 0.138346 -0.0282754 0.0883815 0.158677 -0.0848579 0.242474 0.142575 -0.0656369 0.521783 0.434802 -0.0437525 0.0482492 -0.132986 0.0308489
internal_weight=8132 7749 3254 734 480 254 432 48 2520 222 4495 4463 4433 1247 3186 2476 170 2306 383 250 64 186 137 80 49 57 133 101 69 45
internal_count=8132 7749 3254 734 480 254 432 48 2520 222 4495 4463 4433 1247 3186 2476 170 2306 383 250 64 186 137 80 49 57 133 101 69 45
is_linear=0
shrinkage=0.03


Tree=275
num_leaves=31
num_cat=0
split_feature=19 30 19 9 18 8 9 53 10 34 53 19 12 26 5 22 33 37 25 54 68 34 54 62 58 36 24 59 64 26
split_gain=3387.72 5880.94 5403.36 4279.72 4007.59 3991.84 21891.7 13103.8 9750.04 15149 9667.98 9410.15 9316.75 9196.46 8412.94 8282.39 7829.5 3285.66 2453.72 2364.3 2132.89 1794.02 1703.6 1682.68 1372.24 1673.61 1181.28 1148.68 884.586 807.104
threshold=25.835416666666671 3.5166666666667408 25.377083333333335 32.850000000000001 3881.0000000000005 26.650000000000002 31.950000000000003 175830.40000000005 23.450000000000003 154.16666666666671 174531.65000000005 10.093750000000002 8.4500000000000011 3.5000000000000004 28.500000000000004 104.50000000000001 79.050000000000011 97.916666666666671 5.5000000000000009 27.250000000000004 16.500000000000004 47.800000000000011 37.250000000000007 7.8850000000000007 21.950000000000003 105.50000000000001 1.3600000000000003 20.02571428571429 38.515000000000008 6.5000000000000009
decision_type=2 2 2 2 2 2 2 2 2 10 2 2 2 2 2 2 10 10 2 10 2 10 10 10 8 10 2 8 8 2
left_child=2 -2 5 4 21 6 7 10 9 12 -1 -9 -7 -10 -8 -16 -15 18 -5 -3 26 27 -22 29 -21 28 -6 -4 -26 -19
right_child=1 19 3 17 20 8 14 11 13 -11 -12 -13 -14 16 15 -17 -18 23 -20 24 22 -23 -24 -25 25 -27 -28 -29 -30 -31
leaf_value=-0.0048277942541778852 0.45829459089197611 -0.1970899511128664 -0.060068944636732333 -0.1687119563892987 -0.12239136797860264 0.14887728508071268 -0.68370966543100375 0.068408309642225509 0.6413279219269753 0.86384620398282996 -0.66630238509178152 0.55860707688899269 -0.12621692916049676 0.015610268296751471 -0.080717136133686598 -0.44208174975444403 -0.13581985670820634 -0.35166573229161174 0.11060325216395514 -0.030147664128465857 0.28952242491623531 0.086645680233836161 -0.00072563250149999348 -0.18829560347410734 0.24100116634572094 0.39694339091127567 0.093424212625250219 -0.3102313315643454 0.00078346839627704108 -0.61498602819442738
leaf_weight=3495 38 30 24 148 50 598 38 80 20 24 20 63 136 2329 166 87 354 22 35 47 52 20 28 32 22 22 42 53 37 20
leaf_count=3495 38 30 24 148 50 598 38 80 20 24 20 63 136 2329 166 87 354 22 35 47 52 20 28 32 22 22 42 53 37 20
internal_value=3.42577e-10 0.123211 -0.00304301 -0.0959543 -0.0123119 0.00355232 -0.0170614 0.00286105 0.0270725 0.122158 -0.00859152 0.28437 0.0979062 0.000407933 -0.267495 -0.204981 -0.0043697 -0.183502 -0.115291 0.0426211 0.0746459 -0.166505 0.187936 -0.352187 0.0988033 0.173627 -0.0238669 -0.232259 0.0903562 -0.477056
internal_weight=8132 196 7936 526 269 7410 3949 3658 3461 758 3515 143 734 2703 291 253 2683 257 183 158 172 97 80 74 128 81 92 77 59 42
internal_count=8132 196 7936 526 269 7410 3949 3658 3461 758 3515 143 734 2703 291 253 2683 257 183 158 172 97 80 74 128 81 92 77 59 42
is_linear=0
shrinkage=0.03


Tree=276
num_leaves=24
num_cat=0
split_feature=24 57 31 29 34 32 63 58 28 29 31 32 33 41 44 24 64 61 19 56 13 63 35
split_gain=3413.13 8746.16 12610.1 6486.21 5542.83 7520.4 9665.17 6273.12 5438.88 5195.73 16542.3 12187.2 8175.74 5720.44 5527.34 5449.99 4223.02 3664.98 3217.47 3148.25 2694.43 2440.66 1486.3
threshold=2958.5050000000006 308.35714285714295 3856.6792857142859 615.857142857143 77.166666666666671 74.750000000000014 11.057857142857141 79.450000000000017 1671.6666666666667 487.85714285714295 2740.6285714285718 134.50000000000003 90.850000000000009 118.50000000000001 13.001402877697844 2333.5800000000004 48.820000000000007 27.278571428571432 13.891666666666667 184.50000000000003 107.50000000000001 11.366428571428573 318.50000000000006
decision_type=2 10 2 2 10 10 10 8 2 2 2 10 10 10 10 2 10 8 2 10 2 10 10
left_child=3 4 -3 9 5 17 -7 8 19 10 13 12 16 15 -12 -1 -11 -2 -15 -6 -19 -5 -10
right_child=1 2 -4 21 7 6 -8 -9 22 11 14 -13 -14 18 -16 -17 -18 20 -20 -21 -22 -23 -24
leaf_value=-0.0034486289443394148 0.35142093696764531 0.77745674451192215 -0.016585734685262046 -0.155655614393098 0.22987980677235509 0.95017735813558091 0.13902060635674457 -0.52787374335126236 -0.41394515745341776 0.043665784212850757 -0.90991074187414989 0.87027473960816848 -0.29252865928854488 -0.091164891508407883 -0.28730988702990795 0.2252631227091739 0.56211052328061595 0.10909045229000705 -0.62928435721993448 -0.070074552339501675 -0.12035091143758857 -0.61872118306159962 -0.084270292997360233
leaf_weight=7239 28 36 36 21 62 20 39 26 32 31 21 20 37 20 33 95 26 84 20 64 102 20 20
leaf_count=7239 28 36 36 21 62 20 39 26 32 31 21 20 37 20 33 95 26 84 20 64 102 20 20
internal_value=-3.04469e-10 0.0722326 0.380436 -0.00522955 0.0257114 0.114113 0.413989 -0.0925911 -0.0290105 -0.00318384 -0.00626857 0.197811 0.0547335 -0.00243743 -0.529432 -0.000486041 0.280149 0.0314373 -0.360225 0.077522 -0.0167322 -0.381541 -0.287147
internal_weight=8132 549 72 7583 477 273 59 204 178 7542 7428 114 94 7374 54 7334 57 214 40 126 186 41 52
internal_count=8132 549 72 7583 477 273 59 204 178 7542 7428 114 94 7374 54 7334 57 214 40 126 186 41 52
is_linear=0
shrinkage=0.03


Tree=277
num_leaves=28
num_cat=0
split_feature=35 30 18 30 12 35 24 12 68 25 9 56 32 56 11 54 37 35 35 61 22 12 23 48 56 31 45
split_gain=3389.6 4279.85 6786.06 5472.37 4204.86 4497.42 10417.7 4198.71 5136.98 4175.31 3520.92 4135.62 2193.59 2359.24 3479.42 1730.01 1715.13 1521.98 1371.2 1307.51 1116.22 1370.56 1095.48 1058.6 1048.34 734.446 651.582
threshold=38.150000000000013 1.7766666666667417 5282.5000000000009 2.9983333333334086 2.5000000000000004 552.50000000000011 1401.3600000000004 2.3500000000000001 18.500000000000004 2.5000000000000004 33.050000000000004 60.45000000000001 35.650000000000013 91.950000000000017 86.500000000000014 37.650000000000013 79.416666666666671 114.50000000000001 19.550000000000001 33.064285714285724 26.500000000000004 11.850000000000003 2.3250000000000006 19.825000000000003 42.95000000000001 9.5728571428570124 7.7350000000000012
decision_type=8 2 2 2 2 10 2 2 2 2 2 10 10 10 2 10 10 10 10 10 2 2 2 10 10 2 10
left_child=18 2 12 17 7 9 -7 8 -5 -6 11 -4 13 19 -15 16 -12 24 -1 -2 22 -22 23 -20 -3 -25 -26
right_child=1 3 10 4 5 6 -8 -9 -10 -11 15 -13 -14 14 -16 -17 -18 -19 20 -21 21 -23 -24 25 26 -27 -28
leaf_value=-0.28661332184927801 -0.12451446229395897 -0.30940496427857356 0.15793648231029508 0.2946371708359829 0.027462167333476315 -0.60320076779885723 0.26450574535131455 0.59030170583724972 -0.24614858014583588 -0.01814076450873631 0.11026462996198284 0.72710853682623966 -0.20982427499615228 0.4791022349440533 -0.061938676893711096 -0.032013734515224178 0.44806893497705458 -0.38595241902396082 0.10347549482532169 0.14776097033342178 0.23344635567069053 -0.099743000695109371 -0.27465929345651102 -0.18344415040446385 -0.18853236701177514 -0.0046035815900071497 0.022212982019109113
leaf_weight=35 57 23 20 43 3184 33 20 20 25 4178 31 27 39 23 20 28 24 32 23 22 20 25 33 62 23 31 31
leaf_count=35 57 23 20 43 3184 33 20 20 25 4178 31 27 39 23 20 28 24 32 23 22 20 25 33 62 23 31 31
internal_value=-6.53055e-11 0.003297 0.11621 -0.00101955 0.00204633 -0.000400281 -0.275764 0.208201 0.0958189 0.0015821 0.277432 0.484908 -0.0139699 0.0486393 0.227455 0.159945 0.25767 -0.212059 -0.113782 -0.0486909 -0.0826016 0.0483412 -0.122148 -0.0787613 -0.139792 -0.123831 -0.0675489
internal_weight=8132 7903 291 7612 7503 7415 53 88 68 7362 130 47 161 122 43 83 55 109 229 79 194 45 149 116 77 93 54
internal_count=8132 7903 291 7612 7503 7415 53 88 68 7362 130 47 161 122 43 83 55 109 229 79 194 45 149 116 77 93 54
is_linear=0
shrinkage=0.03


Tree=278
num_leaves=28
num_cat=0
split_feature=1 1 32 12 37 35 19 10 7 34 17 37 37 60 36 13 58 11 35 39 65 35 14 60 21 56 19
split_gain=3289.5 4882.48 6370.56 5849.24 4523.66 8034.42 11982.2 6666.92 5137.31 9173.25 7606.32 4437.74 5333.7 6975.77 5799.81 3731.69 5388.71 5634.01 5375.81 9348.73 6321.11 6083.31 4090.26 6116.2 5374.48 3597.51 3207.76
threshold=77.309166200000007 77.188546500000015 274.50000000000006 5.7500000000000009 536.83333333333337 485.50000000000006 11.472916666666668 12.65 11.385000000000002 39.016666666666687 3300.0000000000005 413.83333333333343 230.50000000000003 81.15000000000002 261.50000000000006 137.50000000000003 33.95000000000001 67.500000000000014 291.50000000000006 53.050000000000004 164.57142857142858 238.50000000000003 1.2500000000000002 8.7150000000000016 3.5000000000000004 155.50000000000003 15.9625
decision_type=2 2 10 2 10 10 2 2 2 8 2 10 8 10 8 2 8 2 10 10 8 8 2 10 2 8 2
left_child=1 4 11 -4 5 8 7 -7 10 -10 -1 12 14 -14 -3 22 17 -17 21 -20 -21 25 26 -24 -25 -18 -2
right_child=15 2 3 -5 -6 6 -8 -9 9 -11 -12 -13 13 -15 -16 16 18 -19 19 20 -22 -23 23 24 -26 -27 -28
leaf_value=-0.014218762162913776 0.024584091827273367 -0.016303710432957502 -0.70624443113803859 -0.050562126660346984 0.38317586421966549 -0.38368930908648863 -0.72229133280840785 0.29042894724876644 0.22587822374493272 0.027620109722611468 -0.48872764796018597 0.37109642357826234 -0.088709717601129029 -0.65763297841697921 0.33117742310870774 0.714807966521808 0.30807731959326512 0.064769124644143236 -0.63075411049383023 0.30034119796007869 -0.2343028671951855 0.55459966043631237 -0.29632073700428008 0.0017252854790006365 0.68045182534626547 -0.14991940465840425 -0.38068549871444701
leaf_weight=1581 32 2473 24 25 30 23 33 31 229 2537 31 25 643 20 44 28 29 21 21 48 34 36 20 21 21 33 39
leaf_count=1581 32 2473 24 25 30 23 33 31 229 2537 31 25 643 20 44 28 29 21 21 48 34 36 20 21 21 33 39
internal_value=-3.8581e-11 -0.00424194 -0.0322301 -0.371713 0.0160191 0.0135522 -0.271922 0.0033045 0.0192252 0.0440341 -0.0233439 -0.0270399 -0.0301699 -0.105872 -0.0102293 0.0858245 0.154126 0.43622 0.0853569 -0.0659782 0.0786595 0.244413 -0.0425619 0.135473 0.341089 0.0643049 -0.198029
internal_weight=8132 7749 3254 49 4495 4465 87 54 4378 2766 1612 3205 3180 663 2517 383 250 49 201 103 82 98 133 62 42 62 71
internal_count=8132 7749 3254 49 4495 4465 87 54 4378 2766 1612 3205 3180 663 2517 383 250 49 201 103 82 98 133 62 42 62 71
is_linear=0
shrinkage=0.03


Tree=279
num_leaves=31
num_cat=0
split_feature=15 10 45 24 25 35 54 42 63 42 35 17 16 42 47 35 27 9 17 18 12 15 28 39 10 15 0 25 54 68
split_gain=3396.58 9198.26 17551.2 24750.3 8922.4 8428.88 6860.15 7263.07 5453.27 6788.07 5090.61 4800.3 4272.61 9357.54 8730.49 14195.7 9639.21 7022.66 12867.3 29853.2 13793.4 7970.97 15522.2 6947.08 6802.57 4690.81 4156.16 3932.74 3850.86 2575.98
threshold=994.35000000000014 10.250000000000002 38.550000000000004 560.33500000000015 1.5000000000000002 155.50000000000003 82.65000000000002 15.050000000000002 55.090000000000003 27.650000000000002 286.50000000000006 687.50000000000011 10.550000000000002 20.450000000000003 141.30000000000004 355.50000000000006 1.0000000180025095e-35 25.150000000000002 1062.5000000000002 4611.5000000000009 9.1500000000000004 990.45000000000016 67.333333333333357 33.750000000000007 13.400000000000002 992.25000000000011 28.567144700000004 1.5000000000000002 163.50000000000003 20.500000000000004
decision_type=2 2 10 2 2 10 10 8 10 10 10 2 2 10 10 10 2 2 2 2 2 2 2 8 2 2 2 2 10 2
left_child=1 2 3 6 -4 -2 -1 -8 11 -10 -6 26 13 23 15 -15 -16 18 19 -14 -20 24 -23 -3 -19 -25 -7 -13 -12 -29
right_child=5 12 4 -5 10 8 7 -9 9 -11 28 27 17 14 16 -17 -18 21 20 -21 -22 22 -24 25 -26 -27 -28 29 -30 -31
leaf_value=0.68854310233484606 0.42944338862712561 0.83544187992811203 -0.55667387008666991 1.1327918824255467 -0.26992096180265596 0.28221693652948099 0.45029024524348121 -0.019821397393941877 0.41648861232129009 -0.20173639562822157 0.4691733661981729 -0.56836608250935872 -0.039811685394196612 0.027862539590712176 0.71216595522288606 -0.61317467622851063 -0.083329260486822862 0.21863245169655615 -0.3562064870039956 1.1471030287742614 0.063674487957358347 0.71112781988947016 0.071910428854246297 0.36809377813339234 -0.010497337810831699 -0.096598816740101776 -0.14770327325757235 -0.13514542321907355 -0.012823353167091095 -0.44239728797565808
leaf_weight=22 26 20 31 30 33 28 42 100 33 31 26 36 411 171 29 38 26 119 238 20 100 38 341 60 5817 29 73 96 35 33
leaf_count=22 26 20 31 30 33 28 42 100 33 31 26 36 411 171 29 38 26 119 238 20 100 38 341 60 5817 29 73 96 35 33
internal_value=4.82521e-10 0.00414849 0.161903 0.340525 -0.115317 -0.0906143 0.195598 0.119226 -0.131589 0.117036 0.0302372 -0.191408 -0.00260004 0.0963625 -0.000188983 -0.0886897 0.336114 -0.0078108 -0.0934073 0.0152656 -0.231981 0.0026126 0.136001 0.330212 -0.00590393 0.216677 -0.0285175 -0.291117 0.192618 -0.213745
internal_weight=8132 7776 319 194 125 356 164 142 330 64 94 266 7457 373 264 209 55 7084 769 431 338 6315 379 109 5936 89 101 165 61 129
internal_count=8132 7776 319 194 125 356 164 142 330 64 94 266 7457 373 264 209 55 7084 769 431 338 6315 379 109 5936 89 101 165 61 129
is_linear=0
shrinkage=0.03


Tree=280
num_leaves=31
num_cat=0
split_feature=24 57 31 7 7 33 23 28 5 16 7 32 23 24 21 44 21 32 17 19 40 40 13 47 46 64 35 16 57 62
split_gain=3218.72 8066.9 11782.6 6415.59 16304.5 13174.5 10620 13315 13121.4 9942.29 11534.6 8787.04 8079.89 11541.4 7892.09 7340.33 7334.59 6789.09 5716.24 5267.36 7971.69 13891.7 6309.32 5247.02 5045.52 6236.86 4658.68 4593.85 3834.27 2864.38
threshold=2958.5050000000006 308.35714285714295 3856.6792857142859 55.550000000000004 50.775000000000006 118.50000000000001 777.7850000000002 160.50000000000003 210.50000000000003 27.650000000000002 37.670000000000009 91.750000000000014 570.70000000000016 2137.0800000000004 110.50000000000001 25.350000000000005 137.50000000000003 67.15000000000002 1332.5000000000002 10.502083333333335 69.750000000000043 58.366666666666681 107.50000000000001 59.340000000000011 6.6083333333333316 188.80000000000004 165.50000000000003 25.750000000000004 267.35714285714295 22.850000000000005
decision_type=2 10 2 2 2 8 2 2 2 2 2 10 2 2 2 10 2 10 2 2 10 8 2 8 8 10 10 2 10 10
left_child=3 19 -3 4 6 11 7 8 -1 10 -8 17 24 14 -14 -7 -9 -6 -16 20 21 23 -21 -2 -5 28 -24 -28 -26 -11
right_child=1 2 -4 12 5 15 9 16 -10 29 -12 -13 13 -15 18 -17 -18 -19 -20 22 -22 -23 26 -25 25 -27 27 -29 -30 -31
leaf_value=0.0085233101880662736 0.33534207952783462 0.74991196498274804 -0.017635646313428878 0.16456224867275782 0.031322714656591415 1.1503536642275074 -0.074391353081371486 0.078141038935435433 -0.34518938275985417 0.099817688704832735 -0.35996523663342656 -0.42583038711547855 0.55352166380882262 -0.3581686008274555 0.1714051738957397 0.35624957960844039 0.429228462149011 0.62833793774247171 -0.083788870011555383 0.12283531960020672 -0.3075950043097786 1.0186956832408907 0.027098953454540324 -0.16270134290680288 -0.24740584177049724 0.14842995677675519 -0.47756174501180643 -0.1042979554587031 -0.57202149064036512 0.49876609840393066
leaf_weight=5624 47 36 36 21 40 22 655 114 96 46 158 20 25 80 119 20 101 30 235 141 23 20 91 32 66 21 50 73 65 25
leaf_count=5624 47 36 36 21 40 22 655 114 96 46 158 20 25 80 119 20 101 30 235 141 23 20 91 32 66 21 50 73 65 25
internal_value=-1.47401e-10 0.0701453 0.366138 -0.00507843 0.00324215 0.333479 -0.00315046 0.0112986 0.00258687 -0.100158 -0.12989 0.128738 -0.0965917 -0.0307377 0.038377 0.772209 0.24307 0.287186 0.0019967 0.0254671 0.195523 0.31241 -0.0329748 0.133603 -0.271314 -0.331534 -0.135635 -0.256031 -0.408475 0.240292
internal_weight=8132 549 72 7583 6951 132 6819 5935 5720 884 813 90 632 459 379 42 215 70 354 477 122 99 355 79 173 152 214 123 131 71
internal_count=8132 549 72 7583 6951 132 6819 5935 5720 884 813 90 632 459 379 42 215 70 354 477 122 99 355 79 173 152 214 123 131 71
is_linear=0
shrinkage=0.03


Tree=281
num_leaves=29
num_cat=0
split_feature=35 30 18 30 12 35 24 25 0 48 9 56 15 56 64 37 35 35 32 54 22 12 23 39 54 56 45 31
split_gain=3201.82 4047.75 6377.47 5117.99 3938.67 4303.27 9499.91 3916.89 3844.41 4450.84 3322.08 3890.17 2740.53 2429.29 1913.98 2087.53 1437.1 1283.38 1214.97 1194.72 1050.39 1263.09 1047.6 1073.99 1867.86 988.925 616.49 515.536
threshold=38.150000000000013 1.7766666666667417 5282.5000000000009 2.9983333333334086 2.5000000000000004 552.50000000000011 1401.3600000000004 2.5000000000000004 28.677609300000004 147.45000000000002 33.050000000000004 60.45000000000001 975.85000000000002 105.50000000000001 40.375000000000007 115.90000000000002 114.50000000000001 19.550000000000001 35.650000000000013 33.350000000000001 26.500000000000004 11.850000000000003 2.3250000000000006 18.150000000000002 28.550000000000004 42.95000000000001 7.7350000000000012 9.5728571428570124
decision_type=8 2 2 2 2 10 2 2 2 8 2 10 2 10 10 10 10 10 10 10 2 2 2 10 10 10 10 2
left_child=17 2 12 16 8 7 -7 -6 9 -5 11 -4 18 19 15 -12 25 -1 -2 -14 22 -22 23 24 -19 -3 -27 -25
right_child=1 3 10 4 5 6 -8 -9 -10 -11 14 -13 13 -15 -16 -17 -18 20 -20 -21 21 -23 -24 27 -26 26 -28 -29
leaf_value=-0.27779021705899914 -0.065476512126624586 -0.29959895750750665 0.15371857380867004 0.27509241911925769 0.026609052057945736 -0.58243222464214672 0.24617156946659088 -0.017560096776113806 0.50769339157984805 -0.24675168976187706 0.11417518376498609 0.70574181821611193 -0.15324245381881207 0.28052166540282114 -0.064244411158561707 0.48866609862872534 -0.37406019318848849 -0.15050228723457881 -0.3513324381184319 0.093102460175349913 0.22430287581682207 -0.095557073083519933 -0.26792392004619942 -0.19615676378687988 0.25459664355218409 -0.18237701576689014 0.022614697465492835 -0.025581569405191618
leaf_weight=35 32 23 20 38 3184 33 20 4178 26 24 37 27 34 35 25 21 32 21 23 37 20 25 33 52 20 23 31 23
leaf_count=35 32 23 20 38 3184 33 20 4178 26 24 37 27 34 35 25 21 32 21 23 37 20 25 33 52 20 23 31 23
internal_value=-8.08522e-11 0.00320437 0.113013 -0.000993499 0.00197145 -0.000396452 -0.269752 0.00154267 0.201494 0.0730882 0.269306 0.470838 -0.0131869 0.0759699 0.155185 0.249767 -0.205085 -0.110586 -0.185016 -0.0248655 -0.0804201 0.0466029 -0.118783 -0.0763547 0.0471069 -0.134862 -0.0646966 -0.143847
internal_weight=8132 7903 291 7612 7503 7415 53 7362 88 62 130 47 161 106 83 58 109 229 55 71 194 45 149 116 41 77 54 75
internal_count=8132 7903 291 7612 7503 7415 53 7362 88 62 130 47 161 106 83 58 109 229 55 71 194 45 149 116 41 77 54 75
is_linear=0
shrinkage=0.03


Tree=282
num_leaves=31
num_cat=0
split_feature=15 10 45 8 25 35 25 42 47 63 42 46 13 16 35 16 42 8 8 8 5 40 8 47 35 27 11 38 35 59
split_gain=3191.42 8668.59 16525.6 24851.1 7972.52 7914.74 6648.67 5839.44 5813.05 5138.34 7243.96 5640.36 6828.46 4920 4350.3 4035.61 8755.46 8474.02 15581.1 15356.2 14975.1 12657.4 9594.94 8252.72 13314.4 8903.54 7143.43 4573.08 3794.04 2355.64
threshold=994.35000000000014 10.250000000000002 41.006618705035983 17.100000000000005 1.5000000000000002 155.50000000000003 3.5000000000000004 24.250000000000004 69.904172661870533 56.944285714285733 24.950000000000003 33.866666666666688 282.50000000000006 13.750000000000002 286.50000000000006 10.550000000000002 20.450000000000003 16.250000000000004 16.950000000000003 16.650000000000002 6.5000000000000009 35.270000000000032 19.250000000000004 141.30000000000004 355.50000000000006 1.0000000180025095e-35 63.500000000000007 57.350000000000001 349.50000000000006 29.621428571428577
decision_type=2 2 10 2 2 10 2 8 8 10 10 8 2 2 10 2 10 2 2 2 2 8 2 10 10 2 2 8 10 10
left_child=1 2 3 6 -4 -2 7 -1 -8 11 -11 12 -7 -13 -6 16 26 20 19 -19 -17 -22 -20 24 -18 -25 -3 -28 -16 -14
right_child=5 15 4 -5 14 9 8 -9 -10 10 -12 13 29 -15 28 17 23 18 22 -21 21 -23 -24 25 -26 -27 27 -29 -30 -31
leaf_value=0.24861996757132668 0.41611217929766725 0.69658117856830359 -0.56674638135092603 1.299222353696823 -0.27484737479879007 0.4265450271964073 0.079585439076549122 -0.26463767183454412 0.5508183421531031 0.47594033156122478 -0.18975495030803063 -0.69418364109531527 0.14002807515008109 -0.19838559450819915 0.36329575122254232 0.56229834437370296 0.027086108955636356 0.18356021225731819 -0.12708274008876758 1.1129610464572908 -0.8876654279657773 -0.18495462941304419 0.0028618640389168814 0.6886433716066952 -0.59373356128993782 -0.07589302869943472 0.39149889293198403 -0.070932070895245197 -0.12643633324652909 -0.19841867990791798
leaf_weight=42 26 32 28 21 31 20 38 38 62 28 31 31 21 43 35 20 171 80 557 20 28 131 6248 29 38 26 39 38 24 156
leaf_count=42 26 32 28 21 31 20 38 38 62 28 31 31 21 43 35 20 171 80 557 20 28 131 6248 29 38 26 39 38 24 156
internal_value=-2.01522e-10 0.00402125 0.157167 0.322609 -0.124647 -0.087835 0.208671 0.00482259 0.37175 -0.12754 0.126168 -0.182775 -0.0988925 -0.406085 0.0128957 -0.0025301 0.0936486 -0.00759427 -0.00231139 0.36944 -0.211384 -0.308702 -0.00777431 0.00025488 -0.0857902 0.327226 0.31985 0.163286 0.164083 -0.158264
internal_weight=8132 7776 319 201 118 356 180 80 100 330 59 271 197 74 90 7457 373 7084 6905 100 179 159 6805 264 209 55 109 77 59 177
internal_count=8132 7776 319 201 118 356 180 80 100 330 59 271 197 74 90 7457 373 7084 6905 100 179 159 6805 264 209 55 109 77 59 177
is_linear=0
shrinkage=0.03


Tree=283
num_leaves=22
num_cat=0
split_feature=60 8 8 10 56 19 1 14 33 36 21 5 47 56 54 62 14 12 47 44 32
split_gain=3192.01 3674.01 7342.59 7102.69 6795.99 5990.86 6232.65 5657.91 6162.78 8702.67 5271.82 7675.4 5222.43 5014.69 4498.9 3469.51 2892.22 2836.06 2324.45 1927.31 1174.43
threshold=145.50000000000003 33.150000000000013 33.45000000000001 27.250000000000004 144.50000000000003 25.908333333333339 77.131314500000016 0.25000000000000006 47.350000000000001 144.50000000000003 1727.0000000000002 1727.0000000000002 69.350000000000023 217.50000000000003 54.350000000000001 12.44676258992806 12.750000000000002 6.6500000000000012 32.615000000000009 7.4350000000000014 63.150000000000013
decision_type=10 2 2 2 10 2 2 2 10 10 2 2 8 10 10 8 2 2 10 8 10
left_child=1 3 13 5 17 10 -7 8 9 -4 11 -1 20 -3 -10 -12 -8 19 -19 -5 -9
right_child=-2 2 7 4 -6 6 16 12 14 -11 15 -13 -14 -15 -16 -17 -18 18 -20 -21 -22
leaf_value=-0.0026744990334310942 -0.29903528910130261 0.15947896014560353 0.067318792343139644 0.15318632791326803 -0.55234843678133827 0.67314960377556932 0.017027095276189137 -0.1402291206945665 0.16543924726384618 0.7501176010730809 -0.56833953578025109 0.44267688391889842 -0.55184113841056825 0.72940428704023363 -0.063841200969995016 -0.076784360238483979 0.34905164090069857 -0.02730807562028208 -0.35550736427307128 -0.098832692468228428 0.14849878762449537
leaf_weight=7118 32 33 42 44 35 21 83 32 130 28 24 35 25 24 189 28 33 31 52 72 21
leaf_count=7118 32 33 42 44 35 21 83 32 130 28 24 35 25 24 189 28 33 31 52 72 21
internal_value=-3.17879e-10 0.00118137 0.0780065 -0.0041323 -0.166841 0.00105347 0.197577 0.0387728 0.0855316 0.340438 -0.00268335 -0.000495372 -0.194422 0.399448 0.029596 -0.303656 0.111482 -0.0990386 -0.232927 -0.00323927 -0.0258275
internal_weight=8132 8100 524 7576 234 7342 137 467 389 70 7205 7153 78 57 319 52 116 199 83 116 53
internal_count=8132 8100 524 7576 234 7342 137 467 389 70 7205 7153 78 57 319 52 116 199 83 116 53
is_linear=0
shrinkage=0.03


Tree=284
num_leaves=31
num_cat=0
split_feature=0 53 19 13 36 11 11 30 28 41 7 19 37 11 32 35 18 18 7 18 7 13 48 35 34 37 56 13 5 11
split_gain=3082.14 13157 9219.93 28139.7 19574.6 13553.9 30848.9 13157.1 12352.1 10691 9699.95 9192.41 7845.99 7420.87 6404.25 5797.11 6086.23 7914.8 14120.1 7707.16 7883.16 7481.55 7290.35 7088.15 6950.89 6749.92 5616.32 5237.45 4529.93 3718.58
threshold=28.682925800000003 277244.05000000005 13.4 280.50000000000006 295.50000000000006 64.500000000000014 60.500000000000007 398.02000000000004 142.83333333333337 23.650000000000002 52.050000000000004 11.38125 296.83333333333343 52.500000000000007 94.050000000000011 535.00000000000011 3405.0000000000005 2981.5000000000005 55.550000000000004 3652.0000000000005 18.225000000000005 305.50000000000006 166.85000000000005 366.50000000000006 186.66666666666671 417.50000000000006 411.50000000000006 324.00000000000006 139.50000000000003 48.500000000000007
decision_type=2 2 2 2 10 2 2 2 2 8 2 2 8 2 10 10 2 2 2 2 2 2 8 10 10 8 8 2 2 2
left_child=15 2 3 7 12 6 -5 9 -9 -2 13 -7 14 -6 -4 16 17 23 21 20 28 -19 -22 26 -20 27 -1 -21 -18 -27
right_child=1 -3 4 5 10 11 -8 8 -10 -11 -12 -13 -14 -15 -16 -17 19 18 24 25 22 -23 -24 -25 -26 29 -28 -29 -30 -31
leaf_value=0.039183462604367975 0.15249924994529562 0.6086474867207663 0.020147806313045646 -0.0073363162193839484 -0.1793869650363922 -0.14245226468642552 0.99192889535427098 -0.14042303683757781 0.40776547502164973 0.69769538357280769 0.031634510868304488 -0.69436831086874007 0.58417354072843275 -0.73784515371088122 -0.27212843345452659 -0.41337586451321839 -0.096306117716934772 0.18389052226042454 -0.75710559135675426 -0.020061441447290745 -0.43354866507596201 0.6789675202965737 0.15284522761469302 -0.57600331887602807 0.00015823796391487119 0.61470753282308577 -0.36473580306067183 0.1642684844674191 0.29554438951611522 0.14517715792570796
leaf_weight=349 47 35 891 380 33 135 30 75 73 104 37 34 21 61 73 32 231 326 20 4646 112 30 23 20 24 20 34 143 30 63
leaf_count=349 47 35 891 380 33 135 30 75 73 104 37 34 21 61 73 32 231 326 20 4646 112 30 23 20 24 20 34 143 30 63
internal_value=-1.45921e-10 0.0320316 0.0219105 0.0946394 -0.0353081 -0.0274085 0.0657807 0.33098 0.129967 0.527999 -0.379831 -0.253489 0.0105116 -0.541791 -0.00198515 -0.0106492 -0.00852647 0.0684097 0.162948 -0.0202538 -0.147531 0.22561 -0.333645 -0.0254245 -0.344053 -0.00990861 0.0033264 -0.0145573 -0.0512658 0.258317
internal_weight=8132 2029 1994 878 1116 579 410 299 148 151 131 169 985 94 964 6103 6071 803 400 5268 396 356 135 403 44 4872 383 4789 261 83
internal_count=8132 2029 1994 878 1116 579 410 299 148 151 131 169 985 94 964 6103 6071 803 400 5268 396 356 135 403 44 4872 383 4789 261 83
is_linear=0
shrinkage=0.03


Tree=285
num_leaves=23
num_cat=0
split_feature=40 38 23 1 45 64 13 47 44 23 7 51 36 36 39 41 42 13 55 33 11 20
split_gain=3061.25 5929.59 11209.7 4167.87 9224.49 7339.8 7664.96 4595.07 6100.84 7850.22 4858.91 14473.8 4817.71 4135.28 4073.44 3875.2 3888.01 2522.48 6108.1 3678.19 3091.25 2409.56
threshold=94.850000000000009 96.350000000000009 431.37500000000006 77.100837000000013 3.1700000000000004 25.790000000000003 100.50000000000001 121.05000000000001 35.960215827338139 70.485000000000014 62.32500000000001 1622.1450000000002 441.50000000000006 256.50000000000006 45.650000000000013 58.850000000000001 41.750000000000007 283.50000000000006 232.57142857142861 232.50000000000003 55.500000000000007 4776.7500000000009
decision_type=10 10 2 2 8 8 2 8 10 2 2 2 8 10 8 10 10 2 10 10 2 2
left_child=1 3 -3 4 -1 -6 -7 8 12 -10 11 -9 -5 -4 -12 16 17 19 20 21 -19 -2
right_child=15 2 13 7 5 6 -8 10 9 -11 14 -13 -14 -15 -16 -17 -18 18 -20 -21 -22 -23
leaf_value=0.70267936491966243 -0.37030167527496816 0.69573233852628613 -0.33111930801109835 -0.012961845435974846 0.57765504971794457 -0.18809819774481198 0.075834370592802569 0.038128362804539413 0.14631344639761154 -0.16689889677018177 0.16130153696984051 0.55827826457619667 0.20164057774469255 0.21850825785526207 -0.22757677524089812 0.22006839283531709 -0.5072014453100121 -0.21221129505798733 -0.5283254183039946 0.3258856619321383 0.1151442710326073 0.024127004198406053
leaf_weight=20 20 32 22 4882 23 118 616 1299 86 443 32 50 96 28 100 31 23 58 34 26 47 46
leaf_count=20 20 32 22 4882 23 118 616 1299 86 443 32 50 96 28 100 31 23 58 34 26 47 46
internal_value=3.98808e-10 0.00350787 0.257281 0.000827969 0.0667414 0.0499398 0.0334038 -0.00650098 -0.0191167 -0.11598 0.0404096 0.0574075 -0.00882327 -0.0233279 -0.133303 -0.0965832 -0.13523 -0.0981935 -0.178846 0.0236613 -0.0656807 -0.0953968
internal_weight=8132 7847 82 7765 777 757 734 6988 5507 529 1481 1349 4978 50 132 285 254 231 139 92 105 66
internal_count=8132 7847 82 7765 777 757 734 6988 5507 529 1481 1349 4978 50 132 285 254 231 139 92 105 66
is_linear=0
shrinkage=0.03


Tree=286
num_leaves=22
num_cat=0
split_feature=1 38 35 1 32 16 47 64 37 6 5 1 12 64 11 24 48 31 60 12 11
split_gain=3059.58 4572.7 5234.12 4155.5 6127.13 5827.77 5277.55 7123.76 6489.93 4589.39 12178.1 4502.57 3604.28 5138.06 7054.94 5654.23 6701.39 5445.16 5172.61 4257.92 2112.01
threshold=77.309166200000007 115.50000000000001 262.50000000000006 77.188546500000015 274.50000000000006 14.15 129.45000000000002 138.65000000000003 248.83333333333334 14675.535000000002 2024.5000000000002 77.159231500000018 3.9500000000000006 66.15000000000002 70.500000000000014 3.8800000000000003 57.750000000000007 394.16035714285698 10.350000000000003 5.7500000000000009 54.500000000000007
decision_type=2 10 10 2 10 2 8 8 10 2 2 2 2 8 2 2 10 2 8 2 2
left_child=1 3 20 9 6 -6 8 -8 -5 10 11 -1 -2 14 17 -15 -17 -14 -18 -16 -3
right_child=12 2 -4 4 5 -7 7 -9 -10 -11 -12 -13 13 15 19 16 18 -19 -20 -21 -22
leaf_value=-0.003642247145626941 0.36007008550982722 -0.21424179901395526 -0.61265749916110346 -0.02477101907124803 -0.6813358612060546 -0.026858417466282845 0.25902965411055284 0.0058823566484472734 -0.17237576615430561 -0.34108706764876839 0.62186753308773035 0.063663027955799548 0.8935972722172737 0.45320280747754232 0.36120976245403286 -0.47919954419136046 0.32187975955976023 0.19355157727003097 -0.070811568316889978 -0.19352586491541429 0.17221565249562262
leaf_weight=3165 38 35 23 2164 25 24 122 556 306 32 30 1247 20 21 20 30 37 20 164 33 20
leaf_count=3165 38 35 23 2164 25 24 122 556 306 32 30 1247 20 21 20 30 37 20 164 33 20
internal_value=-7.51517e-11 -0.00409101 -0.232632 -0.00176717 -0.0278878 -0.360775 -0.0227062 0.0514339 -0.0430573 0.0168979 0.0194768 0.0153808 0.0827708 0.0522277 0.242805 -0.0181043 -0.0609504 0.543574 0.0014749 0.0158083 -0.0737118
internal_weight=8132 7749 78 7671 3197 49 3148 678 2470 4474 4442 4412 383 345 93 252 231 40 201 53 55
internal_count=8132 7749 78 7671 3197 49 3148 678 2470 4474 4442 4412 383 345 93 252 231 40 201 53 55
is_linear=0
shrinkage=0.03


Tree=287
num_leaves=24
num_cat=0
split_feature=41 5 41 58 29 9 6 6 68 13 19 35 46 53 13 13 13 32 9 14 54 30 17
split_gain=3040.36 5582.52 3254.71 6928.92 9167.23 5122.64 8834.07 8658.45 4330.72 7432.26 7553.77 7062.92 4767.96 4048.69 3659.11 18580.3 9726.82 10328.7 8196.16 6660.53 5020.31 2515.51 1097.63
threshold=118.50000000000001 143.00000000000003 99.500000000000014 44.350000000000001 93.500000000000014 41.400000000000006 2756.5350000000003 1668.7900000000002 23.500000000000004 150.00000000000003 17.547916666666669 219.50000000000003 17.678333333333335 132035.10000000003 160.50000000000003 172.00000000000003 143.50000000000003 65.250000000000014 20.300000000000001 8.6000000000000032 60.250000000000007 326.00000000000006 1402.5000000000002
decision_type=10 2 8 10 2 2 2 2 2 2 2 10 10 2 2 2 2 10 2 2 10 2 2
left_child=2 -2 8 5 -5 6 7 -4 14 10 21 13 -13 -11 16 20 18 -18 -1 -17 -16 -10 -12
right_child=1 -3 3 4 -6 -7 -8 -9 9 11 22 12 -14 -15 15 19 17 -19 -20 -21 -22 -23 -24
leaf_value=0.24893442845557417 -0.45388742384190361 0.10541026138026138 0.023740979856652456 0.88632657459803987 -0.011117830038070679 0.50036968486649647 -0.50521682156456837 0.6483068776130676 0.18940555429458619 0.10050422972646253 -0.13250530402826732 -0.18229876462370156 -0.74960561203956599 -0.1920679550198838 0.032592780321836476 0.014708327670671893 -0.057345675938534284 -0.53105446668232181 -0.021882412879816699 -0.28896663844585418 0.57329518185380623 0.63478880141462601 0.078215907951816918
leaf_weight=105 36 29 410 21 20 21 27 21 25 58 73 24 30 160 20 4303 106 68 2388 66 68 21 32
leaf_count=105 36 29 410 21 20 21 27 21 25 58 73 24 30 160 20 4303 106 68 2388 66 68 21 32
internal_value=-2.50399e-10 -0.204355 0.00164659 0.0742416 0.448549 0.0422028 0.0211952 0.0541723 -0.00335532 -0.0966176 0.0721571 -0.190312 -0.497469 -0.114228 0.00218229 0.018814 -0.0256121 -0.242473 -0.0104762 0.0101209 0.450408 0.392733 -0.0682855
internal_weight=8132 65 8067 520 41 479 458 431 7547 423 151 272 54 218 7124 4457 2667 174 2493 4369 88 46 105
internal_count=8132 65 8067 520 41 479 458 431 7547 423 151 272 54 218 7124 4457 2667 174 2493 4369 88 46 105
is_linear=0
shrinkage=0.03


Tree=288
num_leaves=29
num_cat=0
split_feature=60 9 33 62 9 9 10 7 53 16 7 20 19 37 8 46 46 44 19 58 48 54 58 13 63 55 62 36
split_gain=3045.34 4141.88 9255.58 9845.8 9079.41 10592.3 22411.2 8351.44 9360.1 7390.16 7117.78 6636.96 7255.42 8028.14 7413.8 5968.75 7460.2 5860.19 7819.58 5796.19 7712.04 5588.58 4166.14 4064.89 3604.28 3557.77 3251.4 3229.54
threshold=145.50000000000003 38.45000000000001 79.050000000000011 6.1350000000000007 36.45000000000001 35.650000000000013 25.750000000000004 107.86000000000001 183811.95000000004 17.550000000000004 16.505000000000003 17182.000000000004 18.272916666666671 187.40000000000006 30.850000000000005 6.6083333333333316 15.73333333333334 33.841654676259004 13.4 58.750000000000007 61.525000000000006 92.65000000000002 56.550000000000004 181.50000000000003 16.127142857142861 94.085714285714289 18.097805755395687 262.50000000000006
decision_type=10 2 10 10 2 2 2 2 2 2 2 2 2 10 2 10 10 8 2 10 10 10 10 2 10 10 10 10
left_child=1 4 9 17 5 7 10 8 -1 15 -7 12 14 -14 -6 -3 -17 18 -4 20 -13 27 24 -8 -5 -21 -24 -11
right_child=-2 2 3 22 11 6 23 -9 -10 21 -12 19 13 -15 -16 16 -18 -19 -20 25 -22 -23 26 -25 -26 -27 -28 -29
leaf_value=0.0061778213584177313 -0.29208438808098436 0.8390731139693941 0.83203016549348829 -0.195668146964666 -0.1167579801272797 0.2088048184979707 -0.17614123964461229 0.54093520002365103 -0.098648371247681291 0.030453183931719991 0.56133527798136484 -0.04377485461047162 -0.024098740024001974 -0.65527925355093819 -0.65586073895980568 -0.14210345635414123 0.5449389159950343 -0.11833639006356934 0.028839350603520868 -0.12095068738795817 0.39769629571586845 0.45325522470474239 -0.34522262811660764 0.066614170200724632 -0.61164408567704653 -0.57935105144977572 0.13824524001729105 0.3285428016958758
leaf_weight=5492 32 21 20 37 38 110 118 25 891 358 97 138 133 21 58 25 33 37 24 64 48 35 21 131 38 20 31 36
leaf_count=5492 32 21 20 37 38 110 118 25 891 358 97 138 133 21 58 25 33 37 24 64 48 35 21 131 38 20 31 36
internal_value=9.05377e-11 0.00115391 0.0700456 -0.0985191 -0.00552627 0.00362997 0.143333 -0.00631144 -0.00845482 0.139064 0.374 -0.126389 -0.237771 -0.110169 -0.442466 0.405708 0.2488 0.15993 0.393926 -0.0232569 0.0701532 0.089962 -0.263356 -0.0484265 -0.406429 -0.230094 -0.0570014 0.0576898
internal_weight=8132 8100 716 208 7384 6864 456 6408 6383 508 207 520 250 154 96 79 58 81 44 270 186 429 127 249 75 84 52 394
internal_count=8132 8100 716 208 7384 6864 456 6408 6383 508 207 520 250 154 96 79 58 81 44 270 186 429 127 249 75 84 52 394
is_linear=0
shrinkage=0.03


Tree=289
num_leaves=31
num_cat=0
split_feature=5 21 66 34 7 12 60 21 44 46 5 30 5 5 34 51 7 32 6 32 5 55 9 32 45 38 37 22 47 32
split_gain=3108.17 13389.4 11023.7 12432.1 8100.69 7969.22 7193.34 11383.5 8480.45 10056.4 5793.22 15864.8 10688.8 13071 9766.92 7325.32 7171.9 6769.06 5719.74 5549.88 5394.65 6060.23 4815.86 11436.3 4742.61 7225.8 4047.72 3723.04 3521.42 3292.42
threshold=307.00000000000006 233.50000000000003 1.0000000180025095e-35 149.06666666666672 19.930000000000003 11.950000000000001 13.750000000000002 447.50000000000006 7.8850000000000007 14.700000000000005 209.50000000000003 1083.1916666666668 175.00000000000003 191.00000000000003 189.50000000000003 697.38000000000011 107.86000000000001 53.050000000000004 14675.535000000002 79.850000000000009 255.50000000000003 75.778571428571453 28.650000000000002 99.15000000000002 72.850000000000009 45.650000000000013 234.83333333333334 64.500000000000014 48.425000000000011 91.750000000000014
decision_type=2 2 2 10 2 2 8 2 10 10 2 2 2 2 10 2 2 10 2 10 2 10 2 10 10 8 10 2 8 10
left_child=1 10 6 -4 19 24 7 -2 9 18 12 27 15 14 -14 16 -1 -17 -8 -3 21 -13 26 -24 25 -6 -10 -12 -15 -29
right_child=2 4 3 -5 5 -7 8 -9 22 -11 11 20 13 28 -16 17 -18 -19 -20 -21 -22 -23 23 -25 -26 -27 -28 29 -30 -31
leaf_value=-0.0067190786196250673 -0.041144442856311796 -0.097452162976066264 0.11404256287373994 1.0101611553538929 -0.20242581165118798 0.18476928983841623 0.12534007228504529 0.92794568002223965 0.48483161435885858 0.72323724955320357 -0.15530147636681793 0.11470748455900895 0.31822684644162652 -0.30975920051336286 1.0594346680641173 0.57803982799251863 0.37769811809062959 0.083632985094079265 -0.34018140421463894 0.4915022084861993 0.27752251435220238 -0.53046090388298039 0.014802042353080195 -0.2724127000992867 0.068030757862946087 -0.5287257058058793 0.033681920962408185 -0.2872287663538009 0.086987042949199678 -0.6465029207549311
leaf_weight=5984 24 36 38 22 148 35 275 20 22 24 60 38 80 24 20 36 44 81 26 24 75 20 329 201 29 104 96 48 125 44
leaf_count=5984 24 36 38 22 148 35 275 20 22 24 60 38 80 24 20 36 44 81 26 24 75 20 329 201 29 104 96 48 125 44
internal_value=-1.21569e-10 -0.0072466 0.0474696 0.442619 -0.181433 -0.24211 0.024157 0.399351 0.00719032 0.132251 0.00255938 -0.12978 0.00845816 0.201149 0.466468 0.000650196 -0.00391311 0.235758 0.0851289 0.13813 0.109503 -0.107764 -0.0555329 -0.0941228 -0.29528 -0.337089 0.117795 -0.339153 0.0230816 -0.459056
internal_weight=8132 7055 1077 60 376 316 1017 44 973 325 6679 285 6394 249 100 6145 6028 117 301 60 133 58 648 530 281 252 118 152 149 92
internal_count=8132 7055 1077 60 376 316 1017 44 973 325 6679 285 6394 249 100 6145 6028 117 301 60 133 58 648 530 281 252 118 152 149 92
is_linear=0
shrinkage=0.03


Tree=290
num_leaves=28
num_cat=0
split_feature=19 28 19 19 10 19 19 26 22 9 18 37 25 32 37 8 33 1 55 32 24 44 22 38 62 37 5
split_gain=2957.23 4911.89 4535.81 3934.58 5835.17 5084.37 4010.67 6407.51 5790.27 3847.37 3619.44 3108 2439.46 2433.97 2686.84 2410.51 1910.62 1726.49 1571.28 1523.64 1488.2 1240.54 1091.28 749.609 693.119 879.051 265.772
threshold=25.835416666666671 1.1666666666666667 25.377083333333335 25.168750000000006 25.550000000000004 25.112500000000001 24.885416666666668 7.5000000000000009 7.5000000000000009 32.850000000000001 3881.0000000000005 148.50000000000003 5.5000000000000009 43.750000000000007 114.40000000000003 29.050000000000004 20.350000000000005 77.131314500000016 43.721428571428575 33.45000000000001 4.1850000000000014 15.450000000000001 40.500000000000007 22.450000000000003 12.850000000000003 77.183333333333351 47.500000000000007
decision_type=2 2 2 2 2 2 2 2 2 2 2 10 2 10 10 2 10 2 10 10 2 10 2 8 10 10 2
left_child=2 -2 3 5 -5 6 8 -8 -1 10 18 12 21 14 -6 -3 -12 -17 19 -4 -18 -11 26 -24 25 -7 -19
right_child=1 15 9 4 13 24 7 -9 -10 11 16 -13 -14 -15 -16 17 20 22 -20 -21 -22 -23 23 -25 -26 -27 -28
leaf_value=-0.081612921783209613 0.42644257029166094 -0.26527277876436711 -0.13583021669853024 0.46240738090715905 0.062869627904977382 -0.18200011680955472 -0.071075053436186489 0.28046797280640978 0.0074209241340545936 -0.2103656572692616 0.33505809413438492 -0.51194877245209436 0.077628903692731482 -0.16601465910673141 0.43207189857959744 0.33760480352810451 -0.049216550136186983 0.021595717560161241 0.0091585482306340144 -0.44530792025002564 0.14085684364188961 0.019876252692192793 0.0067663429358175821 0.23890618616534817 -0.12352458022534847 -0.43898941540718078 -0.098806331780823792
leaf_weight=736 37 20 41 38 157 23 79 114 6156 172 22 22 39 36 20 21 83 33 34 22 67 24 21 31 26 25 33
leaf_count=736 37 20 41 38 157 23 79 114 6156 172 22 22 39 36 20 21 83 33 34 22 67 24 21 31 26 25 33
internal_value=2.06266e-11 0.115117 -0.0028431 0.0031996 0.119948 -0.000893681 0.00169012 0.136572 -0.00208704 -0.0879694 -0.00866435 -0.170977 -0.139057 0.0588518 0.104587 0.0426697 0.0739751 0.086978 -0.1552 -0.243902 0.0356829 -0.182173 0.0423749 0.145157 -0.248275 -0.315849 -0.0386053
internal_weight=8132 196 7936 7410 251 7159 7085 193 6892 526 269 257 235 213 177 159 172 139 97 63 150 196 118 52 74 48 66
internal_count=8132 196 7936 7410 251 7159 7085 193 6892 526 269 257 235 213 177 159 172 139 97 63 150 196 118 52 74 48 66
is_linear=0
shrinkage=0.03


Tree=291
num_leaves=14
num_cat=0
split_feature=16 32 32 56 45 0 17 16 56 67 15 68 49
split_gain=2982.35 4141.41 4214.8 4219.63 3876.62 5817.43 4808.65 3848.3 11021 4451.44 1652.91 1476.72 1352.48
threshold=29.850000000000005 418.50000000000006 358.50000000000006 610.00000000000011 22.050000000000004 28.567144700000004 1292.5000000000002 28.850000000000005 119.50000000000001 1.0000000180025095e-35 976.50000000000011 16.500000000000004 42.326666666666675
decision_type=2 8 10 10 8 2 2 2 10 2 2 2 10
left_child=1 2 3 7 5 -2 11 9 -9 -1 -7 -6 -12
right_child=4 -3 -4 -5 6 10 -8 8 -10 -11 12 -13 -14
leaf_value=0.0084244369992832781 0.38278426107878866 0.38069969236850737 -0.35346128833293916 0.38435653780515372 -0.28386908554989426 0.054419789831671443 -0.67435570529529021 -0.078723354226556325 0.56387946550439039 -0.056535449331490004 -0.4282049916833639 0.043253070116043089 -0.11177637109833378
leaf_weight=6669 26 26 30 26 27 27 21 58 41 1107 20 23 31
leaf_count=6669 26 26 30 26 27 27 21 58 41 1107 20 23 31
internal_value=-2.36014e-10 0.0026943 0.0014551 0.00280271 -0.122506 -0.00584079 -0.293396 0.00154298 0.187405 -0.000823325 -0.135382 -0.133393 -0.235866
internal_weight=8132 7957 7931 7901 175 104 71 7875 99 7776 78 50 51
internal_count=8132 7957 7931 7901 175 104 71 7875 99 7776 78 50 51
is_linear=0
shrinkage=0.03


Tree=292
num_leaves=23
num_cat=0
split_feature=13 5 21 24 66 34 17 9 56 67 58 58 41 5 30 5 56 45 57 60 33 60
split_gain=2934.12 3023.23 12410.1 14054.9 10388.5 11690.8 7633.29 11273.2 9223 7214.88 7773.05 6611.26 5488.86 5559.27 14895.5 9917.28 4631.85 4164.78 6528.45 3404.13 2826.77 2086.79
threshold=358.50000000000006 307.00000000000006 233.50000000000003 2407.6750000000006 1.0000000180025095e-35 154.16666666666671 1432.5000000000002 30.450000000000003 361.50000000000006 1.0000000180025095e-35 15.350000000000003 29.450000000000003 118.50000000000001 209.50000000000003 1083.1916666666668 175.00000000000003 214.50000000000003 72.850000000000009 212.92857142857147 18.150000000000002 84.65000000000002 31.950000000000003
decision_type=2 2 2 2 2 10 2 2 10 2 10 8 10 2 2 2 10 8 10 10 10 10
left_child=1 2 12 17 6 11 9 16 -9 10 -3 -6 13 15 -15 -1 -8 18 -4 -19 -5 -11
right_child=-2 4 3 20 5 -7 7 8 -10 21 -12 -13 -14 14 -16 -17 -18 19 -20 -21 -22 -23
leaf_value=0.0017368062982184801 0.36291992171108717 0.73334866036971402 -0.18488369267237814 0.088507030959192073 0.51908583319187163 1.0217290477752685 -0.58032381614572126 -0.0048942209992592581 0.48221229424750484 -0.31559295720524255 0.18177314966361249 -0.25228534269332886 -0.35345052157457058 -0.32899184405239984 0.10574222440950404 0.19490038350683142 -0.15968355203828505 -0.35735920268297194 -0.49514047530644079 0.11817354815346853 0.51581315566192965 0.050906650845346776
leaf_weight=6086 20 27 152 38 20 20 38 642 37 27 155 20 39 152 133 249 62 20 102 42 22 29
leaf_count=6086 20 27 152 38 20 20 38 642 37 27 155 20 39 152 133 249 62 20 102 42 22 29
internal_value=-4.19546e-11 -0.000894773 -0.00806064 -0.175743 0.0459129 0.42951 0.0232818 -0.0221475 0.0216491 0.171977 0.2636 0.1334 0.00140754 0.00349809 -0.126116 0.00932919 -0.319527 -0.255666 -0.309475 -0.0352241 0.245186 -0.125799
internal_weight=8132 8112 7035 376 1077 60 1017 779 679 238 182 40 6659 6620 285 6335 100 316 254 62 60 56
internal_count=8132 8112 7035 376 1077 60 1017 779 679 238 182 40 6659 6620 285 6335 100 316 254 62 60 56
is_linear=0
shrinkage=0.03


Tree=293
num_leaves=28
num_cat=0
split_feature=35 30 24 57 30 20 10 20 17 18 56 0 37 26 0 8 28 34 22 39 56 35 44 56 24 45 45
split_gain=2959.76 4724.91 7078.36 4965.22 4774.57 3913.8 16975 15461.6 10925.3 9612.07 7012.93 2591.96 3514.86 3331.21 2335.06 1827.14 3345.92 1851.31 1813.09 1250.28 1291.57 1233.69 1189.9 862.915 850.985 550.683 148.211
threshold=41.95000000000001 1.7766666666667417 2.3250000000000006 69.685714285714297 2.9983333333334086 9486.2500000000018 10.750000000000002 8922.7500000000018 1342.5000000000002 5219.0000000000009 610.00000000000011 28.643240000000002 96.683333333333337 7.5000000000000009 28.662761550000003 23.350000000000005 45.500000000000007 14.378333333333339 1.0000000180025095e-35 19.150000000000002 91.100000000000009 114.50000000000001 12.050000000000002 42.95000000000001 1.3600000000000003 9.8350000000000026 9.8350000000000026
decision_type=8 2 2 10 2 2 2 2 2 2 10 2 10 2 2 2 2 10 2 8 10 10 10 10 2 10 10
left_child=15 2 3 18 21 7 -7 10 -8 -9 -6 12 26 -13 -5 -1 17 -17 -2 20 -19 23 -20 -3 -21 -25 -4
right_child=1 4 11 14 5 6 8 9 -10 -11 -12 13 -14 -15 -16 16 -18 19 22 24 -22 -23 -24 25 -26 -27 -28
leaf_value=-0.31128668238078394 -0.049764530976881848 -0.2854775568972463 -0.03075783535838127 0.28605070099234581 0.0051774035631745718 0.85186934852600094 -0.15087833886765029 0.4219774891365401 -0.0035457454952750227 0.0047802748817663927 0.54248660404573779 -0.38254908053313985 0.37692228104757225 0.10538915991783142 0.63825804177671663 -0.29815480562480717 0.25529074009221336 -0.04926728308200836 0.10042152659169265 -0.248881284874436 0.21945264409888876 -0.35775828536599874 0.39915616844381602 -0.15732301596838694 -0.075229232082212411 0.044197628407374671 -0.14625222802162169
leaf_weight=31 37 23 20 36 3490 20 528 137 3188 78 22 34 23 20 32 37 26 60 28 37 22 32 21 26 81 23 20
leaf_count=31 37 23 20 36 3490 20 528 137 3188 78 22 34 23 20 32 37 26 60 28 37 22 32 21 26 81 23 20
internal_value=-3.98377e-11 0.00350527 0.126587 0.260226 -0.000902695 0.00191041 -0.0197886 0.0236618 -0.02448 0.270622 0.00854324 -0.0493152 0.0814129 -0.201831 0.451795 -0.09345 -0.0677735 -0.103215 0.108753 -0.0671513 0.0228283 -0.20277 0.228451 -0.133887 -0.129679 -0.0627317 -0.088505
internal_weight=8132 7838 271 154 7567 7463 3736 3727 3716 215 3512 117 63 54 68 294 263 237 86 200 82 104 49 72 118 49 40
internal_count=8132 7838 271 154 7567 7463 3736 3727 3716 215 3512 117 63 54 68 294 263 237 86 200 82 104 49 72 118 49 40
is_linear=0
shrinkage=0.03


Tree=294
num_leaves=27
num_cat=0
split_feature=15 15 0 63 43 26 42 12 63 20 43 42 60 44 16 60 32 24 16 32 42 33 12 49 56 60
split_gain=2941.54 5188.14 7704.1 5526.1 6569.33 4710.07 19061.7 20212 19900.7 9632.65 6486.24 4201.89 3618.76 3831.01 3489.46 12170.4 3491.99 6921.92 7260.75 6068.57 9362.84 4933.98 3189.75 3175.96 4873.04 3049.77
threshold=994.35000000000014 995.95000000000016 28.662761550000003 56.944285714285733 27.699999999999999 1.5000000000000002 17.250000000000004 5.4500000000000011 32.170000000000009 7362.7500000000009 13.37666666666667 27.050000000000004 11.7125 11.250000000000002 7.7500000000000009 35.150000000000013 263.50000000000006 2371.9500000000003 11.15 193.50000000000003 15.050000000000002 151.50000000000003 6.7500000000000009 87.991043165467644 272.50000000000006 20.850000000000005
decision_type=2 2 2 10 10 2 8 2 10 2 10 8 10 10 2 8 10 2 2 8 8 8 2 8 10 10
left_child=5 3 23 12 -5 6 9 11 -9 10 -1 -8 -2 22 15 -7 19 18 -18 21 -21 -16 -14 24 -3 -15
right_child=1 2 -4 4 -6 14 7 8 -10 -11 -12 -13 13 25 16 -17 17 -19 -20 20 -22 -23 -24 -25 -26 -27
leaf_value=0.35860953631072207 -0.50672028432874117 0.79072782254219054 -0.25766914979900635 0.45802487185368168 -0.23026990205049513 -0.24392711305618286 0.19534988524230279 1.1671752306131216 0.18179188217435566 -0.64231372884341642 -0.23382552472444681 -0.37209424907341598 0.23293501571752129 -0.51189533418015343 0.0021478427017885462 0.80265494531393045 -0.56412693778673806 0.25920890060754925 -0.09866864400645417 0.42874845561773878 0.051089156112314134 -0.096595566948636774 -0.25002527010440828 0.023074527084827424 0.1284789403527975 -0.17040556385694594
leaf_weight=29 34 20 35 26 24 20 23 39 35 28 39 24 32 32 6287 20 36 39 186 69 411 491 20 24 20 89
leaf_count=29 34 20 35 26 24 20 23 39 35 28 39 24 32 32 6287 20 36 39 186 69 411 491 20 24 20 89
internal_value=8.51032e-11 -0.0843263 0.100197 -0.155407 0.127643 0.00386062 0.141664 0.39211 0.701116 -0.174003 0.0188306 -0.0944088 -0.223777 -0.16817 -9.53676e-05 0.279364 -0.00158205 -0.109394 -0.174148 0.0022949 0.105378 -0.00500515 0.0471811 0.295905 0.459603 -0.260717
internal_weight=8132 356 99 257 50 7776 217 121 74 96 68 47 207 173 7559 40 7519 261 222 7258 480 6778 52 64 40 121
internal_count=8132 356 99 257 50 7776 217 121 74 96 68 47 207 173 7559 40 7519 261 222 7258 480 6778 52 64 40 121
is_linear=0
shrinkage=0.03


Tree=295
num_leaves=25
num_cat=0
split_feature=60 9 47 9 9 8 43 5 20 28 20 34 38 30 5 36 25 9 6 8 13 60 56 48
split_gain=2893.18 3754.2 9007.1 8536 9855.04 20278.6 7663.18 7628.05 7247.83 14740.4 10632.2 6939.07 6683.05 6178.24 11710.4 8508.26 7068.9 5884.82 5434.26 5241.02 4524.57 4230.55 3739.94 1732.41
threshold=145.50000000000003 38.45000000000001 41.760000000000012 36.45000000000001 35.650000000000013 30.950000000000003 41.300000000000011 110.50000000000001 14344.000000000002 39.833333333333343 13893.250000000002 132.84999999999999 29.650000000000002 167.04666666666637 108.50000000000001 175.50000000000003 1.5000000000000002 36.150000000000013 912.13000000000011 33.45000000000001 181.50000000000003 36.45000000000001 105.50000000000001 19.825000000000003
decision_type=10 2 10 2 2 2 8 2 2 2 2 10 10 2 2 10 2 2 2 2 2 10 10 10
left_child=1 3 6 4 8 17 -3 19 10 -10 -1 12 -4 15 21 23 -16 -6 -9 -8 -7 -15 -14 -5
right_child=-2 2 11 13 5 20 7 18 9 -11 -12 -13 22 14 16 -17 -18 -19 -20 -21 -22 -23 -24 -25
leaf_value=0.0032159614226643426 -0.28469352414831517 0.62875871532103589 -0.51007440567016604 -0.30472141138144898 0.22645272292143531 -0.16869575778937945 0.82622858872467819 -0.35239041280746458 -0.27604923806998261 -0.0065059232391320729 0.49410125550627704 -0.55918225809931754 -0.23379311940655473 -0.24833487924188374 -0.45373566018568501 0.55593722763061526 -0.0070953945757506725 0.56333994757384065 0.12468354937163931 0.17139200221408499 0.079978739738514354 -0.5960464949761668 0.067870404817282196 0.0014417040925472973
leaf_weight=5490 32 34 21 21 105 118 22 25 259 619 40 20 41 64 37 25 231 84 153 22 149 62 378 80
leaf_count=5490 32 34 21 21 105 118 22 25 259 619 40 20 41 64 37 25 231 84 153 22 149 62 378 80
internal_value=-3.48947e-10 0.00112471 0.0667131 -0.00523515 0.00364286 0.138397 0.209345 0.14511 -0.00594635 -0.0860181 0.00676667 -0.0126646 0.0121771 -0.122425 -0.180902 0.0604335 -0.0687584 0.37618 0.0576788 0.49881 -0.0299223 -0.419431 0.038352 -0.062216
internal_weight=8132 8100 716 7384 6864 456 256 222 6408 878 5530 460 440 520 394 126 268 189 178 44 267 126 419 101
internal_count=8132 8100 716 7384 6864 456 256 222 6408 878 5530 460 440 520 394 126 268 189 178 44 267 126 419 101
is_linear=0
shrinkage=0.03


Tree=296
num_leaves=25
num_cat=0
split_feature=40 38 23 1 47 13 17 12 35 65 47 44 43 48 45 19 45 35 37 12 58 28 22 16
split_gain=2845.06 5504.06 10426.9 3917.55 8691.42 6693.03 7262.28 5212.12 4193.02 11025.8 4577.84 5511.08 5368.28 3713.21 5683.86 5411.35 3427.3 3372.68 3285.94 2929.29 2803.87 2762.66 1872.11 1375.01
threshold=94.850000000000009 96.350000000000009 431.37500000000006 77.100837000000013 28.410000000000004 100.50000000000001 652.50000000000011 5.1500000000000012 535.00000000000011 72.383571428571443 121.05000000000001 35.960215827338139 8.086666666666666 176.80000000000004 59.650000000000013 8.8000000000000025 116.50000000000001 310.50000000000006 248.83333333333334 6.4500000000000011 96.350000000000009 101.83333333333336 163.50000000000003 19.050000000000004
decision_type=10 10 2 2 8 2 2 2 10 10 8 10 8 8 10 2 10 10 10 2 10 2 2 2
left_child=1 3 -3 4 -1 7 -7 -6 10 -10 11 -5 -12 14 15 20 17 23 -4 -17 -2 -18 -19 -15
right_child=13 2 18 8 5 6 -8 -9 9 -11 12 -13 -14 16 -16 19 21 22 -20 -21 -22 -23 -24 -25
leaf_value=0.53374456849168328 -0.61191969459707085 0.67074521267786624 -0.29712299315766855 -0.0069477611606708735 0.23633323953486979 -0.38037697323437392 0.10585528313924836 -0.25694226940295523 0.048903673489888506 -0.82962107920646666 -0.3924317429065704 -0.10924327455439696 0.051040714969497039 0.097011236058814176 -0.67055130243301386 0.23196207616780257 -0.40933407211303713 0.50112578964751697 0.19282031267881392 -0.16000613427255303 -0.16908050935114582 0.04128237426280975 0.10426090058684348 -0.21604008984306583
leaf_weight=34 22 32 22 4966 24 29 592 98 36 20 25 524 1417 28 20 37 25 23 28 32 31 24 20 23
leaf_count=34 22 32 22 4966 24 29 592 98 36 20 25 524 1417 28 20 37 25 23 28 32 31 24 20 23
internal_value=3.06238e-10 0.00338173 0.247879 0.000799783 0.0647032 0.0432396 0.0831488 -0.159904 -0.00630567 -0.264855 -0.00421699 -0.0167115 0.0433522 -0.0931103 -0.201777 -0.124929 0.0147967 0.120835 -0.0227547 0.0501797 -0.352901 -0.188624 0.316537 -0.0441688
internal_weight=8132 7847 82 7765 777 743 621 122 6988 56 6932 5490 1442 285 142 122 143 94 50 69 53 49 43 51
internal_count=8132 7847 82 7765 777 743 621 122 6988 56 6932 5490 1442 285 142 122 143 94 50 69 53 49 43 51
is_linear=0
shrinkage=0.03


Tree=297
num_leaves=22
num_cat=0
split_feature=13 15 35 10 45 24 25 63 63 42 35 46 12 16 16 18 15 58 29 16 59
split_gain=2798.32 3547.44 7593.58 7479.96 15165.6 21138.5 8119.46 6683.65 5770 6402.96 4351.15 4149.11 3848.21 3612.15 15173.6 9422.33 11559.3 9148.94 8558.13 7678.74 2468.56
threshold=24.500000000000004 994.35000000000014 155.50000000000003 10.250000000000002 38.550000000000004 560.33500000000015 1.5000000000000002 13.247857142857145 55.090000000000003 27.650000000000002 286.50000000000006 33.866666666666688 5.7500000000000009 11.550000000000002 12.15 4569.5000000000009 992.1500000000002 59.150000000000013 4.6428571428571432 14.050000000000002 29.192857142857147
decision_type=2 2 10 2 10 2 2 8 10 10 10 8 2 2 2 2 2 8 2 2 10
left_child=-1 3 -3 4 5 7 -6 -2 11 -10 -8 20 -13 15 18 16 -5 -17 -15 -16 -4
right_child=1 2 8 13 6 -7 10 -9 9 -11 -12 12 -14 14 19 17 -18 -19 -20 -21 -22
leaf_value=0.26766952223437174 -0.24475094905921393 0.39586613760544703 0.18639022707939149 0.27289458465663824 -0.53349458663694327 1.0434484088420868 -0.25111702736128461 0.26422999372596245 0.42583227296510046 -0.18390934927328942 0.17651003362702541 -0.64930402808131704 -0.19331356051067511 0.14620394464868766 0.088297866339233561 -0.029105900263929941 -0.0416153747525961 -0.64470693068504326 -0.3444758910764783 -0.013017791388914839 -0.16700019631511676
leaf_weight=35 28 26 20 255 31 30 33 136 31 31 61 31 36 39 761 166 179 25 178 5839 161
leaf_count=35 28 26 20 255 31 30 33 136 31 31 61 31 36 39 761 166 179 25 178 5839 161
internal_value=-2.37701e-10 -0.00115703 -0.0965917 0.00297466 0.145228 0.311267 -0.112465 0.177331 -0.137895 0.120961 0.0263856 -0.202609 -0.404294 -0.00312298 -0.00945151 0.0659035 0.143177 -0.109682 -0.256289 -0.00133579 -0.127952
internal_weight=8132 8097 336 7761 319 194 125 164 310 62 94 248 67 7442 6817 625 434 191 217 6600 181
internal_count=8132 8097 336 7761 319 194 125 164 310 62 94 248 67 7442 6817 625 434 191 217 6600 181
is_linear=0
shrinkage=0.03


Tree=298
num_leaves=29
num_cat=0
split_feature=1 1 32 16 37 37 29 36 1 7 30 30 61 24 1 35 37 35 28 24 13 58 48 42 44 19 35 35
split_gain=2836.67 3905.82 5776.68 5358.3 4123.28 5003.17 5871.3 5276.57 4086.81 7051.28 10774.7 37216.8 13299.8 9003.25 7979.21 6541.1 6702.18 9887.46 5639.13 3425.41 5564.45 7236.77 7272.98 5927.73 6436.22 5619.85 8105.72 1636.93
threshold=77.309166200000007 77.188546500000015 274.50000000000006 14.15 407.16666666666669 230.50000000000003 355.9285714285715 261.50000000000006 77.159231500000018 22.985000000000003 376.7766666666667 402.4433333333331 12.747142857142856 607.15000000000009 77.14626250000002 592.00000000000011 479.33333333333343 432.50000000000006 360.66666666666669 0.69500000000000017 260.50000000000006 41.95000000000001 72.65000000000002 21.450000000000003 28.850000000000005 12.377083333333337 248.50000000000003 93.65000000000002
decision_type=2 2 10 2 10 8 2 8 2 2 2 2 8 2 2 8 10 10 2 2 2 8 10 10 10 2 10 10
left_child=1 8 4 -4 5 7 -7 -3 9 13 12 -12 -11 14 -1 16 17 -10 -15 -2 25 22 -22 24 -23 -21 27 -27
right_child=19 2 3 -5 -6 6 -8 -9 15 10 11 -13 -14 18 -16 -17 -18 -19 -20 20 21 23 -24 -25 -26 26 -28 -29
leaf_value=0.035628931859556803 0.37188149935819881 -0.013876173876706486 -0.65962135276794431 -0.032058292925357813 0.32602807494252917 -0.14353039309715424 0.087794024004670207 0.31756035388193343 0.044389799319956597 0.41035422628053597 1.2868974171514096 0.066375945148510904 -0.2226305271948085 -0.25228059858372759 -0.09876510485912425 0.55043986499309538 -0.35294838075836499 0.47123375773429871 0.19842278914792197 0.26490214914934973 0.15712819423940447 0.31133433738175559 0.90152867794036862 0.50446020386435764 -0.18231997975442982 0.1438190485239029 -0.62628050473001273 -0.11838553976416588
leaf_weight=1072 33 2473 25 24 30 537 121 44 1154 35 23 1004 204 232 632 24 36 51 28 35 27 34 21 22 79 30 27 75
leaf_count=1072 33 2473 25 24 30 537 121 44 1154 35 23 1004 204 232 632 24 36 51 28 35 27 34 21 22 79 30 27 75
internal_value=-2.70051e-11 -0.00393916 -0.028972 -0.352244 -0.0240296 -0.0273373 -0.100992 -0.00808229 0.0141825 -0.00371911 0.0514896 0.0937099 -0.129934 -0.0393068 -0.0142167 0.0598918 0.050405 0.0624554 -0.203743 0.0796985 0.0521498 0.16642 0.482803 0.0539275 -0.0337868 -0.0730679 -0.162681 -0.0434699
internal_weight=8132 7749 3254 49 3205 3175 658 2517 4495 3230 1266 1027 239 1964 1704 1265 1241 1205 260 383 350 183 48 135 113 167 132 105
internal_count=8132 7749 3254 49 3205 3175 658 2517 4495 3230 1266 1027 239 1964 1704 1265 1241 1205 260 383 350 183 48 135 113 167 132 105
is_linear=0
shrinkage=0.03


Tree=299
num_leaves=17
num_cat=0
split_feature=35 13 15 35 10 45 10 32 65 43 8 18 8 38 22 62
split_gain=2747.67 2775.63 3306.08 8038 6971.78 14250.2 14283.7 7728.43 3738.09 7345.75 3709.47 14240.5 13425 3545.18 795.291 645.289
threshold=24.450000000000003 24.500000000000004 994.35000000000014 152.50000000000003 10.250000000000002 38.550000000000004 10.100000000000001 159.50000000000003 110.25000000000001 27.500000000000011 16.250000000000004 3094.5000000000005 16.950000000000003 28.739883720930234 80.500000000000014 15.019964028776981
decision_type=8 2 2 10 2 10 2 10 10 10 2 2 2 8 2 8
left_child=14 -2 4 -4 5 6 -3 -7 13 -10 11 -6 -12 -5 15 -1
right_child=1 2 3 8 10 7 -8 -9 9 -11 12 -13 -14 -15 -16 -17
leaf_value=-0.23097152799367904 0.27207589461522946 0.2083134573322247 0.44942167670830435 0.029759187126159665 0.079551468115785853 -0.43377291087494341 1.0046192452700242 0.062797457801132661 0.32614202498299322 -0.24174569303396998 0.34756224124878643 -0.39059399550855162 -0.0024966960867520822 -0.25579147478953623 -0.32111721697335061 0.0071320044142859319
leaf_weight=20 34 171 23 50 138 43 23 82 41 41 100 100 7039 180 26 21
leaf_count=20 34 171 23 50 138 43 23 82 41 41 100 100 7039 180 26 21
internal_value=1.63242e-12 0.00158942 0.000444294 -0.0918136 0.0044602 0.141771 0.302721 -0.108023 -0.131712 0.0421982 -0.00147747 -0.117989 0.00240678 -0.193715 -0.191324 -0.109016
internal_weight=8132 8065 8031 335 7696 319 194 125 312 82 7377 238 7139 230 67 41
internal_count=8132 8065 8031 335 7696 319 194 125 312 82 7377 238 7139 230 67 41
is_linear=0
shrinkage=0.03


Tree=300
num_leaves=18
num_cat=0
split_feature=60 18 34 36 18 35 7 19 49 32 21 23 21 33 33 43 41
split_gain=2741.13 3185.16 7995.01 5908.9 5796.37 5598.5 7349.23 5273.04 6584.24 5079.98 4220.15 9227.34 7999.66 4319.23 3195.43 4064.28 2623.59
threshold=145.50000000000003 6540.0000000000009 39.016666666666687 342.50000000000006 6372.5000000000009 262.50000000000006 20.210000000000004 1.6541666666666668 28.66500000000001 94.050000000000011 1479.5000000000002 4680.6650000000018 771.00000000000011 139.50000000000003 64.250000000000014 31.906666666666677 45.650000000000013
decision_type=10 2 10 10 2 10 2 2 10 10 2 2 2 10 10 10 8
left_child=1 4 -3 7 10 6 -6 9 -9 -4 11 12 -1 -13 -12 -16 -8
right_child=-2 2 3 -5 5 -7 16 8 -10 -11 14 13 -14 -15 15 -17 -18
leaf_value=-0.00014614681216137482 -0.27711187843931839 0.65092959233692704 -0.15157071446933384 -0.35458921235799784 0.34677331339229234 -0.68043555021286006 -0.024852154232561589 0.51620948472619055 0.096726192989399731 0.34706609211184763 0.026678896397352218 0.17325737226222243 -0.42556215265765784 0.63304393611171028 -0.64879788792651627 -0.13244419923600026 -0.45339789025485516
leaf_weight=7299 32 21 112 30 22 20 20 40 213 22 34 112 40 22 23 34 36
leaf_count=7299 32 21 112 30 22 20 20 40 213 22 34 112 40 22 23 34 36
internal_value=1.34929e-10 0.00109476 0.0797773 0.0510142 -0.00340314 -0.232644 -0.117825 0.0824563 0.163048 -0.069705 -0.000433077 0.00203969 -0.00246481 0.248745 -0.203499 -0.340797 -0.300346
internal_weight=8132 8100 438 417 7662 98 78 387 253 134 7564 7473 7339 134 91 57 56
internal_count=8132 8100 438 417 7662 98 78 387 253 134 7564 7473 7339 134 91 57 56
is_linear=0
shrinkage=0.03


Tree=301
num_leaves=19
num_cat=0
split_feature=40 38 23 32 35 41 42 35 13 58 13 55 29 47 39 39 36 40
split_gain=2678.62 5170.6 9728.84 4159.02 4165.79 3949.81 4682.55 3663.25 8926.68 8326.58 8060.23 6272.55 6190.44 5732.81 3872.32 5960.15 3391.96 3130.7
threshold=94.850000000000009 96.350000000000009 431.37500000000006 329.50000000000006 407.50000000000006 58.850000000000001 41.750000000000007 485.50000000000006 274.50000000000006 50.95000000000001 128.50000000000003 288.28571428571433 138.85714285714286 88.450000000000017 103.50000000000001 91.350000000000009 256.50000000000006 98.483333333333363
decision_type=10 10 2 10 10 10 10 10 2 10 2 10 2 8 10 10 10 10
left_child=1 7 -3 4 5 6 17 11 10 12 -9 14 -10 -13 15 -1 -4 -2
right_child=3 2 16 -5 -6 -7 -8 8 9 -11 -12 13 -14 -15 -16 -17 -18 -19
leaf_value=-0.00028001885193495058 -0.37109012452885509 0.64872196912765501 -0.29991972160610286 -0.49668275083814339 0.25727161979133434 0.2120263785700644 -0.57570832354681833 -0.11287184238433838 -0.13240276888012883 -0.42604083021481831 -0.95438771009445189 0.70215674254027283 0.47604829819763406 0.038149919271469115 -0.41557006287574766 0.2650124576494291 0.19786428853869437 -0.043647695838340689
leaf_weight=7492 32 32 22 21 33 31 21 21 27 27 20 22 34 25 20 77 28 147
leaf_count=7492 32 32 22 21 33 31 21 21 27 27 20 22 34 25 20 77 28 147
internal_value=-2.82705e-10 0.00328132 0.240257 -0.0903457 -0.0580234 -0.103066 -0.151905 0.000778809 -0.157755 0.0125871 -0.523367 0.00345703 0.206734 0.348962 0.00131726 0.00241882 -0.0211607 -0.102185
internal_weight=8132 7847 82 285 264 231 200 7765 129 88 41 7636 61 47 7589 7569 50 179
internal_count=8132 7847 82 285 264 231 200 7765 129 88 41 7636 61 47 7589 7569 50 179
is_linear=0
shrinkage=0.03


Tree=302
num_leaves=19
num_cat=0
split_feature=19 30 19 22 37 19 68 8 8 26 59 8 53 12 43 57 41 43
split_gain=2696.69 4546.56 4250.01 2791.07 6572.73 5697.75 3901.05 3188.54 13910.6 13742 11359.7 9095.85 8808.14 8212.8 2065.06 1604.87 710.266 573.487
threshold=25.835416666666671 3.5166666666667408 25.781250000000004 1.0000000180025095e-35 269.50000000000006 8.8000000000000025 16.500000000000004 26.650000000000002 25.250000000000004 3.5000000000000004 33.673571428571435 27.050000000000004 175830.40000000005 11.750000000000002 17.56666666666667 116.59285714285714 43.45000000000001 28.650000000000002
decision_type=2 2 2 2 10 2 2 2 2 2 8 2 2 2 8 10 10 10
left_child=2 -2 3 4 5 -1 -7 8 12 10 -9 -11 -5 -10 -3 16 17 -16
right_child=1 14 -4 7 -6 6 -8 9 13 11 -12 -13 -14 -15 15 -17 -18 -19
leaf_value=0.42565107216889209 0.40455501839518543 -0.16805463573511908 -0.31511708069306155 -0.0028198540053901927 -0.5762339492277665 -0.14608617241080837 0.028370980590116231 -0.036989853510731148 -0.19048638018807679 0.33575243131534471 0.36888518807389797 -0.00069528348551682151 0.23867525216742927 0.2616846132278442 0.0074705322663514654 0.34197259318828582 -0.098595298314669524 0.16723070003624474
leaf_weight=22 38 34 39 3179 22 259 208 95 495 74 179 3183 142 39 39 20 23 42
leaf_count=22 38 34 39 3179 22 259 208 95 495 74 179 3183 142 39 39 20 23 42
internal_value=7.28548e-10 0.109929 -0.00271497 -0.00117215 -0.0689784 -0.0461571 -0.0683836 0.00351902 -0.0153457 0.0241147 0.228162 0.00694891 0.00750604 -0.157463 0.0390693 0.0958613 0.0485322 0.0903091
internal_weight=8132 196 7936 7897 511 489 467 7386 3855 3531 274 3257 3321 534 158 124 104 81
internal_count=8132 196 7936 7897 511 489 467 7386 3855 3531 274 3257 3321 534 158 124 104 81
is_linear=0
shrinkage=0.03


Tree=303
num_leaves=26
num_cat=0
split_feature=15 15 17 37 29 12 46 8 9 53 8 8 36 8 53 9 19 17 22 31 44 14 39 37 41
split_gain=2694.32 3837.2 7027.24 5902.13 6034.81 5041.34 7882.54 3668.11 18027.4 11176.4 9176.5 15357.6 12491.1 9163.79 9090.83 8883.44 8333.19 7502.49 7121.51 6891.4 6575.13 3543.22 2917.72 2140.63 1278.32
threshold=971.95000000000016 975.85000000000002 3347.5000000000005 142.35000000000005 17.571428571428573 9.0500000000000025 7.0816666666666732 26.650000000000002 31.950000000000003 175830.40000000005 30.550000000000004 29.750000000000004 217.50000000000003 32.850000000000001 174531.65000000005 36.250000000000007 10.093750000000002 3085.0000000000005 104.50000000000001 180.00714285714278 10.65 17.100000000000005 37.350000000000001 112.05000000000001 18.750000000000004
decision_type=2 2 2 10 2 2 8 2 2 2 2 2 10 2 2 2 2 2 2 2 10 2 10 10 10
left_child=24 2 3 4 23 6 -5 8 9 14 11 15 -13 19 -3 -9 -11 18 -10 -12 -15 -6 -7 -2 -1
right_child=1 7 -4 5 21 22 -8 10 17 16 13 12 -14 20 -16 -17 -18 -19 -20 -21 -22 -23 -24 -25 -26
leaf_value=0.37669794714969135 -0.16334112146361307 -0.002567069600313374 0.49552834908384824 -0.034568152839646621 0.017081630131278776 0.30295503216130393 -0.51420981159576995 0.021374494176188377 -0.066735479413385854 0.061130867846310138 0.017068678282215456 0.17458073871992177 0.67834376038185185 0.16384247206012481 -0.6440123262405395 0.33925200328769456 0.52242695220879143 -0.63404536579784598 -0.40181969751571783 -0.17607514385615997 -0.050950407006028223 0.37907868325710298 -0.18614303407461746 0.14466670551083305 0.090377480362852411
leaf_weight=23 264 3460 20 51 380 21 78 1694 166 80 263 212 56 268 20 83 63 38 87 452 246 26 23 22 36
leaf_count=23 264 3460 20 51 380 21 78 1694 166 80 263 212 56 268 20 83 63 38 87 452 246 26 23 22 36
internal_value=-2.70105e-11 -0.00147623 -0.0604207 -0.073275 -0.034093 -0.230003 -0.324584 0.00578112 -0.0138194 0.00442756 0.0292131 0.068149 0.279845 -0.0355744 -0.00625354 0.0362219 0.264359 -0.240997 -0.181962 -0.105031 0.0610428 0.0402637 0.0472901 -0.139648 0.201994
internal_weight=8132 8073 885 865 692 173 129 7188 3914 3623 3274 2045 268 1229 3480 1777 143 291 253 715 514 406 44 286 59
internal_count=8132 8073 885 865 692 173 129 7188 3914 3623 3274 2045 268 1229 3480 1777 143 291 253 715 514 406 44 286 59
is_linear=0
shrinkage=0.03


Tree=304
num_leaves=20
num_cat=0
split_feature=38 7 47 44 63 35 68 48 12 53 16 47 18 59 48 48 58 12 25
split_gain=2703.55 4461.36 3001.14 10331 8710.04 12808.4 6568.6 7386.86 13794.8 5581.12 5242.03 4716.42 7184.77 5650.65 5166.71 8407.58 5070.45 4462.61 2293.72
threshold=115.50000000000001 11.385000000000002 77.65000000000002 50.850000000000001 10.605000000000002 282.50000000000006 1.0000000180025095e-35 68.790000000000006 4.4500000000000011 277244.05000000005 16.650000000000002 71.65000000000002 6277.5000000000009 55.350000000000009 65.920000000000016 78.750000000000014 57.350000000000001 7.1500000000000012 2.5000000000000004
decision_type=10 2 8 10 8 10 2 8 2 2 2 10 2 10 8 10 10 2 2
left_child=2 -2 3 11 5 10 -6 8 -8 -9 -4 14 13 -13 16 -16 -1 -14 -3
right_child=1 18 4 -5 6 -7 7 9 -10 -11 -12 12 17 -15 15 -17 -18 -19 -20
leaf_value=-0.025660905769510588 -0.47711980717522756 0.15197186048735273 0.46437754574029344 -0.67700718153800288 -0.38661810149749121 0.94773205583745779 0.70709357464784062 0.0025017860526499532 0.080945350223073836 0.33564148617827372 -0.10666804506228519 -0.25507197169031803 0.56285675503313537 0.016634694384139719 0.16804742512084836 -0.044403570857644077 0.10347443260704026 -0.063299665331840518 -0.19912931489593841
leaf_weight=3481 28 33 23 21 36 22 38 2812 190 46 39 208 21 103 380 300 297 20 34
leaf_count=3481 28 33 23 21 36 22 38 2812 190 46 39 208 21 103 380 300 297 20 34
internal_value=1.86556e-10 -0.159102 0.00188064 -0.0130535 0.0243843 0.325842 0.0162734 0.0209733 0.185303 0.00786373 0.105171 -0.0101548 -0.115874 -0.165086 -0.00180726 0.074319 -0.0155092 0.257415 -0.0261989
internal_weight=8132 95 8037 4831 3206 84 3122 3086 228 2858 62 4810 352 311 4458 680 3778 41 67
internal_count=8132 95 8037 4831 3206 84 3122 3086 228 2858 62 4810 352 311 4458 680 3778 41 67
is_linear=0
shrinkage=0.03


Tree=305
num_leaves=14
num_cat=0
split_feature=41 10 41 5 54 63 58 60 5 26 57 68 10
split_gain=2638.05 5152.88 4468.26 6902.83 4150.87 3930.78 2750.11 2831.14 8672.71 7332.47 4142.99 3445.21 1799.74
threshold=112.50000000000001 24.900000000000002 101.50000000000001 101.50000000000001 63.45000000000001 48.676223021582743 121.50000000000001 12.250000000000002 1217.5000000000002 7.5000000000000009 507.42857142857144 23.500000000000004 13.400000000000002
decision_type=10 2 10 2 10 8 10 10 2 2 10 2 2
left_child=2 5 6 -4 -3 -2 7 8 9 -1 11 -9 -8
right_child=1 4 3 -5 -6 -7 12 10 -10 -11 -12 -13 -14
leaf_value=-0.035330317546855915 -0.7085070445239543 0.37807817423343659 0.71211899426579472 -0.07607838249206543 -0.21907929998907175 -0.12084471936736788 -0.0010715690797025506 -0.0027795791709905216 0.6600483899116516 0.10106658070776409 0.40419315462762662 -0.096456751097515225 -0.35137077128345318
leaf_weight=730 20 20 20 20 22 21 22 6117 20 690 22 375 33
leaf_count=730 20 20 20 20 22 21 22 6117 20 690 22 375 33
internal_value=-2.70833e-11 -0.168266 0.00173513 0.31802 0.0652814 -0.407509 0.000155481 0.00161731 0.0396846 0.030947 -0.00679793 -0.00819069 -0.211251
internal_weight=8132 83 8049 40 42 41 8009 7954 1440 1420 6514 6492 55
internal_count=8132 83 8049 40 42 41 8009 7954 1440 1420 6514 6492 55
is_linear=0
shrinkage=0.03


Tree=306
num_leaves=25
num_cat=0
split_feature=60 9 34 9 9 17 48 44 5 6 7 17 1 52 35 58 48 52 36 10 25 16 8 41
split_gain=2594.47 3293.04 8145.26 7779.54 8736.25 20481.1 9550.76 7728.19 7292.6 7681.43 7140.8 8311.25 6682.53 5578.69 11640.8 5219.98 6854.96 4660.16 4797.74 4526.36 4263.6 3999.92 3292.01 3285.25
threshold=145.50000000000003 38.45000000000001 39.383333333333326 36.45000000000001 35.650000000000013 2622.5000000000005 36.985000000000007 8.1350000000000033 110.50000000000001 912.13000000000011 107.86000000000001 1872.5000000000002 77.175104500000018 17182.000000000004 181.50000000000003 58.750000000000007 61.525000000000006 22333.000000000004 124.50000000000001 25.850000000000005 4.5000000000000009 16.850000000000005 31.550000000000004 41.050000000000004
decision_type=10 2 10 2 2 2 10 10 2 2 2 2 2 2 10 10 10 2 10 2 2 2 2 10
left_child=1 3 -3 4 10 19 -7 8 12 -10 11 -1 -4 14 21 16 -15 23 -19 -6 -16 -5 -17 -9
right_child=-2 2 7 13 5 6 -8 17 9 -11 -12 -13 -14 15 20 22 -18 18 -20 -21 -22 -23 -24 -25
leaf_value=0.0096766372962623515 -0.26959686103742569 0.53813676617679096 0.76638656592369081 0.10149803752345697 0.16967471612922724 0.93297002792358397 0.30872557306373627 0.35152812740206713 -0.36135452461849538 0.14668302159170207 0.50058497385978695 -0.075945555708666929 0.15621236633828706 -0.040980620057038633 -0.75589545213259179 -0.3513015879903521 0.37523665556684133 -0.54694701039791105 -0.066805728566406652 -0.056215504664298775 -0.28454349679331625 -0.19499857246493682 0.047097602976219996 -0.040683119498394628
leaf_weight=5108 32 31 30 63 122 32 71 40 31 197 25 1275 35 138 39 56 48 20 295 231 31 117 28 37
leaf_count=5108 32 31 30 63 122 32 71 40 31 197 25 1275 35 138 39 56 48 20 295 231 31 117 28 37
internal_value=-9.42582e-11 0.00106507 0.0624931 -0.00489138 0.00358412 0.130459 0.502666 0.0409676 0.157521 0.0776077 -0.0054444 -0.00742634 0.437831 -0.116768 -0.218885 -0.0222153 0.0664303 -0.04615 -0.0972909 0.0218542 -0.547154 -0.0912248 -0.218502 0.163063
internal_weight=8132 8100 716 7384 6864 456 103 685 293 228 6408 6383 65 520 250 270 186 392 315 353 70 180 84 77
internal_count=8132 8100 716 7384 6864 456 103 685 293 228 6408 6383 65 520 250 270 186 392 315 353 70 180 84 77
is_linear=0
shrinkage=0.03


Tree=307
num_leaves=31
num_cat=0
split_feature=5 21 24 6 43 41 6 6 0 34 34 56 64 12 41 5 30 5 5 5 5 38 62 43 32 42 44 35 33 32
split_gain=2629.93 10951.5 12562.8 9788.99 11526.2 11724.9 8826.24 6869.75 12866.9 17351.3 11329.5 10665.9 6043.48 4998.29 4931.55 4985.17 13466.9 8398.6 11183.5 6021.35 4852.86 4431.02 6531.67 6221.46 3494.27 3477.33 2639.16 3699.59 2566.15 2314.22
threshold=307.00000000000006 233.50000000000003 2407.6750000000006 1495.8850000000002 24.466666666666679 42.250000000000007 1764.2100000000003 2584.8600000000006 28.690029500000005 164.16666666666671 142.01666666666668 284.50000000000006 129.45000000000002 6.7500000000000009 118.50000000000001 209.50000000000003 1083.1916666666668 175.00000000000003 191.00000000000003 166.50000000000003 255.50000000000003 44.050000000000004 65.550000000000011 37.283333333333339 91.750000000000014 38.650000000000013 49.050000000000004 217.50000000000003 84.65000000000002 87.550000000000011
decision_type=2 2 2 2 10 10 2 2 2 10 10 8 8 2 10 2 2 2 2 2 2 8 10 8 10 10 8 10 10 10
left_child=1 14 21 4 -2 -6 25 8 12 -10 11 -9 -8 -12 15 17 24 19 -19 -1 -18 26 23 -23 -17 -5 27 -3 -4 -7
right_child=3 2 28 6 5 29 7 10 9 -11 13 -13 -14 -15 -16 16 20 18 -20 -21 -22 22 -24 -25 -26 -27 -28 -29 -30 -31
leaf_value=0.0061511587931376895 -0.20720803219266234 -0.10706535025347362 0.08447913727674046 -0.14059943354129792 1.0612431638002395 0.45689980174813954 -0.014158628088249978 -0.017295902500696042 0.078662388375827244 1.0709651055212679 -0.58831789897038389 0.41033289308012538 0.37235712704587387 -0.14085647651047076 -0.33416102145726867 -0.18032285665891254 -0.10417763972976085 0.42588316481709476 0.01575731505483589 -0.2558402225151658 0.26124996162131431 -0.68452667801759459 0.12428115963935851 -0.25250385163182559 -0.4692298127516456 -0.700027285695076 0.1177001983076334 -0.46511517132029812 0.49161080669273033 0.0059891533255577081
leaf_weight=6026 25 110 38 20 25 21 211 476 35 29 39 59 44 53 39 83 58 100 149 80 75 55 21 66 69 20 30 34 22 20
leaf_count=6026 25 110 38 20 25 21 211 476 35 29 39 59 44 53 39 83 58 100 149 80 75 55 21 66 69 20 30 34 22 20
internal_value=-2.17066e-10 -0.00666583 -0.164199 0.0436652 0.34138 0.549178 0.0161885 0.0346453 0.147986 0.5283 -0.0230191 0.0298632 0.0525343 -0.330541 0.00220262 0.00417825 -0.118569 0.00968306 0.180466 0.00271858 0.101891 -0.239761 -0.364115 -0.448878 -0.311471 -0.420313 -0.138276 -0.191605 0.233761 0.236943
internal_weight=8132 7055 376 1077 91 66 986 946 319 64 627 535 255 92 6679 6640 285 6355 249 6106 133 316 142 121 152 40 174 144 60 41
internal_count=8132 7055 376 1077 91 66 986 946 319 64 627 535 255 92 6679 6640 285 6355 249 6106 133 316 142 121 152 40 174 144 60 41
is_linear=0
shrinkage=0.03


Tree=308
num_leaves=24
num_cat=0
split_feature=15 15 17 37 31 12 46 5 6 5 35 19 16 20 63 43 62 36 38 39 20 35 37
split_gain=2589.92 3489.74 6389.96 5362.88 5692.57 4677.37 7348.69 4053.92 17564.9 11410.6 8180.33 8133.47 7055.49 6473.9 5432.02 8769.36 4684.55 3429.45 2960.79 2767.2 2578.48 2188.05 1245.58
threshold=971.95000000000016 975.85000000000002 3347.5000000000005 142.35000000000005 71.999999999999886 9.0500000000000025 7.0816666666666732 16.500000000000004 58.245000000000005 15.500000000000002 346.50000000000006 23.956250000000004 14.050000000000002 4536.0000000000009 15.305714285714286 22.633333333333344 18.950000000000003 122.50000000000001 58.45000000000001 37.350000000000001 6991.0000000000009 131.50000000000003 119.75000000000001
decision_type=2 2 2 10 2 2 8 2 2 2 10 2 2 2 8 10 10 10 10 10 2 8 10
left_child=22 2 3 4 20 6 -5 9 16 10 13 12 -10 -3 -11 -16 -9 -6 -18 -7 -2 -13 -1
right_child=1 7 -4 5 17 19 -8 8 11 14 -12 21 -14 -15 15 -17 18 -19 -20 -21 -22 -23 -24
leaf_value=0.099331376277483424 -0.25424901758248986 -0.10503507369811214 0.47248165105283257 -0.030394080640638574 0.015918988131286043 0.2967643163885389 -0.49350900450578095 -0.77894945328052223 0.060132245588747323 0.025151464842980909 -0.49097760995229078 -0.21958708915979633 -0.017398535435384745 0.063099323871390139 0.93898071637520419 0.24405044707384976 -0.11160652789202603 0.36000852865832189 -0.56728190234729226 -0.17955032882483107 -0.066993902600523861 -0.62206251633167264 0.39052706176042556
leaf_weight=39 104 246 20 51 378 21 78 26 1439 31 27 31 3973 1271 26 44 33 28 21 23 182 20 20
leaf_count=39 104 246 20 51 378 21 78 26 1439 31 27 31 3973 1271 26 44 33 28 21 23 182 20 20
internal_value=-1.98798e-10 -0.00144735 -0.0576598 -0.0699174 -0.0325682 -0.219314 -0.310417 0.00547363 -0.00679977 0.0468302 0.0266219 -0.000337274 0.00321617 0.0358343 0.355757 0.502167 -0.448108 0.0396493 -0.288814 0.0477817 -0.135087 -0.377421 0.198042
internal_weight=8132 8073 885 865 692 173 129 7188 5543 1645 1544 5463 5412 1517 101 70 80 406 54 44 286 51 59
internal_count=8132 8073 885 865 692 173 129 7188 5543 1645 1544 5463 5412 1517 101 70 80 406 54 44 286 51 59
is_linear=0
shrinkage=0.03


Tree=309
num_leaves=23
num_cat=0
split_feature=1 38 35 1 32 12 47 12 37 6 5 44 1 12 64 11 54 12 12 64 12 11
split_gain=2628.8 3859.07 4829.65 3327.81 5589.61 4543.79 4480.61 6440.59 5745.7 4129.89 10568.3 12219.5 4046.44 3154.39 4430.84 6297.41 4189.03 4142.16 4060.1 5055.72 3920.99 1879.68
threshold=77.309166200000007 115.50000000000001 262.50000000000006 77.188546500000015 274.50000000000006 5.7500000000000009 129.45000000000002 7.0500000000000007 248.83333333333334 14675.535000000002 1727.0000000000002 12.050000000000002 77.159231500000018 3.9500000000000006 66.15000000000002 70.500000000000014 69.950000000000017 4.4500000000000011 4.9500000000000011 71.65000000000002 5.7500000000000009 54.500000000000007
decision_type=2 10 10 2 10 2 8 2 10 2 2 10 2 2 8 2 10 2 2 8 2 2
left_child=1 3 21 9 6 -6 8 -8 -5 10 12 -12 -1 -2 15 16 -15 -16 -19 -20 -17 -3
right_child=13 2 -4 4 5 -7 7 -9 -10 -11 11 -13 -14 14 17 20 -18 18 19 -21 -22 -23
leaf_value=-0.0050314434830248025 0.33613926934568505 -0.19366259081023079 -0.57879092721835423 -0.021628968748684703 -0.63783002212643625 -0.059930143260955811 0.12625742076134139 -0.061339919909517815 -0.16051287280551702 -0.32454541048966346 1.0023447967427117 -0.033789142280817031 0.058851699631940417 0.20228207228332756 -0.4314140496253967 0.34211560410261155 0.81629579702764743 0.4163598346710205 -0.44088691172392469 0.030319447016858674 -0.19021934016184375 0.1709196628332138
leaf_weight=3157 38 35 23 2164 24 25 396 282 306 32 21 20 1244 20 20 20 20 21 23 188 33 20
leaf_count=3157 38 35 23 2164 24 25 396 282 306 32 21 20 1244 20 20 20 20 21 23 188 33 20
internal_value=-1.23488e-10 -0.00379208 -0.213743 -0.00165726 -0.0250323 -0.342983 -0.0200832 0.0482302 -0.0388348 0.0150459 0.0174923 0.496914 0.013026 0.0767229 0.0481495 0.225125 0.509289 -0.017163 0.0185483 -0.0210443 0.0106618 -0.0610872
internal_weight=8132 7749 78 7671 3197 49 3148 678 2470 4474 4442 41 4401 383 345 93 40 252 232 211 53 55
internal_count=8132 7749 78 7671 3197 49 3148 678 2470 4474 4442 41 4401 383 345 93 40 252 232 211 53 55
is_linear=0
shrinkage=0.03


Tree=310
num_leaves=30
num_cat=0
split_feature=15 10 45 10 61 23 21 63 15 63 43 58 68 46 59 9 32 40 9 5 34 36 26 9 10 44 61 37 64
split_gain=2614.62 6400.45 13144.3 13311.3 7424.76 5513.77 5511.49 6507.63 4594.92 4771.98 5639.85 4192.21 3491.44 4501.03 3954.82 3417.41 11748.4 13036 7301.59 17421.7 11368.7 5052.25 4123.71 23595.6 5201.62 3390.3 2991.56 2686.63 1087.19
threshold=994.35000000000014 10.250000000000002 38.550000000000004 10.100000000000001 16.63214285714286 528.45500000000015 166.50000000000003 13.247857142857145 995.95000000000016 56.944285714285733 27.699999999999999 30.150000000000002 22.500000000000004 33.866666666666688 56.528571428571439 21.200000000000006 129.50000000000003 35.270000000000032 22.850000000000005 108.50000000000001 194.50000000000003 342.50000000000006 2.5000000000000004 30.050000000000004 14.050000000000002 10.65 26.450000000000006 330.50000000000006 77.65000000000002
decision_type=2 2 10 2 10 2 2 8 2 10 10 8 2 10 10 2 10 8 2 2 10 10 2 2 2 10 10 10 10
left_child=1 2 3 6 -4 26 7 -1 9 12 -11 -10 13 14 -2 16 -3 -18 19 20 -17 -19 23 -20 -24 -13 -6 -7 -27
right_child=8 15 4 -5 5 27 -8 -9 11 10 -12 25 -14 -15 -16 18 17 21 22 -21 -22 -23 24 -25 -26 28 -28 -29 -30
leaf_value=-0.18440092641374339 -0.16366776516332346 0.34392298975506341 -0.55583999633789061 0.9673982265721196 0.49307713014738896 -0.47336184935136272 -0.1705639403760433 0.36721561960749705 0.43002144252061847 0.42275103862469016 -0.21499472759664057 -0.25847227661960548 -0.46976030964600407 -0.45444331004364152 0.21859515273372379 -0.14782433513442383 -0.86337261983981495 0.061099172262918375 -0.15036344928056414 1.0415405080318452 0.53789629714563492 -0.33842269186790169 0.082955704055155927 0.37939549941569567 -0.0047632067055658756 0.31486183226108549 0.040158312895468298 0.0010311824934823171 0.012428918714108674
leaf_weight=23 102 37 26 23 21 22 30 118 25 26 24 31 38 35 32 68 26 63 540 20 32 52 679 88 5852 20 35 21 23
leaf_count=23 102 37 26 23 21 22 30 118 25 26 24 31 38 35 32 68 26 63 540 20 32 52 679 88 5852 20 35 21 23
internal_value=-2.81974e-11 0.00363977 0.135233 0.289812 -0.104672 0.0138167 0.198674 0.277236 -0.0795023 -0.146396 0.116633 0.0941515 -0.20993 -0.151506 -0.0723811 -0.00198963 -0.131861 -0.256712 0.00118624 0.233262 0.0716063 -0.119554 -0.00270384 -0.0761297 0.00435655 -0.0193181 0.210003 -0.241682 0.153095
internal_weight=8132 7776 319 194 125 99 171 141 356 257 50 99 207 169 134 7457 178 141 7279 120 100 115 7159 628 6531 74 56 43 43
internal_count=8132 7776 319 194 125 99 171 141 356 257 50 99 207 169 134 7457 178 141 7279 120 100 115 7159 628 6531 74 56 43 43
is_linear=0
shrinkage=0.03


Tree=311
num_leaves=30
num_cat=0
split_feature=35 30 24 30 37 20 20 10 32 54 56 56 44 31 57 0 35 32 35 14 14 54 35 56 56 48 21 45 41
split_gain=2585.23 3261.6 5197.49 4001.06 3301.67 3001.16 13960.5 13720.8 10733.2 10117.7 6511.82 2832.22 3797.77 2074.5 2831.99 2556.19 2764.61 2559.76 1357.77 1222.73 1413.74 1171.01 1024.22 1239.42 825.922 800.886 561.866 534.518 346.937
threshold=38.150000000000013 1.7766666666667417 1.3600000000000003 2.9983333333334086 43.266666666666673 9486.2500000000018 8922.7500000000018 10.750000000000002 124.50000000000001 59.350000000000001 610.00000000000011 81.950000000000017 8.2550000000000008 2.0757142857141564 69.007142857142881 28.643240000000002 87.350000000000009 39.550000000000004 114.50000000000001 1.6500000000000001 7.2000000000000002 53.250000000000007 19.550000000000001 126.50000000000001 42.95000000000001 20.970000000000002 1.0000000180025095e-35 7.7350000000000012 21.050000000000004
decision_type=8 2 2 2 10 2 2 2 10 10 10 10 10 2 10 2 8 10 10 2 2 8 10 8 10 10 2 10 10
left_child=19 2 4 18 -2 6 10 -7 -9 -8 -5 12 -6 14 -4 16 -15 -17 24 22 -21 25 -1 28 -3 -22 -27 -26 -24
right_child=1 3 13 5 11 7 9 8 -10 -11 -12 -13 -14 15 -16 17 -18 -19 -20 20 21 -23 23 -25 27 26 -28 -29 -30
leaf_value=-0.3783492500782013 -0.068963170051574707 -0.26363327976154244 -0.027877369778496881 0.0030717449705215862 -0.13663135278224944 0.76641732162237164 0.026547321300117336 -0.003888290675953315 -0.16890712937907848 0.43663576473197169 0.52081760401075528 0.52821750301581161 0.3764746386457134 -0.08646551392440284 0.40065482209558068 -0.060201388212942311 0.34207753702998162 -0.48917629071644375 -0.34558613652829079 0.15345382566635424 0.13097629424929619 -0.25287492746114731 -0.32118395447731019 0.043547867899355684 -0.15853913059053212 -0.18242658603191375 -0.010676924357190727 0.032338299466477281 -0.14447991017997266
leaf_weight=20 23 23 35 3513 20 20 98 3332 397 121 22 39 37 42 23 31 20 21 32 26 20 30 20 23 23 30 40 31 20
leaf_count=20 23 23 35 3513 20 20 98 3332 397 121 22 39 37 42 23 31 20 21 32 26 20 30 20 23 23 30 40 31 20
internal_value=2.83541e-10 0.00287934 0.101449 -0.000888887 0.253876 0.00173264 0.0206936 -0.0172536 -0.0214567 0.253126 0.00629393 0.331223 0.196437 -0.00400926 0.142058 -0.0783241 0.0517742 -0.233441 -0.181342 -0.0993688 -0.0471013 -0.090555 -0.191309 -0.131931 -0.113084 -0.0364483 -0.0842839 -0.0489613 -0.232832
internal_weight=8132 7903 291 7612 119 7503 3754 3749 3729 219 3535 96 57 172 58 114 62 52 109 229 146 120 83 63 77 90 70 54 40
internal_count=8132 7903 291 7612 119 7503 3754 3749 3729 219 3535 96 57 172 58 114 62 52 109 229 146 120 83 63 77 90 70 54 40
is_linear=0
shrinkage=0.03


Tree=312
num_leaves=27
num_cat=0
split_feature=1 45 64 13 18 13 10 42 41 19 18 58 44 37 0 36 13 25 40 13 7 36 0 60 15 57
split_gain=2552.17 8434.06 6769.31 5850.87 5743.04 10543.6 7825.85 3836.5 7257.31 3815.85 6115.94 6079.72 6036.11 7324.1 5852.92 4276.01 4082.71 9975.61 8076.3 4483.16 6577.38 6462.39 4081.48 4014.03 2591.01 3350.43
threshold=77.100837000000013 3.1700000000000004 25.790000000000003 100.50000000000001 4310.5000000000009 309.50000000000006 12.950000000000001 44.050000000000004 35.350000000000001 1.6541666666666668 6564.5000000000009 18.650000000000002 28.850000000000005 234.83333333333334 28.712721700000003 235.50000000000003 318.50000000000006 1.5000000000000002 67.65000000000002 298.50000000000006 37.670000000000009 373.50000000000006 28.647228500000001 85.250000000000014 981.1500000000002 236.07142857142858
decision_type=2 8 8 2 2 2 2 10 10 2 2 8 8 10 2 10 2 2 10 2 2 8 2 10 2 10
left_child=1 -1 -3 7 5 -5 -6 8 -4 11 16 -2 14 -14 15 -12 19 18 -18 20 -11 -21 -19 24 -13 -26
right_child=9 2 3 4 6 -7 -8 -9 -10 10 12 23 13 -15 -16 -17 17 22 -20 21 -22 -23 -24 -25 25 -27
leaf_value=0.65844383883476254 0.33008171979676593 0.54213330516348712 -0.12027027916622489 -0.00040368491045708924 0.65762790006140004 -0.69039675170725034 0.088975127584090194 0.15649459633827209 -0.75312201406274526 0.015540874493645052 -0.1079240572773135 0.086494996445519584 0.6745123744977487 0.043737594723701478 0.51092189839908053 0.37105842053890226 0.20578333341675559 0.086433828044682734 0.86515401738030562 -0.048659812318014022 -0.063960013602389523 -0.33987082899019522 -0.20068491961907695 -0.54297819291169824 -0.11015144631768076 -0.49271003387868401
leaf_weight=20 22 23 73 212 23 22 411 25 21 4412 104 35 37 30 21 20 82 112 21 937 1189 74 74 26 78 28
leaf_count=20 22 23 73 212 23 22 411 25 21 4412 104 35 37 30 21 20 82 112 21 937 1189 74 74 26 78 28
internal_value=1.69904e-10 0.0498493 0.0348223 0.0199962 0.0545208 -0.0652748 0.119111 -0.173806 -0.261652 -0.00566625 -0.00213116 -0.138709 0.156583 0.392076 0.0477685 -0.0306688 -0.00700687 0.103365 0.340218 -0.011831 -0.00133585 -0.069975 -0.0277962 -0.200466 -0.137308 -0.211205
internal_weight=8132 830 810 787 668 234 434 119 94 7302 7113 189 212 67 145 124 6901 289 103 6612 5601 1011 186 167 141 106
internal_count=8132 830 810 787 668 234 434 119 94 7302 7113 189 212 67 145 124 6901 289 103 6612 5601 1011 186 167 141 106
is_linear=0
shrinkage=0.03


Tree=313
num_leaves=27
num_cat=0
split_feature=5 21 24 66 32 60 21 33 33 47 40 41 5 30 5 5 7 5 38 45 43 9 33 47 57 62
split_gain=2648.1 10042.2 11647.8 9196.84 7592.54 6481.47 9849.41 6354.2 6658.18 5664.5 5419.85 4552.7 4530.87 12623.1 7521 9917.42 5796.77 4521.06 4150.25 6170.15 5094.15 3276.41 2353.24 2077.09 2010.48 1461.38
threshold=307.00000000000006 233.50000000000003 2407.6750000000006 1.0000000180025095e-35 190.50000000000003 13.750000000000002 447.50000000000006 259.50000000000006 218.50000000000003 112.05000000000001 58.916666666666679 118.50000000000001 209.50000000000003 1083.1916666666668 175.00000000000003 191.00000000000003 107.86000000000001 255.50000000000003 44.050000000000004 65.550000000000011 37.283333333333339 33.150000000000013 84.65000000000002 58.350000000000009 223.07142857142858 29.804532374100727
decision_type=2 2 2 2 10 8 2 8 10 10 10 10 2 2 2 2 2 2 8 10 8 2 10 8 10 10
left_child=1 11 18 5 -5 6 -2 8 9 -7 -10 12 14 21 16 -16 -1 -15 23 20 -20 -14 -4 24 -3 -25
right_child=3 2 22 4 -6 7 -8 -9 10 -11 -12 -13 13 17 15 -17 -18 -19 19 -21 -22 -23 -24 25 -26 -27
leaf_value=-0.00013116679366244216 -0.031072899699211121 -0.14537911256540167 0.082696806510028087 0.14796290836836162 0.8482678075270218 0.045671366333506942 0.87035710984468462 0.45179840233709129 -0.55364669366393771 -0.16875146037340163 0.018173077559241881 -0.32138204079407912 -0.35429610821884122 -0.098776649375414013 0.40167164823710916 0.015458323758520536 0.34545653357424522 0.25393730896115302 -0.64723709398614515 0.087842556238174441 -0.25249971149429196 0.057744608759880064 0.47257341417399318 0.18635833582052816 -0.47407164180278777 -0.13488301273584366
leaf_weight=6062 24 103 38 38 22 754 20 28 35 130 26 39 132 58 100 149 44 75 56 24 62 20 22 26 20 25
leaf_count=6062 24 103 38 38 22 754 20 28 35 130 26 39 132 58 100 149 44 75 56 24 62 20 22 26 20 25
internal_value=2.69968e-11 -0.00668882 -0.15754 0.0438158 0.404741 0.0225223 0.378668 0.006417 -0.00677949 0.0141386 -0.30992 0.0018035 0.00370173 -0.113319 0.00894971 0.170564 0.00235915 0.100122 -0.230298 -0.350648 -0.439833 -0.30008 0.225652 -0.132082 -0.198825 0.0288871
internal_weight=8132 7055 376 1077 60 1017 44 973 945 884 61 6679 6640 285 6355 249 6106 133 316 142 118 152 60 174 123 51
internal_count=8132 7055 376 1077 60 1017 44 973 945 884 61 6679 6640 285 6355 249 6106 133 316 142 118 152 60 174 123 51
is_linear=0
shrinkage=0.03


Tree=314
num_leaves=29
num_cat=0
split_feature=5 21 6 68 32 6 60 6 33 0 21 32 34 38 0 54 41 5 30 5 5 51 5 37 43 5 33 54
split_gain=2491.6 9448.74 8874.79 14743.5 12413.7 7932.97 7567.1 7654.65 13215.4 11176 7356.58 5486.83 5162.12 6900.18 4879.42 5803.76 4283.64 4263.09 11877.1 7076.51 9331.3 6716.15 4253.87 3333.56 3270.55 2889.39 2046.55 1992.67
threshold=307.00000000000006 233.50000000000003 1495.8850000000002 14.500000000000002 97.250000000000014 1764.2100000000003 13.950000000000001 2756.5350000000003 131.50000000000003 28.690029500000005 447.50000000000006 98.050000000000011 249.83333333333334 44.050000000000004 28.632526500000001 147.50000000000003 118.50000000000001 209.50000000000003 1083.1916666666668 175.00000000000003 191.00000000000003 666.79500000000019 255.50000000000003 261.15000000000003 38.416666666666679 248.50000000000003 115.50000000000001 99.550000000000011
decision_type=2 2 2 2 10 2 8 2 10 2 2 10 10 8 2 10 10 2 2 2 2 2 2 10 10 2 10 10
left_child=1 16 3 11 -5 24 10 9 -9 -8 -7 -2 13 25 26 -16 17 19 23 21 -21 -1 -20 -19 -4 27 -15 -3
right_child=2 12 5 4 -6 6 7 8 -10 -11 -12 -13 -14 14 15 -17 -18 18 22 20 -22 -23 -24 -25 -26 -27 -28 -29
leaf_value=-0.0028061901797952343 0.23565351742964524 -0.07178346984636258 -0.12621561098098755 0.2025807901675051 1.1993671602269877 0.040300984382629391 0.040721965548924773 0.017369410703314554 -0.35578456862483704 0.46577627996461729 0.84424639973044402 -0.42528210774064062 0.22468737637996675 -0.27256012109018135 -0.35207347620305984 -0.93343729054927815 -0.31174058395509535 -0.36218964652581648 -0.095813350929268473 0.38962149751111863 0.014994575286271588 0.19660023595564638 0.24631918922662732 -0.013512287678257111 -0.66875532567501061 -0.31134105059661366 0.11100866564682552 0.19133394040167331
leaf_weight=5950 26 136 20 22 23 21 272 458 105 70 20 20 30 31 68 20 39 121 58 100 149 156 75 31 20 38 21 32
leaf_count=5950 26 136 20 22 23 21 272 458 105 70 20 20 30 31 68 20 39 121 58 100 149 156 75 31 20 38 21 32
internal_value=-2.28374e-10 -0.00648815 0.0425013 0.325973 0.712049 0.0163391 0.033837 0.0157774 -0.0522241 0.127721 0.432469 -0.0517098 -0.152814 -0.185546 -0.348057 -0.484202 0.00174939 0.00359068 -0.10992 0.00868122 0.165447 0.00228837 0.0971185 -0.291078 -0.397485 -0.0751011 -0.117657 -0.0216659
internal_weight=8132 7055 1077 91 45 986 946 905 563 342 41 46 376 346 140 88 6679 6640 285 6355 249 6106 133 152 40 206 52 168
internal_count=8132 7055 1077 91 45 986 946 905 563 342 41 46 376 346 140 88 6679 6640 285 6355 249 6106 133 152 40 206 52 168
is_linear=0
shrinkage=0.03


Tree=315
num_leaves=31
num_cat=0
split_feature=15 10 45 24 25 53 64 0 15 24 1 21 61 43 17 12 51 8 18 8 8 0 28 45 38 61 44 29 65 62
split_gain=2474.29 5733.58 12349.4 18128.8 7756.95 4941.08 7400.24 4384.89 6132.87 5174.25 4125.78 3982.87 3895.41 3398.34 5235.61 3717.51 3297.83 3231.37 12861.7 11639 13022.5 11223.4 9676.03 9538.57 6856.41 4570.71 3652.56 7986.95 4738.46 2628.83
threshold=994.35000000000014 10.250000000000002 38.550000000000004 560.33500000000015 1.5000000000000002 76715.950000000012 62.750000000000007 28.647228500000001 995.70000000000016 176.48500000000004 77.13893400000002 10.500000000000002 31.678571428571431 27.699999999999999 1027.5000000000002 5.7500000000000009 212.45000000000002 16.250000000000004 3094.5000000000005 16.950000000000003 16.650000000000002 28.647228500000001 45.500000000000007 20.950000000000003 36.150000000000013 22.164285714285715 8.0250000000000004 162.92857142857147 43.78642857142858 89.950000000000003
decision_type=2 2 10 2 2 2 8 2 2 2 2 2 10 8 2 2 2 2 2 2 2 2 2 10 8 10 10 2 10 8
left_child=1 2 3 5 -4 6 -1 8 11 -10 -6 -2 -7 14 -9 -15 -12 18 22 20 21 -19 25 -24 -20 -3 27 -21 -28 -26
right_child=7 17 4 -5 10 12 -8 13 9 -11 16 -13 -14 15 -16 -17 -18 19 24 26 -22 -23 23 -25 29 -27 28 -29 -30 -31
leaf_value=0.61428490446164064 0.1512710627913475 0.13348675142635 -0.51597147195569937 0.95597975021600723 0.40183038984026226 0.10929727359200424 0.065315573268076951 -0.21975537764271358 0.49654574885087849 0.010699391881836221 -0.29732985090125691 -0.21927467581159188 -0.37350117291722978 -0.69949383567680012 0.31464017819081036 -0.15959886617958546 0.10781453308369965 0.44215760904364287 -0.7887047814405882 -0.003317393220925985 1.0078977649211884 -0.28316832521930335 -0.68774856431143627 0.058447392891193252 -0.34245665571268868 0.66534451287526342 -0.080967618114484149 0.12183170476981216 -0.0037682664263922411 0.043883361090784487
leaf_weight=39 36 33 31 30 21 53 51 77 34 47 33 95 21 22 21 24 40 48 26 1963 20 32 21 58 51 26 889 599 3668 23
leaf_count=39 36 33 31 30 21 53 51 77 34 47 33 95 21 22 21 24 40 48 26 1963 20 32 21 58 51 26 889 599 3668 23
internal_value=2.90629e-10 0.00354075 0.12809 0.277922 -0.104448 0.153887 0.303202 -0.0773395 0.00943439 0.214635 0.0312674 -0.117445 -0.0277131 -0.20509 -0.105242 -0.41781 -0.0753329 -0.00178731 -0.110551 0.00179846 0.323201 0.152027 0.077183 -0.139908 -0.369623 0.367865 -0.00271626 0.0259427 -0.0188287 -0.222378
internal_weight=8132 7776 319 194 125 164 90 356 212 81 94 131 74 144 98 46 73 7457 238 7219 100 80 138 79 100 59 7119 2562 4557 74
internal_count=8132 7776 319 194 125 164 90 356 212 81 94 131 74 144 98 46 73 7457 238 7219 100 80 138 79 100 59 7119 2562 4557 74
is_linear=0
shrinkage=0.03


Tree=316
num_leaves=21
num_cat=0
split_feature=19 14 19 22 34 22 28 15 24 13 7 16 23 0 32 60 61 61 0 57
split_gain=2484.87 4059.47 3793.87 2578.44 5603.24 4496 8389.83 6322.2 5540.92 5194.12 4273.75 3404.19 3216.37 2687.78 2559.55 2378.42 3233.04 1231.11 1225.8 439.567
threshold=25.835416666666671 12.750000000000002 25.781250000000004 1.5000000000000002 79.683333333333337 4.5000000000000009 8.3333333333333339 975.85000000000002 22.015000000000004 287.50000000000006 39.870000000000012 31.000000000000004 1.4650000000000001 28.581425950000003 26.550000000000004 11.15 17.632142857142863 23.63928571428572 28.682925800000003 68.07857142857145
decision_type=2 2 2 2 10 2 2 2 2 2 2 2 2 2 10 10 10 8 2 10
left_child=2 15 3 4 10 7 9 14 -8 -7 12 -9 -1 -6 -5 -2 -17 -15 19 -18
right_child=1 -3 -4 5 13 6 8 11 -10 -11 -12 -13 -14 17 -16 16 18 -19 -20 -21
leaf_value=0.01927653184818244 0.33462550263053603 0.37945666835858272 -0.29776798213330596 0.10972056335166973 -0.010108883182207743 -0.11379730432652509 0.12458785904832739 0.22849698823191522 -0.00076055514359699508 -0.49523316661778244 0.39938454968588688 -0.17977416864037513 -0.10373958436708353 -0.5035724906767568 -0.15852280793841494 -0.34137225081974809 -0.11738512098789214 -0.25028938788634081 0.23683003361408525 0.03991461699310718
leaf_weight=439 21 39 39 51 27 208 335 227 6036 38 21 20 339 31 86 22 21 39 26 67
leaf_count=439 21 39 39 51 27 208 335 227 6036 38 21 20 339 31 86 22 21 39 26 67
internal_value=8.83809e-11 0.105523 -0.00260617 -0.00114848 -0.0490661 0.00498409 -0.000807387 0.104782 0.00583052 -0.172718 -0.0229265 0.195439 -0.0343256 -0.264381 -0.0586658 0.0374759 -0.00840748 -0.362458 0.0558489 0.00237718
internal_weight=8132 196 7936 7897 896 7001 6617 384 6371 246 799 247 778 97 137 157 136 70 114 88
internal_count=8132 196 7936 7897 896 7001 6617 384 6371 246 799 247 778 97 137 157 136 70 114 88
is_linear=0
shrinkage=0.03


Tree=317
num_leaves=16
num_cat=0
split_feature=12 57 37 42 16 46 46 37 46 48 38 36 55 19 56
split_gain=2459.29 4209.31 4551.96 5460.22 3496.11 3830.83 3713.6 5403.66 4257.87 5835.15 5221.66 4437.68 4488.08 4394.11 4215.9
threshold=2.5000000000000004 349.50000000000006 337.83333333333343 40.850000000000001 9.3000000000000025 17.866666666666674 129.43333333333337 344.50000000000006 88.51666666666668 137.70000000000002 118.50000000000001 316.50000000000006 232.57142857142861 5.7250000000000014 304.50000000000006
decision_type=2 10 10 10 2 10 10 10 10 10 10 10 10 2 10
left_child=1 2 3 -1 5 -2 8 -8 9 10 -6 14 -13 -11 -10
right_child=4 -3 -4 -5 6 -7 7 -9 11 13 -12 12 -14 -15 -16
leaf_value=0.40493795116742454 0.011986932903528213 0.51457814584062866 -0.34535354518890382 -0.20376154444047381 0.0058713731642137963 -0.57518857464194295 0.054229323931715707 -0.48086294909885946 0.12370138912887896 -0.43409343002473605 -0.47953799700736993 0.43560034528855351 0.036744470904732859 -0.07960262724640943 -0.32889177732997465
leaf_weight=36 20 22 20 21 7257 20 33 35 59 34 20 62 43 423 27
leaf_count=36 20 22 20 21 7257 20 33 35 59 34 20 62 43 423 27
internal_value=-1.79048e-10 0.14861 0.0440481 0.18068 -0.0018315 -0.281601 -0.000431426 -0.221186 0.00146274 -0.00199293 0.00453728 0.14139 0.272259 -0.105976 -0.0183918
internal_weight=8132 99 77 57 8033 40 7993 68 7925 7734 7277 191 105 457 86
internal_count=8132 99 77 57 8033 40 7993 68 7925 7734 7277 191 105 457 86
is_linear=0
shrinkage=0.03


Tree=318
num_leaves=31
num_cat=0
split_feature=35 24 13 13 24 31 34 34 54 42 7 24 24 42 57 43 24 9 7 11 36 63 35 42 32 11 45 54 68 24
split_gain=2486.37 2531.24 7869.55 7542.58 7383.61 9970.89 10364.8 8934.46 8353 11823.8 7868.64 9195.13 7089.16 9605.87 6806.34 6533.88 5457.59 5402.58 5323.08 4892.63 4828.57 5263.68 3793.56 3628.11 2964.06 2491.02 2032.6 1996.83 1415.02 690.611
threshold=24.450000000000003 767.70500000000004 107.50000000000001 118.50000000000001 614.28000000000009 823.85714285714278 219.8333333333334 97.316666666666677 196.50000000000003 18.250000000000004 55.550000000000004 524.57500000000016 973.45000000000016 38.650000000000013 228.64285714285717 69.416666666666671 286.37000000000006 37.45000000000001 23.110000000000003 73.500000000000014 111.50000000000001 18.750000000000004 173.50000000000003 43.750000000000007 66.65000000000002 61.500000000000007 7.3050000000000006 61.350000000000001 17.500000000000004 536.65500000000009
decision_type=8 2 2 2 2 2 8 10 10 10 2 2 2 8 10 10 2 2 2 2 10 10 10 10 10 2 8 10 2 2
left_child=29 4 12 17 5 10 14 19 9 -9 11 -2 13 -3 -7 18 -12 26 -5 23 25 -22 -17 -6 -21 -14 -4 -19 -10 -1
right_child=1 2 3 15 7 6 -8 8 28 -11 16 -13 20 -15 -16 22 -18 27 -20 24 21 -23 -24 -25 -26 -27 -28 -29 -30 -31
leaf_value=-0.10529969679873163 0.0048837867731983519 0.0042841981351375577 -0.17268001337349415 -0.081546276817250934 0.17342548050054718 -0.19536661641221298 0.21367556003423838 -1.0197951473236084 -0.13089812760767727 -0.28048232345418495 -0.058478532828144969 0.17218588702760304 0.16365347287058829 0.79307953379370943 -0.64325927697618801 0.04948326290800021 -0.42704349327087404 0.10840449481056287 0.074925109598522763 -0.091866790387492916 0.2583047777189072 -0.045729956949410372 -0.31367499934775489 -0.078122238073574032 -0.45237013271450993 -0.18948502871382517 -0.54308615253120651 -0.16825585629980441 0.20187968451043833 -0.3029496293113782
leaf_weight=41 5063 24 20 244 109 95 39 25 23 88 91 314 25 33 45 39 60 39 988 65 172 73 77 98 30 64 40 59 23 26
leaf_count=41 5063 24 20 244 109 95 39 25 23 88 91 314 25 33 45 39 60 39 988 65 172 73 77 98 30 64 40 59 23 26
internal_value=1.01725e-10 0.00151196 0.0318177 0.000683415 -0.00780871 0.00152018 -0.218844 -0.123297 -0.305313 -0.444047 0.00865572 0.0146537 0.151736 0.460955 -0.339332 0.0236688 -0.204928 -0.19542 0.0439356 -0.027467 0.0989654 0.167715 -0.191579 0.0543353 -0.20571 -0.0902888 -0.419617 -0.0581563 0.0354908 -0.182
internal_weight=8132 8065 1897 1506 6168 5707 179 461 159 113 5528 5377 391 57 140 1348 151 158 1232 302 334 245 116 207 95 89 60 98 46 67
internal_count=8132 8065 1897 1506 6168 5707 179 461 159 113 5528 5377 391 57 140 1348 151 158 1232 302 334 245 116 207 95 89 60 98 46 67
is_linear=0
shrinkage=0.03


Tree=319
num_leaves=20
num_cat=0
split_feature=1 38 35 24 12 60 11 63 48 1 32 12 47 37 12 6 5 0 11
split_gain=2477.66 3399.8 4454.49 3146.66 4067.28 4461.97 7828.69 5272.89 6896.94 3070.13 5296.41 4216.66 4212.31 6652.49 6122.72 3968.38 9567.35 3841.95 1764.96
threshold=77.309166200000007 115.50000000000001 261.50000000000006 0.69500000000000017 4.0500000000000007 6.3350000000000009 73.500000000000014 103.8357142857143 57.750000000000007 77.188546500000015 274.50000000000006 5.7500000000000009 108.85000000000001 248.83333333333334 4.9500000000000011 14675.535000000002 2024.5000000000002 28.662761550000003 54.500000000000007
decision_type=2 10 8 2 2 8 2 10 10 2 10 2 8 10 2 2 2 2 2
left_child=1 9 18 -2 -5 6 -6 8 -7 15 12 -12 13 -11 -14 16 17 -1 -3
right_child=3 2 -4 4 5 7 -8 -9 -10 10 11 -13 14 -15 -16 -17 -18 -19 -20
leaf_value=-0.012852327578627766 0.35452717480334367 -0.18260273876360483 -0.55132654725209518 0.33687393706578472 0.72733572140336034 -0.31332203701138495 -0.11205821254849432 -0.45631688922236202 0.087314824324906171 -0.02260625210841314 -0.61766395732760426 -0.060955435752868645 0.17403571919080885 -0.18681443312081944 -0.0098720994417015821 -0.31851929516997185 0.55069448769092555 0.043292884472710826 0.17067876416444777
leaf_weight=2370 33 35 23 39 20 48 20 24 199 2051 24 25 220 249 628 32 30 2042 20
leaf_count=2370 33 35 23 39 20 48 20 24 199 2051 24 25 220 249 628 32 30 2042 20
internal_value=-1.04231e-10 -0.00368146 -0.200744 0.0744846 0.0480806 0.0118654 0.307639 -0.0317912 0.00945827 -0.00167769 -0.0241295 -0.333629 -0.019312 -0.0403836 0.0378398 0.0143657 0.0167638 0.0131333 -0.0541367
internal_weight=8132 7749 78 383 350 311 40 271 247 7671 3197 49 3148 2300 848 4474 4442 4412 55
internal_count=8132 7749 78 383 350 311 40 271 247 7671 3197 49 3148 2300 848 4474 4442 4412 55
is_linear=0
shrinkage=0.03


Tree=320
num_leaves=23
num_cat=0
split_feature=60 9 33 63 9 53 9 17 20 56 5 34 57 21 12 39 60 5 35 59 54 33
split_gain=2433.54 2971.67 7936.76 7197.79 7007.26 8622.15 6593.08 18036.7 7603.58 6557.2 6257.77 5336.11 6069.73 8826.42 5496.07 4614.19 4235.19 7880.97 4999.96 4013.69 3882.67 3745.85
threshold=145.50000000000003 38.45000000000001 79.050000000000011 10.957857142857145 36.45000000000001 233598.00000000003 35.650000000000013 2622.5000000000005 14344.000000000002 276.50000000000006 110.50000000000001 104.65000000000002 262.07142857142861 656.50000000000011 5.7500000000000009 44.750000000000007 44.650000000000013 830.00000000000011 260.50000000000006 36.578571428571436 58.850000000000001 90.850000000000009
decision_type=10 2 10 10 2 2 2 2 2 10 2 10 10 2 2 10 10 2 10 10 10 10
left_child=1 4 9 20 5 6 8 -8 -1 10 19 12 14 -14 -6 -12 18 -18 -5 -3 -4 -22
right_child=-2 2 3 16 11 -7 7 -9 -10 -11 15 -13 13 -15 -16 -17 17 -19 -20 -21 21 -23
leaf_value=0.0060961240255269665 -0.26110146004473789 0.48587619570394353 0.43462431283524405 -0.17315442428565941 -0.24322488946803161 0.45405911435422142 0.019625076483071071 0.50874279609748296 -0.089841226560212178 0.65570423966646185 -0.03250454415193936 0.33592586408490716 -0.75851588689511817 0.049840333778411149 -0.020681110336618909 0.18666825230184353 0.33506072964933181 -0.43982939532824922 -0.64527753515677022 0.1201034679926104 -0.33478431040048601 0.19889507470459772
leaf_weight=5530 32 54 26 52 151 38 353 84 859 20 247 23 31 20 295 133 27 21 33 54 20 29
leaf_count=5530 32 54 26 52 151 38 353 84 859 20 247 23 31 20 295 133 27 21 33 54 20 29
internal_value=6.01071e-11 0.00103151 0.0593852 -0.096709 -0.00462683 0.00341699 0.000908292 0.113643 -0.00680264 0.123298 0.101478 -0.110805 -0.131479 -0.441513 -0.0960266 0.0442059 -0.229233 -0.0039537 -0.356449 0.30299 0.1383 -0.0189332
internal_weight=8132 8100 716 208 7384 6864 6826 437 6389 508 488 520 497 51 446 380 133 48 85 108 75 49
internal_count=8132 8100 716 208 7384 6864 6826 437 6389 508 488 520 497 51 446 380 133 48 85 108 75 49
is_linear=0
shrinkage=0.03


Tree=321
num_leaves=25
num_cat=0
split_feature=15 35 10 45 24 25 63 11 63 43 1 17 25 0 16 61 32 16 35 56 61 36 64 57
split_gain=2374.78 6096.77 5321.82 11523.6 16818 7233.58 5941.87 9614.62 3881.38 5967.93 3872.19 3658.36 3442.17 3359.43 3114.55 11405.2 4507.84 8883.95 4755.98 4168.73 3775.42 2931.83 2659.89 2095.6
threshold=994.35000000000014 152.50000000000003 10.250000000000002 38.550000000000004 560.33500000000015 1.5000000000000002 13.247857142857145 83.500000000000014 55.090000000000003 27.699999999999999 77.13893400000002 687.50000000000011 1.5000000000000002 28.567144700000004 7.7500000000000009 32.742857142857154 329.50000000000006 13.750000000000002 552.50000000000011 487.50000000000006 29.329285714285714 314.50000000000006 76.45744604316549 231.64285714285717
decision_type=2 10 2 10 2 2 8 2 10 10 2 2 2 2 2 8 10 2 10 10 10 10 8 10
left_child=2 -2 3 4 6 -5 -1 -8 11 -10 -7 13 -13 -3 15 -4 18 -18 19 -16 -19 -12 -14 -15
right_child=1 8 14 5 -6 10 7 -9 9 -11 21 12 22 23 16 -17 17 20 -20 -21 -22 -23 -24 -25
leaf_value=-0.24923952507121222 0.38598476186394692 0.262619124182633 -0.24422741031646725 -0.49856430807421287 0.92128243386745456 0.38888519150870188 0.11095767386056282 0.76217404232025143 0.35624502149100101 -0.22772787509219986 0.15423471164656802 -0.50077254459664622 -0.0092464815501896846 0.053061720051548696 -0.0021220875519451601 0.76891982558369643 -0.68272506677187395 0.28332878226819241 -0.45155126435416082 0.19101674805669222 -0.24432743008320149 -0.23218325515126073 -0.28539414635049054 -0.2698988532051444
leaf_weight=28 24 28 20 31 30 21 111 25 36 28 30 37 53 33 7219 20 26 23 21 102 26 43 77 40
leaf_count=28 24 28 20 31 30 21 111 25 36 28 30 37 53 33 7219 20 26 23 21 102 26 43 77 40
internal_value=-1.42993e-10 -0.0757683 0.00346881 0.123463 0.268198 -0.101166 0.148731 0.230667 -0.109148 0.100757 0.029891 -0.159275 -0.245473 -0.0167483 -0.00166437 0.262346 -0.00308818 -0.234491 -0.000724356 0.000568824 0.00334793 -0.0733814 -0.172811 -0.123903
internal_weight=8132 356 7776 319 194 125 164 136 332 64 94 268 167 101 7457 40 7417 75 7342 7321 49 73 130 73
internal_count=8132 356 7776 319 194 125 164 136 332 64 94 268 167 101 7457 40 7417 75 7342 7321 49 73 130 73
is_linear=0
shrinkage=0.03


Tree=322
num_leaves=31
num_cat=0
split_feature=1 49 15 18 36 33 20 35 32 49 7 17 46 34 19 58 18 35 45 33 21 21 35 5 54 43 59 65 7 46
split_gain=2370 8123.01 9966.71 7414.11 8665.57 9393.49 10095.8 8111.66 16394.9 8730.75 7161.34 6556.12 4729.24 3648.1 3474.23 5653.86 5489.28 5789.96 6391.76 6303.34 3589.18 4860.15 4666.44 4555.24 3715.94 3294.75 2878.75 2444.47 3414.2 2433.36
threshold=77.100837000000013 32.928333333333349 977.05000000000007 4569.5000000000009 310.50000000000006 245.50000000000003 5103.0000000000009 366.50000000000006 116.50000000000001 93.732841726618716 14.065000000000003 1147.5000000000002 46.900000000000013 157.38333333333335 1.6541666666666668 18.650000000000002 6564.5000000000009 140.50000000000003 11.15 57.150000000000013 1479.5000000000002 1026.5000000000002 165.50000000000003 1727.0000000000002 59.95000000000001 74.983333333333334 84.914285714285725 43.78642857142858 120.2 20.61333333333334
decision_type=2 8 2 2 10 10 2 10 10 10 2 2 10 10 2 8 2 10 8 10 2 2 10 2 10 10 8 8 2 8
left_child=1 2 -1 4 11 12 -7 8 10 -9 -5 13 -6 -3 15 -2 20 -18 25 -20 21 23 -22 -16 -24 -19 27 -17 -29 -23
right_child=14 3 -4 7 5 6 -8 9 -10 -11 -12 -13 -14 -15 16 26 17 18 19 -21 22 29 24 -25 -26 -27 -28 28 -30 -31
leaf_value=-0.037554116956889629 0.3196662748672745 -0.052001636379060488 0.79557863199285095 -0.076253251906150135 0.680619715976715 0.38729648607117789 -0.41219122604890301 0.12331105113029479 0.75996490865094324 -0.75250781102478503 0.18600025735701187 -0.5794778102797431 0.14933719867154172 -0.4148491546232253 -0.0081634274599271563 -0.45429706227779387 0.56761039880605846 -0.0077104353127272233 0.69217171941484723 0.11994261514959913 0.05450172885188035 0.10956730902194976 -0.61156005332103136 0.35062610255554316 -0.15919227016243065 -0.46893288266658784 -0.52964510031044476 -0.16670614100825745 0.25199594978775297 0.474120408984331
leaf_weight=24 22 113 28 155 25 21 44 21 35 20 237 37 38 32 6679 20 26 46 21 99 49 45 26 32 44 20 20 106 21 26
leaf_count=24 22 113 28 155 25 21 44 21 35 20 237 37 38 32 6679 20 26 46 21 99 49 45 26 32 44 20 20 106 21 26
internal_value=2.5992e-10 0.0480373 0.411056 0.0237738 -0.0900159 0.0991181 -0.153895 0.0991473 0.137849 -0.303918 0.0823031 -0.223033 0.360164 -0.132078 -0.00546028 -0.132408 -0.00208714 0.148276 0.0896591 0.220083 -0.00670631 -0.00384044 -0.170037 -0.00645261 -0.327215 -0.147475 -0.191963 -0.14602 -0.0974719 0.243066
internal_weight=8132 830 52 778 310 128 65 468 427 41 392 182 63 145 7302 189 7113 212 186 120 6901 6782 119 6711 70 66 167 147 127 71
internal_count=8132 830 52 778 310 128 65 468 427 41 392 182 63 145 7302 189 7113 212 186 120 6901 6782 119 6711 70 66 167 147 127 71
is_linear=0
shrinkage=0.03


Tree=323
num_leaves=22
num_cat=0
split_feature=1 38 55 47 13 60 43 42 19 10 43 1 32 16 37 37 6 6 37 60 62
split_gain=2367.07 3163.53 3187.33 2973.48 4859.59 5169.93 4815.89 8985.86 3951.6 11571.6 3876.4 2858.91 4947.35 4427.78 4128.22 3823.73 3666.41 8858.93 3649.21 2480.98 561.168
threshold=77.309166200000007 115.50000000000001 82.164285714285725 32.925000000000004 260.50000000000006 6.3350000000000009 17.740000000000006 14.850000000000003 12.247916666666669 22.100000000000005 21.050000000000001 77.188546500000015 274.50000000000006 14.15 413.83333333333343 248.83333333333334 14675.535000000002 11251.245000000001 536.83333333333337 9.5550000000000015 36.350000000000001
decision_type=2 10 10 10 2 8 10 10 2 2 10 2 10 2 10 8 2 2 8 10 10
left_child=1 11 20 -2 8 -6 7 -7 -5 -10 -8 16 14 -14 15 -13 17 18 -1 -11 -3
right_child=3 2 -4 4 5 6 10 -9 9 19 -12 12 13 -15 -16 -17 -18 -19 -20 -21 -22
leaf_value=0.0099209990967195124 0.42892013311386107 0.069632768966257572 -0.41763247831301253 0.25301052301641436 0.59472787214951084 0.16337838652268261 0.5590410457551479 -0.45588005983829499 -0.7911002426147461 -0.1888023460144177 0.063556199338701033 -0.0070260111577714439 -0.60187480418086048 -0.031399397253990172 0.37327902765944598 -0.096827328134547266 -0.30615295691415667 0.52990415704250327 0.28764482189056484 0.081568586560232303 -0.14272034528000013
leaf_weight=4369 20 24 33 31 22 71 30 30 20 48 27 2614 25 24 24 510 32 30 43 84 21
leaf_count=4369 20 24 33 31 22 71 30 30 20 48 27 2614 25 24 24 510 32 30 43 84 21
internal_value=-1.60975e-10 -0.00359836 -0.19369 0.0728034 0.0531826 0.16386 0.103865 -0.0205598 -0.0556799 -0.118637 0.324338 -0.00166548 -0.0233312 -0.322458 -0.0186751 -0.0216863 0.0138162 0.0161213 0.0126277 -0.0167481 -0.0294654
internal_weight=8132 7749 78 383 363 180 158 101 183 152 57 7671 3197 49 3148 3124 4474 4442 4412 132 45
internal_count=8132 7749 78 383 363 180 158 101 183 152 57 7671 3197 49 3148 3124 4474 4442 4412 132 45
is_linear=0
shrinkage=0.03


Tree=324
num_leaves=22
num_cat=0
split_feature=60 9 34 44 5 6 9 53 9 17 53 1 30 26 36 14 53 20 36 48 48
split_gain=2263.24 2766.41 7193.32 6900.42 6691.14 6966.96 6673.44 7783.5 6182.23 16948.9 7209.44 6122.63 5241.84 10234.8 7321.98 5679.06 5655.91 4223.84 4782.85 2995.83 1623.98
threshold=145.50000000000003 38.45000000000001 39.383333333333326 7.8850000000000007 110.50000000000001 912.13000000000011 36.45000000000001 233598.00000000003 35.650000000000013 2622.5000000000005 183811.95000000004 77.175104500000018 167.04666666666637 5.5000000000000009 175.50000000000003 1.2500000000000002 219555.90000000002 22333.000000000004 124.50000000000001 80.260000000000005 19.825000000000003
decision_type=10 2 10 10 2 2 2 2 2 2 2 2 2 2 10 2 2 2 10 10 10
left_child=1 6 -3 4 11 -6 7 8 10 -10 -1 -4 14 16 20 -15 -14 19 -19 -5 -8
right_child=-2 2 3 17 5 -7 12 -9 9 -11 -12 -13 13 15 -16 -17 -18 18 -20 -21 -22
leaf_value=0.0064139608441406383 -0.25179959928151219 0.50428299583254321 0.74236241907908995 0.26706963297567871 -0.34526602636421877 0.13907628187122417 -0.28822348088026045 0.43155048218212627 0.019028594330884517 0.49316738182545777 -0.085319318912275455 0.14899734475814244 0.20131830211279206 -0.54483050007086531 0.52001331968307496 -0.10516414394974709 -0.13201970486534298 -0.5419046723842621 -0.062662320447798153 -0.14507009664042431 0.0082038167479913677
leaf_weight=5492 32 31 29 57 31 194 21 38 353 84 897 34 58 78 25 40 218 20 298 22 80
leaf_count=5492 32 31 29 57 31 194 21 38 353 84 897 34 58 78 25 40 218 20 298 22 80
internal_value=2.29411e-10 0.000994764 0.0572971 0.0370685 0.148861 0.0723447 -0.00446467 0.00338522 0.00100164 0.110167 -0.00646517 0.422134 -0.108083 -0.161947 0.0603488 -0.395791 -0.0619704 -0.0440303 -0.0928033 0.152297 -0.0534296
internal_weight=8132 8100 716 685 288 225 7384 6864 6826 437 6389 63 520 394 126 118 276 397 318 79 101
internal_count=8132 8100 716 685 288 225 7384 6864 6826 437 6389 63 520 394 126 118 276 397 318 79 101
is_linear=0
shrinkage=0.03


Tree=325
num_leaves=31
num_cat=0
split_feature=35 30 24 30 56 18 18 24 43 54 33 32 54 12 44 42 63 60 55 35 14 14 54 35 56 56 48 21 45 43
split_gain=2347.65 2989.7 4688.48 3668.36 3139.76 2925.31 9917.3 8250.52 8872 8141.52 7617.79 6492.74 2714.97 1958.97 1795.94 1766 1774.88 1587.56 1332.76 1323.59 1117.43 1303.25 1076.58 935.608 1149.32 758.242 747.98 535.755 511.805 356.979
threshold=38.150000000000013 1.7766666666667417 1.3600000000000003 2.9983333333334086 60.45000000000001 3445.5000000000005 3672.5000000000005 632.55500000000018 29.024999999999995 136.50000000000003 143.50000000000003 238.50000000000003 35.650000000000013 6.2500000000000009 13.001402877697844 36.050000000000004 7.576428571428572 32.850000000000001 30.534285714285719 114.50000000000001 1.6500000000000001 7.2000000000000002 53.250000000000007 19.550000000000001 126.50000000000001 42.95000000000001 20.970000000000002 1.0000000180025095e-35 7.7350000000000012 24.041666666666668
decision_type=8 2 2 2 10 2 2 2 10 10 10 10 10 2 10 10 8 8 10 10 2 2 8 10 8 10 10 2 10 10
left_child=20 2 4 19 14 7 11 8 -5 -8 -9 -7 17 18 -2 16 -15 -6 -4 25 23 -22 26 -1 29 -3 -23 -28 -27 -25
right_child=1 3 13 5 12 6 9 10 -10 -11 -12 -13 -14 15 -16 -17 -18 -19 -20 -21 21 22 -24 24 -26 28 27 -29 -30 -31
leaf_value=-0.36135102009773251 -0.11432816897447293 -0.25050733379695728 -0.0056952527897166354 0.023357975613542782 0.72090205916762351 -0.10014997421842264 -0.0082351980117641426 0.029954930687737132 0.23199956374285233 0.102918546755632 -0.35911979248317383 -0.44889400187405676 0.15786117149937537 0.21555359168694568 0.25396174891428513 0.28995793961137528 -0.077091375690969549 0.34290689619630571 -0.30110034030344751 -0.33581581577192993 0.14783150739394701 0.12723177891969681 -0.24208503830432893 -0.31261972738802429 0.043146877496138859 -0.15204337679821511 -0.17663206362724304 -0.008920654138550161 0.034734619375198117 -0.13337668021023275
leaf_weight=20 26 23 28 601 20 380 5350 108 264 667 78 55 31 26 22 25 66 20 27 32 26 20 30 20 23 23 30 40 31 20
leaf_count=20 26 23 28 601 20 380 5350 108 264 667 78 55 31 26 22 25 66 20 27 32 26 20 30 20 23 23 30 40 31 20
internal_value=1.67348e-11 0.00274385 0.0971156 -0.000863897 0.241887 0.00164628 -0.0059141 0.0480588 0.0870359 0.00408648 -0.133205 -0.144244 0.36859 -0.00304573 0.0544714 0.0663702 0.00561264 0.531904 -0.150712 -0.173651 -0.0946928 -0.0447266 -0.0864475 -0.182585 -0.125834 -0.106258 -0.0345684 -0.080797 -0.044819 -0.222998
internal_weight=8132 7903 291 7612 119 7503 6452 1051 865 6017 186 435 71 172 48 117 92 40 55 109 229 146 120 83 63 77 90 70 54 40
internal_count=8132 7903 291 7612 119 7503 6452 1051 865 6017 186 435 71 172 48 117 92 40 55 109 229 146 120 83 63 77 90 70 54 40
is_linear=0
shrinkage=0.03


Tree=326
num_leaves=29
num_cat=0
split_feature=35 19 15 44 54 62 58 35 12 33 7 47 47 8 34 24 63 55 45 56 65 53 17 17 20 25 21 37
split_gain=2320.98 9663.88 7906.59 7382.86 4862.18 3425.82 2689.03 6092.68 7289.11 4962.64 8583.96 6549.47 8574.3 7642.56 6922.94 7097.15 6195.66 9242.12 6654.86 4740.88 4355.91 4184.13 6370.2 17230.6 6693.96 4601.88 3506.35 2532.94
threshold=485.50000000000006 11.893750000000002 992.1500000000002 92.050000000000011 161.50000000000003 13.15 56.550000000000004 432.50000000000006 4.2500000000000009 168.50000000000003 9.2250000000000014 76.540000000000006 69.350000000000023 20.850000000000005 170.50000000000003 1181.7750000000003 15.720714285714287 150.60714285714289 14.65 187.50000000000003 122.82142857142858 266093.60000000003 1872.5000000000002 1690.0000000000002 9486.2500000000018 2.5000000000000004 95.000000000000014 417.50000000000006
decision_type=10 2 2 8 10 10 8 10 2 8 2 8 10 2 10 2 8 10 10 10 8 2 2 2 2 2 2 10
left_child=6 2 3 5 -4 -2 9 21 -9 11 26 12 19 -14 15 -13 18 -18 -12 -1 -10 22 23 -8 -24 -23 -11 -22
right_child=1 -3 4 -5 -6 -7 7 8 20 10 16 14 13 -15 -16 -17 17 -19 -20 -21 27 25 24 -25 -26 -27 -28 -29
leaf_value=-0.027762655943730157 -0.29576712999831545 -0.5620403985416188 -0.57071930158138273 0.58549913233724138 -0.019590507535373461 0.23366134578531439 0.022185843224381527 0.73380392883134926 0.47559133073687548 0.062027417309582229 -0.12303019793666138 0.10458930771688163 -0.55887276428086419 -0.11538700540153461 -0.36941994125192812 -0.086995369821645629 -0.657824667982153 -0.15311791790073082 0.45674431636397322 0.052253734142044886 0.15440262483513872 0.064692064539806263 0.18743774404142344 0.43361041213784896 -0.089265088135697529 0.61259377241134638 0.56838895690441127 -0.30722188156843183
leaf_weight=2736 22 34 25 29 34 22 1406 23 20 32 49 993 42 209 33 211 37 278 28 881 23 37 89 98 679 22 20 20
leaf_count=2736 22 34 25 29 34 22 1406 23 20 32 49 993 42 209 33 211 37 278 28 881 23 37 89 98 679 22 20 20
internal_value=2.20525e-10 -0.111026 0.0051446 0.213879 -0.25312 -0.0310529 0.00231362 0.0287236 0.276699 -0.00918987 -0.10539 -0.000822982 -0.0200392 -0.189596 0.0592646 0.0710143 -0.153434 -0.212401 0.0877969 -0.0082729 0.10982 0.0195748 0.0130977 0.0489941 -0.0571993 0.268994 0.256782 -0.0603064
internal_weight=8132 166 132 73 59 44 7966 2417 86 5549 444 5105 3868 251 1237 1204 392 315 77 3617 63 2331 2272 1504 768 59 52 43
internal_count=8132 166 132 73 59 44 7966 2417 86 5549 444 5105 3868 251 1237 1204 392 315 77 3617 63 2331 2272 1504 768 59 52 43
is_linear=0
shrinkage=0.03


Tree=327
num_leaves=31
num_cat=0
split_feature=35 24 13 24 31 34 34 54 42 5 12 24 13 57 24 61 6 55 62 9 65 36 30 48 44 0 54 68 22 62
split_gain=2234.67 2488.15 7081.18 6822.07 9082.36 9592.1 8036.16 8093.06 10937 7499.47 12170 8234.55 6732.06 6449.64 6354.93 9555.56 5606.92 8645.08 7854.67 4905.05 4562.85 6144.51 3879.05 3624.72 2709.41 1991 1786.44 1327.09 610.228 572.645
threshold=24.450000000000003 767.70500000000004 107.50000000000001 614.28000000000009 823.85714285714278 219.8333333333334 97.316666666666677 196.50000000000003 18.250000000000004 202.00000000000003 10.15 524.57500000000016 118.50000000000001 228.64285714285717 973.45000000000016 47.385714285714293 2584.8600000000006 189.13571428571433 51.650000000000013 37.45000000000001 102.02142857142857 208.50000000000003 1083.1916666666668 44.490000000000002 18.350000000000005 28.632526500000001 61.350000000000001 17.500000000000004 80.500000000000014 15.019964028776981
decision_type=8 2 2 2 2 8 10 10 10 2 2 2 2 10 2 8 2 10 8 2 10 10 2 8 8 2 10 2 2 8
left_child=28 3 14 4 9 13 22 8 -8 11 -11 -2 19 -6 15 -3 18 -18 -14 25 21 -16 24 -24 -5 -4 -21 -9 29 -1
right_child=1 2 12 6 5 -7 7 27 -10 10 -12 -13 16 -15 20 -17 17 -19 -20 26 -22 -23 23 -25 -26 -27 -28 -29 -30 -31
leaf_value=-0.2153293860554695 0.0057588698765218358 0.094675656985491505 -0.18529167331755159 -0.20525202234793039 -0.1849248088660993 0.20692884500210101 -0.98173419971466069 -0.11711775308069974 -0.27068814591927959 -0.27852763167577127 0.2607079096196685 0.16414799951636797 0.011905588368097578 -0.62092323617140455 0.051194528084993363 0.87745938606262208 -0.037942399272261416 -0.65029772433367639 0.2079147492624038 0.10501128162329013 -0.25139216082711374 0.36018675662004029 -0.14569054812192916 0.25108634053326367 0.013190680680815706 -0.53804879337549216 -0.15666817897457186 0.20515418241853298 -0.28623501016830022 0.0089717242547443926
leaf_weight=20 4991 32 24 108 95 39 25 23 88 175 48 314 713 45 225 25 365 22 248 39 31 78 30 67 97 36 59 23 26 21
leaf_count=20 4991 32 24 108 95 39 25 23 88 175 48 314 713 45 225 25 365 22 248 39 31 78 30 67 97 36 59 23 26 21
internal_value=1.67571e-11 0.00143339 0.03148 -0.0078076 0.00115953 -0.209157 -0.118817 -0.291441 -0.427999 0.00796972 -0.162459 0.0151338 0.0019464 -0.325067 0.145233 0.438002 0.0236617 -0.0727533 0.0624886 -0.183321 0.09527 0.130737 -0.0279326 0.128372 -0.101891 -0.396946 -0.0525304 0.0440182 -0.172542 -0.100443
internal_weight=8132 8065 1897 6168 5707 179 461 159 113 5528 223 5305 1506 140 391 57 1348 387 961 158 334 303 302 97 205 60 98 46 67 41
internal_count=8132 8065 1897 6168 5707 179 461 159 113 5528 223 5305 1506 140 391 57 1348 387 961 158 334 303 302 97 205 60 98 46 67 41
is_linear=0
shrinkage=0.03


Tree=328
num_leaves=22
num_cat=0
split_feature=19 28 19 41 34 57 13 13 60 59 23 58 52 25 36 36 11 1 22 38 5
split_gain=2287.39 3815.54 3516.34 2408.28 4922.49 11159.3 8268.31 4768.52 3945.79 7530.91 7670.84 4210.66 9374.47 6627.85 3151.79 2701.05 2206.68 1547.55 897.377 675.295 229.396
threshold=25.835416666666671 1.1666666666666667 25.781250000000004 7.705000000000001 186.66666666666671 221.64285714285717 186.50000000000003 274.50000000000006 12.250000000000002 64.121428571428581 1703.2050000000002 56.550000000000004 2250.0000000000005 2.5000000000000004 295.50000000000006 191.50000000000003 85.500000000000014 77.131314500000016 40.500000000000007 22.450000000000003 47.500000000000007
decision_type=2 2 2 8 10 10 2 2 8 10 2 8 2 2 10 10 2 2 2 8 2
left_child=2 -2 3 4 5 15 -7 -6 9 10 -5 13 -13 -10 -11 -1 17 -3 20 -20 -19
right_child=1 16 -4 8 7 6 -8 -9 11 14 -12 12 -14 -15 -16 -17 -18 18 19 -21 -22
leaf_value=-0.067537923167449512 0.37563355168780765 0.31706813794693778 -0.28666156883423144 0.10384817404577321 -0.12651989127908433 -0.92829737849857485 -0.21763421634348426 0.48128736036328168 0.021573445621197285 -0.19882231672604878 0.67680567595091734 0.44496004007756706 0.021015956367787119 -0.050497920521655117 0.1129150313436985 0.22369442175735127 -0.25724394645541904 0.020052036326378583 -0.00059109076325382511 0.21974172623888136 -0.091807354990054268
leaf_weight=218 37 21 39 477 21 23 41 26 1987 108 22 48 2132 2721 40 33 20 33 21 31 33
leaf_count=218 37 21 39 477 21 23 41 26 1987 108 22 48 2132 2721 40 33 20 33 21 31 33
internal_value=-2.97649e-10 0.101243 -0.00250046 -0.00109711 -0.0766813 -0.119413 -0.473029 0.209714 0.00253415 0.073368 0.129109 -0.00411938 0.0303505 -0.0200804 -0.114569 -0.0292484 0.0373912 0.0797848 0.0375564 0.130761 -0.0358777
internal_weight=8132 196 7936 7897 362 315 64 47 7535 647 499 6888 2180 4708 148 251 159 139 118 52 66
internal_count=8132 196 7936 7897 362 315 64 47 7535 647 499 6888 2180 4708 148 251 159 139 118 52 66
is_linear=0
shrinkage=0.03


Tree=329
num_leaves=26
num_cat=0
split_feature=15 35 10 58 45 36 63 18 45 36 0 16 51 43 9 32 40 9 5 33 14 26 9 10 38
split_gain=2287.72 5701.63 4922.97 10836.5 9395.73 8382.87 9813.43 8326.01 4151.13 3758.33 4383.94 5014.11 3999.59 5672.15 3000 10339.1 11656.9 6411.91 14787.8 10990.1 5386.73 3408.24 21578.5 4476.64 2493.44
threshold=994.35000000000014 153.50000000000003 10.250000000000002 21.650000000000002 38.550000000000004 346.50000000000006 13.577857142857146 3853.0000000000005 66.488633093525195 147.50000000000003 28.697587000000002 14.050000000000002 124.65500000000002 24.944999999999997 21.200000000000006 129.50000000000003 35.270000000000032 22.850000000000005 108.50000000000001 182.50000000000003 1.5500000000000003 2.5000000000000004 30.050000000000004 14.050000000000002 29.650000000000002
decision_type=2 8 2 10 8 10 10 2 8 10 2 2 2 10 2 10 8 2 2 10 2 2 2 2 10
left_child=2 -2 3 -1 5 6 -5 8 -6 -3 12 -12 13 -11 15 -4 -17 18 19 -16 -18 22 -19 -23 -14
right_child=1 9 14 4 7 -7 -8 -9 -10 10 11 -13 24 -15 17 16 20 21 -20 -21 -22 23 -24 -25 -26
leaf_value=0.65176323975286177 0.35335986848060902 -0.4616900806188583 0.32312216713621811 -0.40959074086613123 -0.21195035135044771 0.60519639410470649 0.24008846877082698 -0.64529835991237472 0.16217495968698389 0.34535269637703897 -0.6484135128557682 -0.052455304231908584 0.11442017434104795 -0.10216337875677989 -0.17623112272471189 -0.81401218524345986 -0.30047300888646034 -0.13994496900215744 0.96359759259223943 0.47170708621803081 0.11143387326654398 0.077132822348460528 0.36666426298970528 -0.0042438672057615789 -0.1871366182351408
leaf_weight=31 26 25 37 27 51 38 93 23 56 50 24 27 31 52 62 26 62 540 20 38 53 679 88 5852 121
leaf_count=31 26 25 37 27 51 38 93 23 56 50 24 27 31 52 62 26 62 540 20 38 53 679 88 5852 121
internal_value=3.65922e-11 -0.0743665 0.00340464 0.118815 0.0614486 0.216878 0.0939106 -0.127458 -0.0161465 -0.108066 -0.0790806 -0.332906 -0.0281156 0.117207 -0.00153244 -0.123214 -0.240338 0.00144316 0.218921 0.0699854 -0.110638 -0.00220223 -0.0689551 0.00421652 -0.125635
internal_weight=8132 356 7776 319 288 158 120 130 107 330 305 51 254 102 7457 178 141 7279 120 100 115 7159 628 6531 152
internal_count=8132 356 7776 319 288 158 120 130 107 330 305 51 254 102 7457 178 141 7279 120 100 115 7159 628 6531 152
is_linear=0
shrinkage=0.03


Tree=330
num_leaves=23
num_cat=0
split_feature=35 10 10 53 44 32 32 32 13 15 25 33 47 36 60 36 10 32 49 37 20 33
split_gain=2355.88 6661.96 11553.9 11389.5 7458.2 4039.07 4727.53 6344.45 15742.3 8893.3 5914.71 15912.3 16638.2 7691.95 7015.36 8065.13 4974.49 3887.18 14614.2 4664.91 3623.12 5580.56
threshold=485.50000000000006 14.050000000000002 12.65 125549.40000000001 92.050000000000011 329.50000000000006 199.50000000000003 179.50000000000003 130.50000000000003 993.05000000000007 1.5000000000000002 209.50000000000003 92.050000000000011 441.50000000000006 17.850000000000005 268.50000000000006 9.6000000000000014 163.50000000000003 63.583333333333343 277.83333333333343 5326.2500000000009 283.50000000000006
decision_type=10 2 2 2 8 10 8 10 2 2 2 8 10 10 8 8 2 10 8 10 2 10
left_child=5 2 20 -3 -4 6 7 17 -9 -10 11 12 -8 -13 16 -16 -12 19 -19 -1 21 -2
right_child=1 3 4 -5 -6 -7 10 8 9 -11 14 13 -14 -15 15 -17 -18 18 -20 -21 -22 -23
leaf_value=0.0059210987112202074 -0.39416543871164317 -0.91149862419475214 0.03886372836572783 0.043283999484518297 0.78677098069872176 -0.42346477460861204 1.2534947884082794 -0.89029560014605524 0.087599746169228304 -0.35211407675192902 -0.12746526288986204 -0.11404332427016223 0.1476423195362091 0.39675336095002978 -0.33115898047101033 0.035097074826527672 0.41885830089449883 -0.31102216929197313 0.29903691620301842 -0.075972386896665453 -0.52086239335628648 0.26732259327715091
leaf_weight=6226 24 22 28 23 21 20 24 24 114 65 20 83 25 39 65 323 60 48 134 696 26 22
leaf_count=6226 24 22 28 23 21 20 24 24 114 65 20 83 25 39 65 323 60 48 134 696 26 22
internal_value=2.41944e-10 -0.111858 0.00404198 -0.423499 0.359395 0.00233095 0.00340268 -0.0034403 -0.168809 -0.0720729 0.0816525 0.232647 0.689284 0.0492441 0.0264812 -0.0262603 0.282277 0.00128517 0.138142 -0.00231321 -0.237796 -0.0778016
internal_weight=8132 166 121 45 49 7966 7946 7307 203 179 639 171 49 122 468 388 80 7104 182 6922 72 46
internal_count=8132 166 121 45 49 7966 7946 7307 203 179 639 171 49 122 468 388 80 7104 182 6922 72 46
is_linear=0
shrinkage=0.03


Tree=331
num_leaves=21
num_cat=0
split_feature=35 7 13 57 54 38 32 32 42 5 23 31 55 44 32 13 26 57 34 56
split_gain=2216.65 6250.28 14521.1 10269.5 9055.62 8279.42 3800.36 4448.13 9874.62 12445.4 12481.6 9403.87 8907.72 6402.71 5969.49 14812 8549.18 3797.97 3920.27 2634.07
threshold=485.50000000000006 35.430000000000007 276.00000000000006 402.78571428571428 225.50000000000003 82.050000000000011 329.50000000000006 199.50000000000003 16.550000000000004 48.500000000000007 417.92000000000002 281.92285714285708 136.2571428571429 55.691187050359723 179.50000000000003 130.50000000000003 3.5000000000000004 414.28571428571433 154.16666666666671 377.50000000000006
decision_type=10 2 2 10 10 10 10 8 10 2 2 2 10 8 10 2 2 10 10 10
left_child=6 3 -3 5 -5 -2 7 14 9 13 -11 -10 -13 -9 17 -16 -17 18 -1 -4
right_child=1 2 19 4 -6 -7 -8 8 11 10 -12 12 -14 -15 15 16 -18 -19 -20 -21
leaf_value=0.0052524955344092671 -0.56111479019926447 -1.0099527504444121 -0.24078318632566009 0.8477227631807327 0.0054895451333787709 0.19985402535308491 -0.41076083707809447 0.29551959084539575 -0.51555160649891563 0.83486151553690424 0.17559936504811047 0.50134933641978663 0.0024017027785849035 -0.29308840744770492 -0.86358672514557833 -0.46927994808084084 0.037720744349855055 0.34995362220065934 -0.092715097656210152 0.21716034114360808
leaf_weight=6687 31 20 26 20 27 22 20 29 29 48 56 35 403 39 24 38 141 28 389 20
leaf_count=6687 31 20 26 20 27 22 20 29 29 48 56 35 403 39 24 38 141 28 389 20
internal_value=8.66931e-11 -0.108502 -0.335094 0.041049 0.363887 -0.245241 0.00226102 0.00330059 0.0792029 0.273526 0.479874 0.00763194 0.0422719 -0.0420644 -0.00333709 -0.163744 -0.0699107 0.00124662 -0.00013323 -0.0416773
internal_weight=8132 166 66 100 47 53 7966 7946 639 172 104 467 438 68 7307 203 179 7104 7076 46
internal_count=8132 166 66 100 47 53 7966 7946 639 172 104 467 438 68 7307 203 179 7104 7076 46
is_linear=0
shrinkage=0.03


Tree=332
num_leaves=31
num_cat=0
split_feature=1 47 13 61 61 13 60 16 60 12 19 58 60 13 25 54 40 17 47 13 47 39 37 40 19 5 56 53 14 0
split_gain=2175.48 7665.97 5100.82 5615.74 18153 7408.36 11021.1 6970.76 5488.74 4670.88 3193.09 5352.35 3641.09 3185.66 9426.42 8330.07 7450.69 5318.01 5117.6 4283.46 6700.65 6815.84 4547.33 4480.96 7928.65 3105.82 3030.47 2221.45 2042.42 1740.15
threshold=77.100837000000013 28.410000000000004 100.50000000000001 32.91142857142858 35.178571428571438 257.00000000000006 18.550000000000004 11.950000000000001 24.450000000000003 5.1500000000000012 1.6541666666666668 18.650000000000002 85.250000000000014 318.50000000000006 1.5000000000000002 49.750000000000007 67.65000000000002 1372.5000000000002 47.645000000000003 298.50000000000006 48.695000000000007 62.550000000000004 304.83333333333343 6.2766666666666682 13.4 311.50000000000006 266.50000000000006 279010.45000000001 1.6500000000000001 28.581425950000003
decision_type=2 8 2 10 10 2 10 2 10 2 2 8 10 2 2 8 10 2 8 2 8 8 10 10 2 2 10 2 2 2
left_child=1 -1 9 5 -5 8 -7 -6 -4 -3 11 -2 27 19 16 -16 18 -17 -15 23 22 -22 -21 24 -12 -25 28 29 -11 -13
right_child=10 2 3 4 7 6 -8 -9 -10 26 13 12 -14 14 15 17 -18 -19 -20 20 21 -23 -24 25 -26 -27 -28 -29 -30 -31
leaf_value=0.48717016760040727 0.31292040780186653 0.22501560451462863 -0.050611018379529318 0.76790243188017282 -0.45730935956750596 0.19770398160853941 -0.22908188105846242 0.11184990868308997 0.39260365799853675 0.046016497776426121 0.27486828459376417 0.032077123725414276 -0.5110926787211344 0.60128591443811141 0.41079820362004366 0.064491705638242927 0.83067681014537809 -0.27039041652019774 0.058302368794140393 -0.15077461991312779 0.053738257804343215 -0.13860871664566152 -0.6190121530294419 -0.012654378445121031 0.0014787093584588467 0.053925013593410794 -0.55200496710159552 0.09958193917428293 -0.27285764740081503 -0.25265178638346059
leaf_weight=34 22 24 45 38 21 77 186 249 57 29 148 25 26 21 33 82 21 89 61 280 474 255 20 4630 269 730 22 31 48 85
leaf_count=34 22 24 45 38 21 77 186 249 57 29 148 25 26 21 33 82 21 89 61 280 474 255 20 4630 269 730 22 31 48 85
internal_value=-3.454e-10 0.0460237 0.0271808 0.0596468 0.153985 -0.0199592 -0.104129 0.067582 0.197068 -0.150459 -0.0052314 -0.126934 -0.184879 -0.00199762 0.0925328 -0.0255887 0.326482 -0.109804 0.197359 -0.00626163 -0.0626535 -0.0135436 -0.18199 0.00378289 0.0985091 -0.00358666 -0.241483 -0.124726 -0.152762 -0.187941
internal_weight=8132 830 796 673 308 365 263 270 102 123 7302 189 167 7113 307 204 103 171 82 6806 1029 729 300 5777 417 5360 99 141 77 110
internal_count=8132 830 796 673 308 365 263 270 102 123 7302 189 167 7113 307 204 103 171 82 6806 1029 729 300 5777 417 5360 99 141 77 110
is_linear=0
shrinkage=0.03


Tree=333
num_leaves=23
num_cat=0
split_feature=1 24 12 64 54 7 16 16 38 24 55 47 44 5 63 12 23 41 1 45 47 62
split_gain=2198.19 2941.01 3640.68 4286.95 8218 4157.45 3976.42 4023.91 2822.12 3013.12 3631.1 2753 6897.45 5915.73 4113.58 8238.72 6550.87 4198.47 3419.56 7003.61 3930.41 2621.71
threshold=77.309166200000007 0.69500000000000017 4.0500000000000007 66.15000000000002 41.850000000000001 9.5850000000000026 13.050000000000002 14.950000000000001 115.50000000000001 296.53500000000003 82.164285714285725 188.25000000000003 88.950000000000017 180.50000000000003 93.157142857142858 4.9500000000000011 502.56500000000005 32.650000000000013 77.100837000000013 3.1700000000000004 122.85000000000001 28.745251798561153
decision_type=2 2 2 8 10 2 2 2 10 2 10 10 10 2 10 2 2 10 2 8 8 10
left_child=8 -2 -3 4 -4 -6 -5 -8 11 -10 -11 12 18 21 16 -16 17 -13 19 -1 -20 -14
right_child=1 2 3 6 5 -7 7 -9 9 10 -12 14 13 -15 15 -17 -18 -19 20 -21 -22 -23
leaf_value=0.61354785239696497 0.34089505049315366 0.31786022882335457 -0.30444850036076132 -0.44785059452056886 0.054324860700539178 0.58546772352730236 0.26460910659087333 -0.076149595780619264 0.11447575506838885 -0.074986794233322135 -0.5593679099816542 0.82993400846208842 -0.32663149148519882 -0.67271107240156691 -0.44846681647830539 0.24075408334667614 -0.017479448125169082 0.23004344103591784 -0.018659671957499666 0.044698844146292237 0.039784974283381 -0.011122183657827831
leaf_weight=20 33 39 21 21 21 36 38 174 22 30 26 21 38 22 27 37 37 21 5353 748 1284 63
leaf_count=20 33 39 21 21 21 36 38 174 22 30 26 21 38 22 27 37 37 21 5353 748 1284 63
internal_value=-3.09968e-11 0.0701582 0.0446316 0.0103682 0.202875 0.389784 -0.0540762 -0.0150702 -0.00346762 -0.183009 -0.299878 -0.00164201 -0.00411902 -0.22693 0.128756 -0.050011 0.27358 0.529989 -0.000418045 0.0595126 -0.00735292 -0.129829
internal_weight=8132 383 350 311 78 57 233 212 7749 78 56 7671 7528 123 143 64 79 42 7405 768 6637 101
internal_count=8132 383 350 311 78 57 233 212 7749 78 56 7671 7528 123 143 64 79 42 7405 768 6637 101
is_linear=0
shrinkage=0.03


Tree=334
num_leaves=22
num_cat=0
split_feature=35 11 25 17 22 58 32 32 42 5 23 29 13 44 32 13 26 22 32 49 37
split_gain=2209.39 5994.86 12215.5 8490.67 6909.75 6583.65 3539.64 4129.33 9211.33 11643.5 11626.6 9014.49 8339.85 6143.13 5613.7 13889.7 8021.4 4725.85 3677.89 13676.7 4309.22
threshold=485.50000000000006 50.500000000000007 4.5000000000000009 1417.5000000000002 105.50000000000001 38.750000000000007 329.50000000000006 199.50000000000003 16.550000000000004 48.500000000000007 417.92000000000002 93.500000000000014 137.50000000000003 55.691187050359723 179.50000000000003 130.50000000000003 3.5000000000000004 42.500000000000007 163.50000000000003 63.583333333333343 277.83333333333343
decision_type=10 2 2 2 2 10 10 8 10 2 2 2 2 8 10 2 2 2 10 8 10
left_child=6 5 3 4 -3 -2 7 14 9 13 -11 17 -13 -9 18 -16 -17 -10 20 -20 -1
right_child=1 2 -4 -5 -6 -7 -8 8 11 10 -12 12 -14 -15 15 16 -18 -19 19 -21 -22
leaf_value=0.0057241977739513929 0.5930008306503296 -0.5765242778829166 0.28442779093980786 -0.88123559206724167 0.048115036938641519 -0.13725622787475586 -0.39634521317481997 0.28949174350705636 0.058888734698295586 0.80627812435850499 0.1699970632259335 0.38932715020694975 0.0032734013385637552 -0.28706136183669928 -0.83639211747795339 -0.45466849617267907 0.036433231158459436 -0.49728410523046152 -0.30008537277579306 0.29008010093178321 -0.072985285168337022
leaf_weight=6226 20 28 32 24 37 25 20 29 20 48 56 59 344 39 24 38 141 44 48 134 696
leaf_count=6226 20 28 32 24 37 25 20 29 20 48 56 59 344 39 24 38 141 44 48 134 696
internal_value=2.09043e-10 -0.108324 -0.218268 -0.399012 -0.22096 0.187302 0.00225732 0.00326059 0.0763923 0.264076 0.463665 0.00726687 0.0597924 -0.0411784 -0.0031348 -0.158688 -0.067823 -0.32348 0.00131021 0.134432 -0.00218996
internal_weight=8132 166 121 89 65 45 7966 7946 639 172 104 467 403 68 7307 203 179 64 7104 182 6922
internal_count=8132 166 121 89 65 45 7966 7946 639 172 104 467 403 68 7307 203 179 64 7104 182 6922
is_linear=0
shrinkage=0.03


Tree=335
num_leaves=25
num_cat=0
split_feature=15 15 17 37 29 25 63 5 6 5 19 5 52 8 68 38 55 55 37 14 52 56 37 41
split_gain=2154.56 2801.59 5436.48 5013.1 4926.37 4202.39 4379.42 3487.12 14990.3 9853.58 7535.47 6439.58 5517.97 7566.75 5871.22 4824.5 14213.1 3985.09 6337.72 3180.26 2272.26 2265.73 1853 1135.34
threshold=971.95000000000016 975.85000000000002 3347.5000000000005 142.35000000000005 17.571428571428573 1.0000000180025095e-35 6.3200000000000012 16.500000000000004 58.245000000000005 15.500000000000002 23.956250000000004 22.500000000000004 4536.0000000000009 28.350000000000005 25.500000000000004 54.650000000000013 106.8357142857143 184.85000000000005 204.16666666666671 17.100000000000005 6991.0000000000009 217.50000000000003 106.06666666666668 28.550000000000004
decision_type=2 2 2 10 2 2 8 2 2 2 2 2 2 2 2 10 10 10 10 2 2 10 8 10
left_child=23 2 3 4 20 -5 -7 9 17 12 11 -10 13 -3 -14 16 -11 18 -9 -6 -2 -17 -12 -1
right_child=1 7 -4 5 19 6 -8 8 10 15 22 -13 14 -15 -16 21 -18 -19 -20 -21 -22 -23 -24 -25
leaf_value=0.31002032138779756 -0.23411464418642794 -0.28054053227106729 0.4373054065704346 -0.4815085467925439 0.018337492918915812 0.21375070214271547 -0.21382013472719727 -0.27096766109051906 0.19539354234443684 0.1752179267965257 -0.155871909358962 -0.0026744959908568552 0.034384639754731737 0.04965210145811981 0.32077755421400067 0.29713006155831473 1.1546989269554615 -0.18592775963448188 -1.0011699571609496 0.36129242915373583 -0.058329891705179354 -0.14903229761123657 -0.52099067583166314 0.046781283108324842
leaf_weight=30 104 117 20 39 380 27 107 23 152 40 22 5260 1225 134 68 21 20 37 20 26 182 20 29 29
leaf_count=30 104 117 20 39 380 27 107 23 152 40 22 5260 1225 134 68 21 20 37 20 26 182 20 29 29
internal_value=-4.29947e-10 -0.00132011 -0.0516862 -0.0629924 -0.0268817 -0.207435 -0.127668 0.00488106 -0.00650206 0.0432377 -0.000531932 0.00288839 0.0244587 -0.104262 0.0494463 0.330315 0.501712 -0.414187 -0.610597 0.0403001 -0.122252 0.0794899 -0.363488 0.180632
internal_weight=8132 8073 885 865 692 173 134 7188 5543 1645 5463 5412 1544 251 1293 101 60 80 43 406 286 41 51 59
internal_count=8132 8073 885 865 692 173 134 7188 5543 1645 5463 5412 1544 251 1293 101 60 80 43 406 286 41 51 59
is_linear=0
shrinkage=0.03


Tree=336
num_leaves=23
num_cat=0
split_feature=19 30 19 22 57 68 60 58 7 22 30 15 37 24 1 32 34 54 58 44 55 61
split_gain=2112.52 3651.1 3239.41 2417.08 5272.52 6615.92 4729.05 5793.38 4670.15 4206.43 9487.41 5334.22 4621.23 4568.54 3391.07 2300.99 1986.02 1978.76 1131.26 1066.57 890.179 399.824
threshold=25.835416666666671 3.5166666666667408 25.781250000000004 1.5000000000000002 140.05714285714291 25.500000000000004 31.450000000000003 32.050000000000004 25.470000000000002 4.5000000000000009 20.930000000000081 975.85000000000002 93.683333333333337 22.015000000000004 77.131314500000016 26.550000000000004 107.35000000000001 27.250000000000004 21.950000000000003 12.65 40.250000000000007 32.550000000000004
decision_type=2 2 2 2 10 2 10 10 2 2 2 2 10 2 2 10 10 10 8 8 10 10
left_child=2 -2 3 4 5 8 16 -8 -1 11 12 15 -11 -12 -13 -5 -6 -3 21 20 -20 -19
right_child=1 17 -4 9 6 -7 7 -9 -10 10 13 14 -14 -15 -16 -17 -18 18 19 -21 -22 -23
leaf_value=-0.042036403470592149 0.36131928983536599 -0.18550060226023196 -0.27514499811025767 0.11093252924873549 -0.25188705871845113 0.50018063420599157 0.40291704829443581 -0.20317969420552254 0.40206239006736061 -0.096645103801041826 0.1099067335634419 0.44537328642057739 -0.40336170857293263 -0.00066881133729716682 0.13728641245351508 -0.14340141119608699 -0.5709345385161313 -0.1175450481288135 0.33729637261119583 0.011193805173039436 0.080582593166269367 0.05749402288509451
leaf_weight=681 38 30 39 51 87 22 22 40 22 120 356 38 70 6071 209 86 22 24 31 30 20 23
leaf_count=681 38 30 39 51 87 22 22 40 22 120 356 38 70 6071 209 86 22 24 31 30 20 23
internal_value=-2.15382e-10 0.0972962 -0.00240298 -0.00105602 -0.04745 -0.0121068 -0.197297 0.0118869 -0.0281386 0.00488156 -0.00072031 0.101412 -0.209646 0.00545611 0.184684 -0.0487224 -0.316282 0.0337969 0.0851948 0.153132 0.236624 -0.0318876
internal_weight=8132 196 7936 7897 896 725 171 62 703 7001 6617 384 190 6427 247 137 109 158 128 81 51 47
internal_count=8132 196 7936 7897 896 725 171 62 703 7001 6617 384 190 6427 247 137 109 158 128 81 51 47
is_linear=0
shrinkage=0.03


Tree=337
num_leaves=29
num_cat=0
split_feature=35 30 24 57 30 52 52 10 54 32 29 0 37 9 68 57 6 34 40 56 33 35 56 16 45 8 36 45
split_gain=2169.41 3506.66 5114.28 3920.38 3328.34 3028.47 11644.9 11097.3 9357.01 9265.41 6995.42 2165.22 2765.88 2550.1 1995.76 1537.28 2785.04 1588.14 1568.81 1982.33 1454.69 1185.33 741.016 700.706 690.035 647.888 534.386 118.416
threshold=41.95000000000001 1.7766666666667417 2.3250000000000006 69.685714285714297 2.9983333333334086 9486.2500000000018 8922.7500000000018 10.750000000000002 59.350000000000001 124.50000000000001 487.85714285714295 28.643240000000002 96.683333333333337 31.450000000000003 17.500000000000004 113.85000000000001 403.12500000000006 15.550000000000002 21.033333333333342 91.100000000000009 21.250000000000004 114.50000000000001 61.45000000000001 18.850000000000005 14.350000000000003 30.050000000000004 35.45000000000001 9.8350000000000026
decision_type=8 2 2 10 2 2 2 2 10 10 2 2 10 2 2 10 2 10 10 10 10 10 10 2 8 2 8 10
left_child=15 2 3 20 21 6 10 -7 -8 -9 -6 12 27 -13 -5 16 17 23 19 -19 -2 24 -22 -1 25 -3 -20 -4
right_child=1 4 11 14 5 7 8 9 -10 -11 -12 13 -14 -15 -16 -17 -18 18 26 -21 22 -23 -24 -25 -26 -27 -28 -29
leaf_value=-0.35032090574502944 -0.053954261459812927 -0.0682841060695977 -0.020115032767876982 0.22046944102272389 0.0005057427888516176 0.68723847448825837 0.012575721182321246 -0.0049450093539741479 0.41110161266941575 -0.1582981386375367 0.26149411994218824 0.088917599201202388 0.34113852988118709 -0.33799815948833439 0.54608349363009134 -0.33391851907968517 0.27937795025110246 -0.046771070073274044 -0.24885335143804546 0.25836754866358308 0.098366318951393 -0.32126101025613024 0.33573265823721882 -0.1386028341401149 0.042912179699965886 -0.28418077812276099 -0.089467332302950897 -0.12334987132251263
leaf_weight=24 37 29 20 32 3417 20 95 3319 120 397 95 20 23 34 36 20 20 66 25 27 29 32 20 34 21 22 78 20
leaf_count=24 37 29 20 32 3417 20 95 3319 120 397 95 20 23 34 36 20 20 66 25 27 29 32 20 34 21 22 78 20
internal_value=-1.85543e-10 0.00300099 0.109034 0.22263 -0.000796424 0.00155231 0.0206861 -0.0175354 0.235009 -0.0213285 0.00756551 -0.0404846 0.0789982 -0.179881 0.392853 -0.080006 -0.0614722 -0.0883108 -0.0475038 0.0418176 0.0880345 -0.169341 0.195251 -0.22621 -0.10182 -0.161416 -0.128153 -0.0717325
internal_weight=8132 7838 271 154 7567 7463 3727 3736 215 3716 3512 117 63 54 68 294 274 254 196 93 86 104 49 58 72 51 103 40
internal_count=8132 7838 271 154 7567 7463 3727 3736 215 3716 3512 117 63 54 68 294 274 254 196 93 86 104 49 58 72 51 103 40
is_linear=0
shrinkage=0.03


Tree=338
num_leaves=31
num_cat=0
split_feature=1 35 10 15 18 57 57 41 35 45 14 48 45 11 10 0 9 34 13 13 8 13 60 0 54 12 40 24 35 56
split_gain=2124.09 2807.4 4468.05 7078.61 4596.98 5195.12 4963.39 2707.3 10533.5 17282.1 15234.7 7398.3 6294.64 5719.66 5568.82 12806.2 25989.5 13301.8 7705.09 6196.27 5458.21 11818.6 9033.06 8898.54 6586.71 7277.57 5365.12 5096.31 4655.23 4459.24
threshold=77.309166200000007 522.50000000000011 11.750000000000002 993.75000000000011 3550.0000000000005 377.64285714285717 317.07142857142861 24.050000000000004 238.50000000000003 12.850000000000003 0.25000000000000006 39.32732558139535 78.095359712230234 80.500000000000014 11.550000000000002 28.682925800000003 24.150000000000002 147.35000000000005 122.50000000000001 281.50000000000006 19.250000000000004 130.50000000000003 35.150000000000013 28.662761550000003 312.50000000000006 3.8500000000000001 67.116666666666688 341.63000000000005 216.50000000000003 104.50000000000001
decision_type=2 10 2 2 2 8 10 8 10 10 2 8 10 2 2 2 2 10 2 2 2 2 8 2 10 2 10 2 10 10
left_child=7 2 3 -2 -4 6 -6 8 26 10 11 -10 13 -11 15 18 17 -17 -9 -20 21 23 -23 -16 25 -22 29 -14 -28 -1
right_child=1 -3 4 -5 5 -7 -8 14 9 12 -12 -13 27 -15 20 16 -18 -19 19 -21 24 22 -24 -25 -26 -27 28 -29 -30 -31
leaf_value=-0.023766834289216613 0.6441087583303452 -0.25237170913945073 -0.32696437517801918 -0.084516938567161554 0.093167533864482094 0.54884358876943584 -0.32291694932970511 0.45792482406862317 0.17603085222244264 -0.15824973325155775 -1.1767665760517121 -0.3920944325234425 -0.097671404968608516 0.11646530798479411 -0.012428335151502065 0.71653725104672561 1.1621456025327954 -0.032178304473559058 -0.29892767500189632 0.029063480405020527 -0.13197721920205333 -0.0033774080040842986 -0.29787843002313835 0.73758160591125488 0.52678607322952964 0.017371601706049854 -0.22597788490678952 0.38078985396553489 0.21893594434261321 0.073590972938172738
leaf_weight=892 30 23 27 20 234 20 29 31 25 292 20 118 33 89 35 28 28 90 65 256 317 172 206 24 22 3986 138 51 25 806
leaf_count=892 30 23 27 20 234 20 29 31 25 292 20 118 33 89 35 28 28 90 65 256 317 172 206 24 22 3986 138 51 25 806
internal_value=1.43166e-10 0.0689656 0.0894955 0.352658 0.0470498 0.0827332 0.0472875 -0.00340867 -0.0291866 -0.135427 -0.401237 -0.292772 -0.0422503 -0.0940775 0.00878926 0.104242 0.340459 0.145483 0.00626597 -0.0373522 -0.00119302 -0.102235 -0.163873 0.29266 0.00901635 0.00636914 0.00666457 0.192823 -0.15774 0.0224466
internal_weight=8132 383 360 50 310 283 263 7749 2489 628 163 143 465 381 5260 498 146 118 352 321 4762 437 378 59 4325 4303 1861 84 163 1698
internal_count=8132 383 360 50 310 283 263 7749 2489 628 163 143 465 381 5260 498 146 118 352 321 4762 437 378 59 4325 4303 1861 84 163 1698
is_linear=0
shrinkage=0.03


Tree=339
num_leaves=25
num_cat=0
split_feature=5 21 24 6 46 35 56 6 12 60 13 41 4 17 54 53 38 62 43 35 25 44 35 33
split_gain=2134.57 8284.65 9492.45 8219.55 10790.9 7852.08 7384.44 9418.79 8884.05 7675.19 7036.93 3925.03 3933.47 4297.58 12461.9 7317.1 3510.43 5642.14 5039.13 3229.91 2598.99 2253.12 3083.62 1976.66
threshold=307.00000000000006 233.50000000000003 2407.6750000000006 1495.8850000000002 16.833333333333339 291.50000000000006 361.50000000000006 1764.2100000000003 6.6500000000000012 13.15 106.50000000000001 118.50000000000001 0.40500000000000008 1422.5000000000002 136.50000000000003 184420.95000000004 44.050000000000004 65.550000000000011 37.283333333333339 394.50000000000006 2.5000000000000004 49.050000000000004 217.50000000000003 84.65000000000002
decision_type=2 2 2 2 10 10 8 2 2 8 2 10 2 2 10 2 8 10 8 10 2 8 10 10
left_child=1 11 16 4 -2 -6 7 -5 -8 -9 -11 12 13 15 -15 -1 21 18 -18 -10 -14 22 -3 -4
right_child=3 2 23 6 5 -7 8 9 19 10 -12 -13 20 14 -16 -17 17 -19 -20 -21 -22 -23 -24 -25
leaf_value=0.0011516342428538047 -0.15369019524008035 -0.090467321611940862 0.071887237547259578 -0.47962342993633167 0.28560549653493439 0.9944239511408588 0.64824239526476179 0.43798491165041925 -0.20664033950521396 0.16136013842339431 -0.05418746468173042 -0.29837302469290217 -0.01548354206085205 0.016453761013495476 0.26114757409199996 -0.12303074688097994 -0.61024731383540409 0.13453433649880545 -0.22143642978234723 0.28140903353691099 -0.42372375346720215 0.11814081013202667 -0.41735395242186152 0.42920961531725799
leaf_weight=3468 30 110 38 37 39 22 35 36 26 172 657 39 25 2425 203 487 55 21 66 23 32 30 34 22
leaf_count=3468 30 110 38 37 39 22 35 36 26 172 657 39 25 2425 203 487 55 21 66 23 32 30 34 22
internal_value=-1.99213e-10 -0.00600534 -0.143021 0.0393386 0.312145 0.541245 0.0141607 -0.0108934 0.283193 0.00915634 -0.00946589 0.0017081 0.00347063 0.0056192 0.0353551 -0.0141396 -0.208704 -0.319389 -0.398169 0.0224441 -0.244671 -0.118375 -0.167649 0.202905
internal_weight=8132 7055 376 1077 91 61 986 902 84 865 829 6679 6640 6583 2628 3955 316 142 121 49 57 174 144 60
internal_count=8132 7055 376 1077 91 61 986 902 84 865 829 6679 6640 6583 2628 3955 316 142 121 49 57 174 144 60
is_linear=0
shrinkage=0.03


Tree=340
num_leaves=19
num_cat=0
split_feature=60 18 34 36 18 57 16 45 33 33 24 7 53 18 24 33 23 64
split_gain=2120.09 2432.36 6782.49 4966.77 4839.89 4537.6 6037.21 3342.75 6583.32 4752.88 3163.64 10034.9 7914.03 6584.32 6418.87 21468.7 7884.83 1892.25
threshold=145.50000000000003 6540.0000000000009 39.016666666666687 342.50000000000006 6372.5000000000009 145.31428571428572 19.550000000000004 17.250000000000004 58.250000000000007 79.850000000000009 767.70500000000004 38.010000000000005 174531.65000000005 6277.5000000000009 1181.7750000000003 143.50000000000003 777.7850000000002 50.795000000000009
decision_type=10 2 10 10 2 10 2 8 10 10 2 2 2 2 2 10 2 10
left_child=1 4 -3 5 10 17 -7 8 -6 -9 11 13 -13 -1 15 -12 -16 -4
right_child=-2 2 3 -5 7 6 -8 9 -10 -11 14 12 -14 -15 16 -17 -18 -19
leaf_value=-0.00076128681004130944 -0.24370640946552158 0.59578375722680765 -0.043947107076644898 -0.32863569980859753 -0.37060860518887639 0.33921035908162595 0.040780251900582112 -0.14529338147491216 0.33267516327940899 -0.74234125043638044 0.078165728246957875 -0.065965011254171396 -0.31447995842237703 0.22690074534370347 0.15744976882571757 0.92083015335017226 -0.03782435464735788 -0.42066859406232832
leaf_weight=5016 32 21 30 30 25 80 257 30 23 20 441 614 142 117 230 29 975 20
leaf_count=5016 32 21 30 30 25 80 257 30 23 20 441 614 142 117 230 29 975 20
internal_value=1.92029e-10 0.000962791 0.0697214 0.043229 -0.00296781 0.0720557 0.111624 -0.212442 -0.0336185 -0.384113 -0.000253839 -0.0106011 -0.112644 0.00442797 0.0361253 0.13016 -0.000552115 -0.194636
internal_weight=8132 8100 438 417 7662 387 337 98 48 50 7564 5889 756 5133 1675 470 1205 50
internal_count=8132 8100 438 417 7662 387 337 98 48 50 7564 5889 756 5133 1675 470 1205 50
is_linear=0
shrinkage=0.03


Tree=341
num_leaves=20
num_cat=0
split_feature=35 19 15 41 54 10 32 32 42 17 36 31 14 32 13 15 32 49 34
split_gain=2192.64 7876.61 6806.05 6300.69 4093.63 3437.51 3364.62 3865.6 8463.85 10683.3 8831.47 8266.13 7399.15 5228.4 12957.3 7939.39 3423.7 12699 4023.65
threshold=485.50000000000006 11.893750000000002 992.1500000000002 13.15 161.50000000000003 13.250000000000002 329.50000000000006 199.50000000000003 16.550000000000004 1527.5000000000002 366.50000000000006 281.92285714285708 0.35000000000000003 179.50000000000003 130.50000000000003 993.05000000000007 163.50000000000003 63.583333333333343 154.16666666666671
decision_type=10 2 2 10 10 2 10 8 10 2 8 2 2 10 2 2 10 8 10
left_child=6 2 3 -2 -4 -5 7 13 9 10 -9 -10 -13 16 -15 -16 18 -18 -1
right_child=1 -3 4 5 -6 -7 -8 8 11 -11 -12 12 -14 14 15 -17 17 -19 -20
leaf_value=0.0029460415932121963 0.60156606332115503 -0.51509091748910785 -0.53407004413604731 0.30625049713253971 -0.028371126165284827 -0.20150292658805849 -0.38637418806552887 0.44742917272643962 -0.48279132978669526 0.90569551214575761 -0.019094882981626541 0.0067650570424602312 0.49492092514038083 -0.8076443072408438 0.085547781245488869 -0.32991503459215166 -0.28893157087266441 0.27975010265054095 -0.10680024395705688
leaf_weight=6607 23 34 25 20 34 30 20 61 29 20 91 408 30 24 114 65 48 134 315
leaf_count=6607 23 34 25 20 34 30 20 61 29 20 91 408 30 24 114 65 48 134 315
internal_value=-1.26739e-11 -0.107913 -0.00303354 0.190629 -0.24265 0.00159844 0.00224875 0.00322691 0.0739848 0.253892 0.168129 0.00772339 0.0402004 -0.0029609 -0.153081 -0.0653186 0.00132886 0.129768 -0.00204819
internal_weight=8132 166 132 73 59 50 7966 7946 639 172 152 467 438 7307 203 179 7104 182 6922
internal_count=8132 166 132 73 59 50 7966 7946 639 172 152 467 438 7307 203 179 7104 182 6922
is_linear=0
shrinkage=0.03


Tree=342
num_leaves=26
num_cat=0
split_feature=13 9 13 56 62 60 24 15 8 37 29 56 55 61 10 61 44 63 49 65 22 68 0 32 58
split_gain=2067.24 6494.57 5073.18 12912.2 7045.87 5107.98 4969.9 6082.66 8522.94 8750.65 6012.46 5106.1 4756.37 4647.04 4567.88 4565.52 4047.87 3743.6 13984.3 4901.42 3424.3 3369.17 3294.1 1625.02 1452.45
threshold=92.000000000000014 37.050000000000004 96.500000000000014 234.50000000000003 4.4050000000000011 145.50000000000003 705.74000000000012 980.95000000000016 23.950000000000003 205.50000000000003 141.07142857142858 198.50000000000003 63.307142857142857 31.849999999999998 23.550000000000004 110.20000000000003 69.516474820143898 10.957857142857145 77.750000000000014 43.78642857142858 453.50000000000006 22.500000000000004 28.677609300000004 51.625000000000007 26.950000000000003
decision_type=2 2 2 10 10 10 2 2 2 8 2 10 10 8 2 10 8 10 10 10 2 2 2 10 10
left_child=1 6 3 4 -2 15 7 14 16 -10 11 -8 24 -3 -1 17 -9 18 -4 -19 23 -16 -22 -12 -6
right_child=2 13 5 -5 12 -7 10 8 9 -11 20 -13 -14 -15 21 -17 -18 19 -20 -21 22 -23 -24 -25 -26
leaf_value=0.32697794116823181 -0.31830046590417621 0.65139069038629538 0.021907098324606356 0.86934947039399824 -0.097344211523349461 -0.45484660831364715 0.56892834191210562 0.18428901828012684 -0.25675193983544076 -0.90763023533991394 -0.057987697784389766 -0.024784275672652501 0.59539915868214199 0.004681179709732532 -0.10930464869076065 0.39979607868653078 -0.26422743633389473 -0.096972077248107011 0.55574442579348882 -0.0027571814386198904 -0.0030111839327047456 0.19193202539160847 0.4269153947804285 -0.2988954256971677 0.18796445980668067
leaf_weight=31 32 20 2376 21 26 22 32 55 162 21 84 22 21 20 203 26 27 565 45 4127 53 40 23 36 42
leaf_count=31 32 20 2376 21 26 22 32 55 162 21 84 22 21 20 203 26 27 565 45 4127 53 40 23 36 42
internal_value=-8.33864e-11 -0.0448943 0.00509618 0.18266 0.063482 0.00157516 -0.0638008 -0.115079 -0.217556 -0.331443 0.0467548 0.327045 0.200752 0.328036 -0.0159681 0.0029817 0.0366068 0.00153123 0.0318297 -0.0141023 -0.0304681 -0.0597184 0.127098 -0.13026 0.0788759
internal_weight=8132 829 7303 142 121 7161 789 539 265 183 250 54 89 40 274 7139 82 7113 2421 4692 196 243 76 120 68
internal_count=8132 829 7303 142 121 7161 789 539 265 183 250 54 89 40 274 7139 82 7113 2421 4692 196 243 76 120 68
is_linear=0
shrinkage=0.03


Tree=343
num_leaves=21
num_cat=0
split_feature=35 7 50 57 29 38 32 32 42 17 47 29 14 32 18 61 22 57 56 56
split_gain=2083.39 5951.43 13044.2 8677.74 7929.3 7459.41 3187.6 3628.1 7963.79 10016 8561.89 7833.59 6437.3 4923.92 9286.92 8918.05 4434.46 3416.89 3786.83 2334.87
threshold=485.50000000000006 35.430000000000007 1.0000000180025095e-35 402.78571428571428 117.14285714285715 82.050000000000011 329.50000000000006 199.50000000000003 16.550000000000004 1527.5000000000002 157.80000000000004 93.500000000000014 0.35000000000000003 179.50000000000003 4461.0000000000009 47.019285714285722 42.500000000000007 414.28571428571433 394.50000000000006 377.50000000000006
decision_type=10 2 2 10 2 10 10 8 10 2 8 2 2 10 2 8 2 10 10 10
left_child=6 3 -3 5 -5 -2 7 13 9 10 -9 16 -13 17 15 -15 -10 18 -1 -4
right_child=1 2 19 4 -6 -7 -8 8 11 -11 -12 12 -14 14 -16 -17 -18 -19 -20 -21
leaf_value=0.0038228506508269622 -0.52225145470711487 -0.96591781067848204 -0.23566046885572944 -0.096069775990077419 0.68770478202746466 0.20005147755146027 -0.37606958520412442 0.4004993643860022 0.069489903688430776 0.87732565069198609 -0.050438544334843752 0.022996588705934306 0.48696763410650445 -0.15510401816929087 -0.67796483334440449 0.46689760610461234 -0.46926361957480284 0.3320627754939986 -0.12610624629789247 0.19549082821235059
leaf_weight=6868 31 20 26 21 26 22 20 72 20 20 80 374 29 153 26 24 44 28 208 20
leaf_count=6868 31 20 26 21 26 22 20 72 20 20 80 374 29 153 26 24 44 28 208 20
internal_value=-2.00056e-11 -0.10519 -0.326299 0.040742 0.337508 -0.222428 0.00219201 0.00314409 0.0716938 0.246206 0.163164 0.00741967 0.0563841 -0.00285062 -0.148534 -0.0707648 -0.300903 0.00131236 3.56685e-06 -0.0482034
internal_weight=8132 166 66 100 47 53 7966 7946 639 172 152 467 403 7307 203 177 64 7104 7076 46
internal_count=8132 166 66 100 47 53 7966 7946 639 172 152 467 403 7307 203 177 64 7104 7076 46
is_linear=0
shrinkage=0.03


Tree=344
num_leaves=15
num_cat=0
split_feature=35 12 35 24 54 33 12 32 45 34 57 33 28 38
split_gain=2069.1 2143.95 4171 6799.52 3267.28 6551.45 2893.08 10161.2 7015.25 3462.19 4466.58 3232.76 2272.05 571.491
threshold=24.450000000000003 2.5000000000000004 552.50000000000011 1401.3600000000004 161.50000000000003 114.50000000000001 3.1000000000000005 99.15000000000002 50.050000000000004 314.00000000000006 414.28571428571433 69.550000000000011 136.50000000000003 15.850000000000003
decision_type=8 2 10 2 10 10 2 8 8 10 10 10 2 10
left_child=13 4 6 -4 5 -2 7 11 -9 10 -8 -3 -11 -1
right_child=1 2 3 -5 -6 -7 9 8 -10 12 -12 -13 -14 -15
leaf_value=-0.087131832123205466 0.28227435516814386 -0.065889935245116549 -0.53011877103285354 0.17089449825324116 0.37850040929501549 -0.32958229499203817 0.0017576403932717309 -0.91992782056331635 -0.1436071632125161 -0.49219363439083103 0.16047395833613681 0.40981264615058899 -0.082065792122194836 -0.26333026164770124
leaf_weight=37 36 36 33 20 34 28 7602 20 22 20 163 20 31 30
leaf_count=37 36 36 33 20 34 28 7602 20 22 20 163 20 31 30
internal_value=-2.69014e-10 0.00137927 -0.000336237 -0.265585 0.140843 0.0145871 0.00144013 -0.160548 -0.513284 0.0034712 0.00508935 0.104004 -0.2429 -0.166027
internal_weight=8132 8065 7967 53 98 64 7914 98 42 7816 7765 56 51 67
internal_count=8132 8065 7967 53 98 64 7914 98 42 7816 7765 56 51 67
is_linear=0
shrinkage=0.03


Tree=345
num_leaves=14
num_cat=0
split_feature=58 60 13 37 36 35 32 13 56 62 61 32 13
split_gain=2055.33 2396.73 2524.22 6051.77 6359.78 13182 7409.06 4489.32 13484.7 6410.15 4256.45 3424.43 1738.9
threshold=121.50000000000001 145.50000000000003 92.000000000000014 304.83333333333343 246.50000000000003 216.50000000000003 79.050000000000011 96.500000000000014 234.50000000000003 4.4050000000000011 110.20000000000003 418.50000000000006 216.00000000000003
decision_type=10 10 2 10 10 10 10 2 10 10 10 8 2
left_child=1 2 3 4 5 -1 -6 8 9 -4 11 -9 -2
right_child=12 -3 7 -5 6 -7 -8 10 -10 -11 -12 -13 -14
leaf_value=-0.020232741612589405 0.032179877514188937 -0.26199961429642094 -0.30763258064165711 -0.49804170906543732 0.0046953924279659982 -0.51129254005989933 0.74075733876228322 0.0019891976932955558 0.89736818432807919 0.18819363817911255 0.38776257214637899 0.36095191121101378 -0.30635964532693227
leaf_weight=686 22 31 32 26 32 53 20 7036 20 88 26 24 36
leaf_count=686 22 31 32 26 32 53 20 7036 20 88 26 24 36
internal_value=6.62654e-11 0.0012783 0.00229305 -0.0476889 -0.0328859 -0.0554508 0.287796 0.00794421 0.176173 0.0559733 0.00462047 0.00320947 -0.177948
internal_weight=8132 8074 8043 817 791 739 52 7226 140 120 7086 7060 58
internal_count=8132 8074 8043 817 791 739 52 7226 140 120 7086 7060 58
is_linear=0
shrinkage=0.03


Tree=346
num_leaves=21
num_cat=0
split_feature=21 23 51 21 41 41 12 18 42 19 7 65 7 38 62 33 65 42 22 62
split_gain=2014.13 5403.88 6355.22 5174.47 4409.43 8770.63 7742.14 6986.19 3608.27 3300.68 5170.14 4695.36 4685.44 4339.21 3486.32 3243.61 2907.87 3176.44 2867.9 1839.12
threshold=2024.5000000000002 4680.6650000000018 14675.535000000002 771.00000000000011 29.550000000000004 54.45000000000001 7.7500000000000009 6258.0000000000009 59.95000000000001 1.6541666666666668 107.86000000000001 39.648571428571437 55.045000000000009 42.650000000000013 38.150000000000013 103.50000000000001 48.090000000000011 41.250000000000007 157.50000000000003 16.450000000000003
decision_type=2 2 2 2 10 10 2 2 10 2 2 10 2 8 10 10 8 8 2 8
left_child=1 3 4 9 6 7 -3 -6 -7 11 12 18 -11 -12 -13 16 -2 -18 -1 -5
right_child=15 2 -4 19 5 8 -8 -9 -10 10 13 14 -14 -15 -16 -17 17 -19 -20 -21
leaf_value=-0.62822000881899953 -0.316988651071276 0.8201084503732049 -0.19808774090730225 -0.54626004695892327 0.098336288219219761 0.69640557038784023 0.045638886519840785 -0.59436934590339663 0.22469605070849258 0.0073578641584732324 0.054646459519863126 0.042511590232225983 -0.080628459796682941 0.65296502065658568 -0.28760675146029546 -0.41581464495923781 -0.1252308565378189 0.37999120576041084 -0.13702009329199791 -0.13941771183907986
leaf_weight=23 21 26 39 20 38 20 21 20 54 6954 24 110 591 20 39 27 24 21 20 20
leaf_count=23 21 26 39 20 38 20 21 20 54 6954 24 110 591 20 39 27 24 21 20 20
internal_value=-3.40721e-11 0.00160586 0.148931 -0.00250063 0.224538 0.13569 0.474069 -0.140528 0.352185 -0.000751043 0.00235683 -0.123593 0.000465894 0.326609 -0.0438952 -0.138812 -0.0254922 0.110539 -0.399755 -0.342839
internal_weight=8132 8039 218 7821 179 132 47 58 74 7781 7589 192 7545 44 149 93 66 45 43 40
internal_count=8132 8039 218 7821 179 132 47 58 74 7781 7589 192 7545 44 149 93 66 45 43 40
is_linear=0
shrinkage=0.03


Tree=347
num_leaves=24
num_cat=0
split_feature=35 12 35 64 68 46 12 32 68 34 57 33 22 49 21 22 14 39 32 21 12 68 60
split_gain=2026.13 2618.67 4000.53 5707.3 3091.82 5159.1 2770.34 9502.7 11038.2 3297.85 4152.26 3049.95 2774.38 1533.55 2995.98 3063.73 1633.89 1101.66 1465.7 748.512 488.926 203.791 203.541
threshold=41.95000000000001 2.5000000000000004 552.50000000000011 72.250000000000014 18.500000000000004 70.066666666666677 3.1000000000000005 99.15000000000002 15.500000000000002 314.00000000000006 414.28571428571433 69.550000000000011 110.50000000000001 76.51666666666668 26.500000000000004 17.500000000000004 1.6500000000000001 18.350000000000005 17.350000000000005 2.5000000000000004 7.4500000000000011 14.500000000000002 19.650000000000002
decision_type=8 2 10 10 2 10 2 10 2 10 10 10 2 8 2 2 2 8 10 2 2 2 8
left_child=13 4 6 -4 5 -2 7 11 -9 10 -8 -3 -11 16 15 -15 19 18 21 -1 -19 -18 -22
right_child=1 2 3 -5 -6 -7 9 8 -10 12 -12 -13 -14 14 -16 -17 17 20 -20 -21 22 -23 -24
leaf_value=-0.13309053071520544 0.076592511317559647 -0.064818985263506573 -0.016327278329567478 -0.65857486438751212 -0.073797023099276327 0.67137545262064247 0.0032140849965651367 -0.010404558181762695 -0.98309604644775395 -0.48957820675589819 0.15629095169378476 0.39723785644769666 -0.042813402044362035 -0.036971820225007827 -0.19246057108044626 0.45920640408992769 -0.14330558006465435 -0.23201710231859107 0.22444170379120371 -0.32961280458279557 -0.020981554737728503 -0.009497738821165903 -0.13544334778497957
leaf_weight=33 35 36 33 20 31 21 7386 21 21 22 163 20 29 24 30 21 20 29 23 37 27 21 29
leaf_count=33 35 36 33 20 31 21 7386 21 21 22 163 20 29 24 30 21 20 29 23 37 27 21 29
internal_value=-2.08787e-10 0.00290019 0.00106306 -0.258685 0.166574 0.299636 0.0028514 -0.155635 -0.49675 0.00489505 0.00651936 0.100201 -0.235535 -0.0773188 0.0397626 0.194578 -0.117415 -0.0612501 0.0327593 -0.236967 -0.132034 -0.0747699 -0.0802564
internal_weight=8132 7838 7751 53 87 56 7698 98 42 7600 7549 56 51 294 75 45 219 149 64 70 85 41 56
internal_count=8132 7838 7751 53 87 56 7698 98 42 7600 7549 56 51 294 75 45 219 149 64 70 85 41 56
is_linear=0
shrinkage=0.03


Tree=348
num_leaves=31
num_cat=0
split_feature=41 45 34 57 56 57 60 59 47 22 1 22 43 58 20 33 35 34 64 25 34 45 20 56 20 15 44 49 56 58
split_gain=1993.63 4498.51 4123.44 7486.01 6566.64 3932.27 3783.07 6918.15 6749.14 7431.46 6117.17 4690.29 3963.13 3500.57 7609.34 10361.8 7654.62 8013.37 7071.84 6238.64 7035.87 7917.94 7604.11 6611.3 8240.19 7307.67 2720.45 4618.76 3041.15 2596.13
threshold=7.705000000000001 112.50000000000001 184.16666666666671 221.64285714285717 268.50000000000006 359.21428571428578 12.250000000000002 64.121428571428581 77.65000000000002 180.50000000000003 77.128061500000015 80.500000000000014 12.68166666666667 56.550000000000004 2250.0000000000005 202.50000000000003 485.50000000000006 272.50000000000006 89.350000000000023 2.5000000000000004 147.35000000000005 13.350000000000003 6126.0000000000009 105.50000000000001 9063.7500000000018 980.40000000000009 30.309172661870509 163.7166666666667 190.50000000000003 53.150000000000013
decision_type=8 8 8 10 10 10 8 10 8 2 2 2 10 8 2 10 10 10 8 2 10 8 2 10 2 2 10 10 10 10
left_child=1 2 3 29 -5 -4 7 8 10 11 -2 -10 -12 19 15 -15 18 -18 -16 23 22 -22 -21 25 -25 -8 28 -28 -9 -1
right_child=6 -3 5 4 -6 -7 13 26 9 -11 12 -13 -14 14 16 -17 17 -19 -20 20 21 -23 -24 24 -26 -27 27 -29 -30 -31
leaf_value=0.026705214282807501 0.51205822384804478 -0.50513704419136041 0.52673880611147195 -0.75860016574859612 -0.089668653692517961 -0.0538225484745843 0.017294352084818079 -0.11938105215093699 0.30673730581998826 0.7504518673568964 0.17571237535097381 -0.14845649513933393 -0.041461613957639323 -0.097908979143415176 0.14406328163892029 0.79061418725384602 -0.71631902890205379 -0.058502797114849091 0.0036658826184361726 0.082659381478274827 0.10259214853999062 -0.25561727495877729 -0.054069937266594557 -0.028416985347194754 0.11995204448787683 -0.18631542755865754 -0.40503965529252073 -0.00097766188693777572 0.36148540842533111 -0.23059596623693193
leaf_weight=221 25 20 21 25 28 21 457 29 83 27 110 27 242 21 400 27 25 50 1675 447 71 255 2022 568 828 243 49 53 20 42
leaf_count=221 25 20 21 25 28 21 457 29 83 27 110 27 242 21 400 27 25 50 1675 447 71 255 2022 568 828 243 49 53 20 42
internal_value=-2.19889e-12 -0.0672762 -0.0428147 -0.0799332 -0.405202 0.236458 0.00327965 0.0716964 0.124142 0.304475 0.0586104 0.195008 0.0264053 -0.00313834 0.0283089 0.401885 0.0199686 -0.277775 0.0307304 -0.0172706 -0.0466115 -0.177602 -0.0293158 0.0218551 0.0595841 -0.0533873 -0.106828 -0.195086 0.076891 -0.0143847
internal_weight=8132 378 358 316 53 42 7754 665 514 137 377 110 352 7089 2198 48 2150 75 2075 4891 2795 326 2469 2096 1396 700 151 102 49 263
internal_count=8132 378 358 316 53 42 7754 665 514 137 377 110 352 7089 2198 48 2150 75 2075 4891 2795 326 2469 2096 1396 700 151 102 49 263
is_linear=0
shrinkage=0.03


Tree=349
num_leaves=19
num_cat=0
split_feature=19 42 19 14 42 22 37 19 19 65 44 32 33 53 47 23 36 35
split_gain=1967.78 3316.14 3021.14 3004.68 2562.96 2272.9 5203.69 4380.1 3637.62 2606.83 13485.7 8159.02 5934.11 4692.74 6692.61 5224.3 1027.9 425.167
threshold=25.835416666666671 8.5600000000000023 25.781250000000004 12.750000000000002 14.850000000000003 1.0000000180025095e-35 269.50000000000006 8.8000000000000025 11.308333333333335 44.110714285714288 30.81381294964029 76.425000000000026 134.50000000000003 269164.20000000007 49.085000000000008 10283.990000000002 92.15000000000002 60.150000000000013
decision_type=2 10 2 2 10 2 10 2 2 8 8 10 10 2 8 2 8 10
left_child=2 -2 5 4 -3 6 7 -1 -9 10 12 -12 -7 15 -15 -11 17 -6
right_child=1 3 -4 -5 16 9 -8 8 -10 13 11 -13 -14 14 -16 -17 -18 -19
leaf_value=0.37177014031193467 0.4409384568441998 -0.31789333515933582 -0.26571254951180889 0.29846443835326603 -0.085883682681755585 -0.024725638515560738 -0.51355369611219925 -0.3929208617550986 -0.040243793746004633 0.011774008122712657 -0.14495582342147825 -1.0018757557868958 0.3496644782103025 0.68573496155440805 0.099826385216279456 -0.24372016690365256 0.23781290638446806 0.046337248992318142
leaf_weight=22 22 21 39 35 33 1655 22 28 439 5416 20 20 39 20 143 73 20 65
leaf_count=22 22 21 39 35 33 1655 22 28 439 5416 20 20 39 20 143 73 20 65
internal_value=1.65337e-10 0.0939039 -0.0023192 0.0500259 -0.0125305 -0.00101841 -0.0622075 -0.0419016 -0.0613893 0.00321496 -0.0289623 -0.573416 -0.0161063 0.0130868 0.171717 0.00837611 0.0418137 0.00181387
internal_weight=8132 196 7936 174 139 7897 511 489 467 7386 1734 40 1694 5652 163 5489 118 98
internal_count=8132 196 7936 174 139 7897 511 489 467 7386 1734 40 1694 5652 163 5489 118 98
is_linear=0
shrinkage=0.03


Tree=350
num_leaves=29
num_cat=0
split_feature=15 35 15 43 60 40 53 36 61 41 42 36 0 15 5 52 62 15 15 48 53 15 13 12 63 52 5 65
split_gain=1947.33 5437.07 3638.72 7992.29 8293.07 10048.5 9311.72 13003.5 6408.81 4489.59 3942.07 3511.56 4168.93 3456.96 18075.7 12817.5 8760.68 4037.61 12750.1 22597.3 9741.78 6193.99 4213.14 3314.61 4223.81 3121.1 2555.34 2093.49
threshold=994.35000000000014 152.50000000000003 993.55000000000007 41.300000000000011 24.050000000000004 57.999999999999993 76715.950000000012 278.50000000000006 18.364285714285717 40.550000000000004 48.350000000000001 147.50000000000003 28.697587000000002 993.05000000000007 61.500000000000007 10052.250000000002 15.450000000000001 990.45000000000016 990.95000000000016 42.335000000000008 59029.400000000001 990.1500000000002 339.50000000000006 4.0500000000000007 58.255714285714298 5103.0000000000009 126.00000000000001 102.02142857142857
decision_type=2 10 2 10 8 10 2 10 10 8 10 10 2 2 2 2 8 2 2 10 2 2 2 2 10 2 2 8
left_child=2 -2 13 4 5 8 7 -6 -4 -8 -5 -3 23 17 -15 16 -16 21 19 -19 -20 22 -1 -13 -25 -14 -23 -17
right_child=1 11 3 10 6 -7 9 -9 -10 -11 -12 12 25 14 15 27 -18 18 20 -21 -22 26 -24 24 -26 -27 -28 -29
leaf_value=-0.0055610240256979684 0.36744439758360387 -0.44203525772094726 -0.016614457624299188 -0.52939654323187746 1.2600410842448473 0.36976131141185758 0.024543023840073615 0.250781158208847 -0.70991129219532012 0.5414599421024322 0.011592521510190435 0.25289052462753125 -0.52438608015405719 0.74208312624692918 -0.56573563469307764 -0.90118881511688231 0.018494760800491679 1.0627813635201291 -0.35985674906585174 0.13728474138269045 0.041551446419209236 -0.098368785537779321 0.18091549036571303 -0.12371436728637766 0.22741187680411984 -0.050526197051460088 -0.43747112836316226 -0.46712170945107939
leaf_weight=6187 24 25 28 22 20 32 62 27 21 20 27 34 29 20 28 20 132 29 59 131 700 40 111 185 37 22 40 20
leaf_count=6187 24 25 28 22 20 32 62 27 21 20 27 34 29 20 28 20 132 29 59 131 700 40 111 185 37 22 40 20
internal_value=-1.14411e-10 -0.0686113 0.00314116 0.113699 0.194199 -0.0437158 0.343587 0.680253 -0.313742 0.15062 -0.231301 -0.100133 -0.0722912 -0.000668145 -0.117836 -0.203827 -0.0837456 0.00286438 0.0616533 0.305031 0.0103484 -0.00560646 -0.00227444 -0.0229478 -0.0651933 -0.319976 -0.26792 -0.684155
internal_weight=8132 356 7776 259 210 81 129 47 49 82 49 332 307 7517 220 200 160 7297 919 160 759 6378 6298 256 222 51 80 40
internal_count=8132 356 7776 259 210 81 129 47 49 82 49 332 307 7517 220 200 160 7297 919 160 759 6378 6298 256 222 51 80 40
is_linear=0
shrinkage=0.03


Tree=351
num_leaves=23
num_cat=0
split_feature=58 60 33 44 11 53 0 63 58 45 20 41 17 38 58 54 59 58 7 61 61 45
split_gain=1950.44 2324.75 8648.06 5928.11 4277.53 2607.43 8879.5 4290.85 2655.19 5450.08 8502.98 6074.6 4267.38 6380.88 4127.88 2284.62 1904.32 1630.66 1610.58 2331.65 1586.98 1113.8
threshold=113.50000000000001 93.750000000000014 81.050000000000011 18.950000000000003 32.500000000000007 277244.05000000005 28.682925800000003 14.272857142857143 56.550000000000004 17.038525179856119 2250.0000000000005 12.250000000000002 605.00000000000011 46.650000000000013 55.95000000000001 58.350000000000001 25.878571428571433 29.450000000000003 9.6650000000000009 20.293571428571433 11.690714285714288 45.45000000000001
decision_type=10 10 10 10 2 2 2 8 10 10 2 10 2 10 10 10 10 10 2 10 10 8
left_child=1 5 3 4 -3 8 7 17 12 11 -11 -10 13 -1 -14 -9 -6 -7 -2 20 -20 -21
right_child=18 2 -4 -5 16 6 -8 15 9 10 -12 -13 14 -15 -16 -17 -18 -19 19 21 -22 -23
leaf_value=-0.084264771368715061 0.10411795052615078 -0.42474787154367988 -0.52819354733398982 0.36508940966859943 -0.15870515327900647 -0.053110523905072891 0.5711091837845742 -0.06891565263271332 -0.19088893413543701 0.44182564326234769 -0.020648552090890945 0.1337237672280894 -0.001832826234335128 -0.6386551003022628 -0.36696787840952833 0.3363495219907453 0.13261335980633029 -0.43161479106545447 -0.22446539567275481 -0.50079525683607373 0.12489537779688835 -0.18797699439525603
leaf_weight=124 22 28 35 31 36 21 32 21 57 37 1085 578 5790 22 28 31 46 20 22 21 25 20
leaf_count=124 22 28 35 31 36 21 32 21 57 37 1085 578 5790 22 28 31 46 20 22 21 25 20
internal_value=-3.40777e-11 0.00172046 -0.106109 -0.00133574 -0.104601 0.00413926 0.14006 -0.00825818 0.00193876 0.0343515 -0.00539762 0.104585 -0.00761006 -0.167803 -0.00359009 0.172685 0.00471743 -0.237747 -0.125468 -0.182865 -0.0386352 -0.348201
internal_weight=8132 8022 176 141 110 7846 125 93 7721 1757 1122 635 5964 146 5818 52 82 41 110 88 47 41
internal_count=8132 8022 176 141 110 7846 125 93 7721 1757 1122 635 5964 146 5818 52 82 41 110 88 47 41
is_linear=0
shrinkage=0.03


Tree=352
num_leaves=24
num_cat=0
split_feature=56 56 51 24 60 1 41 18 0 18 18 7 12 68 43 18 54 7 10 13 68 58 35
split_gain=1951.53 2471.99 11212.9 11314 8117.26 2636.2 3449.47 2618.03 7823.24 6167.21 5788.33 8955.93 5676.92 6639.71 5371.54 7515.12 4859.83 14635.3 6965.35 3990.04 3965.09 3095.48 1411.04
threshold=610.00000000000011 457.50000000000006 369.0750000000001 1436.1200000000001 57.550000000000004 77.13893400000002 13.450000000000001 3425.5000000000005 28.712721700000003 3652.0000000000005 2981.5000000000005 55.550000000000004 9.3500000000000032 11.500000000000002 25.800000000000011 3094.5000000000005 136.50000000000003 15.705000000000002 15.550000000000002 276.00000000000006 23.500000000000004 40.150000000000013 414.50000000000006
decision_type=10 10 2 2 8 2 10 2 2 2 2 2 2 2 10 2 10 2 2 2 2 10 10
left_child=1 7 4 22 5 -3 -7 8 10 12 19 -12 20 -14 15 -10 18 -18 -11 -1 -9 -16 -4
right_child=-2 2 3 -5 -6 6 -8 9 14 16 11 -13 13 -15 21 -17 17 -19 -20 -21 -22 -23 -24
leaf_value=0.050264562361716079 0.25002345034054346 0.085578928627073766 -0.21980858233841982 0.79761557715279718 -0.74196914246678347 0.1008940623487745 -0.34136872411347352 -0.12945722679262481 -0.082745959281921383 -0.09056497245479872 0.17835002426507932 -0.27880407527089118 -0.25149114021233149 0.42697467327117916 -0.20793470093607902 -0.74214230756674493 0.39415640793942114 0.014234635144994968 0.0065668864116830887 -0.14638909062857811 -0.48942054486274722 0.30774891875006938 0.12399018377065658
leaf_weight=325 28 32 22 21 25 21 65 336 35 766 472 42 21 34 20 28 111 513 5012 130 30 22 21
leaf_count=325 28 32 22 21 25 21 65 336 35 766 472 42 21 34 20 28 111 513 5012 130 30 22 21
internal_value=-2.91873e-11 -0.000863852 -0.103203 0.226843 -0.250915 -0.146879 -0.233374 0.0018187 0.0453562 -0.00503448 0.0720091 0.140995 -0.116258 0.167924 -0.200612 -0.375811 0.00227963 0.0818169 -0.00631006 -0.0059222 -0.158962 0.0621853 -0.0519069
internal_weight=8132 8104 207 64 143 118 86 7897 1074 6823 969 514 421 55 105 63 6402 624 5778 455 366 42 43
internal_count=8132 8104 207 64 143 118 86 7897 1074 6823 969 514 421 55 105 63 6402 624 5778 455 366 42 43
is_linear=0
shrinkage=0.03


Tree=353
num_leaves=15
num_cat=0
split_feature=44 44 10 44 38 54 13 35 9 15 60 1 38 53
split_gain=1915.61 2150.67 2929.51 2801.31 4046.12 3102.83 2175.11 6358.73 13532.8 6507.74 3638.66 3219.32 1615.72 696.434
threshold=1.2750000000000001 1.9600000000000002 24.450000000000003 2.3250000000000006 24.250000000000004 86.050000000000011 90.500000000000014 179.50000000000003 28.550000000000004 985.75000000000011 145.50000000000003 77.100837000000013 21.950000000000003 206306.15000000005
decision_type=8 8 2 8 10 10 2 10 2 2 10 2 10 2
left_child=-1 2 -2 4 13 -6 7 9 -9 -5 11 -8 -4 -3
right_child=1 3 12 6 5 -7 10 8 -10 -11 -12 -13 -14 -15
leaf_value=0.24771209599716323 -0.34679036115345196 0.073642014026641847 -0.17654505506157875 0.025698661566431816 0.14268386183306572 0.64863227248191835 0.064620653239848169 0.097159898034720249 -0.47688905811939286 -0.29587232172489164 -0.38120892145416951 -0.0016322870122445451 0.17938667275011538 -0.16386822572350501
leaf_weight=28 38 25 22 561 24 20 736 66 84 63 22 6399 24 20
leaf_count=28 38 25 22 561 24 20 736 66 84 63 22 6399 24 20
internal_value=3.74829e-10 -0.000855866 -0.151866 0.000725787 0.168098 0.37266 -0.00115243 -0.0489265 -0.224308 -0.00676764 0.00401414 0.00520193 0.00915846 -0.0319181
internal_weight=8132 8104 84 8020 89 44 7931 774 150 624 7157 7135 46 45
internal_count=8132 8104 84 8020 89 44 7931 774 150 624 7157 7135 46 45
is_linear=0
shrinkage=0.03


Tree=354
num_leaves=15
num_cat=0
split_feature=16 45 63 33 16 56 44 32 32 56 35 68 54 32
split_gain=1906.84 3520.72 3957.01 4497.96 2972.97 8993.63 3004.29 2832.16 3629.7 3154.16 3034.39 2033.39 1772.93 364.646
threshold=29.850000000000005 29.299892086330939 21.44857142857143 74.750000000000014 28.850000000000005 119.50000000000001 20.550000000000004 418.50000000000006 358.50000000000006 610.00000000000011 566.50000000000011 19.500000000000004 32.150000000000013 31.050000000000004
decision_type=2 10 10 10 2 10 10 8 10 10 10 2 10 10
left_child=4 2 3 11 7 13 -7 8 9 10 -1 12 -2 -6
right_child=1 -3 -4 -5 5 6 -8 -9 -10 -11 -12 -13 -14 -15
leaf_value=0.00033764401173033037 -0.26217649788242475 -0.36707830772229599 0.35999878967553373 -0.43666643857955934 -0.12791251041779392 0.24284253108501433 0.75660196202141894 0.31888560190200804 -0.330285884141922 0.330211259851662 -0.31825117975473405 0.2224959114525053 0.051108274584686433 0.027856775862830023
leaf_weight=7749 29 35 20 27 38 20 21 25 30 26 27 27 37 21
leaf_count=7749 29 35 20 27 38 20 21 25 30 26 27 27 37 21
internal_value=6.27913e-10 -0.097957 -0.0306767 -0.0957893 0.00215439 0.164698 0.505988 8.56151e-05 -0.000932005 0.000334416 -0.000768567 0.00317503 -0.0865472 -0.0724692
internal_weight=8132 175 140 120 7957 100 41 7857 7832 7802 7776 93 66 59
internal_count=8132 175 140 120 7957 100 41 7857 7832 7802 7776 93 66 59
is_linear=0
shrinkage=0.03


Tree=355
num_leaves=31
num_cat=0
split_feature=1 38 23 46 35 16 17 20 11 1 19 62 46 58 58 10 25 63 33 58 45 45 56 35 68 19 35 64 17 31
split_gain=1896.54 2805.13 8734.36 8921.83 7804.72 4127.25 3876.54 6787.12 6773.39 2608.5 5584.4 4898.06 5035.41 4297.32 6391.05 4118.91 3464.61 6130.17 12836.9 4694.24 4031.12 4897 3522.63 7967 7760.44 5033.42 4948.57 3366.35 2081.65 1987.82
threshold=77.309166200000007 41.95000000000001 235.80000000000004 34.416666666666664 138.50000000000003 23.650000000000002 3347.5000000000005 14756.500000000002 52.500000000000007 77.288048550000013 17.464583333333337 11.050000000000002 7.73166666666667 59.850000000000001 78.850000000000009 23.750000000000004 5.5000000000000009 20.991428571428575 134.50000000000003 59.850000000000001 103.50000000000001 66.488633093525195 104.50000000000001 286.50000000000006 25.500000000000004 25.985416666666669 139.50000000000003 48.495000000000005 1970.0000000000002 110.0342857142856
decision_type=2 10 2 8 10 2 2 2 2 2 2 10 10 10 10 2 2 8 10 8 10 10 10 10 2 2 8 10 2 2
left_child=9 2 3 4 -2 6 7 8 -3 16 11 12 -11 28 -15 -12 22 18 19 -18 21 -19 23 24 -1 26 -24 -14 -13 -17
right_child=1 5 -4 -5 -6 -7 -8 -9 -10 10 15 13 27 14 -16 29 17 20 -20 -21 -22 -23 25 -25 -26 -27 -28 -29 -30 -31
leaf_value=-0.026159594329885068 0.10371236402620659 0.44098875176448082 0.60052357489412478 0.5921555838435888 -0.55235311453342439 -0.32213268375396731 0.44055441839354376 -0.34948964304045627 -0.0097903762413905221 -0.033115878321907731 0.33615456253290177 -0.34589640632271768 -0.17563606160027639 0.58376646602153781 -0.17464903362840414 -0.11660682441134537 -0.047845661970086738 -0.11082304708641343 0.59302606420083481 0.25554180399459953 0.22306500626461845 -0.40546974197030067 0.079859747169932424 -0.52903529954808104 0.54094712896780539 0.48649118047739776 0.0043149120262470251 -0.63729510251771315 -0.05642238928604934 0.11059491463131824
leaf_weight=1688 47 39 33 20 25 30 21 38 130 33 36 36 21 20 20 84 459 407 33 51 28 58 1001 28 22 21 3541 44 59 59
leaf_count=1688 47 39 33 20 25 30 21 38 130 33 36 36 21 20 20 84 459 407 33 51 28 58 1001 28 22 21 3541 44 59 59
internal_value=4.3368e-12 0.0651669 0.181808 0.031617 -0.124088 0.00865453 0.0521792 0.0127788 0.0942356 -0.00322092 -0.0766731 -0.173481 -0.33492 -0.0562877 0.204559 0.0493391 0.000903695 -0.0499373 0.0195973 -0.0175069 -0.126524 -0.147575 0.00926289 -0.0270826 -0.0188635 0.0231065 0.020964 -0.488144 -0.166118 -0.0228662
internal_weight=8132 383 125 92 72 258 228 207 169 7749 412 233 98 135 40 179 7337 1036 543 510 493 465 6301 1738 1710 4563 4542 65 95 143
internal_count=8132 383 125 92 72 258 228 207 169 7749 412 233 98 135 40 179 7337 1036 543 510 493 465 6301 1738 1710 4563 4542 65 95 143
is_linear=0
shrinkage=0.03


Tree=356
num_leaves=23
num_cat=0
split_feature=15 15 17 37 29 5 46 5 6 62 6 68 19 5 20 62 17 37 48 20 37 41
split_gain=1897.7 2452.02 5051.71 4857.87 4300.78 3469.96 5532.17 2978.74 13026.5 9229.09 7838.35 7063.05 6667.24 5606.92 4546.47 4078.57 2852.94 2782.05 2413.05 1941.15 1670.87 1043.23
threshold=971.95000000000016 975.85000000000002 3347.5000000000005 142.35000000000005 17.571428571428573 155.50000000000003 6.7599999999999998 16.500000000000004 58.245000000000005 85.550000000000011 69.610000000000014 12.500000000000002 23.956250000000004 22.500000000000004 4536.0000000000009 18.950000000000003 957.50000000000011 219.50000000000003 91.15000000000002 6991.0000000000009 106.06666666666668 28.550000000000004
decision_type=2 2 2 10 2 2 8 2 2 10 2 2 2 2 2 10 2 10 10 2 8 10
left_child=21 2 3 4 19 6 -5 9 15 10 14 -12 13 -10 -3 -9 -6 -7 -17 -2 -14 -1
right_child=1 7 -4 5 16 17 -8 8 12 -11 11 -13 20 -15 -16 18 -18 -19 -20 -21 -22 -23
leaf_value=0.29355180037021639 -0.21621056575614672 -0.098105887533777747 0.42301169425249097 -0.030607191811908376 0.26716572603041477 -0.16386909605683506 -0.45758524133513367 -0.69470452238160829 0.18245298469439147 0.62400063917040827 -0.0089290894567966451 0.67188833914697166 -0.14465089807456191 -0.0023663970871537236 0.041235833514915547 0.0044971650480477941 0.011336442504273675 0.27529345893859863 -0.40364865199662742 -0.053737586988545548 -0.49136135322523522 0.041216806985180952
leaf_weight=30 104 251 20 44 44 37 72 26 152 24 24 32 22 5260 1314 22 362 20 32 182 29 29
leaf_count=30 104 251 20 44 44 37 72 26 152 24 24 32 22 5260 1314 22 362 20 32 182 29 29
internal_value=-9.08124e-11 -0.00123893 -0.0483582 -0.0592569 -0.0237096 -0.201446 -0.295628 0.00456248 -0.00595821 0.040013 0.0313667 0.380109 -0.00039286 0.00282439 0.0188877 -0.386002 0.0390618 -0.00977697 -0.237367 -0.112819 -0.3418 0.169523
internal_weight=8132 8073 885 865 692 173 116 7188 5543 1645 1621 56 5463 5412 1565 80 406 57 54 286 51 59
internal_count=8132 8073 885 865 692 173 116 7188 5543 1645 1621 56 5463 5412 1565 80 406 57 54 286 51 59
is_linear=0
shrinkage=0.03


Tree=357
num_leaves=29
num_cat=0
split_feature=35 30 24 57 30 20 20 10 54 7 29 68 57 6 34 40 56 33 61 43 68 35 6 45 16 8 36 9
split_gain=1875.89 3214.03 4647.38 3550.72 2979.06 3039.55 10046.4 9485.59 8669.73 8302.93 5918.43 1868.73 1435.6 2467.07 1393.76 1392.09 1761.57 1340.4 1274.08 2229.16 1744.32 1141.83 716.333 635.224 631.491 550.797 507.249 482.563
threshold=41.95000000000001 1.7766666666667417 2.3250000000000006 69.685714285714297 2.9983333333334086 9486.2500000000018 8922.7500000000018 10.750000000000002 59.350000000000001 21.820000000000004 487.85714285714295 17.500000000000004 113.85000000000001 403.12500000000006 15.550000000000002 21.033333333333342 91.950000000000017 21.250000000000004 30.035714285714292 24.041666666666668 14.500000000000002 114.50000000000001 0.94500000000000006 14.350000000000003 18.850000000000005 30.050000000000004 35.45000000000001 33.150000000000013
decision_type=8 2 2 10 2 2 2 2 10 2 2 2 10 2 10 10 10 10 10 8 2 10 2 8 2 2 8 2
left_child=12 2 3 17 21 6 10 -7 -8 -9 -6 -5 13 14 24 16 -16 -2 19 27 -20 23 -19 25 -1 -3 -17 -4
right_child=1 4 18 11 5 7 8 9 -10 -11 -12 -13 -14 -15 15 26 -18 22 20 -21 -22 -23 -24 -25 -26 -27 -28 -29
leaf_value=-0.32875355705618858 -0.051800094109934726 -0.065340039894498617 0.089933309088582575 0.20778143654577433 0.00186549889329327 0.63384232592582701 0.005506663093441411 -0.067344021130343934 0.38911746364831923 0.02237668125936542 0.24192420365151604 0.52286250551541635 -0.31976832340657707 0.26431665766239165 -0.04071357281906391 -0.23708510173559186 0.25021661690794506 0.079530764118983202 -0.084621404196534841 -0.38047270072890182 0.26797430898315966 -0.30940691918134688 0.30937107448992524 0.044834675022533958 -0.12776382594424135 -0.26440359986641193 -0.081798723778472499 -0.10659685735336759
leaf_weight=24 37 29 23 32 3417 20 95 1807 120 1909 95 36 20 20 67 25 26 26 28 21 23 32 23 21 34 22 78 22
leaf_count=24 37 29 23 32 3417 20 95 1807 120 1909 95 36 20 20 67 25 26 26 28 21 23 32 23 21 34 22 78 22
internal_value=5.51398e-11 0.0027906 0.104303 0.21259 -0.00084492 0.00137716 0.0205459 -0.0177454 0.219615 -0.0212523 0.00835911 0.374589 -0.0743969 -0.0564866 -0.0817467 -0.0435184 0.0406217 0.0844969 -0.0382272 -0.125251 0.0743923 -0.1603 0.187415 -0.0940307 -0.210932 -0.151211 -0.11949 -0.00614811
internal_weight=8132 7838 271 154 7567 7463 3727 3736 215 3716 3512 68 294 274 254 196 93 86 117 66 51 104 49 72 58 51 103 45
internal_count=8132 7838 271 154 7567 7463 3727 3736 215 3716 3512 68 294 274 254 196 93 86 117 66 51 104 49 72 58 51 103 45
is_linear=0
shrinkage=0.03


Tree=358
num_leaves=25
num_cat=0
split_feature=40 38 23 32 48 63 31 23 59 18 51 40 38 39 7 59 38 38 36 48 47 23 62 10
split_gain=1860.44 4606.41 7801.3 3302.87 3241.33 4709.76 3122.16 3141 3094.83 3993.84 3691.25 2914.97 5900.76 9684.26 7869.21 3489.42 4578.58 3635.71 2659.66 2243.05 2284.8 2777.79 1898.13 1251.93
threshold=94.850000000000009 96.350000000000009 431.37500000000006 329.50000000000006 176.80000000000004 54.207142857142877 447.62714285714304 865.85500000000013 91.878571428571448 4533.0000000000009 385.48500000000007 80.050000000000026 86.250000000000014 91.350000000000009 25.175000000000001 81.635714285714315 71.250000000000014 88.250000000000014 256.50000000000006 183.45000000000002 203.45000000000002 417.92000000000002 55.95000000000001 12.65
decision_type=10 10 2 10 8 10 2 2 10 2 2 10 10 10 2 10 10 10 10 10 10 2 10 2
left_child=1 8 -3 4 5 6 23 -8 11 10 -10 15 14 -14 -13 17 -17 -1 -4 -6 22 -22 -21 -2
right_child=3 2 18 -5 19 -7 7 -9 9 -11 -12 12 13 -15 -16 16 -18 -19 -20 20 21 -23 -24 -25
leaf_value=0.0015198343610046366 -0.036486106538772579 0.59217788281850514 -0.25452517877925523 -0.43740083183561052 0.30946337010424874 -0.43800220957781005 0.42551089882850646 -0.088545535971289085 0.13343199843360531 -0.16176899671554565 0.65618581473827364 -0.43486350221633907 -0.12466310000555081 0.57797056509898259 -0.0031132235039364208 0.0015366835429750638 0.57547021234154028 -0.31407370220531117 0.1862618736071246 -0.37062390831112862 0.38555828239606776 -0.059393283011657846 -0.00024196917360479181 -0.32617961058842726
leaf_weight=7377 25 32 22 21 26 37 20 23 31 20 20 75 55 26 77 29 22 33 28 20 23 28 33 29
leaf_count=7377 25 32 22 21 26 37 20 23 31 20 20 75 55 26 77 29 22 33 28 20 23 28 33 29
internal_value=-1.11766e-11 0.00273465 0.226408 -0.075294 -0.04649 -0.150028 -0.0401824 0.15055 0.000372609 0.197531 0.338433 -0.00144677 -0.105939 0.100874 -0.216148 0.00181642 0.249116 0.000114357 -0.00768443 0.0602339 -0.00207341 0.141271 -0.140009 -0.192062
internal_weight=8132 7847 82 285 264 134 97 43 7765 71 51 7694 233 81 152 7461 51 7410 50 130 104 51 53 54
internal_count=8132 7847 82 285 264 134 97 43 7765 71 51 7694 233 81 152 7461 51 7410 50 130 104 51 53 54
is_linear=0
shrinkage=0.03


Tree=359
num_leaves=16
num_cat=0
split_feature=58 60 18 37 24 36 53 18 35 18 51 21 28 38 60
split_gain=1837.92 2060.83 2105.73 7051.03 6586.21 6995.34 5649.17 4224.17 5057.32 5956.29 3505.56 2735.18 5190.38 2899.38 1091.2
threshold=121.50000000000001 145.50000000000003 6540.0000000000009 277.83333333333343 181.68500000000003 266.50000000000006 281334.60000000003 6372.5000000000009 262.50000000000006 6482.5000000000009 452.86500000000007 1479.5000000000002 617.00000000000011 51.350000000000001 14.850000000000003
decision_type=10 10 2 10 2 10 2 2 10 2 2 2 2 10 10
left_child=1 2 7 4 -4 -6 10 11 9 -9 -5 12 -1 -13 -2
right_child=14 -3 3 6 5 -7 -8 8 -10 -11 -12 13 -14 -15 -16
leaf_value=-0.0015529786793607426 -0.29398596644401548 -0.24292413349593836 0.5482221012115478 -0.1315590583989697 0.04214580807909369 0.54629275542166489 0.22857080016817366 -0.25470472835410723 -0.62326407802104944 0.32936142097819932 -0.6039152507598583 -0.29323786875135022 0.14055926897598112 0.056802302598953247 -0.033582106248608655
leaf_weight=7181 30 31 30 31 300 27 21 55 20 22 26 57 239 34 28
leaf_count=7181 30 31 30 31 300 27 21 55 20 22 26 57 239 34 28
internal_value=-2.43096e-10 0.0012088 0.00214976 0.0663452 0.122802 0.0837726 -0.192053 -0.00152072 -0.198228 -0.0878287 -0.34702 0.00101963 0.00302449 -0.162454 -0.168274
internal_weight=8132 8074 8043 435 357 327 78 7608 97 77 57 7511 7420 91 58
internal_count=8132 8074 8043 435 357 327 78 7608 97 77 57 7511 7420 91 58
is_linear=0
shrinkage=0.03


Tree=360
num_leaves=20
num_cat=0
split_feature=13 13 35 9 7 17 47 8 12 0 53 13 26 48 35 37 32 37 33
split_gain=1796.63 2660.19 6691.14 9887.49 12008.6 5633.66 4874.94 3677.09 3704.83 3218.62 8531.08 8326.33 12336.2 12175.2 4072.5 4274.42 4474.75 3857.61 2871.22
threshold=24.500000000000004 90.500000000000014 179.50000000000003 29.100000000000005 13.805000000000001 2722.5000000000005 49.420000000000009 32.550000000000004 5.8500000000000005 28.682925800000003 277244.05000000005 291.50000000000006 3.5000000000000004 149.46640287769787 535.00000000000011 413.83333333333343 259.50000000000006 444.83333333333343 86.950000000000017
decision_type=2 2 10 2 2 2 10 2 2 2 2 2 2 10 10 8 10 10 10
left_child=-1 2 5 18 -5 7 -6 8 -2 14 11 12 -11 -13 15 16 -3 -17 -4
right_child=1 9 3 4 6 -7 -8 -9 -10 10 -12 13 -14 -15 -16 17 -18 -19 -20
leaf_value=0.21447642899623939 -0.16693877240025695 -0.0054467977921516626 -0.21567777125731757 -1.1064021007418632 0.061138366127014149 0.36204275966348015 -0.51051651055442882 0.36469788801670072 0.00058945593195967373 0.26314324580224197 0.50292964295830045 -0.04101736915207211 0.025983818686864241 -0.79547351588308801 -0.34431023038923741 0.31853381331848057 -0.21213150192052124 0.0024412362916128973 0.21581219780445096
leaf_weight=35 169 5245 23 20 25 34 29 20 400 245 35 514 1016 20 32 69 96 70 35
leaf_count=35 169 5245 23 20 25 34 29 20 400 245 35 514 1016 20 32 69 96 70 35
internal_value=1.33945e-10 -0.000927093 -0.0545499 -0.248574 -0.47844 -0.0134405 -0.245861 -0.0351153 -0.0491685 0.0045871 0.03906 0.0300152 0.0720616 -0.0692742 -0.006858 -0.00488747 -0.00916178 0.159351 0.0447041
internal_weight=8132 8097 755 132 74 623 54 589 569 7342 1830 1795 1261 534 5512 5480 5341 139 58
internal_count=8132 8097 755 132 74 623 54 589 569 7342 1830 1795 1261 534 5512 5480 5341 139 58
is_linear=0
shrinkage=0.03


Tree=361
num_leaves=30
num_cat=0
split_feature=1 63 56 7 39 36 33 57 19 1 12 32 54 51 48 25 63 33 44 45 45 56 35 68 19 35 35 12 11
split_gain=1819.21 2447.25 4099.23 6161.04 4062.63 4050.93 4537.86 5327.74 3398.33 2439.63 5888.72 6918.96 5262.45 5004.15 3673.64 3228.88 5731.32 12027.4 4109.42 3715.16 4568.98 3086.11 7331.89 7332.86 4732.87 4627.29 2892.34 2744.97 1409.81
threshold=77.309166200000007 122.48571428571429 349.50000000000006 24.705000000000002 57.650000000000013 344.50000000000006 101.50000000000001 270.21428571428578 10.887500000000001 77.288048550000013 7.6500000000000012 168.50000000000003 128.50000000000003 530.46000000000015 50.820000000000007 5.5000000000000009 20.991428571428575 134.50000000000003 28.450000000000003 103.50000000000001 68.002553956834547 104.50000000000001 286.50000000000006 25.500000000000004 25.985416666666669 139.50000000000003 191.50000000000003 5.0500000000000007 67.500000000000014
decision_type=2 10 10 2 10 10 10 10 2 2 2 10 8 2 10 2 8 10 10 10 10 10 10 2 2 10 10 2 2
left_child=9 2 5 4 -4 6 7 -2 -7 15 11 13 26 27 -15 21 17 18 -17 20 -18 22 23 -1 25 -23 28 -11 -12
right_child=1 -3 3 -5 -6 8 -8 -9 -10 10 12 -13 -14 14 -16 16 19 -19 -20 -21 -22 24 -24 -25 -26 -27 -28 -29 -30
leaf_value=-0.024322527896490673 0.080387157636450574 -0.25924755513668057 0.83556554165482511 -0.016055180500535404 0.23088644993305207 0.041493033000401081 0.39984620040830443 -0.39440945578855457 -0.48635206492050836 0.09836866384880108 -0.15795683146055253 -0.60960481511221987 0.53741485431790348 -0.13527154367078434 -0.6970533006191254 0.0015792076075851183 -0.10842245355166875 0.57404174403710795 -0.40878381025532018 0.21330908187798092 -0.40194365703397328 0.076735829246810994 -0.50664502808025902 0.52694009249860585 0.47119850239583427 0.0036844862713246397 0.3194966915520755 -0.12733615031110421 0.080686047542336825
leaf_weight=1688 187 20 20 34 20 21 34 24 23 77 56 27 20 22 20 487 411 33 23 28 54 1001 28 22 21 3541 22 131 37
leaf_count=1688 187 20 20 34 20 21 34 24 23 77 56 27 20 22 20 487 411 33 23 28 54 1001 28 22 21 3541 22 131 37
internal_value=5.14617e-10 0.0638246 0.0816247 0.280854 0.533226 0.0306111 0.0782096 0.0263819 -0.234426 -0.00315458 -0.0741893 -0.153368 0.0882743 -0.104095 -0.402787 0.00083429 -0.0482466 0.0189879 -0.0169274 -0.1223 -0.142509 0.00890409 -0.025115 -0.0172303 0.0218616 0.0197841 0.0101629 -0.043782 -0.0630129
internal_weight=8132 383 363 74 40 289 245 211 44 7749 412 277 135 250 42 7337 1036 543 510 493 465 6301 1738 1710 4563 4542 115 208 93
internal_count=8132 383 363 74 40 289 245 211 44 7749 412 277 135 250 42 7337 1036 543 510 493 465 6301 1738 1710 4563 4542 115 208 93
is_linear=0
shrinkage=0.03


Tree=362
num_leaves=30
num_cat=0
split_feature=35 18 18 54 7 59 68 8 15 17 7 58 19 12 45 43 25 6 35 68 58 19 9 48 44 17 14 59 38
split_gain=1796.35 2083.57 8924.41 6333.61 11103.3 26395.9 7475.21 6410.76 14578.9 11020.5 5724.08 9114.29 8507.24 8405.88 7197.5 6693.11 6500.91 5198.89 6004.78 5112.45 5098.66 4786.5 3837.75 3794.66 3505.03 3312.41 2949.96 2469.1 505.606
threshold=24.450000000000003 3445.5000000000005 3672.5000000000005 136.50000000000003 15.705000000000002 32.850000000000001 1.0000000180025095e-35 23.450000000000003 990.60000000000014 1225.0000000000002 24.705000000000002 80.550000000000011 11.472916666666668 5.3500000000000005 58.600000000000009 27.100000000000001 1.0000000180025095e-35 417.92000000000002 423.50000000000006 23.500000000000004 95.050000000000011 8.0916666666666686 21.850000000000005 113.29266187050361 75.250000000000014 947.50000000000011 14.200000000000001 39.850000000000001 15.850000000000003
decision_type=8 2 2 10 2 10 2 2 2 2 2 10 2 2 10 8 2 2 10 2 10 2 2 8 10 2 2 10 10
left_child=28 10 19 7 5 -5 -6 9 -9 -4 12 17 14 16 15 -2 -14 23 -19 22 -13 -21 27 -12 -16 -24 -15 -3 -1
right_child=1 2 3 4 6 -7 -8 8 -10 -11 11 20 13 26 24 -17 -18 18 -20 21 -22 -23 25 -25 -26 -27 -28 -29 -30
leaf_value=-0.080489695386306653 0.14354793155407708 -0.46416185649002295 0.057430715399735058 1.3157965083207401 0.47715231191832569 0.15159227111640403 0.004439190390843656 0.003378473217648819 0.58577221338565533 -0.15522913758588552 -0.19444691455364227 0.66921717916216161 0.090140316514140464 0.1693540277530349 0.19300122805767589 0.45043989388881439 -0.29608947740915498 0.010342895804408067 -0.4325201307643543 -0.076472783446311948 -7.6259762048721315e-05 -0.68879850281609434 0.08204296379253781 -0.67160474851727481 -0.24311288378959475 -0.1200278403997648 -0.0046223931961569438 -0.1553123296152901 -0.24622047835588454
leaf_weight=37 159 34 346 21 32 106 509 4776 39 599 40 21 59 186 27 107 117 167 33 20 20 27 116 24 43 197 166 74 30
leaf_count=37 159 34 346 21 32 106 509 4776 39 599 40 21 59 186 27 107 117 167 33 20 20 27 116 24 43 197 166 74 30
internal_value=-2.25917e-10 0.00128515 -0.004993 0.00421568 0.0916601 0.344098 0.0324 -0.00592544 0.00809568 -0.0773664 0.0383203 -0.0734107 0.0777624 0.00266731 0.195769 0.266997 -0.166615 -0.138039 -0.0627295 -0.131475 0.342733 -0.428234 -0.0983447 -0.373381 -0.0748974 -0.045139 0.0873083 -0.252543 -0.154698
internal_weight=8132 8065 6896 6428 668 127 541 5760 4815 945 1169 305 864 528 336 266 176 264 200 468 41 47 421 64 70 313 352 108 67
internal_count=8132 8065 6896 6428 668 127 541 5760 4815 945 1169 305 864 528 336 266 176 264 200 468 41 47 421 64 70 313 352 108 67
is_linear=0
shrinkage=0.03


Tree=363
num_leaves=16
num_cat=0
split_feature=12 35 24 57 37 42 12 32 68 34 57 45 33 22 48
split_gain=1824.14 3266.86 6206.41 3101 3563.75 4989.8 2397.27 8871.84 10352.2 2992.54 3945.39 8217.51 2891.55 2583.16 2361.41
threshold=2.5000000000000004 552.50000000000011 1401.3600000000004 355.57142857142861 337.83333333333343 40.850000000000001 3.1000000000000005 99.15000000000002 15.500000000000002 314.00000000000006 414.28571428571433 18.950000000000003 68.750000000000014 110.50000000000001 65.920000000000016
decision_type=2 10 2 10 10 10 2 10 2 10 10 8 8 2 8
left_child=3 6 -3 4 5 -1 7 12 -9 10 14 -12 -2 -11 -8
right_child=1 2 -4 -5 -6 -7 9 8 -10 13 11 -13 -14 -15 -16
leaf_value=0.38306876207391422 -0.060960586965084072 -0.48906329350038003 0.18067860862612725 0.46168662717193365 -0.28082156018777327 -0.19881942212581635 -0.015677519493777499 -0.0060874189649309431 -0.94807102543967103 -0.47237502206455578 0.5642673898795072 0.040002230703830716 0.38893737459182742 -0.041281230408569861 0.017655904816786479
leaf_weight=36 36 33 20 20 22 21 4015 21 21 22 34 129 20 29 3653
leaf_count=36 36 33 20 20 22 21 4015 21 21 22 34 129 20 29 3653
internal_value=8.39358e-11 -0.00157736 -0.236331 0.127989 0.0435088 0.168689 -1.82216e-05 -0.147481 -0.477079 0.00181524 0.00330701 0.149358 0.0997173 -0.227243 0.000202371
internal_weight=8132 8033 53 99 79 57 7980 98 42 7882 7831 163 56 51 7668
internal_count=8132 8033 53 99 79 57 7980 98 42 7882 7831 163 56 51 7668
is_linear=0
shrinkage=0.03


Tree=364
num_leaves=31
num_cat=0
split_feature=41 45 13 58 18 17 42 56 37 26 32 61 40 38 21 32 68 33 33 43 22 11 30 7 14 29 38 63 39 12
split_gain=1770.96 4127.49 3895.85 6947.93 3640.72 3667.18 3044.3 5775.54 6105.34 6940.4 4922.7 3976.11 2696.55 5332.85 6888.26 4964.65 4772.78 4078.44 5300.64 2836.41 2740.87 8689.48 7591.47 2589.6 2293.33 1643.11 1578.6 1530.32 1260.79 1002.43
threshold=7.705000000000001 2.2350000000000008 178.00000000000003 56.95000000000001 3349.5000000000005 1907.5000000000002 8.2900000000000009 128.50000000000003 233.3666666666667 8.5000000000000018 43.350000000000001 15.335000000000003 94.850000000000009 96.350000000000009 113.00000000000001 168.50000000000003 4.5000000000000009 101.50000000000001 147.50000000000003 25.800000000000011 22.500000000000004 67.500000000000014 131.20666666666639 24.330000000000002 0.35000000000000003 105.30952380952381 99.000000000000014 44.707142857142863 37.350000000000001 7.9500000000000011
decision_type=8 10 2 8 2 2 8 8 10 2 10 10 10 10 2 10 2 10 10 10 2 2 2 2 2 2 10 10 10 2
left_child=1 -1 3 24 -4 23 7 29 10 25 -9 -12 13 20 -15 17 -17 26 -19 -18 21 -8 -22 -6 -3 -10 -14 -16 -26 -2
right_child=6 2 4 -5 5 -7 12 8 9 -11 11 -13 15 14 27 16 19 18 -20 -21 22 -23 -24 -25 28 -27 -28 -29 -30 -31
leaf_value=-0.48282374274730677 -0.24270124006359015 -0.28152674684567108 0.36707915802087104 -0.50966386914253237 -0.00067535569781766215 0.2754708197888206 -0.14595278614702134 0.11671004366874695 -0.38043008436651332 0.42029256134033199 0.89927136702971022 0.32215483750615798 0.13142118151858448 0.59769945836115268 -0.18365155220031737 0.048798818917110048 -0.24993816714537773 0.47253558305002025 -0.14476488896778653 -0.65658511381882878 0.1649319563263229 0.0024191971007317759 0.0041481508248945821 -0.31377520081977689 -0.029865129787426489 -0.01778146350925619 -0.16772466960278426 0.18746728431433438 0.23237620149339946 0.020919765915189473
leaf_weight=20 34 28 28 37 102 34 442 30 23 25 22 21 20 31 20 29 38 31 21 26 280 1810 4711 31 77 22 77 20 21 21
leaf_count=20 34 28 28 37 102 34 442 30 23 25 22 21 20 31 20 29 38 31 21 26 280 1810 4711 31 77 22 77 20 21 21
internal_value=-3.39012e-10 -0.0634079 -0.0399769 -0.148221 0.0505041 -0.00257431 0.00309107 0.119213 0.219698 0.0195176 0.411651 0.617424 4.81692e-05 0.00330811 0.262042 -0.0984774 -0.27047 0.00887359 0.223241 -0.415138 0.000771849 -0.0267018 0.0131683 -0.0736535 -0.042083 -0.203135 -0.106045 0.00190787 0.0263294 -0.142046
internal_weight=8132 378 358 163 195 167 7754 198 143 70 73 43 7556 7314 71 242 93 149 52 64 7243 2252 4991 133 126 45 97 40 98 55
internal_count=8132 378 358 163 195 167 7754 198 143 70 73 43 7556 7314 71 242 93 149 52 64 7243 2252 4991 133 126 45 97 40 98 55
is_linear=0
shrinkage=0.03


Tree=365
num_leaves=19
num_cat=0
split_feature=16 45 38 63 16 56 1 32 35 15 7 12 32 42 32 33 24 37
split_gain=1794.45 3265.95 4165.78 4007.84 2781.49 8330.68 2754.29 2679.28 3187.92 9551.4 7822.07 4810.58 2567.14 9568.88 4621.27 2377.45 1171.5 341.349
threshold=29.850000000000005 22.050000000000004 67.350000000000009 16.869285714285716 28.850000000000005 119.50000000000001 77.184301000000019 418.50000000000006 485.50000000000006 992.1500000000002 35.430000000000007 4.2500000000000009 199.50000000000003 16.550000000000004 179.50000000000003 60.550000000000004 205.91000000000003 77.183333333333351
decision_type=2 8 8 10 2 10 2 8 10 2 2 2 10 10 10 10 2 10
left_child=4 3 -3 15 7 17 -7 8 12 10 -10 -11 14 -14 -1 16 -2 -6
right_child=1 2 -4 -5 5 6 -8 -9 9 11 -12 -13 13 -15 -16 -17 -18 -19
leaf_value=0.00080428346163183533 -0.10242744004087789 -0.48493458080291751 -0.025299195852130651 0.32655835001005062 -0.017272090762853621 0.23582344946265221 0.72774240391595024 0.31016513128280637 0.31521119341254233 -0.76049514942169183 -0.215868798932777 -0.19702499072253704 0.27082339315297632 -0.0055059821161005315 -0.14584790520501045 -0.37044130531572067 0.18100046758140836 -0.16971220842003823
leaf_weight=6856 35 35 36 27 39 20 21 25 48 25 52 30 148 474 199 21 21 20
leaf_count=6856 35 35 36 27 39 20 21 25 48 25 52 30 148 474 199 21 21 20
internal_value=4.2534e-11 -0.0950264 -0.25188 0.0120563 0.00208994 0.159312 0.487782 8.88915e-05 -0.000900882 -0.135601 0.0390496 -0.453148 0.00181874 0.0602444 -0.00333233 -0.0982236 0.00385803 -0.0689467
internal_weight=8132 175 71 104 7957 100 41 7857 7832 155 100 55 7677 622 7055 77 56 59
internal_count=8132 175 71 104 7957 100 41 7857 7832 155 100 55 7677 622 7055 77 56 59
is_linear=0
shrinkage=0.03


Tree=366
num_leaves=29
num_cat=0
split_feature=15 35 10 58 45 18 36 63 41 36 0 16 51 42 16 16 16 11 18 44 58 36 60 12 18 38 38 41
split_gain=1778.8 5021.04 3812.42 9019.33 8186.55 7713.23 7376.56 8747.99 3937.13 3103.83 3723.7 4248.05 3025.33 4586.44 2478.98 10746.5 7821.6 12256 6423.11 10692.4 8396.45 8183.07 7212.16 5774.26 5167.05 5097.37 2295.05 1634.23
threshold=994.35000000000014 155.50000000000003 10.250000000000002 22.350000000000005 38.550000000000004 3853.0000000000005 346.50000000000006 13.577857142857146 17.050000000000004 147.50000000000003 28.697587000000002 14.050000000000002 124.65500000000002 27.250000000000004 11.550000000000002 12.250000000000002 14.050000000000002 71.500000000000014 4569.5000000000009 46.103021582733824 15.350000000000003 208.50000000000003 29.350000000000005 4.0500000000000007 2939.0000000000005 82.850000000000009 29.650000000000002 24.450000000000003
decision_type=2 10 2 10 8 2 10 10 10 10 2 2 2 10 2 2 2 2 2 10 10 10 10 2 2 10 10 10
left_child=2 -2 3 -1 6 8 7 -5 -6 -3 12 -12 13 -11 18 24 17 -17 20 21 -4 -20 -22 -18 27 -26 -14 -16
right_child=1 9 14 4 5 -7 -8 -9 -10 10 11 -13 26 -15 15 16 23 -19 19 -21 22 -23 -24 -25 25 -27 -28 -29
leaf_value=0.57417587475343179 0.33581178455470273 -0.4185603638648987 0.56517660559926708 -0.39370048337512548 -0.31655723690986631 -0.62469630834848988 0.56619733709741282 0.21969789166844658 0.093571091433624159 0.28846509202772919 -0.59519800265319645 -0.046651238732867771 0.1216048477782357 -0.1151142965003531 -0.58436914667487139 0.23752560329436045 -0.51912011432647709 -0.014799068826109622 -0.11929528941533395 -0.60911508846282958 -0.091023861482529569 0.367777791001967 0.17537337237613904 -0.0085005990331854415 -0.074342388550453262 -0.56638528108596808 -0.16770645098506726 -0.26745146950085957
leaf_weight=33 26 25 35 27 29 23 37 93 77 55 24 27 31 47 32 308 20 396 119 30 142 42 257 5834 194 21 121 27
leaf_count=33 26 25 35 27 29 23 37 93 77 55 24 27 31 47 32 308 20 396 119 30 142 42 257 5834 194 21 121 27
internal_value=5.86993e-11 -0.0655752 0.00300216 0.104564 0.0503779 -0.126691 0.195868 0.0816833 -0.0186338 -0.0971996 -0.0708585 -0.304791 -0.0238879 0.102502 -0.00134252 -0.0065742 0.00111658 0.095593 0.0558461 -0.0891253 0.119647 0.00776725 0.0805653 -0.0102451 -0.190648 -0.122402 -0.108702 -0.439339
internal_weight=8132 356 7776 319 286 129 157 120 106 330 305 51 254 102 7457 6832 6558 704 625 191 434 161 399 5854 274 215 152 59
internal_count=8132 356 7776 319 286 129 157 120 106 330 305 51 254 102 7457 6832 6558 704 625 191 434 161 399 5854 274 215 152 59
is_linear=0
shrinkage=0.03


Tree=367
num_leaves=24
num_cat=0
split_feature=13 35 12 32 68 35 64 12 62 62 60 1 49 15 61 10 63 13 56 45 61 63 0
split_gain=1759.19 4837.44 5780.95 7033.46 7915.34 4932.04 4431.22 4405.84 4372.29 3888.75 3345.06 3016.44 8472.82 6625.53 6145.75 17797.1 5424.33 3282.44 10278.4 4984.99 4076.28 3528.75 2832.55
threshold=90.500000000000014 336.50000000000006 4.8500000000000005 65.250000000000014 25.500000000000004 209.50000000000003 42.110000000000007 9.0500000000000025 6.8150000000000004 17.850000000000005 145.50000000000003 77.100837000000013 33.853333333333339 976.05000000000007 32.91142857142858 13.400000000000002 86.528571428571439 97.500000000000014 249.50000000000003 3.8750000000000004 110.20000000000003 86.528571428571439 28.682925800000003
decision_type=2 10 2 10 2 8 10 2 10 10 10 2 10 2 10 2 10 2 10 10 10 8 2
left_child=1 2 8 4 5 -4 22 -8 -1 -10 11 12 13 -2 16 -16 -14 18 19 -13 21 -19 -5
right_child=10 -3 3 6 -6 -7 7 -9 9 -11 -12 17 14 -15 15 -17 -18 20 -20 -21 -22 -23 -24
leaf_value=-0.14236385402083399 -0.019954497635364533 -0.50316085882298645 -0.010396603559502254 -0.23707535787270617 0.55002647345716305 -0.44201145565509792 0.0083317635767161842 -0.45741815357208249 0.65676898489706215 0.12214504244327545 -0.34901853114366532 -0.20657929862246793 -0.016367579667913641 0.6610644294818242 0.93276164873786593 0.067358206392128445 -0.43770285940170284 -0.015347787662860567 0.76235814464092244 0.13888347515172056 0.37023550452091369 0.048462694653473581 -0.67578753656811186
leaf_weight=20 20 20 508 26 22 25 68 25 24 25 24 51 330 36 23 305 30 5423 20 143 26 911 27
leaf_count=20 20 20 508 26 22 25 68 25 24 25 24 51 330 36 23 305 30 5423 20 143 26 911 27
internal_value=2.17696e-10 -0.0425376 -0.0305734 -0.0563628 -0.00762375 -0.0306412 -0.241638 -0.11687 0.231432 0.384002 0.00457705 0.0057367 0.0629901 0.417843 0.0341067 0.128042 -0.0514789 -0.000742844 0.114822 0.0480659 -0.00463135 -0.00617012 -0.46057
internal_weight=8132 790 770 701 555 533 146 93 69 49 7342 7318 744 56 688 328 360 6574 214 194 6360 6334 53
internal_count=8132 790 770 701 555 533 146 93 69 49 7342 7318 744 56 688 328 360 6574 214 194 6360 6334 53
is_linear=0
shrinkage=0.03


Tree=368
num_leaves=22
num_cat=0
split_feature=15 15 17 37 29 10 36 5 6 62 7 22 30 28 60 58 62 14 38 37 37
split_gain=1737.23 2158.04 4718.64 4632.84 3815.32 3749.82 4166.12 2784.57 11278.3 8271.37 7885.77 6081.14 7932.58 4428.39 4193.14 3833.31 3786.7 2718.25 2545.32 1901.97 1005.76
threshold=971.95000000000016 975.85000000000002 3347.5000000000005 142.35000000000005 17.571428571428573 24.750000000000004 221.50000000000003 16.500000000000004 58.245000000000005 85.550000000000011 7.8450000000000006 2.5000000000000004 48.928333333333377 1.8333333333333337 24.050000000000004 59.45000000000001 18.950000000000003 17.100000000000005 58.45000000000001 112.05000000000001 119.75000000000001
decision_type=2 2 2 10 2 2 10 2 2 10 2 2 2 2 8 10 10 2 10 10 10
left_child=20 2 3 4 19 -5 -7 9 16 10 13 14 -13 -3 -10 -12 -9 -6 -18 -2 -1
right_child=1 7 -4 5 17 6 -8 8 11 -11 15 12 -14 -15 -16 -17 18 -19 -20 -21 -22
leaf_value=0.073496585396619948 -0.12747143860059706 0.073885361589755574 0.41017596960067748 -0.56069545301524071 0.017608867606834361 -0.21993102240168358 0.17500088608264922 -0.65698985840265567 -0.42026562372420695 0.5913899940252304 0.17706781690074105 0.43109186005133843 0.0016543621650847045 -0.045258338685431873 -0.08436801900994835 -0.25019926750659943 -0.052015814022584393 0.33467526885179372 -0.47451221981218883 0.16285925810987298 0.33516240745782849
leaf_weight=39 264 423 20 22 380 121 30 26 47 24 343 39 5261 835 116 20 33 26 21 22 20
leaf_count=39 264 423 20 22 380 121 30 26 47 24 343 39 5261 835 116 20 33 26 21 22 20
internal_value=1.56713e-10 -0.00118539 -0.0453899 -0.0559232 -0.021209 -0.19478 -0.141468 0.00425715 -0.00591485 0.0385328 0.0303474 -0.000736407 0.00481437 -0.00519651 -0.181222 0.153527 -0.359538 0.0379136 -0.21632 -0.105138 0.162197
internal_weight=8132 8073 885 865 692 173 151 7188 5543 1645 1621 5463 5300 1258 163 363 80 406 54 286 59
internal_count=8132 8073 885 865 692 173 151 7188 5543 1645 1621 5463 5300 1258 163 363 80 406 54 286 59
is_linear=0
shrinkage=0.03


Tree=369
num_leaves=29
num_cat=0
split_feature=35 18 18 0 54 59 7 56 57 7 56 42 42 18 7 13 17 64 35 18 68 19 13 9 17 17 59 38
split_gain=1741.88 1925.39 8261.55 6022.12 5970.46 10311.6 14851.7 8576.85 7300.75 8820.33 7200.46 5768.49 6478.01 5757.54 9224.31 6450.4 5204.87 5169.72 4987.59 5535.27 4818.11 4373.98 3978.85 3616.14 3526.7 2997.63 2329.04 485.911
threshold=24.450000000000003 3445.5000000000005 3672.5000000000005 28.712721700000003 136.50000000000003 25.473571428571432 17.970000000000002 200.50000000000003 239.50000000000003 21.820000000000004 203.50000000000003 24.950000000000003 20.650000000000002 2981.5000000000005 55.550000000000004 303.50000000000006 812.50000000000011 143.40000000000003 178.50000000000003 1882.5000000000002 23.500000000000004 8.0916666666666686 276.00000000000006 21.850000000000005 800.00000000000011 947.50000000000011 39.850000000000001 15.850000000000003
decision_type=8 2 2 2 10 10 2 8 10 2 10 10 8 2 2 2 2 10 10 2 2 2 2 2 2 2 10 10
left_child=27 3 20 13 8 6 -6 -7 10 -10 -4 12 22 18 15 -15 -13 -16 24 -20 23 -22 -5 26 -2 -25 -3 -1
right_child=1 2 4 11 5 7 -8 -9 9 -11 -12 16 -14 14 17 -17 -18 -19 19 -21 21 -23 -24 25 -26 -27 -28 -29
leaf_value=-0.079585554744746226 -0.039355730760741878 -0.44951078490299334 -0.007319171769988672 0.12002538067637943 1.1141511443853378 0.59996430628001685 0.17580431156924792 0.020834469442420147 -0.20898469054480878 -0.0094903147859912371 0.093151705762143183 -0.23619446964367577 -0.78396877486790928 0.12534175690910698 -0.53432920748767043 0.4714720136672258 0.39535239808261396 0.05920225038528442 0.096406901146356874 -0.20969641109694262 -0.078291753888130186 -0.66363672309451638 -0.43215278863906859 0.078333343925147222 0.19573432552213427 -0.11389628988912867 -0.14954857726354856 -0.24205646866559979
leaf_weight=37 111 34 4164 24 20 24 63 561 328 509 759 23 21 472 28 54 24 25 78 167 20 27 23 116 119 197 74 30
leaf_count=37 111 34 4164 24 20 24 63 561 328 509 759 23 21 472 28 54 24 25 78 167 20 27 23 116 119 197 74 30
internal_value=-8.55163e-11 0.00126551 -0.00476963 0.0368672 0.00409047 0.088991 0.401912 0.0445936 -0.00575563 -0.0876673 0.00817085 -0.169272 -0.345915 0.0593586 0.122866 0.160876 0.0862975 -0.254362 -0.018054 -0.112243 -0.126463 -0.414554 -0.150189 -0.0943013 0.0822778 -0.0426546 -0.243981 -0.152334
internal_weight=8132 8065 6896 1169 6428 668 83 585 5760 837 4923 115 68 1054 579 526 47 53 475 245 468 47 47 421 230 313 108 67
internal_count=8132 8065 6896 1169 6428 668 83 585 5760 837 4923 115 68 1054 579 526 47 53 475 245 468 47 47 421 230 313 108 67
is_linear=0
shrinkage=0.03


Tree=370
num_leaves=15
num_cat=0
split_feature=56 56 51 24 62 16 57 33 33 7 35 34 15 65
split_gain=1756.48 2195.22 10256.5 10307.2 7080.27 5529.87 3212.13 3052.7 3287.45 9167.98 3127.14 2993.95 1620.55 1005.23
threshold=610.00000000000011 457.50000000000006 369.0750000000001 1436.1200000000001 9.5050000000000008 10.550000000000002 483.4285714285715 348.50000000000006 287.50000000000006 17.130000000000006 485.50000000000006 138.40000000000006 992.85000000000002 112.44285714285718
decision_type=10 10 2 2 10 2 10 10 10 2 10 10 2 8
left_child=1 6 4 12 -3 -6 7 8 10 -10 -1 -7 -4 -9
right_child=-2 2 3 -5 5 11 -8 13 9 -11 -12 -13 -14 -15
leaf_value=0.0016669172421972121 0.23719983187104973 -0.6663390187280519 0.14084118059703282 0.76318425076348428 0.26034258041381836 -0.54821691439910358 0.34824683472514151 -0.11036930572986602 0.6843175993859768 0.0048521258022103993 -0.1997607256088938 -0.14559366666218812 -0.22759738291529091 -0.4111532089412212
leaf_weight=7669 28 28 21 21 25 22 24 20 24 70 70 68 22 20
leaf_count=7669 28 28 21 21 25 22 24 20 24 70 70 68 22 20
internal_value=-8.34205e-12 -0.000819545 -0.0972593 0.218397 -0.238532 -0.13437 0.00170838 0.000651995 0.00198693 0.178333 -0.000155015 -0.244013 -0.0476623 -0.260761
internal_weight=8132 8104 207 64 143 115 7897 7873 7833 94 7739 90 43 40
internal_count=8132 8104 207 64 143 115 7897 7873 7833 94 7739 90 43 40
is_linear=0
shrinkage=0.03


Tree=371
num_leaves=17
num_cat=0
split_feature=44 44 20 5 44 38 54 63 13 35 9 15 1 49 13 22
split_gain=1732.53 2034.47 2750.87 3555.96 2651.8 3724.59 2808.83 2543.3 1893.68 5394.34 11181.6 5727.94 3004.75 8332.57 2906.88 678.436
threshold=1.2750000000000001 1.9600000000000002 20201.250000000004 16.500000000000004 2.3250000000000006 24.250000000000004 86.050000000000011 5.7901428571428584 90.500000000000014 179.50000000000003 28.550000000000004 985.75000000000011 77.100837000000013 33.853333333333339 318.50000000000006 51.500000000000007
decision_type=8 8 2 2 8 10 10 10 2 10 2 2 2 10 2 2
left_child=-1 2 3 -2 5 15 -7 -5 9 11 -11 -6 13 -10 -14 -3
right_child=1 4 -4 7 8 6 -8 -9 12 10 -12 -13 14 -15 -16 -17
leaf_value=0.23557725433792384 0.083675913512706757 0.10189844620227813 0.14966869091348989 -0.6366693414960588 0.023610187666640085 0.14102543391287325 0.62240689265728 -0.17510397700423544 0.41632495906136252 0.084995348169045012 -0.4368079196768147 -0.27808000663783222 -0.0074861752704536398 0.032445695284868917 0.085273865662515158 -0.13252277483940125
leaf_weight=28 20 20 21 21 561 24 20 22 55 66 84 63 6101 681 320 25
leaf_count=28 20 20 21 21 561 24 20 22 55 66 84 63 6101 681 320 25
internal_value=4.38877e-10 -0.000813939 -0.147688 -0.246807 0.000724392 0.163569 0.359835 -0.40052 -0.00110302 -0.0456795 -0.207214 -0.00684892 0.00371774 0.0611323 -0.00286334 -0.0283356
internal_weight=8132 8104 84 63 8020 89 44 43 7931 774 150 624 7157 736 6421 45
internal_count=8132 8104 84 63 8020 89 44 43 7931 774 150 624 7157 736 6421 45
is_linear=0
shrinkage=0.03


Tree=372
num_leaves=16
num_cat=0
split_feature=12 57 33 54 12 60 68 37 34 60 56 56 58 33 9
split_gain=1697.13 2881.94 3269.36 6993.99 2303.4 7100.94 5161.38 2707.11 2327.03 4244.53 2712.08 2680.28 2255.46 2524.84 2008.81
threshold=2.5000000000000004 355.57142857142861 114.50000000000001 157.50000000000003 3.1000000000000005 33.45000000000001 16.500000000000004 214.83333333333334 314.00000000000006 29.950000000000003 610.00000000000011 346.50000000000006 113.50000000000001 287.50000000000006 24.550000000000004
decision_type=2 10 10 10 2 8 2 10 10 8 10 8 10 10 2
left_child=1 2 -1 -4 5 7 -7 -2 10 -10 12 -11 13 -6 -14
right_child=4 -3 3 -5 8 6 -8 -9 9 11 -12 -13 14 -15 -16
leaf_value=0.24762958549164435 0.27671422339254809 0.44514813995361324 -0.54515675711631773 0.22998646096749739 0.00059518178865060529 -0.12106829854158253 -0.74541622703725641 -0.17096118164062502 -0.54071507048606871 0.18960314388458543 0.31380753071308137 -0.23715354257159763 0.044894971796444486 0.14283141619280765 -0.23553168951686637
leaf_weight=37 31 20 20 22 7620 26 22 20 20 26 25 27 35 114 67
leaf_count=37 31 20 20 22 7620 26 22 20 20 26 25 27 35 114 67
internal_value=-6.92213e-11 0.123453 0.0420109 -0.139129 -0.00152145 -0.145333 -0.407228 0.101155 0.000273026 -0.168326 0.00183869 -0.0278012 0.000843385 0.00269176 -0.139307
internal_weight=8132 99 79 42 8033 99 48 51 7934 73 7861 53 7836 7734 102
internal_count=8132 99 79 42 8033 99 48 51 7934 73 7861 53 7836 7734 102
is_linear=0
shrinkage=0.03


Tree=373
num_leaves=21
num_cat=0
split_feature=60 33 44 11 68 53 0 63 21 57 21 5 28 62 33 46 54 58 43 15
split_gain=1689.13 7320.81 5753.92 3924.42 2764.37 2245.82 7744.76 3873.78 2638.33 4561.07 3920.1 3691.92 3560.65 2677.18 3021.05 2557.58 2129.14 1528.3 926.389 741.981
threshold=93.750000000000014 81.050000000000011 18.950000000000003 32.500000000000007 16.500000000000004 277244.05000000005 28.682925800000003 14.272857142857143 1479.5000000000002 233.07142857142858 1026.5000000000002 1727.0000000000002 776.33333333333348 16.650000000000002 65.750000000000014 20.61333333333334 58.350000000000001 29.450000000000003 43.499999999999993 980.95000000000016
decision_type=10 10 10 2 2 2 2 8 2 10 2 2 2 8 10 8 10 10 10 2
left_child=5 2 3 -2 19 8 7 17 10 13 11 12 -1 14 -10 18 -9 -7 -12 -5
right_child=1 -3 -4 4 -6 6 -8 16 9 -11 15 -13 -14 -15 -16 -17 -18 -19 -20 -21
leaf_value=0.00028181634968475918 -0.40575305776936665 -0.4735130370718737 0.35256178587675091 0.026262495773179191 -0.2733764482062796 -0.04961170622280666 0.53077445039525628 -0.071618747668606889 0.026365668318561606 -0.55214551842212678 -0.065936593204736701 0.30765029500211988 -0.29084521418339326 0.1658078850399364 -0.36536656895104574 0.45632347875171236 0.31961366564996779 -0.41604311934113497 0.22281067442893981 0.2428354005515575
leaf_weight=7564 28 36 33 35 23 21 32 21 37 20 20 35 38 33 34 27 31 20 20 24
leaf_count=7564 28 36 33 35 23 21 32 21 37 20 20 35 38 33 34 27 31 20 20 24
internal_value=-4.9823e-11 -0.0911365 0.0051261 -0.0991046 0.00560462 0.00205123 0.128209 -0.0103084 3.67058e-05 -0.137243 0.0022463 0.000241888 -0.00117344 -0.0574546 -0.161224 0.23072 0.161616 -0.228359 0.078437 0.11436
internal_weight=8132 179 143 110 82 7953 125 93 7828 124 7704 7637 7602 104 71 67 52 41 40 59
internal_count=8132 179 143 110 82 7953 125 93 7828 124 7704 7637 7602 104 71 67 52 41 40 59
is_linear=0
shrinkage=0.03


Tree=374
num_leaves=23
num_cat=0
split_feature=47 34 51 44 8 9 29 65 10 34 35 37 15 51 32 56 15 65 65 35 60 25
split_gain=1690.26 3976.45 3452.89 3026.28 2007.14 15232.5 8550.89 8174.48 6525.41 10202.5 7610.09 5468.95 5365.09 11880.1 5190.3 4661.38 3706.12 1489.26 2029.33 1023.35 866.519 793.725
threshold=17.370000000000001 68.116666666666688 201.52500000000003 1.2750000000000001 26.650000000000002 32.95000000000001 82.357142857142875 55.255000000000003 23.450000000000003 154.16666666666671 320.50000000000006 199.83333333333334 980.75000000000011 22.705000000000005 418.50000000000006 31.100000000000005 976.85000000000002 22.884285714285717 19.344785714285717 84.550000000000011 38.850000000000001 2.5000000000000004
decision_type=8 10 2 8 2 2 2 10 2 10 10 10 2 2 8 8 2 10 10 10 10 2
left_child=1 2 17 -2 5 14 11 -8 9 10 -6 -7 16 -14 15 -5 -10 18 21 -20 -19 -1
right_child=3 -3 -4 4 8 6 7 -9 12 -11 -12 -13 13 -15 -16 -17 -18 20 19 -21 -22 -23
leaf_value=0.086704476289451118 0.35357744514942169 0.21729865285483274 -0.47599115163087841 0.24604800514876843 0.10242174046688286 -0.38383214123547077 -0.60413977755741644 0.085709305355826826 -0.016368881090235789 0.70522602558135983 -0.2925776538696695 -0.99301780564444408 -0.13279726851602269 0.12136241198384336 0.44625643279241478 -0.010236832065431486 0.058051798317404715 -0.076505633129013914 -0.17373330014673147 -0.47023827946186064 0.16860377440452576 -0.14049089517324201
leaf_weight=25 22 33 24 65 665 36 22 52 1202 24 47 21 634 224 23 3681 1207 27 22 20 25 31
leaf_count=25 22 33 24 65 665 36 22 52 1202 24 47 21 634 224 23 3681 1207 27 22 20 25 31
internal_value=-3.70133e-10 -0.084628 -0.14189 0.00221047 0.00123235 -0.0140847 -0.332103 -0.119381 0.0161553 0.0968543 0.0763473 -0.608269 -0.00202484 -0.0664432 -0.00303124 -0.00578982 0.0209187 -0.0884337 -0.157291 -0.314926 0.0413354 -0.0390644
internal_weight=8132 207 174 7925 7903 3900 131 74 4003 736 712 57 3267 858 3769 3746 2409 150 98 42 52 56
internal_count=8132 207 174 7925 7903 3900 131 74 4003 736 712 57 3267 858 3769 3746 2409 150 98 42 52 56
is_linear=0
shrinkage=0.03


Tree=375
num_leaves=31
num_cat=0
split_feature=35 30 24 56 30 52 52 10 32 54 29 8 39 0 37 9 44 49 21 56 14 35 39 32 21 41 45 8 13 68
split_gain=1697.44 2941.36 4225.9 2969.41 2727.37 2739.47 8928.95 8547.8 8072.44 7917.36 5451.85 2617.74 2945.97 1937.66 2370.93 2174.54 1757.56 1394.55 2550.53 2691.82 1564.04 1103.57 806.824 1502.11 797.947 788.446 572.526 492.238 401.751 207.005
threshold=41.95000000000001 1.7766666666667417 2.3250000000000006 65.850000000000009 2.9983333333334086 9486.2500000000018 8922.7500000000018 10.750000000000002 124.50000000000001 59.350000000000001 487.85714285714295 27.650000000000002 19.150000000000002 28.643240000000002 96.683333333333337 31.450000000000003 9.1950000000000021 76.51666666666668 26.500000000000004 132.50000000000003 1.5500000000000003 114.50000000000001 18.350000000000005 17.350000000000005 2.5000000000000004 19.950000000000003 14.350000000000003 30.050000000000004 143.50000000000003 4.5000000000000009
decision_type=8 2 2 10 2 2 2 2 10 10 2 2 10 2 10 2 10 8 2 8 2 10 8 10 2 10 8 2 2 2
left_child=17 2 3 16 21 6 10 -7 -9 -8 -6 -5 -13 14 -4 -15 -2 20 19 -19 24 26 23 29 -1 -18 27 -3 -24 -22
right_child=1 4 13 11 5 7 9 8 -10 -11 -12 12 -14 15 -16 -17 25 18 -20 -21 22 -23 28 -25 -26 -27 -28 -29 -30 -31
leaf_value=-0.13110287297855724 -0.099599534841254347 -0.061351238232234422 -0.062672440024092779 0.072366288118064406 0.0017792746836043194 0.60168864727020266 0.0025656296234381824 -0.0048878895105531981 -0.1480284224085566 0.36915362735278906 0.23218128143643077 0.73783244763314715 0.27897474020719526 0.080201105833053593 0.31958553578542626 -0.31402641887173932 0.33171618331968783 -0.033318272079341113 -0.17338542257994413 0.43176994413137437 -0.14965975263289044 -0.29998159842565653 -0.080495674919623589 0.21715437870958576 -0.34306609403221838 0.076673396918922651 0.043590006828308103 -0.24953568691557101 -0.22881280424919995 -0.020685730054974556
leaf_weight=33 32 29 40 24 3417 20 95 3319 397 120 95 20 34 20 23 34 20 24 30 21 21 32 65 23 31 24 21 22 22 24
leaf_count=33 32 29 40 24 3417 20 95 3319 397 120 95 20 34 20 23 34 20 24 30 21 21 32 65 23 31 24 21 22 22 24
internal_value=2.2003e-10 0.00265455 0.099766 0.203025 -0.000823343 0.00130279 0.0195007 -0.0168513 -0.0201804 0.207173 0.00801168 0.333059 0.448922 -0.0361479 0.0768821 -0.168016 0.0695697 -0.0707699 0.0408796 0.183723 -0.109006 -0.153394 -0.0574894 0.01993 -0.233773 0.192602 -0.0882442 -0.142529 -0.118001 -0.0808736
internal_weight=8132 7838 271 154 7567 7463 3727 3736 3716 215 3512 78 54 117 63 54 76 294 75 45 219 104 155 68 64 44 72 51 87 45
internal_count=8132 7838 271 154 7567 7463 3727 3736 3716 215 3512 78 54 117 63 54 76 294 75 45 219 104 155 68 64 44 72 51 87 45
is_linear=0
shrinkage=0.03


Tree=376
num_leaves=31
num_cat=0
split_feature=1 38 23 46 57 12 17 52 11 52 1 12 37 58 16 23 22 58 25 63 33 65 44 54 64 60 39 58 45 45
split_gain=1673.02 2504.88 7971.35 8190.46 6292.88 4077.85 3517.12 6568.54 6098.99 2539.55 2235.93 5513.32 8554.74 6912.76 6452.82 3580.74 3047.1 2955.12 2947.69 5205.15 11132.4 4643.22 11525.5 7006.87 6874.24 4929.63 4556.7 4250.65 3446.61 4104.32
threshold=77.309166200000007 41.95000000000001 235.80000000000004 34.416666666666664 136.55714285714291 9.3500000000000032 3347.5000000000005 14756.500000000002 52.500000000000007 19339.750000000004 77.288048550000013 7.6500000000000012 163.75000000000003 50.550000000000004 11.250000000000002 367.78500000000003 108.50000000000001 65.850000000000009 5.5000000000000009 20.991428571428575 134.50000000000003 44.110714285714288 30.81381294964029 12.450000000000001 30.635000000000005 75.350000000000009 18.922441860465117 59.850000000000001 103.50000000000001 68.002553956834547
decision_type=2 10 2 8 10 2 2 2 2 2 2 2 10 8 2 2 2 10 2 8 10 8 10 8 8 10 10 8 10 10
left_child=10 2 3 4 -2 6 7 8 -3 -9 18 12 17 -13 -14 -15 -16 -12 21 20 27 22 25 -23 -25 -1 -24 -20 29 -21
right_child=1 5 -4 -5 -6 -7 -8 9 -10 -11 11 13 14 15 16 -17 -18 -19 19 28 -22 23 26 24 -26 -27 -28 -29 -30 -31
leaf_value=-0.0078103908432171527 0.083311279276584049 0.42724272810495811 0.57143705624071039 0.56501956652104857 -0.50579429347515104 -0.30915720328688623 0.4224500790664128 -0.56676435309648521 -0.0024764661884307862 -0.094410717827933172 -0.060327843104632906 -0.073286017210319118 0.10228527562184768 0.65686828845603895 -0.69432215163347244 0.13683612997715289 -0.32908699207581005 0.32804079383611678 -0.045450445135653599 -0.10383192510106158 0.55197513520717623 0.44142747243245439 -0.21604518869519232 0.26973071402432969 0.015692203825971553 -0.21450403019685196 -0.85643815344572061 0.24324661453857138 0.20657824886696677 -0.38202784047358568
leaf_weight=1612 47 39 33 20 25 32 21 20 125 21 149 87 22 22 34 26 52 20 459 411 33 36 20 98 4404 111 20 51 28 54
leaf_count=1612 47 39 33 20 25 32 21 20 125 21 149 87 22 22 34 26 52 20 459 411 33 36 20 98 4404 111 20 51 28 54
internal_value=-2.25136e-10 0.0612063 0.171429 0.0279474 -0.121239 0.00780394 0.0526834 0.0148049 0.0997129 -0.324827 -0.00302517 -0.0710298 -0.147643 0.0861701 -0.356196 0.375184 -0.473482 -0.0143671 0.000793549 -0.0461016 0.0179724 0.00850397 -0.0328134 0.0245556 0.0212221 -0.0211261 -0.536242 -0.0165807 -0.116674 -0.136139
internal_weight=8132 383 125 92 72 258 226 205 164 41 7749 412 277 135 108 48 86 169 7337 1036 543 6301 1763 4538 4502 1723 40 510 493 465
internal_count=8132 383 125 92 72 258 226 205 164 41 7749 412 277 135 108 48 86 169 7337 1036 543 6301 1763 4538 4502 1723 40 510 493 465
is_linear=0
shrinkage=0.03


Tree=377
num_leaves=19
num_cat=0
split_feature=16 45 63 33 16 56 44 60 9 47 8 16 33 8 47 68 54 32
split_gain=1615.82 3081.25 3592.6 4121.3 2536.26 7666.46 2793.3 2217.56 2818.51 7332.97 6719.99 4790.77 4538.53 3086.33 2439.16 1805.57 1609.49 331.33
threshold=29.850000000000005 29.299892086330939 21.44857142857143 74.750000000000014 28.850000000000005 119.50000000000001 20.550000000000004 145.50000000000003 38.45000000000001 45.740000000000009 32.250000000000007 17.550000000000004 110.50000000000001 30.550000000000004 32.925000000000004 19.500000000000004 32.150000000000013 31.050000000000004
decision_type=2 10 10 10 2 10 10 10 2 10 2 2 10 2 8 2 10 10
left_child=4 2 3 15 7 17 -7 8 10 11 13 -10 -11 -1 -12 16 -2 -6
right_child=1 -3 -4 -5 5 6 -8 -9 9 12 14 -13 -14 -15 -16 -17 -18 -19
leaf_value=0.0060122118874941111 -0.24642829877806116 -0.34193796639357293 0.34502120062708852 -0.4155658087465498 -0.11970500290001693 0.21348169058561325 0.70887144752911158 -0.26178011948692387 0.46413944365673288 0.014556696792983491 -0.014650481343269347 0.1218228588893133 -0.28121650940842097 -0.056309229877805053 -0.34595418959856034 0.21212644361787372 0.05206719177447864 0.028777790027005333
leaf_weight=6225 29 35 20 27 38 20 21 29 43 345 28 255 54 808 70 27 37 21
leaf_count=6225 29 35 20 27 38 20 21 29 43 345 28 255 54 808 70 27 37 21
internal_value=5.83948e-11 -0.0901726 -0.0272312 -0.0892733 0.00198318 0.152115 0.467218 7.23845e-05 0.00104246 0.0586215 -0.00458545 0.171218 -0.0254728 -0.00114771 -0.251296 0.00545677 -0.0790899 -0.0668552
internal_weight=8132 175 140 120 7957 100 41 7857 7828 697 7131 298 399 7033 98 93 66 59
internal_count=8132 175 140 120 7957 100 41 7857 7828 697 7131 298 399 7033 98 93 66 59
is_linear=0
shrinkage=0.03


Tree=378
num_leaves=27
num_cat=0
split_feature=15 15 17 35 9 34 47 53 20 47 53 48 34 8 37 64 25 13 0 0 63 39 30 54 22 46
split_gain=1623.19 1892.41 4345.81 4344.2 4762 5012.78 2809.42 2721.73 9705.74 9649.39 8880.7 8707.61 8334.98 8466.06 6780.07 6262.7 6121.66 4285.11 15404.6 12289.3 3162.14 2577.94 2562.59 2060.93 1162.62 931.852
threshold=971.95000000000016 975.85000000000002 3347.5000000000005 107.50000000000001 37.250000000000007 59.233333333333327 70.950000000000017 162316.85000000001 9739.2500000000018 65.105000000000004 160962.90000000005 70.405000000000015 134.68333333333337 23.550000000000004 86.016666666666694 44.490000000000002 2.5000000000000004 298.50000000000006 28.647228500000001 28.643240000000002 15.410714285714286 20.850000000000005 10.520000000000076 78.450000000000017 3.5000000000000004 14.6
decision_type=2 2 2 10 2 10 10 2 2 8 2 8 10 2 10 10 2 2 2 2 8 10 2 8 2 8
left_child=25 2 3 22 5 -5 -6 10 9 16 17 -11 13 -10 21 -14 -9 19 -19 -3 -16 -12 24 -24 -2 -1
right_child=1 7 -4 4 6 -7 -8 8 12 11 14 -13 15 -15 20 -17 -18 18 -20 -21 -22 -23 23 -25 -26 -27
leaf_value=0.068151676019555643 -0.13200621172157115 -0.040986421804028832 0.39465715384483335 -0.19037688651680945 0.08478147247579039 -0.67085186502207872 -0.26326697051525116 -0.12087582273244857 -0.33274042735341935 0.68868143873159271 0.23998126216556714 0.20295583317336971 -0.016549269050359725 0.016780951357026015 -0.61314715772867201 -0.7353489480912685 0.14035288023566336 0.041647190011967462 -0.21244638824138862 0.08014400763703633 -0.2404432158810752 -0.14762743566581543 0.054440565813845765 -0.2001041756906817 0.054593943744092377 0.31716308065823146
leaf_weight=38 160 1676 20 130 82 23 28 125 64 43 23 146 20 2449 40 24 228 530 361 1370 42 47 374 31 37 21
leaf_count=38 160 1676 20 130 82 23 28 125 64 43 23 146 20 2449 40 24 228 530 361 1370 42 47 374 31 37 21
internal_value=-2.3455e-10 -0.00114582 -0.0425405 -0.0526491 -0.154365 -0.262605 -0.00381268 0.00395077 0.0251557 0.140472 -0.0121202 0.313465 0.000712476 0.00787949 -0.237128 -0.408622 0.0478498 -0.00343309 -0.0613021 0.0134944 -0.42225 -0.0202703 -0.00821175 0.0349569 -0.0969595 0.156783
internal_weight=8132 8073 885 865 263 153 110 7188 3099 542 4089 189 2557 2513 152 44 353 3937 891 3046 82 70 602 405 197 59
internal_count=8132 8073 885 865 263 153 110 7188 3099 542 4089 189 2557 2513 152 44 353 3937 891 3046 82 70 602 405 197 59
is_linear=0
shrinkage=0.03


Tree=379
num_leaves=31
num_cat=0
split_feature=1 1 0 62 44 43 17 18 17 43 40 62 63 57 18 34 62 58 17 9 15 13 58 46 53 12 46 46 14 18
split_gain=1635.92 6449.11 4378.08 6111.82 5805.08 5754.68 5629.14 5507.75 5089.61 6854.48 5617.91 4404.1 4057.08 4033.93 10449.1 13231.8 7989.53 7860.24 7704.05 5605.32 5020.7 15422.1 10805.3 6260.22 4647.49 5873.03 4904.22 4581.11 2163.95 2063.63
threshold=77.14626250000002 77.146786750000018 28.638037000000004 4.1450000000000005 3.4550000000000005 82.38333333333334 4002.5000000000005 6648.0000000000009 1857.5000000000002 19.350000000000005 94.850000000000009 10.250000000000002 12.741428571428573 231.64285714285717 4569.5000000000009 140.05000000000004 36.350000000000001 60.750000000000007 1612.5000000000002 32.050000000000004 987.00000000000011 263.00000000000006 15.350000000000003 8.740000000000002 161752.15000000005 5.8500000000000005 36.298333333333339 55.21666666666669 12.050000000000002 6482.5000000000009
decision_type=2 2 2 8 10 10 2 2 2 10 8 10 10 10 2 10 10 8 2 2 2 2 10 10 2 2 8 8 2 2
left_child=2 28 3 -1 -5 12 7 8 10 -10 -4 -7 -6 20 17 16 -16 19 -19 -15 24 22 -22 -23 25 -3 -26 -17 29 -2
right_child=1 13 6 4 5 11 -8 -9 9 -11 -12 -13 -14 14 15 27 -18 18 -20 -21 21 23 -24 -25 26 -27 -28 -29 -30 -31
leaf_value=0.34695706361048928 -0.16898606353570766 -0.1457314002956622 0.12259103111659778 -0.53965472621577126 -0.16815422824090895 0.62594390809535982 -0.34610951142013069 0.55152961543628143 -0.36871955409646034 0.018312763344624946 -0.19401789550979931 0.033800186297068227 -0.010248226399797234 -0.085438221354798047 -0.16745078067712379 -0.87168734422751826 0.14491625785827636 0.044501414287890957 0.36725214074708912 0.42541161382198334 0.82260003336544696 0.16336438932395456 0.20701320088046679 -0.046180779921964656 0.0030388399910398272 0.0010255769092105667 0.12684477450881065 -0.29318987277421082 0.12861161828041076 0.14515666812658309
leaf_weight=37 319 390 765 21 204 20 30 21 48 290 54 26 519 578 355 28 93 536 76 20 29 169 223 533 1669 662 348 22 27 20
leaf_count=37 319 390 765 21 204 20 30 21 48 290 54 26 519 578 355 28 93 536 76 20 29 169 223 533 1669 662 348 22 27 20
internal_value=3.51608e-10 -0.0077737 0.0232905 -0.0298911 -0.047541 -0.0341022 0.0596988 0.0700335 0.0612942 -0.0366504 0.101716 0.291254 -0.0548026 2.35012e-05 -0.0386044 -0.154268 -0.102607 0.00899906 0.0845816 -0.0683529 0.0164233 0.0765341 0.277855 0.00426528 -0.00226214 -0.0533805 0.0243995 -0.617148 -0.129866 -0.150453
internal_weight=8132 6097 2035 827 790 769 1208 1178 1157 338 819 46 723 5731 1708 498 448 1210 612 598 4023 954 252 702 3069 1052 2017 50 366 339
internal_count=8132 6097 2035 827 790 769 1208 1178 1157 338 819 46 723 5731 1708 498 448 1210 612 598 4023 954 252 702 3069 1052 2017 50 366 339
is_linear=0
shrinkage=0.03


Tree=380
num_leaves=12
num_cat=0
split_feature=58 41 10 41 31 54 44 48 64 18 60
split_gain=1616.99 1917.88 4655.84 3987.77 9830.89 3465.37 1935.75 1792.29 4956.28 3744.04 991.892
threshold=121.50000000000001 112.50000000000001 24.900000000000002 99.500000000000014 429.70714285714286 63.45000000000001 1.2750000000000001 61.010000000000012 30.635000000000005 5546.0000000000009 14.850000000000003
decision_type=10 10 2 10 2 10 8 8 8 2 10
left_child=1 3 -3 6 -5 -4 -1 9 -9 -8 -2
right_child=10 2 5 4 -6 -7 7 8 -10 -11 -12
leaf_value=0.25437034575475581 -0.27769176605343815 -0.37968275709794114 0.36080366438627237 0.76888344109058382 -0.043799416181203477 -0.19097321690193242 0.0093160167574549684 0.22875549141396867 0.0084311719265883767 -0.052138115721648184 -0.029419735427945851
leaf_weight=27 30 39 20 21 37 21 2233 94 4096 1486 28
leaf_count=27 30 39 20 21 37 21 2233 94 4096 1486 28
internal_value=-2.83669e-10 0.00113383 -0.145025 0.00259651 0.250448 0.0781862 0.000785096 -8.06016e-05 0.013374 -0.0152392 -0.157836
internal_weight=8132 8074 80 7994 58 41 7936 7909 4190 3719 58
internal_count=8132 8074 80 7994 58 41 7936 7909 4190 3719 58
is_linear=0
shrinkage=0.03


Tree=381
num_leaves=23
num_cat=0
split_feature=19 30 19 22 57 68 60 22 30 35 19 37 56 54 54 7 35 19 56 55 9 39
split_gain=1590.38 2964.5 2612.55 1888.91 4371.34 5301.14 4089.53 3831.22 7688.89 5571.88 4281.5 4423.54 3685.99 3322.24 3202.73 3198.79 1888.86 1733.75 1263.23 691.522 398.522 383.132
threshold=25.835416666666671 3.5166666666667408 25.781250000000004 1.5000000000000002 140.05714285714291 25.500000000000004 31.450000000000003 4.5000000000000009 20.930000000000081 105.50000000000001 24.781250000000004 148.50000000000003 31.100000000000005 81.15000000000002 13.65 25.470000000000002 250.50000000000003 26.087500000000002 117.50000000000001 35.378571428571441 35.050000000000004 18.922441860465117
decision_type=2 2 2 2 10 2 10 2 2 10 2 10 8 10 10 2 10 2 10 10 2 10
left_child=2 -2 3 4 5 15 16 10 9 -9 14 -12 -10 -8 -5 -1 -6 18 19 21 -21 -3
right_child=1 17 -4 7 6 -7 13 8 12 -11 11 -13 -14 -15 -16 -17 -18 -19 -20 20 -22 -23
leaf_value=-0.035559688782163527 0.32232610438999376 0.073935933283397121 -0.24702011855748984 0.24754381828308106 -0.22617736836445743 0.44886044334281572 0.22206174615431917 -0.074632653625696654 0.20824446106258826 -0.41971832320803687 0.20262046299426509 -0.21662527956962585 0.0020531615450270105 -0.21806412119033008 -0.13493816114241075 0.33198226202617992 -0.53732240722938007 -0.14638899971086247 0.30155942264199254 0.22944952695071696 0.044417906257916577 -0.087303771413862696
leaf_weight=681 38 21 39 25 87 22 33 127 79 63 241 25 6348 29 93 22 22 39 20 20 22 36
leaf_count=681 38 21 39 25 87 22 33 127 79 63 241 25 6348 29 93 22 22 39 20 20 22 36
internal_value=3.36491e-11 0.08442 -0.00208497 -0.000875336 -0.0418883 -0.00970705 -0.17833 0.00437358 -0.000972619 -0.189056 0.096498 0.163218 0.00458764 0.0161964 -0.0539038 -0.0240577 -0.288977 0.027202 0.0840932 0.0401606 0.132528 -0.0278997
internal_weight=8132 196 7936 7897 896 725 171 7001 6617 190 384 266 6427 62 118 703 109 158 119 99 42 57
internal_count=8132 196 7936 7897 896 725 171 7001 6617 190 384 266 6427 62 118 703 109 158 119 99 42 57
is_linear=0
shrinkage=0.03


Tree=382
num_leaves=30
num_cat=0
split_feature=41 45 48 33 32 42 56 45 35 36 51 35 44 40 32 48 33 33 68 47 63 35 44 48 47 6 29 47 12
split_gain=1599.19 3909.3 6887.31 4838.3 4023.03 2793.07 5388.13 5007.26 5197.05 5180.37 4962.34 5662.17 2754.4 2427.83 4543.55 4354.29 3720.31 4916.76 2754 2746.81 6952.14 11339.9 6395.08 5637.01 3401.72 2365.68 1992.08 1756.97 884.674
threshold=7.705000000000001 60.787589928057564 159.95000000000002 174.50000000000003 140.50000000000003 8.2900000000000009 128.50000000000003 37.424136690647494 298.50000000000006 254.50000000000003 184.60000000000005 125.50000000000001 49.050000000000004 94.850000000000009 168.50000000000003 180.65000000000001 101.50000000000001 147.50000000000003 16.500000000000004 77.65000000000002 10.605000000000002 282.50000000000006 50.850000000000001 68.790000000000006 71.65000000000002 409.07500000000005 112.85714285714286 109.75000000000001 7.9500000000000011
decision_type=8 8 10 10 10 8 8 10 10 10 2 10 10 10 10 10 10 10 2 8 8 10 10 8 10 2 2 10 2
left_child=1 3 -3 4 12 6 28 10 9 -9 11 -8 26 19 16 18 27 -18 -16 22 21 -21 24 -22 -7 -17 -1 -15 -2
right_child=5 2 -4 -5 -6 13 7 8 -10 -11 -12 -13 -14 14 15 25 17 -19 -20 20 23 -23 -24 -25 -26 -27 -28 -29 -30
leaf_value=-0.010268876733998322 -0.23273861720281488 -0.66229403028488165 0.0022726469160988926 0.43223867493867874 -0.38551460637614643 -0.0016872834165584385 0.17709869623184202 0.17106833925247192 0.4105993803169416 -0.43965787096023562 -0.0068718979954719541 0.82392713624855562 0.30800649680874559 0.1499985195323825 -0.23728423866358669 -0.25953564185362599 0.45406966809303528 -0.14045796377318245 -0.71197085847908803 0.091539732711236985 0.1641694245479797 0.89981400762285502 -0.54668286448717118 0.0054753465719408799 -0.10204437220718984 0.15814716727837272 -0.26721487678827777 -0.16559577772950199 0.014915245601109095
leaf_weight=219 34 25 32 20 29 4151 21 25 23 25 20 29 22 20 22 26 31 21 22 61 219 21 20 2514 328 23 31 77 21
leaf_count=219 34 25 32 20 29 4151 21 25 23 25 20 29 22 20 22 26 31 21 22 61 219 21 20 2514 328 23 31 77 21
internal_value=1.46149e-11 -0.0602544 -0.289204 -0.0195999 -0.0496223 0.00293735 0.114165 0.211221 0.0373842 -0.134295 0.392507 0.552259 -0.0138103 2.26975e-05 -0.0934649 -0.258002 0.00923247 0.213972 -0.474628 0.00311594 0.0263581 0.298537 -0.0114266 0.0181918 -0.0090365 -0.0634804 -0.0421302 -0.100525 -0.13818
internal_weight=8132 378 57 321 301 7754 198 143 73 50 70 50 272 7556 242 93 149 52 44 7314 2815 82 4499 2733 4479 49 250 97 55
internal_count=8132 378 57 321 301 7754 198 143 73 50 70 50 272 7556 242 93 149 52 44 7314 2815 82 4499 2733 4479 49 250 97 55
is_linear=0
shrinkage=0.03


Tree=383
num_leaves=18
num_cat=0
split_feature=35 19 32 10 54 44 32 32 55 58 5 36 7 55 32 1 33
split_gain=1604.47 6767.19 5335.23 8872.87 7127.62 4791.79 2542.15 3121.45 4968.52 6755.41 7151.98 6409.13 5049.33 4898.65 6307.42 11632.9 2576.02
threshold=485.50000000000006 11.893750000000002 278.50000000000006 12.250000000000002 161.50000000000003 107.50000000000001 329.50000000000006 199.50000000000003 136.2571428571429 61.550000000000004 48.500000000000007 229.50000000000003 42.545000000000009 247.07142857142858 179.50000000000003 77.288048550000013 151.50000000000003
decision_type=10 2 10 2 10 8 10 8 8 8 2 10 2 10 8 2 8
left_child=6 2 -2 4 -4 -5 7 13 11 12 -11 -9 -10 14 16 -16 -1
right_child=1 -3 3 5 -6 -7 -8 8 9 10 -12 -13 -14 -15 15 -17 -18
leaf_value=0.0051703101686776821 -0.3996901735663414 -0.46972599590525904 -0.60415995291301172 0.13996907445211562 0.094947313740849498 0.72689233753830185 -0.3358771267533302 0.019792249628475735 0.015764028110875274 -0.12720890615297398 0.21935509461723268 0.77018388533592219 -0.26788020912315941 0.341528707033879 -0.094572973203260538 -0.85900155115127563 -0.0640759467156925
leaf_weight=6556 24 34 21 31 35 21 20 21 212 69 240 20 77 37 172 20 522
leaf_count=6556 24 34 21 31 35 21 20 21 212 69 240 20 77 37 172 20 522
internal_value=-3.90964e-10 -0.0923113 0.00490162 0.0948109 -0.167218 0.376996 0.00192363 0.00277387 0.0663573 0.0444532 0.141967 0.385837 -0.059809 -0.00278652 -0.00453888 -0.174201 6.34232e-05
internal_weight=8132 166 132 108 56 52 7966 7946 639 598 309 41 289 7307 7270 192 7078
internal_count=8132 166 132 108 56 52 7966 7946 639 598 309 41 289 7307 7270 192 7078
is_linear=0
shrinkage=0.03


Tree=384
num_leaves=21
num_cat=0
split_feature=13 37 36 35 32 15 14 28 13 63 55 12 36 60 61 63 49 45 54 35
split_gain=1597.14 4816.94 5747.26 11426.9 6789.67 6440.79 4627.83 5115.96 3596.56 6795.56 4933.91 4788.35 3877.56 3646.3 3484.23 3297.24 11492.3 4026 2250.48 628.806
threshold=92.000000000000014 304.83333333333343 246.50000000000003 216.50000000000003 79.050000000000011 990.60000000000014 1.0000000180025095e-35 29.166666666666668 96.500000000000014 14.692857142857143 63.307142857142857 6.4500000000000011 142.50000000000003 145.50000000000003 110.20000000000003 10.957857142857145 77.750000000000014 13.15 74.550000000000011 75.950000000000017
decision_type=2 10 10 10 10 2 2 2 2 10 10 2 10 10 10 10 10 10 10 10
left_child=1 2 3 6 -4 -5 18 -8 9 11 -11 -2 19 14 15 16 -10 -17 -1 -13
right_child=8 -3 4 5 -6 -7 7 -9 13 10 -12 12 -14 -15 -16 17 -18 -19 -20 -21
leaf_value=-0.37384478918711345 -0.34673124021291729 -0.4335868411117958 0.0043526925417509948 -0.77323555888800788 0.6943950520242963 -0.10884404242038727 -0.072502301014272061 0.099001418855411319 0.020875740001434363 0.11479612248284475 0.73855433349609378 -0.094495578888803722 0.47814513994114738 -0.38411248293789946 0.34935672640800475 -0.060246257316781043 0.50481675088405609 0.0031912930226303004 -0.0090546364110449078 0.12266894902288912
leaf_weight=45 25 27 33 29 21 24 325 302 2376 21 25 30 21 22 26 1215 45 3477 23 20
leaf_count=45 25 27 33 29 21 24 325 302 2376 21 25 30 21 22 26 1215 45 3477 23 20
internal_value=1.81516e-10 -0.0394609 -0.0261923 -0.0477703 0.272702 -0.472379 -0.0153901 0.010104 0.0044794 0.153985 0.453795 0.0103258 0.13605 0.00151477 0.00270314 0.00143602 0.0298709 -0.0132359 -0.25046 -0.00762977
internal_weight=8132 829 802 748 54 53 695 627 7303 142 46 96 71 7161 7139 7113 2421 4692 68 50
internal_count=8132 829 802 748 54 53 695 627 7303 142 46 96 71 7161 7139 7113 2421 4692 68 50
is_linear=0
shrinkage=0.03


Tree=385
num_leaves=16
num_cat=0
split_feature=12 35 24 57 33 54 12 32 46 34 57 16 55 60 60
split_gain=1623.78 3168.53 5430.1 2711.75 3026 6519.93 2063.4 8014.68 4931.93 2663.52 3246.03 7106.46 3073.33 2621.67 1844.07
threshold=2.5000000000000004 552.50000000000011 1401.3600000000004 355.57142857142861 114.50000000000001 157.50000000000003 3.1000000000000005 99.15000000000002 61.600000000000016 314.00000000000006 414.28571428571433 12.050000000000002 258.50000000000006 33.45000000000001 30.150000000000002
decision_type=2 10 2 10 10 10 2 10 8 10 10 2 10 8 10
left_child=3 6 -3 4 -1 -6 7 13 -9 10 12 -12 -8 -2 -11
right_child=1 2 -4 -5 5 -7 9 8 -10 14 11 -13 -14 -15 -16
leaf_value=0.23957353229458267 0.263306747674942 -0.46908021059903232 0.15737649607658385 0.43280756726860997 -0.52453863930702205 0.22387372966517102 0.0018936895555101317 -0.7599957870353351 -0.10907495605945587 -0.40568956866860389 0.39516712844371793 -0.015554520798218662 -0.23176906431422514 -0.15698729217052459 -0.04427332586712307
leaf_weight=37 34 33 20 20 20 22 7617 22 20 24 60 103 51 22 27
leaf_count=37 34 33 20 20 20 22 7617 22 20 24 60 103 51 22 27
internal_value=6.36992e-11 -0.00148821 -0.232681 0.120756 0.0417553 -0.132513 4.72802e-05 -0.136762 -0.450033 0.00174829 0.00315565 0.135631 0.000339595 0.0981912 -0.214352
internal_weight=8132 8033 53 99 79 42 7980 98 42 7882 7831 163 7668 56 51
internal_count=8132 8033 53 99 79 42 7980 98 42 7882 7831 163 7668 56 51
is_linear=0
shrinkage=0.03


Tree=386
num_leaves=29
num_cat=0
split_feature=35 18 18 0 54 47 43 40 57 11 56 42 42 18 18 24 17 12 38 32 34 24 39 30 0 61 16 16
split_gain=1598.92 1856.48 7315.16 5606.23 5470.91 9731.52 10028.5 7903.22 6330.89 7781.79 6584.34 5433.74 5964.07 5413.5 6710.33 7309.21 4829.14 4790.01 9297.85 4643.31 7341.97 3976.68 3851.94 3763.66 3735.85 2564.68 430.841 270.476
threshold=24.450000000000003 3445.5000000000005 3672.5000000000005 28.712721700000003 136.50000000000003 159.95000000000002 21.501666666666676 73.183333333333351 239.50000000000003 50.500000000000007 203.50000000000003 24.950000000000003 20.650000000000002 2981.5000000000005 3094.5000000000005 512.86000000000013 812.50000000000011 6.1500000000000012 65.550000000000011 235.50000000000003 215.50000000000003 439.78500000000003 62.050000000000004 269.0733333333331 28.643240000000002 24.864285714285717 18.850000000000005 22.200000000000006
decision_type=8 2 2 2 10 10 10 10 10 2 10 10 8 2 2 2 2 2 8 10 10 2 10 2 2 8 2 2
left_child=26 3 19 13 8 6 -6 -7 10 -10 -4 12 23 17 24 -16 -13 18 -2 20 21 -3 -21 -5 -15 -19 -1 -28
right_child=1 2 4 11 5 7 -8 -9 9 -11 -12 16 -14 14 15 -17 -18 25 -20 22 -22 -23 -24 -25 -26 -27 27 -29
leaf_value=-0.24148077277036811 -0.018422778946463412 -0.069666550570028893 -0.0076456657669477434 0.084689750538931949 0.34375244743014505 -0.69664456482638015 0.05718470706957756 -0.045879556408650435 -0.010476325181006007 -0.19893953889292085 0.088430584198666409 -0.22531325870881908 -0.75448169780629026 0.21336850873521856 0.15488125150800561 -0.095370771824097145 0.38301180377602573 -0.0082434060097356064 -0.47983064267784359 -0.64169464608797666 0.3078688700267902 -0.29967770583509057 -0.15009273290634154 -0.45828324830532069 0.67748080269123112 0.20190481988599104 -0.010171175471373967 -0.16432458493905142
leaf_weight=26 217 282 4164 27 148 22 427 71 519 318 759 23 21 37 368 147 24 112 48 26 39 89 32 20 27 98 21 20
leaf_count=26 217 282 4164 27 148 22 427 71 519 318 759 23 21 37 368 147 24 112 48 26 39 89 32 20 27 98 21 20
internal_value=-2.55681e-10 0.00121247 -0.00471368 0.0361712 0.0036235 0.0848946 0.130945 -0.199824 -0.00580169 -0.0820788 0.00716682 -0.162722 -0.334164 0.0578721 0.119453 0.0834501 0.0853208 -0.017192 -0.101999 -0.119225 -0.0836839 -0.124844 -0.370466 -0.146363 0.409166 0.0898258 -0.145949 -0.085368
internal_weight=8132 8065 6896 1169 6428 668 575 93 5760 837 4923 115 68 1054 579 515 47 475 265 468 410 371 58 47 64 210 67 41
internal_count=8132 8065 6896 1169 6428 668 575 93 5760 837 4923 115 68 1054 579 515 47 475 265 468 410 371 58 47 64 210 67 41
is_linear=0
shrinkage=0.03


Tree=387
num_leaves=31
num_cat=0
split_feature=1 1 0 62 44 43 17 18 54 17 20 17 63 19 24 63 18 32 54 5 54 44 13 54 62 19 0 43 42 47
split_gain=1558.84 5999.47 4176.06 5725.57 5424.24 5398.03 5308.23 5206.01 4801.03 4774.63 6503.65 4998.2 3756.8 3322.34 3520.86 6043.52 3400.97 5810.43 7292.26 5350.45 2718.52 3418.74 3315.42 2701.8 2683.4 9634.55 3201.36 2655.44 4053.51 2518.33
threshold=77.14626250000002 77.146786750000018 28.638037000000004 4.1450000000000005 3.4550000000000005 82.38333333333334 4002.5000000000005 6648.0000000000009 70.850000000000009 1857.5000000000002 13015.000000000002 1612.5000000000002 12.741428571428573 1.6541666666666668 450.67500000000001 21.841428571428576 6529.5000000000009 93.15000000000002 92.65000000000002 144.50000000000003 81.15000000000002 40.45000000000001 274.50000000000006 185.50000000000003 2.6050000000000004 12.016666666666667 28.712721700000003 58.866666666666674 21.650000000000002 32.615000000000009
decision_type=2 2 2 8 10 10 2 2 10 2 2 2 10 2 2 10 2 10 10 2 8 10 2 10 8 2 2 10 10 10
left_child=2 20 3 -1 -5 12 7 9 -7 11 -11 -4 -6 14 15 -3 24 18 -18 -19 21 29 -22 -24 25 -15 -26 28 -16 -2
right_child=1 13 6 4 5 8 -8 -9 -10 10 -12 -13 -14 16 27 -17 17 19 -20 -21 22 -23 23 -25 26 -27 -28 -29 -30 -31
leaf_value=0.33554115871319901 -0.018712114121662366 -0.74978463810682294 0.07597493047874615 -0.52198532152388766 -0.1624223738525282 0.55062044732272619 -0.3357774331783876 0.53645034245082313 -0.067631532266736016 -0.22577453038287817 0.055757201076790233 0.3376988849043846 -0.010472286387395136 0.73888266563415528 -0.23739993260456965 -0.021110033823975492 0.11903339941150719 -0.55280457950010886 0.68099586248397825 0.11158401608467101 -0.48298900728424393 0.18581023956835269 -0.24866966246441005 0.12253349293693899 0.0046201130407939788 0.024536872047650735 -0.064954683364307791 -0.25192147587475022 0.23506868917664345 -0.22943226074799894
leaf_weight=37 109 20 747 21 204 26 30 21 20 109 229 72 519 20 26 21 155 20 24 24 36 40 60 25 4541 113 685 38 44 96
leaf_count=37 109 20 747 21 204 26 30 21 20 109 229 72 519 20 26 21 155 20 24 24 36 40 60 25 4541 113 685 38 44 96
internal_value=1.02525e-10 -0.00758836 0.0227353 -0.0292049 -0.0462879 -0.0332975 0.0582936 0.0683294 0.281815 0.0598328 -0.0350326 0.0989836 -0.0533462 -6.78936e-05 -0.139875 -0.376561 0.00366397 0.118457 0.19438 -0.190411 -0.125347 -0.0678886 -0.24169 -0.139492 -0.00111284 0.131957 -0.00449943 -0.0500221 0.0595803 -0.117391
internal_weight=8132 6097 2035 827 790 769 1208 1178 46 1157 338 819 723 5731 149 41 5582 223 179 44 366 245 121 85 5359 133 5226 108 70 205
internal_count=8132 6097 2035 827 790 769 1208 1178 46 1157 338 819 723 5731 149 41 5582 223 179 44 366 245 121 85 5359 133 5226 108 70 205
is_linear=0
shrinkage=0.03


Tree=388
num_leaves=22
num_cat=0
split_feature=60 34 54 15 46 62 35 60 1 49 37 37 13 62 13 62 25 46 17 13 42
split_gain=1573.27 6769.99 4000.62 3971.27 4846.9 3479.14 2974.78 2084.73 2085.75 4978.77 5782.82 8323.06 5131.76 4547.16 3679.1 8787.03 4376.21 3508.87 4512.25 3596.65 2677.7
threshold=93.750000000000014 86.833333333333357 49.750000000000007 980.75000000000011 11.698333333333338 5.4850000000000012 181.50000000000003 89.250000000000014 77.131314500000016 135.38333333333335 423.50000000000006 380.16666666666669 283.50000000000006 30.309172661870509 314.50000000000006 76.126798561151091 5.5000000000000009 88.51666666666668 2147.5000000000005 297.50000000000006 28.750000000000004
decision_type=10 10 10 2 8 8 10 10 2 8 10 10 2 10 2 10 2 8 2 2 8
left_child=7 2 -2 4 -4 -5 -7 8 9 10 11 -1 13 -11 17 16 -16 19 -19 -10 -14
right_child=1 -3 3 5 -6 6 -8 -9 14 12 -12 -13 20 -15 15 -17 -18 18 -20 -21 -22
leaf_value=0.049732613501669201 0.27024044379591938 -0.49912532135844234 -0.63049061049114563 0.38254744103550908 -0.00075668051500212062 0.10712965971436994 -0.36846012756228447 0.22975666463375091 -0.010960941074226979 0.40350616449659515 -0.41248238941249643 0.44619266358017923 -0.54509659131722799 -0.12276665511727333 0.08236281843620008 0.69298799514770504 -0.23734192303793375 0.01003050048613093 0.17571147340437326 -0.081015904354314675 -0.16056823753393612
leaf_weight=1017 36 30 22 20 22 29 20 36 4495 22 23 50 28 45 371 20 43 810 181 773 39
leaf_count=1017 36 30 22 20 22 29 20 36 4495 22 23 50 28 45 371 20 43 810 181 773 39
internal_value=-6.5052e-11 -0.0879555 -0.00516965 -0.0929109 -0.315624 0.0491088 -0.0869886 0.00197963 0.000943893 0.0369513 0.0581657 0.0683109 -0.135614 0.0500393 -0.00564105 0.0788264 0.0491568 -0.011498 0.0402911 -0.0212405 -0.321267
internal_weight=8132 179 149 113 44 69 49 7953 7917 1224 1090 1067 134 67 6693 434 414 6259 991 5268 67
internal_count=8132 179 149 113 44 69 49 7953 7917 1224 1090 1067 134 67 6693 434 414 6259 991 5268 67
is_linear=0
shrinkage=0.03


Tree=389
num_leaves=30
num_cat=0
split_feature=24 57 31 60 58 57 62 19 58 19 6 61 55 56 6 45 38 61 21 60 54 41 43 30 38 13 41 41 34
split_gain=1532.44 5033.29 8044.13 4442.22 4977.58 4202.51 5855.55 5240.76 4417.41 4022.38 3972.78 10472.3 8002.43 6101.63 5574.5 7345.02 6811.55 5357.45 5021.18 6505.94 6248.81 4644.89 6779.62 4756.59 3143.34 3074.76 2991.19 3161.51 2413.16
threshold=2958.5050000000006 310.78571428571433 3856.6792857142859 73.850000000000009 33.350000000000001 231.64285714285717 27.150000000000002 14.254166666666668 67.350000000000009 10.502083333333335 2756.5350000000003 21.63571428571429 189.13571428571433 291.50000000000006 1956.9300000000003 7.5150000000000006 46.650000000000013 28.642857142857142 233.50000000000003 16.750000000000004 46.95000000000001 46.650000000000013 57.716666666666676 2637.4600000000005 48.95000000000001 107.50000000000001 118.50000000000001 101.50000000000001 110.35000000000004
decision_type=2 10 2 10 10 10 8 2 8 2 2 8 10 8 2 10 8 10 2 8 8 10 10 2 10 2 10 10 10
left_child=10 3 -3 5 -5 6 28 -8 9 -7 14 -12 13 17 18 16 -16 -13 26 24 -21 23 -23 -17 -20 -6 27 -1 -2
right_child=1 2 -4 4 25 8 7 -9 -10 -11 11 12 -14 -15 15 21 -18 -19 19 20 -22 22 -24 -25 -26 -27 -28 -29 -30
leaf_value=0.0016689985854961642 0.0095745400029538866 0.59855459054311111 -0.044901856920298411 0.62825450653955339 0.30087818612312445 0.16169785797595976 0.65659330889582634 0.007646336129733494 -0.44850338170925774 -0.22819249497218566 0.39901007244735953 -0.58966860943370392 -0.72834775157596754 0.29104358447285794 0.077676913479100107 -0.13241212821334872 0.77444213786295479 -0.12526396379075372 -0.20765547071184431 0.27888646397473554 -0.10904752901087687 0.52210612288431124 -0.13964787686412986 0.2695666318620954 -0.73316913700103759 -0.13232667994499206 -0.26362394962459801 0.26592381169883217 -0.33588737601041796
leaf_weight=6591 202 36 34 20 29 42 24 21 36 55 30 27 23 26 23 109 28 130 21 42 339 38 22 35 20 30 38 41 20
leaf_count=6591 202 36 34 20 29 42 24 21 36 55 30 27 23 26 23 109 28 130 21 42 339 38 22 35 20 30 38 41 20
internal_value=-3.0992e-10 0.0484003 0.286019 0.0136753 0.21925 -0.0269257 0.0417046 0.353751 -0.164702 -0.059374 -0.00350413 -0.124661 -0.200923 -0.134635 0.000387661 0.138199 0.460215 -0.20513 -0.00456747 -0.104924 -0.0662832 0.0576946 0.279463 -0.034709 -0.464004 0.0806045 0.00178194 0.00330266 -0.0215482
internal_weight=8132 549 70 479 79 400 267 45 133 97 7583 236 206 183 7347 255 51 157 7092 422 381 204 60 144 41 59 6670 6632 222
internal_count=8132 549 70 479 79 400 267 45 133 97 7583 236 206 183 7347 255 51 157 7092 422 381 204 60 144 41 59 6670 6632 222
is_linear=0
shrinkage=0.03


Tree=390
num_leaves=31
num_cat=0
split_feature=1 38 56 38 12 54 54 40 58 56 60 62 64 37 36 54 61 43 58 12 20 54 33 8 35 19 8 59 65 58
split_gain=1554.82 2462.43 5575.93 5791.58 3687.84 3528.06 3580.68 3451.48 3600.66 3181.76 2151.38 5821.79 7402.11 7070.08 11163.4 8430.14 7363.05 6699.06 6691.15 6646.35 4421.23 7663.92 5500.88 3434.98 3243.01 9810.64 6609.39 3680.02 5118.41 4647.56
threshold=77.309166200000007 41.95000000000001 346.50000000000006 36.150000000000013 9.3500000000000032 66.950000000000017 41.850000000000001 45.95000000000001 41.95000000000001 225.50000000000003 24.250000000000004 89.950000000000003 197.65000000000001 234.83333333333334 246.50000000000003 36.050000000000004 31.678571428571431 16.050000000000004 68.250000000000014 6.3500000000000005 2250.0000000000005 163.50000000000003 114.50000000000001 28.850000000000005 485.50000000000006 11.893750000000002 18.950000000000003 44.664285714285725 61.227857142857147 64.350000000000009
decision_type=2 10 8 8 2 10 10 10 8 8 8 8 8 10 10 10 10 10 10 2 2 10 10 2 10 2 2 8 8 10
left_child=10 2 3 5 7 6 -2 -3 -9 -10 11 13 18 14 16 -15 -1 -14 -13 -17 21 22 -12 -19 27 26 -26 29 -29 -22
right_child=1 4 -4 -5 -6 -7 -8 8 9 -11 20 12 17 15 -16 19 -18 23 -20 -21 24 -23 -24 -25 25 -27 -28 28 -30 -31
leaf_value=-0.00023338526369116153 -0.24517324720110212 -0.29956439502861187 0.61418358973094389 0.48698853116482493 -0.29536652684211728 -0.38943582926318043 0.2407161643871894 0.38580864455430741 0.25804629481116004 -0.039935869569348734 0.3111354390212468 0.15232748201116919 -0.3990030687249132 -0.72637055669512074 0.49747529403551621 -0.19839736704878946 -0.19548757245935197 0.04212928640295048 0.83197241403839806 0.029378207000526221 -0.010426519987657552 0.56173150215830125 -0.36767816516486079 0.46492874575512744 -0.32814230620861057 -0.70820033653922709 0.22824796106504358 0.20606534860485434 0.024960620761341624 -0.41331580473826479
leaf_weight=1536 21 23 21 24 32 20 39 31 43 129 21 32 28 21 38 306 196 98 22 185 2899 35 22 21 33 23 46 151 2010 26
leaf_count=1536 21 23 21 24 32 20 39 31 43 129 21 32 28 21 38 306 196 98 22 185 2899 35 22 21 33 23 46 151 2010 26
internal_value=-4.12788e-11 0.0590046 0.168289 0.0782529 0.00605667 -0.0443678 0.0706549 0.0487361 0.0881987 0.0345597 -0.00291635 -0.0259365 0.128846 -0.0395698 -0.0111695 -0.137751 -0.0223291 0.018504 0.42922 -0.112576 0.00793803 0.232122 -0.0361645 0.116741 0.00456749 -0.162921 -0.00416823 0.00792647 0.0376153 -0.0140078
internal_weight=8132 383 125 104 258 80 60 226 203 172 7749 2483 201 2282 1770 512 1732 147 54 491 5266 78 43 119 5188 102 79 5086 2161 2925
internal_count=8132 383 125 104 258 80 60 226 203 172 7749 2483 201 2282 1770 512 1732 147 54 491 5266 78 43 119 5188 102 79 5086 2161 2925
is_linear=0
shrinkage=0.03


Tree=391
num_leaves=31
num_cat=0
split_feature=16 16 26 60 25 57 5 20 62 35 47 56 40 22 7 40 56 16 20 62 20 63 18 22 7 59 1 5 37 18
split_gain=1582.23 6761.82 15066.9 9056.06 6232.85 6048.42 5552.14 9753.68 8151.56 8122.31 9955.76 6488.93 5616.11 5624.18 5524.56 6775.14 7520.72 5467.33 5343.62 7885.81 6692.38 11052.2 8643.94 4719.13 5607.74 4645.92 4654.98 4177.29 7269.82 6029.04
threshold=17.650000000000002 16.950000000000003 2.5000000000000004 32.45000000000001 1.5000000000000002 204.07142857142858 16.500000000000004 18763.250000000004 19.850000000000005 217.50000000000003 43.295000000000009 86.15000000000002 6.2766666666666682 11.500000000000002 94.990000000000023 33.183333333333344 177.50000000000003 18.550000000000004 20039.500000000004 31.650000000000002 17182.000000000004 17.507142857142863 6188.5000000000009 191.00000000000003 66.985000000000014 36.578571428571436 77.14626250000002 106.50000000000001 207.50000000000003 6254.5000000000009
decision_type=2 2 2 10 2 10 2 2 10 10 8 10 10 2 2 10 10 2 2 8 2 10 2 2 2 10 2 2 10 2
left_child=1 14 3 -3 5 -4 11 8 9 17 -11 -2 13 -13 18 -16 -17 -8 20 -20 22 -22 -1 -6 -25 -10 -27 28 -9 -30
right_child=6 2 4 -5 23 -7 7 27 25 10 -12 12 -14 -15 15 16 -18 -19 19 -21 21 -23 -24 24 -26 26 -28 -29 29 -31
leaf_value=0.0022982250944832165 -0.028582361538012396 1.1241018698215486 0.42151836521004976 0.22130333340167999 -0.059872784500679593 -0.084467922985553737 -0.26278508170756676 0.038545697377638737 -0.14078273776739117 -0.75093166974750725 -0.21645696677195214 0.10753047348931431 0.077758221052629278 0.68435266589296273 -0.12354123771190643 0.1026798925101757 0.92539770698547352 -0.043106396922335512 0.046080960571765896 -0.65395232345376697 0.60414398381876389 -0.017744421064853667 -0.20342078132545285 0.30946027455506503 -0.12839536804419296 0.18362244259731919 -0.025449674205794449 -0.0015669874679483009 0.77050635282809921 0.16740587975404092
leaf_weight=3505 643 20 73 20 263 30 131 157 166 37 206 32 529 29 24 20 20 460 30 28 43 64 194 81 39 146 279 802 26 35
leaf_count=3505 643 20 73 20 263 30 131 157 166 37 206 32 529 29 24 20 20 460 30 28 43 64 194 81 39 146 279 802 26 35
internal_value=2.00968e-10 0.0120251 0.113037 0.672703 0.0669735 0.274144 -0.0145622 -0.0407373 -0.0914315 -0.151833 -0.297838 0.0373421 0.109189 0.381757 -0.00150139 0.274946 0.514039 -0.0918 -0.00608024 -0.291866 -0.00172512 0.232173 -0.00849104 0.0112593 0.167157 -0.00619546 0.0463727 0.0300856 0.146532 0.424465
internal_weight=8132 4454 526 40 486 103 3678 2445 1425 834 243 1233 590 61 3928 64 40 591 3864 58 3806 107 3699 383 120 591 425 1020 218 61
internal_count=8132 4454 526 40 486 103 3678 2445 1425 834 243 1233 590 61 3928 64 40 591 3864 58 3806 107 3699 383 120 591 425 1020 218 61
is_linear=0
shrinkage=0.03


end of trees

feature_importances:
pm10_lag1=590
wind_gusts_mean=503
wind_direction_dominant=392
dewpoint_mean=363
wind_speed_mean=345
longitude=296
radiation_sum=293
blh_max=271
pressure_mean=260
pm10_roll3=253
regional_max_frp=251
pm10_roll7=251
regional_fire_count=246
regional_fire_count_lag1=246
temp_max=228
regional_total_frp_lag3=224
pm25_lag1=205
ventilation_proxy=200
humidity_mean=186
precipitation=186
regional_fire_count_lag2=184
o3_driver=181
latitude=173
temp_min=172
pm10_lag2=168
station_id=158
regional_total_frp=148
pm10_lag7=148
pm25_lag7=147
o3_lag7=146
no2_lag7=144
pm25_lag2=143
temp_mean=142
regional_fire_count_roll3=136
month=128
no_lag1=127
no_roll7=123
regional_fire_count_roll7=117
no_lag2=116
regional_total_frp_roll3=112
no2_lag1=111
o3_lag1=107
fire_wind_interaction=107
no_lag7=104
nox_lag1=101
day_of_week=95
regional_total_frp_lag1=93
pm25_roll3=92
regional_total_frp_roll7=87
o3_roll3=86
o3_lag2=80
nox_lag2=79
o3_roll7=79
no2_roll3=73
no2_lag2=69
no_roll3=66
nox_lag7=66
pm25_roll7=55
no2_roll7=51
nox_roll7=46
nox_roll3=42
ventilation=39
wind_toward_delhi=18
is_holiday=7
is_diwali_week=6
is_stubble_season=5
local_max_frp=1

parameters:
[boosting: gbdt]
[objective: regression]
[metric: l2]
[tree_learner: serial]
[device_type: cpu]
[data_sample_strategy: bagging]
[data: ]
[valid: ]
[num_iterations: 500]
[learning_rate: 0.03]
[num_leaves: 31]
[num_threads: 10]
[seed: 42]
[deterministic: 0]
[force_col_wise: 0]
[force_row_wise: 0]
[histogram_pool_size: -1]
[max_depth: 6]
[min_data_in_leaf: 20]
[min_sum_hessian_in_leaf: 0.001]
[bagging_fraction: 0.8]
[pos_bagging_fraction: 1]
[neg_bagging_fraction: 1]
[bagging_freq: 0]
[bagging_seed: 400]
[bagging_by_query: 0]
[feature_fraction: 0.8]
[feature_fraction_bynode: 1]
[feature_fraction_seed: 30056]
[extra_trees: 0]
[extra_seed: 12879]
[early_stopping_round: 0]
[early_stopping_min_delta: 0]
[first_metric_only: 0]
[max_delta_step: 0]
[lambda_l1: 0]
[lambda_l2: 0]
[linear_lambda: 0]
[min_gain_to_split: 0]
[drop_rate: 0.1]
[max_drop: 50]
[skip_drop: 0.5]
[xgboost_dart_mode: 0]
[uniform_drop: 0]
[drop_seed: 17869]
[top_rate: 0.2]
[other_rate: 0.1]
[min_data_per_group: 100]
[max_cat_threshold: 32]
[cat_l2: 10]
[cat_smooth: 10]
[max_cat_to_onehot: 4]
[top_k: 20]
[monotone_constraints: ]
[monotone_constraints_method: basic]
[monotone_penalty: 0]
[feature_contri: ]
[forcedsplits_filename: ]
[refit_decay_rate: 0.9]
[cegb_tradeoff: 1]
[cegb_penalty_split: 0]
[cegb_penalty_feature_lazy: ]
[cegb_penalty_feature_coupled: ]
[path_smooth: 0]
[interaction_constraints: ]
[verbosity: -1]
[saved_feature_importance_type: 0]
[use_quantized_grad: 0]
[num_grad_quant_bins: 4]
[quant_train_renew_leaf: 0]
[stochastic_rounding: 1]
[linear_tree: 0]
[max_bin: 255]
[max_bin_by_feature: ]
[min_data_in_bin: 3]
[bin_construct_sample_cnt: 200000]
[data_random_seed: 175]
[is_enable_sparse: 1]
[enable_bundle: 1]
[use_missing: 1]
[zero_as_missing: 0]
[feature_pre_filter: 1]
[pre_partition: 0]
[two_round: 0]
[header: 0]
[label_column: ]
[weight_column: ]
[group_column: ]
[ignore_column: ]
[categorical_feature: ]
[forcedbins_filename: ]
[precise_float_parser: 0]
[parser_config_file: ]
[objective_seed: 16083]
[num_class: 1]
[is_unbalance: 0]
[scale_pos_weight: 1]
[sigmoid: 1]
[boost_from_average: 1]
[reg_sqrt: 0]
[alpha: 0.9]
[fair_c: 1]
[poisson_max_delta_step: 0.7]
[tweedie_variance_power: 1.5]
[lambdarank_truncation_level: 30]
[lambdarank_norm: 1]
[label_gain: ]
[lambdarank_position_bias_regularization: 0]
[eval_at: ]
[multi_error_top_k: 1]
[auc_mu_weights: ]
[num_machines: 1]
[local_listen_port: 12400]
[time_out: 120]
[machine_list_filename: ]
[machines: ]
[gpu_platform_id: -1]
[gpu_device_id: -1]
[gpu_device_id_list: ]
[gpu_use_dp: 0]
[num_gpu: 1]

end of parameters

pandas_categorical:[]
