tree
version=v4
num_class=1
num_tree_per_iteration=1
label_index=0
max_feature_idx=68
objective=regression
feature_names=latitude longitude local_fire_count local_total_frp local_max_frp regional_fire_count regional_total_frp regional_max_frp temp_mean temp_max temp_min humidity_mean wind_speed_mean wind_direction_dominant precipitation pressure_mean wind_gusts_mean blh_max radiation_sum dewpoint_mean ventilation_proxy regional_fire_count_lag1 regional_fire_count_lag2 regional_total_frp_lag1 regional_total_frp_lag3 day_of_week month is_stubble_season regional_fire_count_roll3 regional_fire_count_roll7 regional_total_frp_roll3 regional_total_frp_roll7 pm25_lag1 pm25_lag2 pm25_roll3 pm10_lag1 pm10_lag2 pm10_roll3 no2_lag1 no2_lag2 no2_roll3 o3_lag1 o3_lag2 o3_roll3 no_lag1 no_lag2 no_roll3 nox_lag1 nox_lag2 nox_roll3 wind_toward_delhi fire_wind_interaction ventilation o3_driver pm25_lag7 pm25_roll7 pm10_lag7 pm10_roll7 no2_lag7 no2_roll7 o3_lag7 o3_roll7 no_lag7 no_roll7 nox_lag7 nox_roll7 is_diwali_week is_holiday station_id
feature_infos=[28.474260999999998:28.815328999999998] [77.071900600000006:77.316032000000007] [0:1] [0:1.1469000000000049] [0:0.84035000000000759] [0:2278] [0:14984.35] [0:161.94] [10.800000000000001:37.100000000000001] [16.399999999999999:43.100000000000001] [6.5999999999999996:30.600000000000001] [11:94] [2.2000000000000002:15.9] [10:359] [0:41.5] [971.70000000000005:996.89999999999998] [7.4000000000000004:31.899999999999999] [480:5135] [1364:7020.9350000000059] [-2.4125000000000001:26.108333333333334] [1947:42350] [0:2278] [0:2278] [0:14984.35] [0:14984.35] [0:6] [1:12] [0:1] [0:2157.6666666666665] [0.8571428571428571:1976.7142857142856] [0:14015.953333333331] [1.1742857142854544:12387.084285714289] [1.3300000000000001:600] [1.3300000000000001:600] [5.506666666666665:481.66666666666669] [0:847] [0:847] [5.6733333333333329:722] [0:205] [0:205] [0.87133333333333329:192.66666666666663] [0:277] [0:277] [0.313:215.66666666666663] [0.32700000000000001:324] [0.32700000000000001:324] [0.91433333333332856:251] [3.0099999999999998:433] [3.0099999999999998:433] [3.8140000000000001:377] [0:1] [0:14984.35] [1947:42350] [24927.499999999996:288501.20000000001] [1.3300000000000001:600] [9.6999999999999993:356.71428571428572] [0:847] [23.666666666666668:650.28571428571433] [0:205] [0.87600000000000011:138.42857142857142] [0:277] [0.313:179.57142857142858] [0.32700000000000001:324] [1.0078571428571428:230] [3.0099999999999998:433] [4.085:362] [0:1] [0:1] [0:26]
tree_sizes=2666 2701 2691 2697 2692 2708 2719 2721 2705 2707 2720 2709 2735 2717 2709 2712 2735 2707 2694 2702 2727 2699 2705 2705 2722 2714 2715 2697 2746 2737 2725 2721 2745 2722 2733 2728 2720 2732 2740 2735 2730 2737 2722 2731 2728 2743 2763 2739 2751 2738 2747 2735 2752 2750 2727 2731 2757 2742 2733 2751 2748 2773 2740 2750 2759 2745 2759 2741 2760 2759 2734 2750 2771 2748 2717 2740 2767 2762 2766 2735 2728 2758 2769 2760 2750 2771 2749 2777 2774 2736 2758 2773 2779 2759 2741 2778 2782 2762 2767 2765 2760 2720 2774 2749 2737 2736 2759 2586 2734 2773 2735 2737 2754 2756 2767 2747 2781 2789 2772 2734 2661 2740 2791 2416 2451 2755 2764 2740 2780 2441 2759 2762 2614 2778 2769 2752 2760 2173 2433 2773 2751 2787 2776 2761 2782 2743 2759 2592 2793 2772 2426 2366 2106 2770 2781 1924 2797

Tree=0
num_leaves=31
num_cat=0
split_feature=34 34 34 26 16 34 12 16 34 34 35 16 16 20 22 6 21 26 18 10 30 17 13 5 29 18 12 34 35 16
split_gain=2.2569e+07 2.76002e+06 2.69628e+06 906242 669696 593913 487216 442844 375419 361939 357264 282497 261806 210373 196873 166246 147697 139473 129499 115011 109254 100907 93242.2 102665 74750.3 74054.6 73060.4 73046.2 59833.3 49597.4
threshold=120.75000000000004 215.50000000000003 57.866666666666667 9.5000000000000018 18.450000000000003 88.566666666666677 2.8500000000000005 15.350000000000003 259.50000000000006 35.083333333333336 314.50000000000006 20.550000000000004 17.650000000000002 2250.0000000000005 1727.0000000000002 2958.5050000000006 432.50000000000006 9.5000000000000018 4052.0000000000005 18.800000000000001 1677.7233333333334 1307.5000000000002 121.50000000000001 180.50000000000003 98.642857142857153 6644.5000000000009 7.3500000000000005 72.533333333333374 185.50000000000003 10.450000000000001
decision_type=10 10 8 2 2 10 2 2 10 10 10 2 2 2 2 2 2 2 2 2 2 2 2 2 2 2 2 8 10 2
left_child=2 3 9 7 6 12 -3 22 19 -1 15 17 27 -12 21 20 -10 28 -15 -8 -5 -11 -2 -24 -6 -14 -9 -4 -7 -19
right_child=1 4 5 10 24 11 8 26 16 14 13 -13 25 18 -16 -17 -18 29 -20 -21 -22 -23 23 -25 -26 -27 -28 -29 -30 -31
leaf_value=88.489043585320147 93.974147369053028 99.397064048435311 89.915383351417404 92.384822661557308 90.793013945152381 90.224189948544122 94.463579895129698 91.231520367813701 95.55906527714366 88.805541173999089 96.423314043666949 89.887054951398085 89.398940000199104 93.139709412599629 92.077914004947772 90.607463937796595 97.695519930788251 92.912136578654952 94.434671179293673 92.64630048139361 93.553033804163476 89.275408987741841 91.885492873170662 93.705189030553925 92.831031397446282 90.27075144789346 90.246333493981325 90.48822423264437 90.975913698249613 91.558813967594219
leaf_weight=1569 27 24 425 346 25 125 205 109 203 694 24 278 1013 239 20 40 34 31 98 37 91 1010 218 32 46 96 179 379 401 114
leaf_count=1569 27 24 425 346 25 125 205 109 203 694 24 278 1013 239 20 40 34 31 98 37 91 1010 218 32 46 96 179 379 401 114
internal_value=90.2998 93.0884 89.4041 92.3715 94.8409 90.0776 95.2259 91.4429 95.0169 88.8187 92.9975 90.6912 89.7732 93.7096 89.1188 92.4586 95.8656 91.0244 93.5163 94.1857 92.6281 89.084 92.2993 92.1184 92.1134 89.4744 90.6192 90.1854 90.7973 91.8481
internal_weight=8132 1977 6155 1403 574 2862 503 565 479 3293 838 949 1913 361 1724 477 237 671 337 242 437 1704 277 250 71 1109 288 804 526 145
internal_count=8132 1977 6155 1403 574 2862 503 565 479 3293 838 949 1913 361 1724 477 237 671 337 242 437 1704 277 250 71 1109 288 804 526 145
is_linear=0
shrinkage=1


Tree=1
num_leaves=31
num_cat=0
split_feature=55 32 32 32 32 32 32 16 16 16 12 12 19 21 28 16 5 32 22 26 55 10 5 13 15 19 9 14 58 13
split_gain=2.19742e+07 3.19014e+06 2.78855e+06 595724 592643 572340 357618 354725 341486 316128 275750 269813 215152 195885 180608 167362 149267 142486 137192 110949 104214 97505.6 139014 91364.4 82750.2 79261.4 75685.6 75677.3 70129.9 69815.4
threshold=120.62142857142858 212.50000000000003 57.650000000000013 102.50000000000001 292.50000000000006 153.50000000000003 35.650000000000013 11.550000000000002 13.850000000000003 11.950000000000001 7.8500000000000005 3.2500000000000004 8.6916666666666682 7.5000000000000009 391.33333333333343 18.450000000000003 2024.5000000000002 77.050000000000011 423.50000000000006 10.500000000000002 162.21428571428575 14.850000000000003 175.00000000000003 178.00000000000003 986.6500000000002 18.137500000000006 26.950000000000003 1.0000000180025095e-35 18.350000000000005 90.500000000000014
decision_type=10 10 8 10 10 10 10 2 2 2 2 2 2 2 2 2 2 8 2 2 10 2 2 2 2 2 2 2 10 2
left_child=2 5 6 10 7 13 -1 23 14 -7 16 -6 18 -2 -5 -14 17 -4 -9 -13 24 22 -11 -3 -15 -8 -21 -10 -22 -12
right_child=1 4 3 8 11 9 25 12 27 21 29 19 15 20 -16 -17 -18 -19 -20 26 28 -23 -24 -25 -26 -27 -28 -29 -30 -31
leaf_value=-1.7484135156315816 -0.57147942522371353 6.6107720637965839 -0.46500617706218195 1.3956733979488447 9.0167518018639612 3.7103759559365206 -0.87101241727782919 3.7316978998019779 0.41326351539027401 2.110584807422426 -1.5842491445039448 3.450318386077881 3.2691170170131851 0.12141521759195761 4.1653828628540044 1.0900715468480038 1.8626202149824662 0.17801132262639097 5.8030932546216381 5.5091539641789025 3.5946794512055136 1.2618500638959638 3.6559612092238205 4.8043288508548008 1.368563087725156 -1.3016260792891676 7.3347692321777345 -0.55696916824827591 1.8220586303673538 -0.72369978505515753
leaf_weight=1775 44 37 703 139 23 172 638 87 369 270 95 20 170 55 25 39 33 555 43 112 22 83 65 79 370 969 25 90 231 794
leaf_count=1775 44 37 703 139 23 172 638 87 369 270 95 20 170 55 25 39 33 555 43 112 22 83 65 79 370 969 25 90 231 794
internal_value=-2.97476e-09 2.77949 -0.874967 -0.175261 4.52501 1.93467 -1.45488 3.94856 0.642857 2.62782 -0.409063 5.98215 3.45856 1.36825 1.81789 2.8625 -0.129076 -0.181322 4.41685 5.53758 1.49414 2.18237 2.41043 5.38052 1.20717 -1.13067 5.8423 0.223022 1.9762 -0.81566
internal_weight=8132 1947 6185 2803 635 1312 3382 455 623 590 2180 180 339 722 164 209 1291 1258 130 157 678 418 335 116 425 1607 137 459 253 889
internal_count=8132 1947 6185 2803 635 1312 3382 455 623 590 2180 180 339 722 164 209 1291 1258 130 157 678 418 335 116 425 1607 137 459 253 889
is_linear=0
shrinkage=0.03


Tree=2
num_leaves=31
num_cat=0
split_feature=55 32 32 32 32 32 16 16 32 16 12 51 30 12 16 5 12 16 30 18 26 51 32 19 7 6 18 9 11 55
split_gain=2.06755e+07 3.00161e+06 2.62374e+06 563725 557618 539194 399367 342100 336482 333760 253867 250243 217523 162406 159051 155459 133790 118224 128952 110522 104392 97416.7 92832.2 88181 81040.5 79884.9 74566.1 71212.6 54274.7 52782
threshold=120.62142857142858 212.50000000000003 57.650000000000013 89.050000000000011 292.50000000000006 144.50000000000003 13.850000000000003 11.950000000000001 35.650000000000013 11.550000000000002 3.2500000000000004 1622.1450000000002 1820.3616666666669 7.9500000000000011 18.450000000000003 2024.5000000000002 7.8500000000000005 20.400000000000002 2724.5016666666675 4778.0000000000009 10.500000000000002 1875.4150000000002 108.50000000000001 13.4 14.750000000000002 41.535000000000004 3569.5000000000005 26.950000000000003 47.500000000000007 63.307142857142857
decision_type=10 10 8 10 10 10 2 2 10 2 2 2 2 2 2 2 2 2 2 2 2 2 10 2 2 2 2 2 2 8
left_child=2 5 8 13 9 17 12 26 -1 24 -6 14 -5 15 -11 29 -8 18 22 21 -12 -9 -2 -18 -3 -10 -7 -22 -15 -4
right_child=1 4 3 6 10 7 16 19 25 11 20 -13 -14 28 -16 -17 23 -19 -20 -21 27 -23 -24 -25 -26 -27 -28 -29 -30 -31
leaf_value=-1.6959611167928283 0.69166273167345427 6.5616607208251949 -0.56829892570311569 1.115664070924836 8.7462491674008565 4.160944513841109 0.37965080140097923 1.9969728889443359 -1.4517620873451231 3.2219705634236893 3.3468088645935059 4.7862813273969902 3.9209614501680647 -0.60896666832148705 1.2027800152982984 2.0732785606384279 -0.042464713471863653 0.22476717126838278 3.114380333101427 -0.1523870116174221 5.3438792937142505 3.5810350438168173 1.5649995414350559 -1.0793415832930597 4.7507733189782426 -0.9707253482722964 2.9869376393414417 7.1147261901855465 -1.1425391866525265 -0.1388970579583442
leaf_weight=1775 163 30 446 223 23 88 461 434 421 214 20 83 28 374 42 25 203 89 37 20 112 38 334 116 86 1186 109 25 317 610
leaf_count=1775 163 30 446 223 23 88 461 434 421 214 20 83 28 374 42 25 203 89 37 20 112 38 334 116 86 1186 109 25 317 610
internal_value=1.84031e-09 2.69611 -0.848718 -0.170004 4.38926 1.87663 0.387755 2.45495 -1.41124 3.8301 5.80268 3.35481 1.42861 -0.494523 2.8907 -0.2649 0.0528142 1.23706 1.40577 2.03195 5.37146 2.1245 1.27857 -0.419511 5.21911 -1.09675 3.51137 5.66703 -0.853746 -0.320254
internal_weight=8132 1947 6185 2803 635 1312 1031 689 3382 455 180 339 251 1772 256 1081 780 623 534 492 157 472 497 319 116 1607 197 137 691 1056
internal_count=8132 1947 6185 2803 635 1312 1031 689 3382 455 180 339 251 1772 256 1081 780 623 534 492 157 472 497 319 116 1607 197 137 691 1056
is_linear=0
shrinkage=0.03


Tree=3
num_leaves=31
num_cat=0
split_feature=55 32 32 32 32 12 32 32 16 16 12 51 16 21 16 5 24 26 21 55 21 8 19 19 13 31 9 19 11 21
split_gain=1.94536e+07 2.82421e+06 2.47172e+06 524663 509949 477562 409399 373931 314035 280029 238864 235454 193657 179770 149651 115769 105944 98222.1 95828.6 93245.6 93223.9 103015 92260.3 90722.4 82316.9 67277.2 67004 64208.2 62368.3 62127.3
threshold=120.62142857142858 212.50000000000003 61.550000000000004 292.50000000000006 153.50000000000003 7.8500000000000005 38.050000000000004 92.450000000000017 11.550000000000002 11.950000000000001 3.2500000000000004 1622.1450000000002 11.950000000000001 7.5000000000000009 18.450000000000003 512.00000000000011 7799.380000000001 10.500000000000002 661.00000000000011 170.03571428571431 30.500000000000004 21.750000000000004 12.991666666666669 20.695833333333336 178.00000000000003 11256.901428571431 26.950000000000003 18.137500000000006 65.500000000000014 92.500000000000014
decision_type=10 10 10 10 10 2 8 10 2 2 2 2 2 2 2 2 2 2 2 10 2 2 2 2 2 2 2 2 2 2
left_child=2 4 6 8 13 7 28 16 24 29 -5 14 15 -2 -10 -9 27 -12 19 -15 -11 -22 -7 25 -3 -8 -19 -4 -1 -6
right_child=1 3 5 10 9 22 23 12 11 20 17 -13 -14 18 -16 -17 -18 26 -20 -21 21 -23 -24 -25 -26 -27 -28 -29 -30 -31
leaf_value=-1.2825137018898258 -0.57255522299388595 6.2302819618018894 -0.089089656307599047 8.4838617673127548 2.7243631159086696 -0.32532606302750217 -0.82072711816848976 1.4363173797484989 3.1253114260022885 0.2400990306213498 3.246404640197754 4.64269290878112 0.55926075633500338 1.0738095910492398 1.1666966135054826 3.873134944749915 1.6897336652543811 5.1835630028588424 2.812098127654413 1.8602353967756642 2.412706145120505 1.2123645425725866 -0.92170679242303977 -1.2256725874926884 4.5156127963488615 0.85772915319962928 6.9012844299316409 -0.715776394580667 -1.6963039224715459 3.9161549088761611
leaf_weight=414 44 37 719 23 61 451 932 74 214 24 20 83 545 441 42 23 27 112 41 196 313 81 484 734 79 22 25 185 1575 111
leaf_count=414 44 37 719 23 61 451 932 74 214 24 20 83 545 441 42 23 27 112 41 196 313 81 484 734 79 22 25 185 1575 111
internal_value=-2.09285e-09 2.61523 -0.823257 4.25758 1.82034 -0.0970944 -1.31856 0.22207 3.7152 2.47461 5.6286 3.25416 0.779076 1.28568 2.80398 2.01412 -0.162031 5.21031 1.40627 1.31579 2.05536 2.16594 -0.634041 -0.974936 5.06253 -0.782021 5.49702 -0.217339 -1.61018 3.49348
internal_weight=8132 1947 6185 635 1312 2508 3677 1573 455 590 180 339 642 722 256 97 931 157 678 637 418 394 935 1688 116 954 137 904 1989 172
internal_count=8132 1947 6185 635 1312 2508 3677 1573 455 590 180 339 642 722 256 97 931 157 678 637 418 394 935 1688 116 954 137 904 1989 172
is_linear=0
shrinkage=0.03


Tree=4
num_leaves=31
num_cat=0
split_feature=55 32 32 32 32 32 16 16 16 32 12 51 28 12 6 21 16 12 18 21 21 22 52 19 7 18 55 6 55 11
split_gain=1.83039e+07 2.6573e+06 2.3308e+06 554694 493655 480446 358929 304486 295476 245842 224747 221538 193550 150358 161179 143828 140806 115859 102919 111855 101707 86034.4 82405.6 80229.7 72791.1 69434.9 67813 66627.6 57621 52680.3
threshold=120.62142857142858 212.50000000000003 55.050000000000004 89.050000000000011 292.50000000000006 144.50000000000003 13.850000000000003 11.950000000000001 11.550000000000002 34.95000000000001 3.2500000000000004 1622.1450000000002 391.33333333333343 7.9500000000000011 12260.245000000001 7.5000000000000009 18.450000000000003 7.8500000000000005 4778.0000000000009 30.500000000000004 661.00000000000011 133.50000000000003 6434.5000000000009 13.4 14.750000000000002 3569.5000000000005 170.03571428571431 41.535000000000004 62.164285714285725 49.500000000000007
decision_type=10 10 8 10 10 10 2 2 2 10 2 2 2 2 2 2 2 2 2 2 2 2 2 2 2 2 10 2 8 2
left_child=2 5 9 13 8 15 12 25 24 -1 -6 16 -5 14 28 -2 -10 -8 19 -9 26 22 -12 -19 -3 -7 -17 -11 -4 -15
right_child=1 4 3 6 10 7 17 18 11 27 21 -13 -14 29 -16 20 -18 23 -20 -21 -22 -23 -24 -25 -26 -27 -28 -29 -30 -31
leaf_value=-1.6070694764891957 -0.57821860603988173 6.1830464630126949 -0.58386676293571049 1.0586911999791726 8.2293459917151406 3.9351067373969335 0.35375194760681877 0.19685439539366756 3.0315521331256794 -1.3978682173886952 5.0265841892787391 4.5034120959546193 3.7048914262226647 -0.61160645925915325 2.0500828742980954 0.96957985036810734 1.1316957236932856 -0.030285240494476381 -0.1953071080595255 2.1200330728063737 2.7612869501113892 5.8574343479380886 3.0191671547522909 -1.0193101307467141 4.4668002951422405 2.8022141416685296 1.7206585886814449 -0.95325752779988193 -0.15993262673446604 -1.1220544045786314
leaf_weight=1708 40 30 497 223 23 88 461 29 214 424 63 83 28 429 26 395 42 203 20 443 39 68 26 116 86 109 149 1066 688 316
leaf_count=1708 40 30 497 223 23 88 461 29 214 424 63 83 28 429 26 395 42 203 20 443 39 68 26 116 86 109 149 1066 688 316
internal_value=-3.59096e-10 2.53677 -0.798559 -0.195964 4.12985 1.76573 0.367136 2.31162 3.60374 -1.3614 5.45974 3.15654 1.35388 -0.492772 -0.286468 1.162 2.71986 0.0496048 1.91256 2.00187 1.28139 5.054 4.44015 -0.389931 4.91066 3.30828 1.1753 -1.07978 -0.337735 -0.828119
internal_weight=8132 1947 6185 2987 635 1312 1031 689 455 3198 180 339 251 1956 1211 623 256 780 492 472 583 157 89 319 116 197 544 1490 1185 745
internal_count=8132 1947 6185 2987 635 1312 1031 689 455 3198 180 339 251 1956 1211 623 256 780 492 472 583 157 89 319 116 197 544 1490 1185 745
is_linear=0
shrinkage=0.03


Tree=5
num_leaves=31
num_cat=0
split_feature=55 32 32 16 12 32 16 32 34 23 19 16 21 32 21 15 8 32 16 21 8 30 29 12 19 55 29 11 21 32
split_gain=1.72221e+07 2.50147e+06 2.19484e+06 513760 431916 431319 429564 362325 307435 259172 228199 212399 159100 122775 111066 99109.8 88854.4 95246.4 86644 112699 85917.5 104596 84547.4 82435.6 81583.2 66282.6 64172.4 57504.9 56925.9 52622.6
threshold=120.62142857142858 209.50000000000003 61.550000000000004 18.450000000000003 2.8500000000000005 153.50000000000003 13.850000000000003 38.050000000000004 254.50000000000009 2110.4950000000003 11.104166666666668 11.950000000000001 7.5000000000000009 100.50000000000001 432.50000000000006 992.55000000000007 35.750000000000007 85.350000000000009 21.650000000000002 661.00000000000011 21.750000000000004 489.31666666666678 98.642857142857153 7.9500000000000011 20.695833333333336 82.857142857142875 1826.2857142857144 65.500000000000014 92.500000000000014 185.50000000000003
decision_type=10 10 10 2 2 10 2 8 10 2 2 2 2 10 2 2 2 10 2 2 2 2 2 2 2 10 2 2 2 10
left_child=2 5 7 4 -3 12 9 27 15 13 16 28 -2 -4 -10 -6 17 -8 19 -14 21 -13 -5 25 26 -12 -9 -1 -7 -30
right_child=1 3 6 22 8 11 10 24 14 -11 23 20 18 -15 -16 -17 -18 -19 -20 -21 -22 -23 -24 -25 -26 -27 -28 -29 29 -31
leaf_value=-1.2010510081873422 -0.54014584869146343 7.573308521617542 0.15854151763187516 0.1607328872434024 3.7293113468807673 2.462367070050075 -0.31346239789920899 -0.77204809288766796 4.5646608272215659 3.2640465209063358 -0.49660566411894658 1.8110097996027845 1.3171547100166547 1.229006916618347 6.3650987307230631 2.5090485684076946 1.6769764974809462 0.33517791999537155 0.10636597570107907 3.045889233748118 1.0683912049675428 2.9914625763893126 2.4142825680394324 -0.78808622942630902 -1.1558469253400852 0.1957836394109842 0.90489834512983047 -1.5983802774338496 3.1051111221313477 4.473581258262076
leaf_weight=414 44 33 270 29 230 58 373 933 215 34 419 228 593 150 36 81 31 449 49 36 81 96 31 605 734 177 21 1575 66 41
leaf_count=414 44 33 270 29 230 58 373 933 215 34 419 228 593 150 36 81 31 449 49 36 81 96 31 605 734 177 21 1575 66 41
internal_value=-2.94542e-10 2.46067 -0.774602 3.97091 4.23771 1.69502 -0.0903197 -1.24134 4.04185 0.74479 -0.274906 2.31193 1.20799 0.540851 4.82289 3.41149 0.100304 0.0408436 1.32144 1.4161 1.9423 2.16077 1.32507 -0.541396 -0.918074 -0.29098 -0.735134 -1.51568 3.21922 3.62948
internal_weight=8132 1947 6185 655 595 1292 2508 3677 562 454 2054 570 722 420 251 311 853 822 678 629 405 324 60 1201 1688 596 954 1989 165 107
internal_count=8132 1947 6185 655 595 1292 2508 3677 562 454 2054 570 722 420 251 311 853 822 678 629 405 324 60 1201 1688 596 954 1989 165 107
is_linear=0
shrinkage=0.03


Tree=6
num_leaves=31
num_cat=0
split_feature=55 32 32 32 16 32 12 16 32 16 32 28 12 6 21 26 12 51 10 21 24 6 55 30 13 55 13 11 15 13
split_gain=1.62043e+07 2.35363e+06 2.06899e+06 493534 483396 409126 406389 319536 261070 237182 218336 172155 135823 145317 127060 124030 105455 97905.1 109244 90104.9 76981.1 66259.3 63247.6 58847.2 57842 52748 52047.3 48049.3 47291.1 42709.3
threshold=120.62142857142858 209.50000000000003 55.050000000000004 89.050000000000011 18.450000000000003 144.50000000000003 2.8500000000000005 13.850000000000003 292.50000000000006 11.950000000000001 34.250000000000007 391.33333333333343 7.9500000000000011 12260.245000000001 7.5000000000000009 10.500000000000002 7.8500000000000005 1875.4150000000002 12.850000000000003 661.00000000000011 2371.9500000000003 41.535000000000004 170.03571428571431 452.77333333333337 113.50000000000001 66.485714285714309 122.50000000000001 49.500000000000007 992.25000000000011 223.50000000000003
decision_type=10 10 8 10 2 10 2 2 10 2 10 2 2 2 2 2 2 2 2 2 2 2 10 2 2 8 2 2 2 2
left_child=2 5 10 12 6 14 -3 11 15 26 -1 29 13 25 -2 -8 -9 18 -11 22 -10 -12 -16 -6 -18 -4 -7 -14 -28 -5
right_child=1 4 3 7 23 9 8 16 20 17 21 -13 27 -15 19 -17 24 -19 -20 -21 -22 -23 -24 -25 -26 -27 28 -29 -30 -31
leaf_value=-1.5231027641712638 -0.54466768133640286 7.3461090504039417 -0.51018752992012928 1.5833725835517047 0.51819581175843876 4.3032703751784096 2.5157364703868996 0.33809901030140233 4.6588243191741228 1.9647232631543037 -1.3303236740193121 3.4958232757023402 -0.57553819197692446 1.9510953800494852 0.90465616676560301 3.7936257449754729 -0.97360766587835357 3.2646937119333366 0.90097640020318881 2.5961163443785447 6.4203905063205298 -0.90082946923415641 1.6300117532038847 2.4359934806823729 -0.10041665860875086 -0.10968342293092806 3.1574396933883913 -1.0630337095449243 1.9902858696665082 0.70460572611238503
leaf_weight=1641 40 33 611 75 36 26 87 461 129 322 458 28 429 26 395 319 99 38 119 39 27 1099 149 24 220 574 122 316 42 148
leaf_count=1641 40 33 611 75 36 26 87 461 129 322 458 28 429 26 395 319 99 38 119 39 27 1099 149 24 220 574 122 316 42 148
internal_value=2.78595e-09 2.38685 -0.751364 -0.183621 3.85178 1.64417 4.11058 0.347529 3.9206 2.15934 -1.28165 1.27856 -0.463588 -0.26751 1.09097 3.51979 0.0479293 1.80358 1.67768 1.20319 4.96371 -1.02717 1.10333 1.28531 -0.371407 -0.316188 3.05624 -0.782315 2.85853 1.00016
internal_weight=8132 1947 6185 2987 655 1292 595 1031 562 669 3198 251 1956 1211 623 406 780 479 441 583 156 1557 544 60 319 1185 190 745 164 223
internal_count=8132 1947 6185 2987 655 1292 595 1031 562 669 3198 251 1956 1211 623 406 780 479 441 583 156 1557 544 60 319 1185 190 745 164 223
is_linear=0
shrinkage=0.03


Tree=7
num_leaves=31
num_cat=0
split_feature=55 32 32 32 32 32 12 12 12 51 32 12 52 21 18 21 12 7 33 21 24 21 32 24 19 55 51 24 67 21
split_gain=1.52476e+07 2.27231e+06 1.89947e+06 487539 444588 359458 266914 250474 245456 241938 205512 193214 129531 115748 115015 149324 113785 98838.1 93301.6 85982 85552.4 83008.2 70067.9 67717.7 65475.6 63477.9 60597.6 73496.2 57003.9 54578.8
threshold=119.29285714285716 204.50000000000003 55.050000000000004 283.50000000000006 83.850000000000009 144.50000000000003 7.6500000000000012 4.4500000000000011 3.2500000000000004 1622.1450000000002 34.550000000000004 6.0500000000000007 5743.7500000000009 7.5000000000000009 4533.0000000000009 117.50000000000001 7.9500000000000011 63.065000000000005 221.50000000000003 661.00000000000011 6012.0800000000008 92.500000000000014 163.50000000000003 2452.2000000000003 12.991666666666669 170.03571428571431 1875.4150000000002 522.06500000000017 1.0000000180025095e-35 10.500000000000002
decision_type=10 10 8 10 10 10 2 2 2 2 10 2 2 2 2 2 2 2 10 2 2 2 10 2 2 10 2 2 2 2
left_child=2 5 10 7 16 13 14 21 -5 12 -1 17 -9 -2 15 -6 20 22 -10 25 -4 -3 -7 -20 -8 -15 27 -13 -11 -12
right_child=1 3 4 8 6 11 24 9 18 28 29 26 -14 19 -16 -17 -18 -19 23 -21 -22 -23 -24 -25 -26 -27 -28 -29 -30 -31
leaf_value=-1.4728071406471179 -0.48276438849312914 3.1512739961043645 -0.35752773680029748 7.5265488688151034 0.42671653907874535 2.0524077173462487 -0.03283118199198002 3.0443805785935658 3.1173700611011403 4.5921200041935366 -1.2695777883886228 1.6202239405379002 1.6703726286715581 0.85970589552744692 0.39439391848498156 2.2283546325526657 -0.80310690131474716 0.60834489956498139 4.5281629150871217 2.4723359087618384 1.0396682774148336 4.7012012439966204 2.9224242797427116 6.2972616179093066 -0.78385513926049077 1.5811114039517089 2.8213648128509523 0.45570896080911977 3.0590319050380161 -0.87555520363670869
leaf_weight=1673 42 46 1038 27 87 133 249 104 37 58 448 147 152 417 616 79 666 24 127 41 41 96 223 23 180 149 24 73 35 1077
leaf_count=1673 42 46 1038 27 87 133 249 104 37 58 448 147 152 417 616 79 666 24 127 41 41 96 223 23 180 149 24 73 35 1077
internal_value=-7.80593e-10 2.29134 -0.736475 3.65769 -0.188266 1.53464 0.253379 3.13685 4.85268 2.70465 -1.2432 2.04876 2.22856 1.04033 0.583262 1.28412 -0.49476 2.47177 4.46661 1.14571 -0.304437 4.19911 2.59739 4.79942 -0.347946 1.04962 1.38997 1.23382 4.01515 -0.991307
internal_weight=8132 1978 6154 705 2956 1273 1211 491 214 349 3198 624 256 649 782 166 1745 380 187 607 1079 142 356 150 429 566 244 220 93 1525
internal_count=8132 1978 6154 705 2956 1273 1211 491 214 349 3198 624 256 649 782 166 1745 380 187 607 1079 142 356 150 429 566 244 220 93 1525
is_linear=0
shrinkage=0.03


Tree=8
num_leaves=31
num_cat=0
split_feature=55 32 32 16 32 16 32 28 23 32 19 16 6 51 23 32 32 6 51 19 15 20 9 32 29 29 12 26 26 9
split_gain=1.43475e+07 2.08912e+06 1.83956e+06 404327 384150 368006 303405 290958 219754 217571 200044 192405 173654 139113 133498 109010 104062 94152.9 93368.7 91219.6 124644 104423 80523.6 80949.6 78332.1 73230.9 65701.6 64856.8 60171.6 58913.7
threshold=120.62142857142858 212.50000000000003 61.550000000000004 11.550000000000002 163.50000000000003 13.850000000000003 40.350000000000001 45.500000000000007 2110.4950000000003 292.50000000000006 11.104166666666668 13.450000000000001 315.03000000000009 1622.1450000000002 41.535000000000004 283.50000000000006 100.50000000000001 2826.7650000000003 1875.4150000000002 8.6916666666666682 992.75000000000011 6855.5000000000009 41.750000000000007 103.50000000000001 358.35714285714295 1826.2857142857144 7.9500000000000011 5.5000000000000009 11.500000000000002 22.200000000000003
decision_type=10 10 10 2 10 2 8 2 2 10 2 2 2 2 2 10 10 2 2 2 2 2 2 10 2 2 2 2 2 2
left_child=2 4 6 12 14 8 27 -5 16 13 22 28 15 -9 -2 -3 -4 18 -16 20 -13 -21 23 -7 -11 -8 -12 -1 -6 -30
right_child=1 3 5 7 11 10 25 9 -10 24 26 19 -14 -15 17 -17 -18 -19 -20 21 -22 -23 -24 -25 -26 -27 -28 -29 29 -31
leaf_value=-0.92001133825671799 -0.18498968222737311 5.1983635268672819 0.15264913842040631 0.12210005734975521 2.5528185957083935 -0.14506934805473334 -0.82731479593222679 2.5879701952636243 3.0121918622185202 3.8840004088238969 -0.2773491552787139 3.9131259828455307 4.2661149218207912 4.0190929509358231 1.2840534855239891 7.9595758334073148 1.1381650752305985 -0.064763021089813924 2.7923240808340219 2.2091105981306596 1.7233456027507781 0.66543616307025055 1.6008433850734465 0.51381846307313184 5.4416861521402993 1.0003807797431945 -0.72114173581050944 -1.4189041031309677 2.9460892753601073 4.662388935089111
leaf_weight=267 60 31 270 26 122 587 1462 232 34 82 596 34 114 83 699 22 150 44 39 66 75 98 31 235 45 20 605 1928 45 30
leaf_count=267 60 31 270 26 122 587 1462 232 34 82 596 34 114 83 699 22 150 44 39 66 75 98 31 235 45 20 605 1928 45 30
internal_value=-5.99821e-09 2.24593 -0.707007 3.65847 1.56228 -0.0805496 -1.1343 3.20627 0.692411 3.38769 -0.251399 2.24936 4.92573 2.96506 1.17875 6.34453 0.504619 1.28338 1.36376 1.73374 2.4064 1.28667 0.0999036 0.0432988 4.43594 -0.80265 -0.500908 -1.35822 2.96391 3.63261
internal_weight=8132 1947 6185 635 1312 2508 3677 468 454 442 2054 470 167 315 842 53 420 782 738 273 109 164 853 822 127 1482 1201 2195 197 75
internal_count=8132 1947 6185 635 1312 2508 3677 468 454 442 2054 470 167 315 842 53 420 782 738 273 109 164 853 822 127 1482 1201 2195 197 75
is_linear=0
shrinkage=0.03


Tree=9
num_leaves=31
num_cat=0
split_feature=32 32 32 32 15 33 15 32 32 23 5 32 20 10 19 20 33 19 21 15 20 21 29 54 8 11 20 20 19 17
split_gain=1.3381e+07 2.06889e+06 1.44584e+06 397361 369246 363912 328976 264460 256958 252584 185660 166126 159563 139538 135718 120171 90383.7 89573.2 79727.3 75585.9 74449 75078.1 73011.6 66794.8 62841.3 60375 55023.2 53956.9 45406 34712.5
threshold=129.50000000000003 68.750000000000014 235.50000000000003 40.350000000000001 986.6500000000002 112.50000000000001 986.6500000000002 292.50000000000006 163.50000000000003 2584.8600000000006 71.000000000000014 105.50000000000001 2399.7500000000005 10.65 10.822916666666668 2883.2500000000005 112.50000000000001 20.695833333333336 23.500000000000004 979.80000000000007 8426.0000000000018 311.50000000000006 1826.2857142857144 215.50000000000003 19.250000000000004 68.500000000000014 8226.2500000000018 9486.2500000000018 12.991666666666669 1342.5000000000002
decision_type=10 10 10 8 2 10 2 10 10 2 2 10 2 2 2 2 10 2 2 2 2 2 2 10 2 2 2 2 2 2
left_child=1 3 4 16 28 -4 14 20 18 11 13 27 -9 -10 19 -12 25 22 -6 -3 23 -22 -5 -7 -14 -1 -20 -8 -2 -16
right_child=2 6 5 17 8 7 9 12 10 -11 15 -13 24 -15 29 -17 -18 -19 26 -21 21 -23 -24 -25 -26 -27 -28 -29 -30 -31
leaf_value=-1.0613594859412738 0.74942525436749319 1.9128027575356619 0.20245023593902586 -0.59515979343957859 0.34281127982414683 3.0341069245232002 0.33118953663633743 7.1613491224206003 2.6686389939395747 2.4571339741018079 3.9420237450850637 0.8443437904430553 3.9146255046565357 0.66283979422131245 -0.96930491064341007 2.4770780456970476 0.70470672082900998 -0.98377224969021371 1.8004330873723891 0.065148598486414327 0.98670830726623526 3.3896630859374999 1.011501695559575 4.0354831030202467 5.1292190758387246 -1.4169370302082078 1.0375227663123001 -0.19375572791768123 -0.40091349697337963 -0.42618735052128182
leaf_weight=588 74 21 25 1216 52 112 367 23 49 54 57 400 82 86 131 435 20 711 305 390 22 25 26 129 72 1597 118 339 53 553
leaf_count=588 74 21 25 1216 52 112 367 23 49 54 57 400 82 86 131 435 20 711 305 390 22 25 26 129 72 1597 118 339 53 553
internal_value=3.45319e-09 -0.63005 2.3505 -1.02687 1.80113 3.72841 0.101642 3.91798 1.97766 0.453695 2.37638 0.355878 4.83059 1.39087 -0.271309 2.6468 -1.30287 -0.715247 1.45134 0.159554 3.35711 2.26488 -0.561526 3.57011 4.48249 -1.32125 1.58761 0.0791266 0.269363 -0.530205
internal_weight=8132 6413 1719 4158 1229 490 2255 465 1102 1160 627 1106 177 135 1095 492 2205 1953 475 411 288 47 1242 241 154 2185 423 706 127 684
internal_count=8132 6413 1719 4158 1229 490 2255 465 1102 1160 627 1106 177 135 1095 492 2205 1953 475 411 288 47 1242 241 154 2185 423 706 127 684
is_linear=0
shrinkage=0.03


Tree=10
num_leaves=31
num_cat=0
split_feature=55 32 32 16 32 32 12 16 34 32 16 28 16 12 19 21 32 6 21 16 21 8 29 6 12 21 32 12 19 18
split_gain=1.27304e+07 1.8997e+06 1.58911e+06 409938 376004 338849 331086 258028 245075 174678 170742 144115 123784 105077 99542.2 95331.9 102467 90310.1 90097 82989 69316 76977.4 68937.6 56942 55599.6 48469.8 44216.8 44184.4 40748.7 39833.2
threshold=119.29285714285716 209.50000000000003 55.050000000000004 18.450000000000003 84.65000000000002 153.50000000000003 2.8500000000000005 13.850000000000003 254.50000000000009 33.850000000000001 11.950000000000001 391.33333333333343 20.400000000000002 7.9500000000000011 12.777083333333335 661.00000000000011 108.50000000000001 12260.245000000001 432.50000000000006 13.450000000000001 30.500000000000004 21.750000000000004 98.642857142857153 41.535000000000004 8.1500000000000004 92.500000000000014 185.50000000000003 2.5000000000000004 23.956250000000004 6635.5000000000009
decision_type=10 10 8 2 10 10 2 2 10 10 2 2 2 2 2 2 10 2 2 2 2 2 2 2 2 2 10 2 2 2
left_child=2 5 9 6 13 12 -3 11 19 -1 25 27 15 17 29 16 -2 28 -10 -8 -12 -22 -5 -11 -16 -7 -27 -6 -4 -9
right_child=1 3 4 22 7 10 8 14 18 23 20 -13 -14 -15 24 -17 -18 -19 -20 -21 21 -23 -24 -25 -26 26 -28 -29 -30 -31
leaf_value=-1.3571734626570793 0.46964638736895742 6.5737369502674445 -0.25656936332858277 0.00019881519778021449 2.0704414533532187 2.100147005278489 3.4536617382479387 0.17143016115022555 3.9466047699950462 -1.189695270898226 0.058343965281610906 3.0907129485266545 0.075056630962084384 -0.74265950622642274 -0.049144202771245454 2.6553942450961552 1.3333862024834746 1.5931349124079164 5.5682015355428058 2.469822165004953 1.9717690770504506 0.92587729713320721 2.0351080203825429 -0.7970834576064969 -0.81735496084901349 2.7004851159053063 3.9513128848192167 0.68910784385897017 -0.98605997936145684 1.1211684792263563
leaf_weight=1606 173 33 1003 29 23 58 142 525 215 473 23 28 107 674 183 37 433 23 36 169 304 80 31 1119 158 67 41 222 74 43
leaf_count=1606 173 33 1003 29 23 58 142 525 215 473 23 28 107 674 183 37 433 23 36 169 304 80 31 1119 158 67 41 222 74 43
internal_value=-9.24862e-10 2.09367 -0.672942 3.415 -0.171516 1.4395 3.65333 0.242993 3.48184 -1.13642 1.98879 1.0518 1.01985 -0.447699 8.31752e-05 1.17707 1.08681 -0.266969 4.17918 2.91904 1.65806 1.75387 1.05157 -0.913733 -0.405089 2.79967 3.17534 0.818784 -0.306692 0.243329
internal_weight=8132 1978 6154 655 2956 1323 595 1182 562 3198 573 273 750 1774 909 643 606 1100 251 311 407 384 60 1592 341 166 108 245 1077 568
internal_count=8132 1978 6154 655 2956 1323 595 1182 562 3198 573 273 750 1774 909 643 606 1100 251 311 407 384 60 1592 341 166 108 245 1077 568
is_linear=0
shrinkage=0.03


Tree=11
num_leaves=31
num_cat=0
split_feature=55 32 32 32 12 32 32 16 19 12 16 32 16 22 17 21 28 24 7 33 16 21 11 26 7 24 9 8 19 19
split_gain=1.1978e+07 1.78835e+06 1.49531e+06 391296 329239 283088 278832 210136 268471 201239 200453 197724 129198 121036 97392.1 96633.7 91581.3 89887.6 89791.7 80108.7 72912.5 83700.2 67679.7 66610.7 64176.8 60284.5 59449.4 56211.8 51261.1 50832.4
threshold=119.29285714285716 204.50000000000003 57.650000000000013 283.50000000000006 7.8500000000000005 144.50000000000003 89.850000000000009 13.450000000000001 8.6916666666666682 3.2500000000000004 14.750000000000002 35.650000000000013 11.950000000000001 423.50000000000006 677.50000000000011 7.5000000000000009 309.16666666666669 7799.380000000001 63.065000000000005 206.50000000000003 21.650000000000002 661.00000000000011 47.500000000000007 10.500000000000002 21.700000000000003 2452.2000000000003 19.800000000000001 18.200000000000006 17.818750000000005 18.137500000000006
decision_type=10 10 8 10 2 10 8 2 2 2 2 10 2 2 2 2 2 2 2 10 2 2 2 2 2 2 2 2 2 2
left_child=2 5 11 7 6 15 17 24 13 -5 18 -1 16 -9 -10 -2 -8 29 26 -11 21 -17 -6 -12 -3 -21 -7 -24 -13 -4
right_child=1 3 4 9 22 10 12 8 14 19 23 28 -14 -15 -16 20 -18 -19 -20 25 -22 -23 27 -25 -26 -27 -28 -29 -30 -31
leaf_value=-1.294380275108109 -0.47076377187456403 4.0750597846508025 -0.1234394720694388 6.7346484671698672 -0.33096766029429586 1.4597087626987033 1.0760722971736612 2.5923790052958893 2.8128100711277551 2.30594970703125 0.5619831553544149 -0.62070039985014247 0.41791272195713297 4.5204711583455408 1.0175849269843493 1.0208013231130695 3.1985069298744198 1.3508908704194156 0.47865737795829771 3.9583876872743877 -0.056980971934703674 2.5166789182027181 0.1832093346118927 1.5612955210659953 3.0113130958583376 5.585720119476318 2.5418239866483088 -0.91884057105449191 -0.96898221894902825 -0.62780896615810111
leaf_weight=1775 42 96 777 27 559 54 77 84 35 23 101 618 581 45 122 519 24 33 24 140 52 36 46 148 109 24 297 441 989 234
leaf_count=1775 42 96 777 27 559 54 77 84 35 23 101 618 581 45 122 519 24 33 24 140 52 36 46 148 109 24 297 441 989 234
internal_value=-2.84413e-11 2.03086 -0.652753 3.243 -0.136221 1.35957 0.118302 2.7764 2.25096 4.31357 1.81581 -1.07612 0.590072 3.26497 1.41779 0.920896 1.58041 -0.189885 2.25396 3.964 1.01719 1.11783 -0.556206 1.15595 3.50946 4.19653 2.37534 -0.814746 -0.835044 -0.240178
internal_weight=8132 1978 6154 705 2772 1273 1726 491 286 214 624 3382 682 129 157 649 101 1044 375 187 607 555 1046 249 205 164 351 487 1607 1011
internal_count=8132 1978 6154 705 2772 1273 1726 491 286 214 624 3382 682 129 157 649 101 1044 375 187 607 555 1046 249 205 164 351 487 1607 1011
is_linear=0
shrinkage=0.03


Tree=12
num_leaves=31
num_cat=0
split_feature=32 32 32 16 26 32 18 16 21 16 34 32 32 18 18 18 10 21 16 5 13 33 24 5 16 17 14 32 19 18
split_gain=1.11972e+07 1.5043e+06 1.37648e+06 533777 352797 312876 265493 240270 238853 179459 159585 136566 133977 121966 96653.7 150688 92131.5 91164.4 80154.4 86579.4 79689.2 76741.3 51987.1 51607.2 50734.8 50235.4 35139.5 34244.2 32354 31740.4
threshold=118.50000000000001 235.50000000000003 55.050000000000004 11.950000000000001 9.5000000000000018 79.050000000000011 4461.0000000000009 9.0500000000000025 30.500000000000004 20.550000000000004 35.083333333333336 306.50000000000006 168.50000000000003 3744.5000000000005 4335.5000000000009 4244.5000000000009 10.950000000000001 92.500000000000014 19.450000000000003 2024.5000000000002 299.50000000000006 129.50000000000003 2371.9500000000003 64.500000000000014 19.550000000000004 1207.5000000000002 1.0000000180025095e-35 26.950000000000003 20.918750000000006 6482.5000000000009
decision_type=10 10 8 2 2 10 2 2 2 2 10 10 10 2 2 2 2 2 2 2 2 8 2 2 2 2 2 10 2 2
left_child=2 3 10 12 16 18 8 -6 -5 14 27 20 -2 -10 15 -7 -3 -14 19 28 -9 25 -13 -8 -16 -12 -11 -1 -4 -27
right_child=1 4 5 6 7 9 23 11 13 26 21 22 17 -15 24 -17 -18 -19 -20 -21 -22 -23 -24 -25 -26 29 -28 -29 -30 -31
leaf_value=-1.4076072443687988 1.941680372433866 2.3460120208740234 -0.21820925066826191 -0.024983895457414692 6.5378582107543943 0.56605987477761044 -0.19000887134078756 3.35150366904214 1.3692632750642577 -0.2028762050113771 -1.1079727906686194 4.0829236083984375 2.1818263241552538 2.2042537367193002 0.29573533469516977 2.5070924582141778 -0.20465533155661361 3.6203128969073295 -0.69900124641465755 1.6861617136001585 1.8792494547994514 0.79579545278549191 5.7584240112304679 0.67334586660861961 -0.53992188819467213 -0.8084675456190562 -0.85789627904744481 -1.126102923295655 -0.66884548544883726 -0.22833444472282161
leaf_weight=835 187 25 705 86 25 221 83 256 469 307 564 100 62 237 627 43 26 110 668 20 38 25 20 250 73 972 97 728 180 93
leaf_count=835 187 25 705 86 25 221 83 256 469 307 564 100 62 237 627 43 26 110 668 20 38 25 20 250 73 972 97 728 180 93
internal_value=6.39658e-10 1.96618 -0.630277 1.4903 3.40741 -0.161177 1.1689 3.68179 1.46773 0.170626 -1.05913 3.50932 2.4975 1.64956 0.393066 0.882213 1.04567 3.10179 -0.449739 -0.265753 3.16121 -0.853729 4.36217 0.458155 0.208588 -0.879044 -0.360146 -1.27649 -0.309864 -0.757808
internal_weight=8132 1974 6158 1484 490 2941 1125 439 792 1368 3217 414 359 706 964 264 51 172 1573 905 294 1654 120 333 700 1629 404 1563 885 1065
internal_count=8132 1974 6158 1484 490 2941 1125 439 792 1368 3217 414 359 706 964 264 51 172 1573 905 294 1654 120 333 700 1629 404 1563 885 1065
is_linear=0
shrinkage=0.03


Tree=13
num_leaves=31
num_cat=0
split_feature=32 32 32 16 26 32 16 12 18 32 51 32 7 5 10 16 29 15 23 33 52 24 13 12 11 15 32 6 24 11
split_gain=1.05432e+07 1.6265e+06 1.13115e+06 444545 331946 297391 295466 226070 201906 186408 163320 128964 115053 98203 86686.6 84995.9 83937.3 81804.5 112178 79065.2 75311.1 70019.8 65485.6 53886.8 51489.4 51280.1 66020.6 49081.2 48776.7 45201.1
threshold=129.50000000000003 67.65000000000002 235.50000000000003 11.950000000000001 9.5000000000000018 40.350000000000001 20.550000000000004 2.8500000000000005 4533.0000000000009 99.15000000000002 556.2650000000001 292.50000000000006 50.495000000000005 175.00000000000003 10.950000000000001 9.0500000000000025 1826.2857142857144 986.6500000000002 2110.4950000000003 112.50000000000001 7678.0000000000009 7799.380000000001 92.000000000000014 7.7500000000000009 68.500000000000014 992.25000000000011 185.50000000000003 41.535000000000004 2371.9500000000003 54.500000000000007
decision_type=10 10 10 2 2 8 2 2 2 10 2 10 2 2 2 2 2 2 2 10 2 2 2 2 2 2 10 2 2 2
left_child=1 5 3 15 14 19 9 -6 10 21 12 20 -5 -12 -4 -2 27 -11 -19 24 -9 22 -3 -10 -1 26 -17 -7 -13 -8
right_child=2 6 4 8 7 16 29 11 23 17 13 28 -14 -15 -16 25 -18 18 -20 -21 -22 -23 -24 -25 -26 -27 -28 -29 -30 -31
leaf_value=-0.93294746628373248 4.0912898254394534 -0.98841014231954583 2.2756316802978516 1.37701791252214 6.3417223388671875 -0.97827381888343068 -0.26336626599325608 3.3501445005984785 0.72339923061211309 0.14988453797114318 1.1979017706412189 3.8494315219116206 -0.11991835652467081 2.7370733136222474 -0.19851569074850814 2.322362321366509 1.0841186141967774 0.78213174670645336 2.5065728299682206 0.72190997457504269 2.2603319283894128 1.7186848123507066 0.069261332413835211 -0.38233231799943107 -1.2613183497266613 1.8054348257800628 3.5200957215034356 -0.58986365965784027 5.2555187564425996 -0.77058527674493582
leaf_weight=588 30 56 25 492 25 364 506 178 136 169 53 125 51 126 26 139 25 412 37 20 84 22 890 56 1597 87 59 1497 27 230
leaf_count=588 30 56 25 492 25 364 506 178 136 169 53 125 51 126 26 139 25 412 37 20 84 22 890 56 1597 87 59 1497 27 230
internal_value=3.89114e-10 -0.559264 2.08642 1.6005 3.30519 -0.919207 0.0748995 3.57133 1.26555 0.305432 1.49548 3.40404 1.23642 2.28134 1.0143 2.5724 -0.642638 0.712479 0.924235 -1.15576 3.00074 0.0455606 0.00665076 0.400894 -1.17295 2.41252 2.67926 -0.665834 4.0992 -0.421872
internal_weight=8132 6413 1719 1229 490 4091 2322 439 914 1586 722 414 543 179 51 315 1886 618 449 2205 262 968 946 192 2185 285 198 1861 152 736
internal_count=8132 6413 1719 1229 490 4091 2322 439 914 1586 722 414 543 179 51 315 1886 618 449 2205 262 968 946 192 2185 285 198 1861 152 736
is_linear=0
shrinkage=0.03


Tree=14
num_leaves=31
num_cat=0
split_feature=55 32 19 32 16 11 32 16 20 16 32 6 28 17 29 55 29 16 39 7 21 7 6 16 43 16 21 13 26 32
split_gain=1.00253e+07 1.49842e+06 1.25892e+06 399850 339997 241402 234408 195494 188627 174490 163761 158891 142516 138414 130157 120309 107186 89310.3 89215.5 83380.3 82218.5 75135.6 72707.7 64433.6 63307.7 62878.2 72782.3 62225.5 55667.6 51329.2
threshold=119.29285714285716 204.50000000000003 18.137500000000006 83.850000000000009 11.550000000000002 52.500000000000007 144.50000000000003 14.050000000000002 5743.7500000000009 14.750000000000002 40.350000000000001 315.03000000000009 391.33333333333343 1527.5000000000002 358.35714285714295 218.64285714285717 1960.3571428571429 23.650000000000002 66.350000000000009 19.385000000000005 7.5000000000000009 61.975000000000001 578.1350000000001 22.950000000000006 16.166666666666668 21.650000000000002 661.00000000000011 158.00000000000003 10.500000000000002 62.45000000000001
decision_type=10 10 2 8 2 2 10 2 2 2 10 2 2 2 2 10 2 2 8 2 2 2 2 2 10 2 2 2 2 10
left_child=2 6 3 16 11 14 20 12 15 19 -4 18 -5 -10 -6 -7 17 29 -3 22 -2 -16 -8 -9 -13 26 -22 -21 -11 -1
right_child=1 4 10 7 5 8 9 23 13 28 -12 24 -14 -15 21 -17 -18 -19 -20 27 25 -23 -24 -25 -26 -27 -28 -29 -30 -31
leaf_value=-0.50447596774349213 -0.43935879213469364 4.3336148366620462 -1.1786028061633045 0.76903667817224597 2.4634996210476929 1.9724241602361201 2.7636611090256618 0.20824978186769993 0.89454857262007892 0.50001791228162185 -0.73649891676251356 4.7538525990077423 3.0302516535350255 2.6677909183502195 4.5888289161964693 3.6034741858150183 1.6614234222065318 -0.84923132262787937 6.7423246124267573 2.4913722467422486 0.93611250581036753 2.7074140731811522 0.88336506945746285 -0.44488909086637329 3.1399568871974943 -0.064388287823933812 2.3310206971565881 1.3105080399588798 1.4135646992277453 -0.14616288123710117
leaf_weight=768 42 31 1977 241 68 75 156 663 125 101 1219 28 28 58 81 89 22 388 25 56 519 25 21 171 100 52 36 142 148 677
leaf_count=768 42 31 1977 241 68 75 156 663 125 101 1219 28 28 58 81 89 22 388 25 56 519 25 21 171 100 52 36 142 148 677
internal_value=-1.36316e-09 1.85796 -0.597181 -0.15117 2.96751 2.57599 1.24349 0.301159 2.11871 1.65865 -1.00998 4.07611 1.0044 1.45656 3.48792 2.85757 -0.42013 -0.445113 5.40893 2.06744 0.844311 4.1451 2.54058 0.0743328 3.493 0.933132 1.02659 1.64449 1.04301 -0.336602
internal_weight=8132 1978 6154 2958 705 521 1273 1103 347 624 3196 184 269 183 174 164 1855 1833 56 375 649 106 177 834 128 607 555 198 249 1445
internal_count=8132 1978 6154 2958 705 521 1273 1103 347 624 3196 184 269 183 174 164 1855 1833 56 375 649 106 177 834 128 607 555 198 249 1445
is_linear=0
shrinkage=0.03


Tree=15
num_leaves=31
num_cat=0
split_feature=55 32 19 32 12 32 28 12 34 32 12 30 21 12 6 18 8 22 12 6 51 21 32 24 52 22 32 19 12 32
split_gain=9.43282e+06 1.41113e+06 1.18451e+06 376219 293830 258253 256361 190394 175015 154129 147211 102263 99153.8 95409.6 84560.5 86710.2 84134.4 100790 78286.8 74368.5 71091.7 53195.5 49012.1 44598.7 41986.9 31464.1 30566.9 30529.1 30936.7 24857.9
threshold=119.29285714285716 209.50000000000003 18.137500000000006 83.850000000000009 2.8500000000000005 163.50000000000003 35.500000000000007 8.7500000000000018 254.50000000000009 38.45000000000001 7.8500000000000005 13973.853333333334 7.5000000000000009 4.4500000000000011 1392.7400000000002 4611.5000000000009 21.750000000000004 134.50000000000003 8.8500000000000032 2826.7650000000003 1875.4150000000002 92.500000000000014 57.150000000000013 7799.380000000001 3816.5000000000005 311.50000000000006 25.750000000000004 13.4 7.9500000000000011 185.50000000000003
decision_type=10 10 2 8 2 10 2 2 10 10 2 2 2 2 2 2 2 2 2 2 2 2 10 2 2 2 8 2 2 10
left_child=2 5 3 11 -3 12 -6 8 -8 26 14 18 -2 21 24 -16 17 -15 22 20 -14 -7 -1 -11 -5 -18 -4 28 -12 -23
right_child=1 4 9 10 6 13 7 -9 -10 23 27 -13 19 16 15 -17 25 -19 -20 -21 -22 29 -24 -25 -26 -27 -28 -29 -30 -31
leaf_value=-0.5462467385173938 -0.36056816496849059 5.6996252406727184 -1.2954925683497205 1.3995505570313509 -0.064418313105901071 1.5855430753827096 2.5822016554837894 0.84037987773482858 3.6501972679502934 -0.77867949868658148 -1.1579456806182862 1.175812593003114 1.017995869184027 1.1964046497240555 2.1043867971641679 0.57296415972182657 -0.44045780615215852 2.3672175479494033 -0.77039041284707532 -0.15650523021169332 2.3166930441856382 2.4238632762432095 -0.17575825621571886 -0.04400853414842977 0.31556092923380091 1.0364753807292264 -1.0496786605889741 -0.69986853061469045 0.046050520953536032 3.4110526084899901
leaf_weight=531 50 33 811 34 27 40 307 37 251 1268 21 36 735 137 56 82 21 128 474 46 40 48 814 79 594 34 1038 91 225 44
leaf_count=531 50 33 811 34 27 40 307 37 251 1268 21 36 735 137 56 82 21 128 474 46 40 48 814 79 594 34 1038 91 225 44
internal_value=2.7688e-09 1.80222 -0.579266 -0.146635 2.94103 1.23841 2.79468 2.92442 3.06261 -0.979679 0.292124 -0.407526 0.936472 1.82026 0.522006 1.19441 1.54032 1.76193 -0.438862 1.01546 1.08503 2.49889 -0.322025 -0.735592 0.374248 0.472555 -1.1575 -0.230396 -0.0567296 2.896
internal_weight=8132 1978 6154 2958 655 1323 622 595 558 3196 1103 1855 871 452 766 138 320 265 1819 821 775 132 1345 1347 628 55 1849 337 246 92
internal_count=8132 1978 6154 2958 655 1323 622 595 558 3196 1103 1855 871 452 766 138 320 265 1819 821 775 132 1345 1347 628 55 1849 337 246 92
is_linear=0
shrinkage=0.03


Tree=16
num_leaves=31
num_cat=0
split_feature=32 32 32 16 33 32 15 32 12 16 6 32 51 15 15 18 20 34 33 16 51 16 5 28 32 5 22 30 14 17
split_gain=8.82566e+06 1.18039e+06 1.08557e+06 434531 256788 243900 230682 222774 202299 141594 129693 119789 116786 108281 99065.7 87685.5 89116.8 77831 73146.9 72402.7 68655.3 67603.1 74612.5 67537 56796 51764.1 41756.5 40543.8 29861 28153.4
threshold=118.50000000000001 235.50000000000003 55.050000000000004 14.750000000000002 112.50000000000001 79.050000000000011 986.85000000000002 163.50000000000003 2.8500000000000005 20.550000000000004 41.535000000000004 292.50000000000006 1622.1450000000002 992.1500000000002 986.6500000000002 3550.0000000000005 7362.7500000000009 101.95000000000003 126.50000000000001 10.450000000000001 1622.1450000000002 19.450000000000003 2024.5000000000002 513.83333333333337 25.750000000000004 64.500000000000014 133.50000000000003 13973.853333333334 1.0000000180025095e-35 2142.5000000000005
decision_type=10 10 8 2 10 10 2 10 2 2 2 10 2 2 2 2 2 10 10 2 2 2 2 2 10 2 2 2 2 2
left_child=2 3 10 6 -3 21 -2 -8 -6 17 -1 20 15 -9 -14 16 -5 19 24 -7 -10 22 -4 -19 -12 -17 -13 -26 -11 -23
right_child=1 4 5 12 8 9 7 13 11 28 18 26 14 -15 -16 25 -18 23 -20 -21 -22 29 -24 -25 27 -27 -28 -29 -30 -31
leaf_value=-1.1476775546739153 -0.11597505978958786 0.060382916736602787 -0.26973231059464353 1.4121783730605753 5.8066124176025395 1.6286794558167457 1.4352131336408738 2.9962227364202563 2.4444892579676778 -0.17650646998653191 -1.1681031533738928 3.2542984090226419 0.54180114642102661 1.9555754088340227 2.307689066202673 -0.2800308842416358 0.30236070232051937 0.57696723170511355 0.99450881344931474 0.066452059368497643 3.6909327912330627 -0.83345955007300254 1.5832217416763306 2.1110346684285575 -0.72895225803902519 0.54275931049476966 4.2297796158051826 0.56893416849049649 -0.7803290774957421 -0.44324066129761697
leaf_weight=1473 53 25 885 164 25 28 390 178 232 307 292 89 47 182 73 113 108 333 21 575 48 314 20 28 1409 176 71 22 97 354
leaf_count=1473 53 25 885 164 25 28 390 178 232 307 292 89 47 182 73 113 108 333 21 575 48 314 20 28 1409 176 71 22 97 354
internal_value=1.19601e-09 1.74559 -0.559564 1.32405 3.02226 -0.142975 1.7968 1.93197 3.1815 0.14998 -0.940413 3.03235 0.766608 2.47012 1.61605 0.58491 0.971515 0.347564 -0.765355 0.138993 2.65817 -0.397751 -0.228783 0.695953 -0.786804 0.221045 3.68717 -0.708999 -0.321484 -0.626667
internal_weight=8132 1974 6158 1484 490 2941 803 750 465 1368 3217 440 681 360 120 561 272 964 1744 603 280 1573 905 361 1723 289 160 1431 404 668
internal_count=8132 1974 6158 1484 490 2941 803 750 465 1368 3217 440 681 360 120 561 272 964 1744 603 280 1573 905 361 1723 289 160 1431 404 668
is_linear=0
shrinkage=0.03


Tree=17
num_leaves=31
num_cat=0
split_feature=55 32 19 32 26 32 32 12 12 12 32 12 29 0 18 30 26 30 21 29 55 58 12 15 7 13 18 18 24 41
split_gain=8.36334e+06 1.25429e+06 1.0586e+06 332853 291977 236865 198135 170384 149962 144820 136557 126558 104750 81943.4 79956 103470 78434.1 73654.4 69124.8 61144.6 55874 65924.4 53372.6 52101.1 48254.3 44246.8 42775 41169.4 38325.5 33462.9
threshold=119.29285714285716 204.50000000000003 18.137500000000006 79.850000000000009 10.500000000000002 348.50000000000006 144.50000000000003 8.7500000000000018 7.8500000000000005 4.4500000000000011 40.350000000000001 6.0500000000000007 1960.3571428571429 28.643240000000002 4533.0000000000009 107.45833333333343 11.500000000000002 237.46666666666644 7.5000000000000009 117.14285714285715 162.21428571428575 19.150000000000002 9.0500000000000025 986.6500000000002 63.065000000000005 291.50000000000006 4335.5000000000009 6635.5000000000009 7799.380000000001 23.450000000000003
decision_type=10 10 2 8 2 10 10 2 2 2 10 2 2 2 2 2 2 2 2 2 10 10 2 2 2 2 2 2 2 8
left_child=2 6 3 12 9 7 18 13 14 -3 -4 16 22 -6 15 -5 24 -11 -2 -7 23 -22 -1 -20 -8 26 -13 -16 -12 -18
right_child=1 4 10 8 5 19 11 -9 -10 17 28 25 -14 -15 27 -17 29 -19 20 -21 21 -23 -24 -25 -26 -27 -28 -29 -30 -31
leaf_value=-0.33841777551817115 -0.40922836925302231 3.8352028083801266 -1.0779563839604711 -0.30963875727011608 2.5575192959562258 3.7878503335040548 1.710280977487564 0.6985111759509891 -0.25318715268923642 -0.20918614900112151 -0.71822150761736625 1.4665192784400696 1.6976247801099504 3.3393128664118628 0.26285239653214587 1.4537856738789137 1.9778851661261387 1.5121256718107243 -0.15976349470022394 5.8591317538557375 2.8521526384353639 1.0743611713486203 -0.73074929545743994 0.79073579453959542 0.30125174185726789 0.35890600044745952 0.23571216656315708 1.3487222257527438 -0.030873087974121936 3.0313426109840127
leaf_weight=1277 42 20 1977 39 235 23 247 32 388 30 1141 141 21 248 658 129 51 88 61 29 21 177 413 348 24 72 31 33 78 58
leaf_count=1277 42 20 1977 39 235 23 247 32 388 30 1141 141 21 248 658 129 51 88 61 29 21 177 413 348 24 72 31 33 78 58
internal_value=-1.4807e-09 1.69699 -0.54544 -0.13645 2.71213 3.01332 1.13479 2.81848 0.23632 1.47461 -0.923973 1.51649 -0.408129 2.95894 0.457424 1.04442 1.85884 1.0745 0.767797 4.94299 0.849238 1.26291 -0.434295 0.648974 1.5855 0.98331 1.24469 0.31471 -0.67424 2.53844
internal_weight=8132 1978 6154 2958 705 567 1273 515 1247 138 3196 624 1711 483 859 168 380 118 649 52 607 198 1690 409 271 244 172 691 1219 109
internal_count=8132 1978 6154 2958 705 567 1273 515 1247 138 3196 624 1711 483 859 168 380 118 649 52 607 198 1690 409 271 244 172 691 1219 109
is_linear=0
shrinkage=0.03


Tree=18
num_leaves=31
num_cat=0
split_feature=55 32 19 32 16 32 29 6 16 32 28 28 32 16 16 16 5 18 21 51 17 19 22 15 16 26 18 26 9 12
split_gain=7.86907e+06 1.18214e+06 996037 314408 267379 228819 187593 179196 162154 128923 128324 119553 115410 115068 96140.3 91589.7 166439 84397.1 83792.5 68386.9 107036 84257.5 60518.8 54241 51912.8 49244.6 49038.9 45746 47097.2 45102.4
threshold=119.29285714285716 212.50000000000003 18.137500000000006 84.65000000000002 11.550000000000002 163.50000000000003 355.9285714285715 2826.7650000000003 14.050000000000002 38.45000000000001 45.500000000000007 391.33333333333343 339.50000000000006 13.450000000000001 16.150000000000002 23.650000000000002 2024.5000000000002 3411.0000000000005 36.000000000000007 530.46000000000015 992.50000000000011 8.6916666666666682 40.500000000000007 992.1500000000002 23.350000000000005 11.500000000000002 3454.5000000000005 11.500000000000002 22.200000000000003 6.2500000000000009
decision_type=10 10 2 8 2 10 2 2 2 10 2 2 10 2 2 2 2 2 2 2 2 2 2 2 2 2 2 2 2 2
left_child=2 5 3 15 12 14 10 -8 11 -4 -6 -5 23 27 25 16 -1 -12 -16 20 -15 -21 -20 -3 -10 29 -27 -7 -29 -2
right_child=1 4 9 8 6 13 7 -9 24 -11 17 -13 -14 19 18 -17 -18 -19 22 21 -22 -23 -24 -25 -26 26 -28 28 -30 -31
leaf_value=-0.29736912768992507 0.84329460916855414 4.1365256832615804 -1.058883284259247 0.70227315400295953 -0.057690770717767563 1.8686659028181216 3.9562487084524971 1.4555337230137417 0.18551479195502757 -0.67301622639238035 2.6923237206814066 2.7756048251049856 5.7678803495927289 1.5999883058755704 -0.61011198725019178 -0.77191750519146973 2.3315749688581984 1.6943023586307846 2.1730167226357895 2.8311949076551071 0.14588526830615767 0.99354085365007072 0.53125111971020456 2.9554061807588092 -0.41593767857329444 2.0888320671428331 0.85910643719612279 2.1948858310381572 3.7294409313201902 1.9143162408241858
leaf_weight=1462 382 59 1849 236 26 123 98 35 653 1347 137 28 22 101 56 396 22 172 22 47 83 43 248 86 161 77 47 45 30 39
leaf_count=1462 382 59 1849 236 26 123 98 35 653 1347 137 28 22 101 56 396 22 172 22 47 83 43 248 86 161 77 47 45 30 39
internal_value=-1.3451e-09 1.64608 -0.529077 -0.132356 2.71266 1.14177 2.34492 3.29817 0.276093 -0.896254 1.96647 0.922172 3.74319 1.67372 0.853508 -0.366563 -0.258396 2.13679 0.445983 1.27553 0.944061 1.9532 0.665025 3.436 0.0665543 1.09728 1.62273 2.22474 2.80871 0.94251
internal_weight=8132 1978 6154 2958 635 1343 468 133 1078 3196 335 264 167 472 871 1880 1484 309 326 274 184 90 270 145 814 545 124 198 75 421
internal_count=8132 1978 6154 2958 635 1343 468 133 1078 3196 335 264 167 472 871 1880 1484 309 326 274 184 90 270 145 814 545 124 198 75 421
is_linear=0
shrinkage=0.03


Tree=19
num_leaves=31
num_cat=0
split_feature=55 32 32 16 16 22 55 10 19 16 23 7 20 19 23 32 20 40 8 60 20 8 12 7 23 25 5 32 12 55
split_gain=7.40401e+06 1.11447e+06 947121 307932 213917 210535 171424 169275 164683 161762 135319 123896 121330 115462 110598 105753 95894.7 88991.5 81265.3 63647.6 61474.1 59646.9 54050 53413.3 65166 52689.9 48100.6 44195.4 42415 41457
threshold=119.29285714285716 199.50000000000003 62.050000000000004 11.550000000000002 13.850000000000003 406.00000000000006 43.078571428571436 14.750000000000002 12.991666666666669 16.150000000000002 2110.4950000000003 14.750000000000002 6434.5000000000009 11.104166666666668 151.85500000000005 142.50000000000003 10052.250000000002 62.51666666666668 19.900000000000002 13.450000000000001 9674.5000000000018 35.750000000000007 9.8500000000000032 19.385000000000005 524.57500000000016 3.5000000000000004 1727.0000000000002 108.50000000000001 10.15 84.892857142857153
decision_type=10 10 10 2 2 2 8 2 2 2 2 2 2 2 2 10 2 8 2 10 2 2 2 2 2 2 2 10 2 10
left_child=2 9 6 11 10 8 -1 -7 12 15 25 17 -5 21 -11 20 18 -3 -16 -13 -2 27 26 24 -17 -4 -8 -6 29 -15
right_child=1 3 4 5 13 7 22 -9 -10 14 -12 19 -14 28 16 23 -18 -19 -20 -21 -22 -23 -24 -25 -26 -27 -28 -29 -30 -31
leaf_value=-0.99823666912294062 0.78342920413246453 3.569636962754386 0.15591670536192143 2.4829252949276484 -0.087896786189530202 4.0163355655204951 -0.5354199696187153 2.0301701067571769 -0.62978802263736722 -0.57005497553772655 2.423828224092722 4.2623551350255164 1.4104332261177208 -0.4298460554377021 0.92346783535516985 2.2957123309738781 0.15701718108768156 6.0070370556758004 2.5540328595042228 2.7278318237625392 1.9326923476159572 1.3980182389020919 -0.93976970123794834 1.3061100111697634 0.97968951864676035 0.87956596781883167 0.5473889080449742 0.43789886310696602 -0.79988813610531351 -0.0094633227017570706
leaf_weight=2054 329 28 271 185 613 82 1302 73 24 65 32 31 195 686 196 147 141 26 32 113 48 30 318 219 44 136 38 188 181 305
leaf_count=2054 329 28 271 185 613 82 1302 73 24 65 32 31 195 686 196 147 141 26 32 113 48 30 318 219 44 136 38 188 181 305
internal_value=6.29608e-10 1.59669 -0.513204 2.50107 -0.0543484 2.14097 -0.81507 3.08092 1.78035 1.03599 0.545414 3.51773 1.93257 -0.185799 0.571001 1.29242 0.772 4.7432 1.15232 3.05818 0.929754 0.0846989 -0.588156 1.62589 1.99254 0.397726 -0.504713 0.0355109 -0.377594 -0.300465
internal_weight=8132 1978 6154 757 2442 559 3712 155 404 1221 439 198 380 2003 434 787 369 54 228 144 377 831 1658 410 191 407 1340 801 1172 991
internal_count=8132 1978 6154 757 2442 559 3712 155 404 1221 439 198 380 2003 434 787 369 54 228 144 377 831 1658 410 191 407 1340 801 1172 991
is_linear=0
shrinkage=0.03


Tree=20
num_leaves=31
num_cat=0
split_feature=32 32 26 32 16 16 34 16 34 19 23 20 18 18 17 21 23 9 15 20 22 17 17 30 21 19 16 21 32 33
split_gain=6.96092e+06 1.07584e+06 751236 474826 314087 201893 192651 170457 151218 130482 121110 117044 99368.8 124834 75700.3 71358 65615.4 60699.5 61218.7 59182.5 55479 54737.5 48281.3 45172.1 41112.6 41014.6 38935.3 38325.4 33588.5 31703.5
threshold=129.50000000000003 66.65000000000002 10.500000000000002 278.50000000000006 14.750000000000002 20.400000000000002 35.083333333333336 17.350000000000005 101.95000000000003 19.989583333333339 2110.4950000000003 2399.7500000000005 3454.5000000000005 4091.5000000000005 660.00000000000011 661.00000000000011 651.75000000000011 41.550000000000004 985.1500000000002 11103.250000000002 133.50000000000003 1307.5000000000002 1127.5000000000002 13973.853333333334 37.500000000000007 12.991666666666669 21.850000000000005 163.50000000000003 92.450000000000017 124.50000000000001
decision_type=10 10 2 10 2 2 8 2 10 2 2 2 2 2 2 2 2 2 2 2 2 2 2 2 2 2 2 2 10 10
left_child=1 6 4 7 9 8 -1 12 17 10 19 -5 14 -14 -4 28 22 18 -3 -2 27 29 -9 26 -6 -7 -23 -13 -10 -8
right_child=2 5 3 11 24 25 21 16 15 -11 -12 20 13 -15 -16 -17 -18 -19 -20 -21 -22 23 -24 -25 -26 -27 -28 -29 -30 -31
leaf_value=-1.0138241931099987 1.3497417916562229 -0.30788473851768866 1.8176546389112869 5.3410610961914058 -0.3564012700243841 -0.13844663616483105 -0.80295688699328416 1.1230892262587675 0.059248578587833507 -0.68700278666356329 3.2463959474312629 3.143829496867621 1.5930601916778577 3.2016972665225758 2.9824197885214563 1.9231170579046011 1.9137710332053981 1.5489230485066121 0.17033316718681038 2.8955486261844632 3.7943599567643127 -0.40872067379884786 -0.14122985302160185 0.71378772497177123 0.43554270596783046 -0.57794101753001736 -0.74771595802733282 1.868097690997585 0.65938450978336671 0.32534685031227445
leaf_weight=1567 313 386 72 27 79 393 878 111 104 23 38 67 292 51 166 36 73 23 641 24 83 1106 36 28 233 372 421 31 435 23
leaf_count=1567 313 386 72 27 79 393 878 111 104 23 38 67 292 51 166 36 73 23 641 24 83 1106 36 28 233 372 421 31 435 23
internal_value=-4.29308e-10 -0.454426 1.69531 2.22139 0.947676 0.0497021 -0.753921 1.88976 0.238887 1.50634 1.64087 3.4985 2.15906 1.83225 2.63005 0.629959 1.17856 0.0247288 -0.00940599 1.45983 3.22364 -0.588095 0.81346 -0.480288 0.235018 -0.352162 -0.502183 2.74028 0.543588 -0.774154
internal_weight=8132 6413 1719 1009 710 2390 4023 801 1625 398 375 208 581 343 238 575 220 1050 1027 337 181 2456 147 1555 312 765 1527 98 539 901
internal_count=8132 6413 1719 1009 710 2390 4023 801 1625 398 375 208 581 343 238 575 220 1050 1027 337 181 2456 147 1555 312 765 1527 98 539 901
is_linear=0
shrinkage=0.03


Tree=21
num_leaves=31
num_cat=0
split_feature=55 32 32 16 16 32 11 22 20 23 6 17 19 32 16 6 16 55 55 21 37 22 19 15 20 32 60 6 26 20
split_gain=6.57023e+06 1.00196e+06 843162 228084 205799 193458 162814 125795 124258 118875 102262 101878 100772 100731 97891.7 82476 80283.4 77755.3 71274 69822.2 67698.1 57761.8 57549.6 88746.8 68377 52865 45886.8 45228.6 43549 54998
threshold=119.29285714285716 212.50000000000003 55.050000000000004 11.550000000000002 14.750000000000002 163.50000000000003 52.500000000000007 423.50000000000006 6434.5000000000009 2110.4950000000003 315.03000000000009 1527.5000000000002 11.104166666666668 29.150000000000002 13.450000000000001 13669.565000000001 16.250000000000004 214.64285714285717 81.107142857142875 36.000000000000007 402.66666666666669 40.500000000000007 8.6916666666666682 992.75000000000011 6855.5000000000009 74.250000000000014 13.450000000000001 41.535000000000004 11.500000000000002 9674.5000000000018
decision_type=10 10 8 2 2 10 2 2 2 2 2 2 2 10 2 2 2 10 8 2 10 2 2 2 2 8 10 2 2 2
left_child=2 5 13 10 9 16 7 -5 17 18 20 -10 15 -1 -7 25 28 -8 -4 -18 -3 -21 23 -16 -24 -6 -12 -15 29 -2
right_child=1 3 4 6 12 14 8 -9 11 -11 26 -13 -14 27 22 -17 19 -19 -20 21 -22 -23 24 -25 -26 -27 -28 -29 -30 -31
leaf_value=-1.0390330773587007 0.70262571885284042 3.5878077049255372 -0.054185901158954941 2.0585613198597219 -0.37098030882307842 2.037179285215609 1.5075687767565249 3.7310270139395469 0.59570933601809939 2.0291662939389545 3.986497290475028 2.235233877686893 -0.40709859253757558 -0.88743645046752706 2.939929980141776 1.858410655430385 -0.56657525649560347 2.8957256449823792 0.59341606966051375 2.0717131997238507 5.7511381829303243 0.46560358367906884 1.5520431797612797 1.1104427891731261 0.30289679068083664 0.12459693405250068 2.5882324664537295 -0.58754613161811087 1.4883620488355236 1.6326950091298889
leaf_weight=1195 361 30 320 79 294 198 60 83 103 36 28 51 1424 691 35 21 56 92 293 22 23 240 66 75 98 568 86 1312 124 68
leaf_count=1195 361 30 320 79 294 198 60 83 103 36 28 51 1424 691 35 21 56 92 293 22 23 240 66 75 98 568 86 1312 124 68
internal_value=-2.56114e-10 1.50411 -0.483445 2.48604 -0.118199 1.03982 2.1464 2.91544 1.73927 0.353746 3.43785 1.13867 -0.250966 -0.821052 1.52894 0.000826129 0.774767 2.34777 0.255353 0.394951 4.52661 0.600468 1.16168 1.69255 0.805602 -0.0444283 2.93167 -0.691003 0.993179 0.850049
internal_weight=8132 1978 6154 635 2956 1343 468 162 306 649 167 154 2307 3198 472 883 871 152 613 318 53 262 274 110 164 862 114 2003 553 429
internal_count=8132 1978 6154 635 2956 1343 468 162 306 649 167 154 2307 3198 472 883 871 152 613 318 53 262 274 110 164 862 114 2003 553 429
is_linear=0
shrinkage=0.03


Tree=22
num_leaves=31
num_cat=0
split_feature=55 35 55 34 12 20 20 34 16 21 16 6 6 55 26 6 24 21 26 6 56 55 11 55 55 21 13 25 11 12
split_gain=6.1821e+06 783599 774116 264647 247773 152605 150265 137874 137103 134232 120708 109230 96005.4 87998.5 74254.2 68618.1 67691.8 65658.9 64727.6 63206.2 57679.6 52151.1 48842.5 47155.4 47151 41004.1 39555.1 35617 35520.9 34326.7
threshold=120.62142857142858 338.50000000000006 54.850000000000001 226.83333333333334 7.3500000000000005 2399.7500000000005 3869.5000000000005 101.18333333333338 13.450000000000001 32.500000000000007 18.450000000000003 12260.245000000001 181.68500000000003 156.00000000000003 11.500000000000002 156.49500000000003 2958.5050000000006 432.50000000000006 9.5000000000000018 1436.1200000000001 173.50000000000003 221.35714285714289 77.500000000000014 79.421428571428592 90.921428571428592 512.00000000000011 158.00000000000003 2.5000000000000004 51.500000000000007 9.8500000000000032
decision_type=10 10 8 10 2 2 2 8 2 2 2 2 2 10 2 2 2 2 2 2 8 10 2 10 10 2 2 2 2 2
left_child=2 6 12 8 7 -5 21 11 14 -8 17 23 -1 25 19 -15 -10 -7 -9 -3 -13 27 -16 -4 28 -11 -20 -2 -6 -14
right_child=1 3 4 5 24 10 9 18 16 13 -12 20 29 15 22 -17 -18 -19 26 -21 -22 -23 -24 -25 -26 -27 -28 -29 -30 -31
leaf_value=-0.92389202585684227 0.98110412285245707 1.4118211375346237 -0.21538368123815529 4.7167191557450723 -0.39399420153300391 2.5772205197911586 -0.21362526070613128 0.40170633523869553 0.92382026716984889 0.44920590005564409 0.91122791619811727 2.6250019054412839 -0.50042111937167499 2.3670969367608787 3.6674384697093516 1.0830118485347435 2.420005569756031 3.7424356720997736 2.4068942020250401 3.0267506691505166 0.42213807292606514 2.6688236850016822 1.954688817936441 0.16981232912534461 -0.14947364089151924 1.5787380999326706 0.93665756658618826 1.7677953884680755 -0.75133308487585404 -1.1468262647699428
leaf_weight=2069 87 88 879 33 643 267 104 310 182 301 35 20 848 41 43 433 32 52 23 29 23 37 23 424 397 32 58 128 410 81
leaf_count=2069 87 88 879 33 643 267 104 310 182 301 35 20 848 41 43 433 32 52 23 29 23 37 23 424 397 32 58 128 410 81
internal_value=-1.39457e-10 1.47427 -0.464092 2.20729 -0.138571 2.76555 0.980128 0.103109 1.6631 0.800778 2.58367 -0.0409455 -0.810134 0.931506 2.26598 1.19408 1.14755 2.76716 0.599012 1.8121 1.44673 1.62849 3.07057 -0.0900398 -0.428087 0.55775 1.35413 1.44946 -0.533129 -0.556782
internal_weight=8132 1947 6185 784 3187 387 1163 1737 397 911 354 1346 2998 807 183 474 214 319 391 117 43 252 66 1303 1450 333 81 215 1053 929
internal_count=8132 1947 6185 784 3187 387 1163 1737 397 911 354 1346 2998 807 183 474 214 319 391 117 43 252 66 1303 1450 333 81 215 1053 929
is_linear=0
shrinkage=0.03


Tree=23
num_leaves=31
num_cat=0
split_feature=32 32 32 26 16 32 16 16 16 26 5 32 26 21 0 21 16 35 13 11 33 16 29 17 18 21 33 17 54 6
split_gain=5.83769e+06 956083 579793 336042 254102 196794 133096 131819 130987 111497 109394 97554.7 85865.4 85096.3 83115.5 80251.2 68652.8 68193.7 60856.1 60817.3 53373.8 46725.4 44770.8 44146.7 43307.5 39084.9 36947.5 36500.7 32901.2 29904
threshold=108.50000000000001 199.50000000000003 51.150000000000013 10.500000000000002 14.750000000000002 348.50000000000006 20.550000000000004 20.750000000000004 14.750000000000002 11.500000000000002 2024.5000000000002 73.550000000000011 10.500000000000002 406.00000000000006 28.643240000000002 10.500000000000002 14.550000000000002 193.50000000000003 150.00000000000003 47.500000000000007 116.50000000000001 20.150000000000002 117.14285714285715 787.50000000000011 3454.5000000000005 21.500000000000004 206.50000000000003 902.50000000000011 241.50000000000003 1875.4150000000002
decision_type=10 10 8 2 2 10 2 2 2 2 2 8 2 2 2 2 2 8 2 2 10 2 2 2 2 2 10 2 10 2
left_child=2 4 15 8 9 7 10 14 13 16 11 -4 25 26 -5 -1 18 -12 -2 -8 23 -13 -7 -17 27 -6 -3 -11 -27 -14
right_child=1 3 6 5 12 22 19 -9 -10 24 17 21 29 -15 -16 20 -18 -19 -20 -21 -22 -23 -24 -25 -26 28 -28 -29 -30 -31
leaf_value=-0.94601358950574022 1.5036145025345828 0.78480835241193958 -0.29651344913367439 2.0664137938952201 -0.42537516456600782 3.2685409429798953 -0.28572127598740804 0.51667484429829258 0.10922637847405445 1.8571792439292458 0.27114118275435073 0.1038912226248343 0.75805391005733436 3.3804422586614438 2.830901614305541 -1.2569529732535867 2.6412528405500493 2.6074180126190183 0.78708359013231743 -0.75745641407405429 0.86802064759390696 1.4735271026777186 5.0409224095837821 -0.60935665948688711 1.1150476442575454 0.25647759286014155 2.0455835651329584 2.975646269446925 1.4019610503315925 1.661802962400019
leaf_weight=1504 143 52 948 258 74 23 624 34 79 85 23 885 187 22 254 102 23 22 420 406 21 23 29 1331 45 378 35 38 24 40
leaf_count=1504 143 52 948 258 74 23 624 34 79 85 23 885 187 22 254 102 23 22 420 406 21 23 29 1331 45 378 35 38 24 40
internal_value=-9.41964e-10 1.30241 -0.496063 2.1457 0.847494 2.4935 -0.197024 2.32555 1.03938 1.23004 -0.048217 -0.083653 0.437192 1.71353 2.44567 -0.792373 1.03471 1.41332 0.96908 -0.471667 -0.633449 0.138585 4.25698 -0.655452 1.91138 0.208231 1.29202 2.20272 0.324865 0.917305
internal_weight=8132 2243 5889 786 1457 598 2931 546 188 754 1901 1856 703 109 512 2958 586 45 563 1030 1454 908 52 1433 168 476 87 123 402 227
internal_count=8132 2243 5889 786 1457 598 2931 546 188 754 1901 1856 703 109 512 2958 586 45 563 1030 1454 908 52 1433 168 476 87 123 402 227
is_linear=0
shrinkage=0.03


Tree=24
num_leaves=31
num_cat=0
split_feature=32 32 32 16 55 26 16 35 21 18 55 15 16 12 30 16 16 55 18 16 5 20 16 32 15 32 21 11 18 12
split_gain=5.5008e+06 849815 601086 274727 235738 207029 141139 139202 112702 129583 95352 78614.4 72583.2 67001.7 66821.3 65345.4 65129.1 57842.2 56000.6 53596.5 52932.8 52717.7 50877.7 49614.8 43827.1 35908.6 34599.8 33306.1 36636 32722.3
threshold=129.50000000000003 73.050000000000011 238.50000000000003 11.950000000000001 48.76428571428572 10.500000000000002 20.550000000000004 552.50000000000011 23.500000000000004 4533.0000000000009 82.857142857142875 986.6500000000002 14.050000000000002 8.7500000000000018 13973.853333333334 20.150000000000002 9.0500000000000025 143.43571428571431 6635.5000000000009 10.450000000000001 17.500000000000004 4536.0000000000009 17.150000000000002 29.450000000000003 992.25000000000011 177.50000000000003 720.50000000000011 54.500000000000007 5314.0000000000009 7.7500000000000009
decision_type=10 10 10 2 8 2 2 10 2 2 10 2 2 2 2 2 2 10 2 2 2 2 2 10 2 10 2 2 2 2
left_child=1 4 3 16 23 12 10 13 -5 11 18 -10 -4 20 17 26 -2 22 19 -3 -7 -9 -6 -1 25 -18 -12 -8 -29 -11
right_child=2 6 5 8 14 7 27 21 9 29 15 -13 -14 -15 -16 -17 24 -19 -20 -21 -22 -23 -24 -25 -26 -27 -28 28 -30 -31
leaf_value=-0.97659297518432131 3.2207452564854777 1.1971908542679415 1.8396155501385125 -0.18274105238009103 -0.22297911685142138 4.1235742835998535 -0.11292991330663701 5.4694747238159174 -0.041435377071070111 0.55039970030313112 0.39847871130474899 1.2851783139455737 0.065428113738695781 0.83937023534998301 0.99454476079633158 1.8356916249182915 1.6913721161571944 1.1565346572335278 1.2998326267136466 -0.17704754851208154 2.5294263129220358 3.3413472019542345 -0.54387948349087978 -0.70702999917786258 1.2231725069781143 2.4989097776757663 1.5789970319167428 -0.29902075791265814 -1.1735866560569177 -0.3362373188223976
leaf_weight=1104 31 27 49 79 701 20 396 20 43 134 784 618 36 20 31 31 123 21 27 473 299 22 1216 1386 90 83 23 128 65 52
leaf_count=1104 31 27 49 79 701 20 396 20 43 134 784 618 36 20 31 31 123 21 27 473 299 22 1216 1386 90 83 23 128 65 52
internal_value=-3.29112e-10 -0.403964 1.50705 1.16494 -0.632575 2.42694 0.117722 2.72561 0.900962 1.00204 0.285206 1.19888 1.08819 2.52377 -0.387277 0.484046 1.91247 -0.40938 -0.0309751 -0.102839 2.62937 4.35474 -0.426534 -0.826547 1.77545 2.01674 0.432124 -0.270421 -0.593564 0.302523
internal_weight=8132 6413 1719 1253 4459 466 1954 381 926 847 1365 661 85 339 1969 838 327 1938 527 500 319 42 1917 2490 296 206 807 589 193 186
internal_count=8132 6413 1719 1253 4459 466 1954 381 926 847 1365 661 85 339 1969 838 327 1938 527 500 319 42 1917 2490 296 206 807 589 193 186
is_linear=0
shrinkage=0.03


Tree=25
num_leaves=31
num_cat=0
split_feature=55 19 35 34 34 13 20 26 22 21 29 7 35 20 23 21 13 34 24 55 21 9 19 13 34 7 22 13 37 20
split_gain=5.17036e+06 748902 632497 211719 169153 153332 121236 106954 105815 101221 100203 96945.1 84616.5 78119.6 74021.5 70116.5 68728.9 66168.4 55157.4 43211.5 39396 37107.5 36432.9 36119.6 35066.1 35055.4 34261.8 29628.7 28425.4 27055.3
threshold=125.92857142857144 17.818750000000005 338.50000000000006 259.50000000000006 101.18333333333338 107.50000000000001 3869.5000000000005 9.5000000000000018 83.500000000000014 32.500000000000007 1960.3571428571429 11.570000000000002 592.00000000000011 9531.7500000000018 3092.6550000000002 38.500000000000007 158.00000000000003 161.66666666666671 2958.5050000000006 221.35714285714289 89.500000000000014 38.45000000000001 12.897916666666669 315.50000000000006 76.183333333333337 107.86000000000001 8.5000000000000018 122.50000000000001 323.83333333333343 14914.250000000002
decision_type=10 2 10 10 8 2 2 2 2 2 2 2 10 2 2 2 2 10 2 10 2 2 2 2 10 2 2 2 10 2
left_child=1 4 6 5 10 -4 19 22 -5 26 13 -3 20 25 15 -11 -9 28 -19 27 -10 23 -6 -13 -15 -1 -8 -2 -7 -24
right_child=2 11 3 8 7 17 9 16 12 14 -12 21 -14 24 -16 -17 -18 18 -20 -21 -22 -23 29 -25 -26 -27 -28 -29 -30 -31
leaf_value=0.044612342899016451 2.2990872865456802 -0.85964752384063414 3.7892428870126604 1.6907636714470191 0.34560379718173512 1.3565433185351521 0.51358576889221474 2.4207857835703881 2.2227859318931147 2.0138712752737646 1.477989404448308 -0.64397579239333114 4.8773450088500976 -0.4107400880670769 2.1675463357724638 0.73639588653183918 0.75625659968435144 1.6403420585989952 3.0686029023390549 2.4681895564053509 3.2155416292803625 -0.17070200348757719 0.14403301090002057 0.029332755063116164 -0.1280999676162671 1.1939938018798826 -0.64887071377580818 1.2145302966805334 0.20363251948585875 -0.58827476250752797
leaf_weight=534 26 1942 30 61 359 38 39 29 53 41 32 1043 22 1128 38 680 97 380 26 37 112 219 105 77 608 25 55 177 39 80
leaf_count=534 26 1942 30 61 359 38 39 29 53 41 32 1043 22 1128 38 680 97 380 26 37 112 219 105 77 608 25 55 177 39 80
internal_value=1.44522e-10 -0.411081 1.392 2.05607 -0.0682476 1.70815 0.929641 0.35178 2.77575 0.762048 -0.189184 -0.724239 3.12968 -0.21243 0.877055 0.80904 1.13936 1.57889 1.73181 1.5253 2.89666 -0.527851 0.169363 -0.597686 -0.311751 0.0960158 -0.166575 1.35344 0.772601 -0.172641
internal_weight=8132 6278 1854 761 2997 513 1093 670 248 853 2327 3281 187 2295 759 721 126 483 406 240 165 1339 544 1120 1736 559 94 203 77 185
internal_count=8132 6278 1854 761 2997 513 1093 670 248 853 2327 3281 187 2295 759 721 126 483 406 240 165 1339 544 1120 1736 559 94 203 77 185
is_linear=0
shrinkage=0.03


Tree=26
num_leaves=31
num_cat=0
split_feature=32 32 32 26 16 32 16 16 16 15 5 32 26 55 17 0 32 33 15 11 40 16 29 21 21 21 25 53 11 26
split_gain=4.89137e+06 848148 455262 287206 236432 170838 116947 113268 105743 98887.3 93274.5 90701 85913.4 85816.7 77140.9 72903.5 68319.3 72639.8 54876.7 52408 52267.9 42905 40650.8 39724.2 39577.5 36947.4 36867 35207.6 32769.6 31772.2
threshold=105.50000000000001 199.50000000000003 50.650000000000013 10.500000000000002 14.750000000000002 348.50000000000006 20.750000000000004 14.750000000000002 20.550000000000004 986.85000000000002 2024.5000000000002 153.50000000000003 10.500000000000002 73.714285714285737 1725.0000000000002 28.643240000000002 25.750000000000004 129.50000000000003 992.55000000000007 47.500000000000007 38.283333333333339 20.050000000000004 117.14285714285715 10.500000000000002 506.50000000000006 21.500000000000004 1.5000000000000002 98561.35000000002 77.500000000000014 11.500000000000002
decision_type=10 10 8 2 2 10 2 2 2 2 2 10 2 8 2 2 10 8 2 2 10 2 2 2 2 2 2 2 2 2
left_child=2 4 16 7 9 6 15 14 10 -2 13 29 25 28 27 -5 -1 23 -13 -10 -12 -15 -7 -18 -14 -6 -16 -3 -4 -11
right_child=1 3 8 5 12 22 -8 -9 19 11 20 18 24 21 26 -17 17 -19 -20 -21 -22 -23 -24 -25 -26 -27 -28 -29 -30 -31
leaf_value=-0.95476071820862785 -0.11685197553700871 1.377012461344401 -0.20957802412149695 1.8870495642340459 -0.41354271522590091 2.9867972672503926 0.42531633001916547 0.076317036391672075 -0.27092417110353467 0.81183766342844044 2.2891142040750254 1.9492997176420757 0.73222035914143035 0.10513230697837153 3.4065794563293457 2.6030342347603144 -0.80504073210968796 1.1630322285890577 1.1026064219272562 -0.71151117793992158 0.21901350361960273 1.5128253393173217 4.6756601083689722 -0.5383088082349462 2.1260984601974484 0.27307150728086177 1.6698024975169787 -0.1357651256918907 -0.70754533626737381 1.4619032544749124
leaf_weight=857 54 45 902 258 84 23 34 79 619 348 23 179 220 759 22 254 886 20 112 400 21 20 29 1161 20 440 22 20 137 84
leaf_count=857 54 45 902 258 84 23 34 79 619 348 23 179 220 759 22 254 886 20 112 400 21 20 29 1161 20 440 22 20 137 84
internal_value=2.01144e-10 1.16209 -0.465838 1.96405 0.75305 2.28559 2.1291 0.941275 -0.198188 1.12153 -0.0637338 1.21402 0.378304 -0.0967663 1.56817 2.24225 -0.729553 -0.636179 1.62342 -0.443873 1.30111 0.141273 3.92866 -0.653758 0.848377 0.163004 2.53819 0.911542 -0.275239 0.938239
internal_weight=8132 2327 5805 786 1541 598 546 188 2881 777 1862 723 764 1818 109 512 2924 2067 291 1019 44 779 52 2047 240 524 44 65 1039 432
internal_count=8132 2327 5805 786 1541 598 546 188 2881 777 1862 723 764 1818 109 512 2924 2067 291 1019 44 779 52 2047 240 524 44 65 1039 432
is_linear=0
shrinkage=0.03


Tree=27
num_leaves=31
num_cat=0
split_feature=32 32 26 32 16 55 15 12 23 19 12 23 6 15 32 19 20 23 16 55 20 23 32 16 12 60 6 9 6 57
split_gain=4.6059e+06 716782 506685 335366 222404 150671 137678 121722 106425 106070 96416.7 89892.6 80124.6 96452.1 63325.6 62213.4 54476.8 53061 49047.3 64281.8 47875.7 42590 40772 36774.3 35825.7 32551.2 30853.2 29425 24227.8 23115.3
threshold=129.50000000000003 66.65000000000002 10.500000000000002 278.50000000000006 14.750000000000002 48.76428571428572 986.6500000000002 7.2500000000000009 2584.8600000000006 19.989583333333339 3.2500000000000004 2110.4950000000003 2958.5050000000006 992.25000000000011 93.15000000000002 13.4 11103.250000000002 651.75000000000011 22.200000000000006 150.60714285714289 9922.7500000000018 6810.880000000001 29.450000000000003 17.900000000000002 10.15 11.925000000000002 10283.990000000002 26.950000000000003 2506.1950000000006 178.15714285714287
decision_type=10 10 2 10 2 8 2 2 2 2 2 2 2 2 10 2 2 2 2 8 2 2 10 2 2 10 2 2 2 10
left_child=1 5 4 7 9 22 15 12 14 11 -5 16 13 -4 -8 21 -2 20 19 26 -9 -3 -1 -16 -17 -12 -7 -27 -10 -6
right_child=2 6 3 10 29 18 8 17 28 -11 25 -13 -14 -15 23 24 -18 -19 -20 -21 -22 -23 -24 -25 -26 27 -28 -29 -30 -31
leaf_value=-0.89640333124072002 1.0948338817930616 -0.0096240558451523416 2.2025421869835338 4.5220312101500379 -0.6413201144234888 -0.33190058210189738 -0.03008189506482568 0.91138471322083792 0.93951309646878922 -0.74241394711577369 3.4364882791042328 2.7396435774000065 0.024659970402717588 1.412231786619047 0.56423419607592928 -0.29861554651497946 2.5779129934310911 1.592523199091219 -0.64137107102710544 1.4096336002349852 -0.34761225115507838 1.2346693952266987 -0.65039428122009602 0.045887204903004644 -0.9594503023203681 2.2266123921184215 0.7141705127862783 3.3415049479557917 2.1990150743060641 0.24799514729450636
leaf_weight=1104 313 518 296 28 29 1057 538 111 28 23 36 38 23 262 434 562 24 73 471 20 36 26 1345 172 85 118 26 26 27 283
leaf_count=1104 313 518 296 28 29 1057 538 111 28 23 36 38 23 262 434 562 24 73 471 20 36 26 1345 172 85 118 26 26 27 283
internal_value=4.08171e-10 -0.369647 1.37903 1.81108 0.765026 -0.614107 0.0418439 1.53237 0.268779 1.23514 2.88437 1.35642 1.75994 1.83146 0.206806 -0.186616 1.20045 0.931381 -0.385098 -0.275664 0.603059 0.0498459 -0.761294 0.417113 -0.385433 2.62963 -0.306787 2.42791 1.55781 0.165334
internal_weight=8132 6413 1719 1009 710 4023 2390 801 1199 398 208 375 581 558 1144 1191 337 220 1574 1103 147 544 2449 606 647 180 1083 144 55 312
internal_count=8132 6413 1719 1009 710 4023 2390 801 1199 398 208 375 581 558 1144 1191 337 220 1574 1103 147 544 2449 606 647 180 1083 144 55 312
is_linear=0
shrinkage=0.03


Tree=28
num_leaves=31
num_cat=0
split_feature=55 19 35 12 5 12 20 34 34 21 55 7 5 55 7 34 16 21 13 51 29 55 15 21 55 28 12 19 19 34
split_gain=4.32237e+06 629586 536608 176889 192864 155615 148964 148746 136774 107640 93890 83102.4 68231 65810.1 61283.6 53080.1 51961.9 48925.4 45998 41945.5 40442.2 38739.2 35739.3 34171.4 33790.9 33288.8 31727.8 35320.3 25465.7 21187.1
threshold=125.92857142857144 17.818750000000005 377.50000000000006 7.2500000000000009 2024.5000000000002 2.8500000000000005 3869.5000000000005 101.95000000000003 254.50000000000009 32.500000000000007 162.21428571428575 11.125000000000002 110.50000000000001 247.07142857142858 6.5950000000000006 161.66666666666671 29.550000000000004 432.50000000000006 122.50000000000001 1875.4150000000002 51.142857142857146 64.607142857142875 992.55000000000007 163.50000000000003 90.921428571428592 19.000000000000004 9.9500000000000011 22.475000000000001 9.2437500000000004 27.900000000000023
decision_type=10 2 10 2 2 2 2 10 10 2 10 2 2 10 2 10 2 2 2 2 2 8 2 2 10 2 2 2 2 10
left_child=1 3 6 4 7 -4 13 21 15 25 19 29 -9 18 -12 -7 20 23 -2 -11 -5 -1 -17 -10 -22 -8 27 -13 -20 -3
right_child=2 11 5 16 -6 8 9 12 17 10 14 26 -14 -15 -16 22 -18 -19 28 -21 24 -23 -24 -25 -26 -27 -28 -29 -30 -31
leaf_value=-0.26809715559152719 2.3785983335649648 -0.91619001072168027 4.2074577121734622 -0.65992442547617591 2.3074699195226032 0.34380557760115593 0.42842564467264677 0.25070707693922556 2.6305951692250149 0.39603374180685796 2.7680617446899416 -0.31350829839595851 1.0454216666323686 2.8494293089835874 1.0769937184890956 1.9228862584256505 -0.99584758557835407 3.5784926908156449 0.75039436929366166 1.2920789022608237 -0.31495678677950817 0.066067151588635589 1.1012831357769344 1.7597705213163719 0.069751985030230071 -0.6563364053222368 -0.86410168691949785 -0.66199567082868171 1.4339643012948164 -0.71137083195175022
leaf_weight=515 37 737 30 204 36 31 49 222 121 324 20 796 173 31 541 154 98 34 68 55 657 793 69 61 299 53 172 390 176 1186
leaf_count=515 37 737 30 204 36 31 49 222 121 324 20 796 173 31 541 154 98 34 68 55 657 793 69 61 299 53 172 390 176 1186
internal_value=-1.15797e-10 -0.375861 1.27274 -0.0615226 0.134505 2.11262 0.962589 0.0885708 1.97891 0.790404 0.890845 -0.662991 0.598772 1.53764 1.13728 1.50697 -0.332503 2.53387 1.39293 0.526067 -0.276462 -0.0655037 1.66867 2.33873 -0.194635 -0.135225 -0.483326 -0.428104 1.24346 -0.789869
internal_weight=8132 6278 1854 2997 1739 500 1354 1703 470 1042 940 3281 395 312 561 254 1258 216 281 379 1160 1308 223 182 956 102 1358 1186 244 1923
internal_count=8132 6278 1854 2997 1739 500 1354 1703 470 1042 940 3281 395 312 561 254 1258 216 281 379 1160 1308 223 182 956 102 1358 1186 244 1923
is_linear=0
shrinkage=0.03


Tree=29
num_leaves=31
num_cat=0
split_feature=32 32 32 26 16 12 12 12 34 12 24 26 26 32 15 20 15 32 33 13 16 18 21 21 17 21 16 54 55 54
split_gain=4.09411e+06 718793 383193 242036 198945 151814 116077 107045 97866.2 91673 104699 86646.3 69988.4 69290.1 65540.7 64513.9 59022.6 58632.8 65290.2 45738.4 37764.6 37345.7 36198.6 33861.2 33066 33002.3 29070.4 30610.8 28489.7 27220.1
threshold=105.50000000000001 199.50000000000003 50.650000000000013 10.500000000000002 14.750000000000002 2.8500000000000005 4.4500000000000011 8.7500000000000018 254.50000000000009 7.8500000000000005 10283.990000000002 11.500000000000002 10.500000000000002 77.550000000000011 986.75000000000011 10127.250000000002 988.75000000000011 25.750000000000004 129.50000000000003 90.500000000000014 10.450000000000001 3454.5000000000005 506.50000000000006 10.500000000000002 902.50000000000011 21.500000000000004 25.550000000000004 147.50000000000003 60.221428571428575 241.50000000000003
decision_type=10 10 8 2 2 2 2 2 10 2 2 2 2 8 2 2 2 10 8 2 2 2 2 2 2 2 2 8 10 10
left_child=2 4 17 6 11 -5 -3 8 -7 10 13 14 25 28 -2 -16 -8 -1 23 -11 -15 24 -14 -19 -13 -6 27 -21 -4 -27
right_child=1 3 9 5 12 7 16 -9 -10 19 -12 21 22 20 15 -17 -18 18 -20 26 -22 -23 -24 -25 -26 29 -28 -29 -30 -31
leaf_value=-0.87676175742054752 -0.23167528547022653 2.682857280307346 -0.39806578351841898 3.9315875507655895 -0.3963618113526276 1.710290307846011 -0.25128873993642631 0.4126937487640896 2.5349816599639796 -0.96147775564375126 1.9208870010907046 1.5684252504345981 0.65604754756255579 1.0783201671744649 0.83078514600063946 1.8427404049225151 0.96533021989826828 -0.73796672866370683 1.1241369420289993 -0.27353230600265477 0.10557396044250486 0.89320324845935983 1.9890982460975646 -0.49170403331956153 2.6310544651433041 0.19588515517763042 -0.57534637117405663 0.55311014810447079 -0.085313416702257852 1.2349446469545364
leaf_weight=857 46 27 479 38 84 287 54 37 236 115 24 86 220 38 497 64 107 886 20 646 656 46 20 1161 38 416 301 43 579 24
leaf_count=857 46 27 479 38 84 287 54 37 236 115 24 86 220 38 497 64 107 886 20 646 656 46 20 1161 38 416 301 43 579 24
internal_value=4.36636e-10 1.06318 -0.426186 1.80145 0.686616 2.09662 0.862542 1.9721 2.08243 -0.180633 -0.0471487 1.02462 0.34286 -0.074108 0.856966 0.946231 0.557272 -0.668129 -0.581628 -0.395174 0.158837 1.62325 0.767135 -0.598294 1.89407 0.148535 -0.329391 -0.221942 -0.226909 0.252561
internal_weight=8132 2327 5805 786 1541 598 188 560 523 2881 1776 777 764 1752 607 561 161 2924 2067 1105 694 170 240 2047 124 524 990 689 1058 440
internal_count=8132 2327 5805 786 1541 598 188 560 523 2881 1776 777 764 1752 607 561 161 2924 2067 1105 694 170 240 2047 124 524 990 689 1058 440
is_linear=0
shrinkage=0.03


Tree=30
num_leaves=31
num_cat=0
split_feature=32 32 32 16 16 15 55 16 26 15 55 24 13 25 15 20 24 16 22 20 57 16 5 55 16 32 32 54 19 35
split_gain=3.85935e+06 600956 428658 202566 148725 141029 125251 115605 109196 102030 96955.2 85144.5 76729.6 68274.2 64651.3 63997.9 54404.1 53724.2 51424.1 53775.1 45392.2 42927.6 71675.9 47118.4 40712.2 34091.6 27149.9 26097.8 26089.2 24806.9
threshold=129.50000000000003 66.15000000000002 245.50000000000003 14.750000000000002 11.550000000000002 986.85000000000002 48.76428571428572 20.400000000000002 10.500000000000002 987.6500000000002 82.857142857142875 2452.2000000000003 116.50000000000001 4.5000000000000009 993.95000000000016 8426.0000000000018 4833.5900000000011 20.150000000000002 200.00000000000003 6434.5000000000009 377.64285714285717 22.200000000000006 1727.0000000000002 143.43571428571431 14.750000000000002 26.950000000000003 103.50000000000001 274.50000000000006 12.991666666666669 329.50000000000006
decision_type=10 10 10 2 2 2 8 2 2 2 10 2 2 2 2 2 2 2 2 2 10 2 2 8 2 10 10 10 2 10
left_child=1 6 3 5 13 -2 25 10 -5 -6 16 15 29 27 -14 -11 24 26 19 -10 -15 22 23 -8 -3 -1 -12 -4 -9 -7
right_child=2 7 4 8 9 12 21 28 18 11 17 -13 14 20 -16 -17 -18 -19 -20 -21 -22 -23 -24 -25 -26 -27 -28 -29 -30 -31
leaf_value=-0.84713403192162506 -0.43089354056578416 0.18627529496947923 1.5106589144468308 0.15810499355352173 -0.2033251346241344 1.9084640871360898 -0.31751830220215338 -0.096522765488783718 1.2071329594982994 1.9122610196346459 0.17325124092425706 3.2011762046813965 1.4716244973680637 3.037664360470242 0.68766814042525048 0.57673181646748584 1.2194063662418295 1.5737256665663286 1.4768001153883727 0.12997737542184631 4.8513034057617181 -0.59715115411073161 1.3364587748587131 1.085390585010702 -0.29234624132788622 -0.61392135478369414 0.50823709007069973 2.848403925214495 -0.44404601806085409 3.1560188022026652
leaf_weight=885 39 243 21 288 22 32 1045 397 81 215 436 40 515 27 116 38 28 33 115 86 23 459 25 22 468 1556 435 35 381 26
leaf_count=885 39 243 21 288 22 32 1045 397 81 215 436 40 515 27 116 38 28 33 115 86 23 459 25 22 468 1556 435 35 381 26
internal_value=-3.22103e-10 -0.338366 1.26233 0.992527 2.09416 1.32415 -0.564525 0.0345489 0.568986 1.76707 0.177203 1.91501 1.42349 3.06618 1.32751 1.71167 -0.0776857 0.385568 0.988609 0.65243 3.87194 -0.353713 -0.251389 -0.288592 -0.128767 -0.698474 0.340552 2.34675 -0.266711 2.46771
internal_weight=8132 6413 1719 1298 421 728 3992 2421 570 315 1643 293 689 106 631 253 739 904 282 167 50 1551 1092 1067 711 2441 871 56 778 58
internal_count=8132 6413 1719 1298 421 728 3992 2421 570 315 1643 293 689 106 631 253 739 904 282 167 50 1551 1092 1067 711 2441 871 56 778 58
is_linear=0
shrinkage=0.03


Tree=31
num_leaves=31
num_cat=0
split_feature=32 32 32 16 55 16 15 15 12 29 5 32 15 55 6 14 55 16 5 55 13 20 8 32 13 7 12 20 53 53
split_gain=3.63126e+06 566366 403324 190595 157601 139936 132694 96000.1 95722.5 84628.2 74226.2 74051 80757 56858.1 56352.9 49780.1 48448.4 47081 72388.5 51723.8 44427.1 42597.4 42272.1 40324.2 36454.3 35022.6 33257.4 33050.6 31094.7 26209
threshold=129.50000000000003 73.050000000000011 245.50000000000003 14.750000000000002 48.76428571428572 11.550000000000002 986.85000000000002 987.6500000000002 7.8500000000000005 355.9285714285715 64.500000000000014 163.50000000000003 992.1500000000002 149.07142857142858 315.03000000000009 2.3500000000000001 184.85000000000005 22.200000000000006 1727.0000000000002 170.03571428571431 120.50000000000001 9885.5000000000018 19.250000000000004 96.450000000000017 90.500000000000014 11.385000000000002 8.7500000000000018 8426.0000000000018 153666.70000000004 272197.40000000008
decision_type=10 10 10 2 8 2 2 2 2 2 2 10 2 10 2 2 10 2 2 8 2 2 2 10 2 2 2 2 2 2
left_child=1 4 3 6 25 14 -2 -7 15 27 20 -8 -13 24 -4 23 -11 18 19 -6 -5 22 -12 29 -10 -1 -23 -9 -25 -3
right_child=2 8 5 10 17 7 11 9 13 16 21 12 -14 -15 -16 -17 -18 -19 -20 -21 -22 26 -24 28 -26 -27 -28 -29 -30 -31
leaf_value=-0.748160314999469 -0.41796673034246146 0.081297224703071103 3.8808263221153845 0.93303950736155872 -0.27643839850691776 -0.1972253696484999 1.0104909263221842 1.6933685113202062 -0.90208347431250979 1.3377904179096221 0.82303421008090172 2.0619772698730228 1.2136334062412382 1.0594568884757258 2.4464509847092981 -0.71006887390258455 3.0174953690697164 -0.5372024332929809 1.1097714014848072 1.2607318736314772 -0.21460945440850554 0.63630990644109742 1.7927318124951055 0.62982027032442633 -0.17615379797375791 -0.50401663108149497 -0.4014316118104117 0.66924990766188674 0.19183127424493432 1.1849320592880248
leaf_weight=1728 39 611 39 39 1318 22 285 171 70 20 171 204 200 31 67 47 68 595 36 20 137 135 53 372 563 762 35 34 240 20
leaf_count=1728 39 611 39 39 1318 22 285 171 70 20 171 204 200 31 67 47 68 595 36 20 137 135 53 372 563 762 35 34 240 20
internal_value=-1.22769e-10 -0.328215 1.22446 0.962752 -0.514846 2.03133 1.28442 1.71405 0.0976732 1.85756 0.551917 1.38078 1.64201 -0.194996 2.97419 0.248318 2.63574 -0.314279 -0.217743 -0.253461 0.0396991 0.780724 1.05247 0.284557 -0.25643 -0.673446 0.422657 1.52351 0.45806 0.116278
internal_weight=8132 6413 1719 1298 4459 421 728 315 1954 293 570 689 404 664 106 1290 88 1969 1374 1338 176 394 224 1243 633 2490 170 205 612 631
internal_count=8132 6413 1719 1298 4459 421 728 315 1954 293 570 689 404 664 106 1290 88 1969 1374 1338 176 394 224 1243 633 2490 170 205 612 631
is_linear=0
shrinkage=0.03


Tree=32
num_leaves=31
num_cat=0
split_feature=32 32 26 32 12 55 18 11 15 23 54 13 35 66 7 14 18 18 32 55 12 30 56 24 55 12 25 32 13 12
split_gain=3.41665e+06 533818 382360 257572 119625 110357 106516 141093 102755 90120.1 86780.4 81377.8 80839.5 67345.6 66976.8 54721.7 53981.7 53187.3 49377.9 44047.2 38833.6 36608.1 37511.2 63521.8 34335.1 34175.1 33634.6 31679.5 28148.9 27143.6
threshold=129.50000000000003 66.15000000000002 10.500000000000002 278.50000000000006 7.1500000000000012 48.76428571428572 3411.0000000000005 48.500000000000007 986.6500000000002 2584.8600000000006 190.50000000000003 145.00000000000003 552.50000000000011 1.0000000180025095e-35 18.225000000000005 1.0000000180025095e-35 6635.5000000000009 6658.0000000000009 93.15000000000002 247.07142857142858 10.15 13973.853333333334 62.750000000000007 120.97000000000001 178.97142857142859 9.8500000000000032 2.5000000000000004 26.950000000000003 92.000000000000014 7.5500000000000007
decision_type=10 10 2 10 2 8 2 2 2 2 10 2 10 2 2 2 2 2 10 10 2 2 10 2 10 2 2 10 2 2
left_child=1 5 4 6 11 27 14 24 16 18 -9 13 -5 26 19 -13 20 -18 -10 -4 28 22 23 -7 -8 -24 -2 -1 -3 -20
right_child=2 8 3 12 -6 21 7 10 9 -11 -12 15 -14 -15 -16 -17 17 -19 29 -21 -22 -23 25 -25 -26 -27 -28 -29 -30 -31
leaf_value=-0.80055798467842199 0.47940248338433983 -0.59641723900005739 1.9663263904439272 2.2240351279903861 -0.088648155984633104 -0.27985892920539929 1.7868174557252363 0.40054600279434371 -0.033311201705450821 1.4145213666395706 1.2330380053299195 0.76977063769937315 3.7545886546687073 2.5240119935370782 1.2084801049978986 -0.19903501701496895 1.5623586872528339 0.083004330348935021 0.47388342371847675 3.2920715596940782 -0.68605578948300461 0.74127724432519504 -0.31926356242999393 1.613564783334732 3.1306696210588725 -0.69955786748483606 1.4358473784582955 -0.57574668368189363 -0.097425018833035698 0.0086584073662757874
leaf_weight=885 52 116 137 170 153 52 44 195 553 55 267 314 38 37 103 63 29 89 456 27 145 28 1189 23 28 259 91 1556 828 150
leaf_count=885 52 116 137 170 153 52 44 195 553 55 267 314 38 37 103 63 29 89 456 27 145 28 1189 23 28 259 91 1556 828 150
internal_value=-6.61197e-11 -0.318369 1.18772 1.56305 0.654345 -0.531521 1.31879 1.07417 0.033099 0.22798 0.881662 0.858435 2.50366 1.38322 1.80804 0.607875 -0.162912 0.446574 0.171673 2.18459 -0.228954 -0.333639 -0.353402 0.300791 2.30943 -0.387286 1.08805 -0.657253 -0.158742 0.358729
internal_weight=8132 6413 1719 1009 710 3992 801 534 2421 1214 462 557 208 180 267 377 1207 118 1159 164 1089 1551 1523 75 72 1448 143 2441 944 606
internal_count=8132 6413 1719 1009 710 3992 801 534 2421 1214 462 557 208 180 267 377 1207 118 1159 164 1089 1551 1523 75 72 1448 143 2441 944 606
is_linear=0
shrinkage=0.03


Tree=33
num_leaves=31
num_cat=0
split_feature=32 32 32 16 16 19 20 22 21 38 16 12 55 15 32 5 5 35 32 33 5 11 55 1 54 0 55 11 21 11
split_gain=3.21912e+06 574481 305448 190422 157259 128090 127371 113142 85843.8 79938.8 76392.8 75280.1 73842.9 69737.6 67163.8 67048.9 54878.5 50890.9 48086.6 57887.2 45348.9 45074.1 44879.1 32431.3 32351.6 30985 30332.3 29426 28562.7 25871
threshold=105.50000000000001 199.50000000000003 50.650000000000013 11.550000000000002 14.750000000000002 8.6916666666666682 5743.7500000000009 423.50000000000006 92.500000000000014 92.750000000000014 19.450000000000003 4.5500000000000007 218.64285714285717 986.75000000000011 153.50000000000003 2024.5000000000002 64.500000000000014 193.50000000000003 25.750000000000004 129.50000000000003 163.50000000000003 51.500000000000007 65.51428571428572 77.131314500000016 225.50000000000003 28.643240000000002 162.21428571428575 77.500000000000014 10.500000000000002 82.500000000000014
decision_type=10 10 8 2 2 2 2 2 2 8 2 2 10 2 10 2 2 8 10 8 2 2 10 2 10 2 10 2 2 2
left_child=2 4 18 8 13 7 12 25 -3 23 15 -8 -7 -2 -15 22 24 -17 -1 28 -16 -12 27 -10 -6 -5 -18 -4 -20 -23
right_child=1 3 10 5 16 6 11 -9 9 -11 21 -13 -14 14 20 17 26 -19 19 -21 -22 29 -24 -25 -26 -27 -28 -29 -30 -31
leaf_value=-0.78285941042531992 -0.2263695841250212 1.421272937624078 -0.15890510835553937 0.89008493484819629 -0.17686989857160176 0.89363384505976795 1.7857850899415857 2.7109159905831892 3.445951801300049 3.9562560976468597 -0.20902115185515885 0.24165433623801078 2.2045034128054977 0.74405395581374278 1.1128113951667937 0.15035088518391482 0.33383150124706507 2.1930011858258927 -0.65955593865120921 1.0905683380365372 1.9728247793622917 -0.68728211904751757 0.075846320957467669 2.1001912779980394 0.98183221720159042 1.8097701190877704 0.84682206113512315 -0.69769320522234812 -0.43337970653151758 0.047469330291662892
leaf_weight=857 46 57 619 68 225 69 34 91 20 39 764 173 88 440 217 23 371 21 886 20 74 360 938 83 24 64 144 107 1161 49
leaf_count=857 46 57 619 68 225 69 34 91 20 39 764 173 88 440 217 23 371 21 886 20 74 360 938 83 24 64 144 107 1161 49
internal_value=-5.9522e-10 0.942745 -0.37791 1.60276 0.606101 1.33088 0.984011 1.89706 2.40473 2.7995 -0.158677 0.49528 1.62839 0.906615 0.977911 -0.030656 0.300474 1.12525 -0.593919 -0.515583 1.33151 -0.345088 -0.0612209 2.3615 -0.0651878 1.33599 0.47727 -0.238313 -0.531275 -0.599256
internal_weight=8132 2327 5805 786 1541 587 364 223 199 142 2881 207 157 777 731 1708 764 44 2924 2067 291 1173 1664 103 249 132 515 726 2047 409
internal_count=8132 2327 5805 786 1541 587 364 223 199 142 2881 207 157 777 731 1708 764 44 2924 2067 291 1173 1664 103 249 132 515 726 2047 409
is_linear=0
shrinkage=0.03


Tree=34
num_leaves=31
num_cat=0
split_feature=55 19 35 12 12 5 33 55 13 26 18 18 21 7 29 12 54 66 7 11 18 24 29 10 9 13 12 18 28 0
split_gain=3.02497e+06 450911 384690 146981 132385 158497 113801 105267 98966.7 74965.6 66121.2 71989.4 62019 61108.4 56499.1 71577.3 55771.9 51100.4 46494.9 43722.8 60242.4 36700.6 35872.1 31223.2 29272.3 31902.4 27042.4 32082.2 21154.5 20028
threshold=125.92857142857144 17.818750000000005 338.50000000000006 2.8500000000000005 7.2500000000000009 2024.5000000000002 255.50000000000003 82.164285714285725 55.000000000000007 10.500000000000002 3425.5000000000005 4091.5000000000005 30.500000000000004 11.125000000000002 393.35714285714295 7.2500000000000009 168.50000000000003 1.0000000180025095e-35 24.705000000000002 49.500000000000007 3425.5000000000005 67.230000000000018 44.071428571428577 14.050000000000002 38.45000000000001 315.50000000000006 9.8500000000000032 5834.5000000000009 19.000000000000004 28.643240000000002
decision_type=10 2 10 2 2 2 10 10 2 2 2 2 2 2 2 2 10 2 2 2 2 2 2 2 2 2 2 2 2 2
left_child=1 4 8 16 5 7 19 -1 -2 12 18 -12 28 -3 15 -8 -4 -9 -11 23 -21 -14 -6 -5 25 -15 29 -28 -10 -24
right_child=2 13 3 6 22 -7 14 17 9 10 11 -13 21 24 -16 -17 -18 -19 -20 20 -22 -23 26 -25 -26 -27 27 -29 -30 -31
leaf_value=-0.12747285165632308 2.6512259848221489 -0.66622696922220259 2.2144499547140937 2.6007274836878622 -0.62985664726180191 2.0910467910766601 2.0741190840430179 0.27233439602781973 0.15644636201181192 1.6660595942735672 0.43069140358763031 1.5035353202124437 1.2616907716095447 -0.50718673059779962 3.1847344493865966 0.57124015872969347 4.400872873578753 1.1655526169850712 0.62448345575067732 1.5646005837984283 0.80091767974823702 0.46442105831146319 -0.24024212764445321 1.3741991973351291 -0.085717128851540286 0.1252062156394898 -0.12635968403023035 -0.71478376628691065 -0.70541943028569221 0.083930904034412265
leaf_weight=962 23 1923 21 31 221 36 177 678 55 135 258 72 60 1062 32 34 21 63 54 148 250 388 406 47 219 77 161 173 48 297
leaf_count=962 23 1923 21 31 221 36 177 678 55 135 258 72 60 1062 32 34 21 63 54 148 250 388 406 47 219 77 161 173 48 297
internal_value=4.51917e-10 -0.314433 1.06473 1.58262 -0.0484115 0.121174 1.48185 0.0795324 0.704147 0.662294 0.921027 0.664766 0.418587 -0.557427 2.01009 1.83195 3.30766 0.348276 1.36847 1.21219 1.0849 0.571198 -0.282838 1.86167 -0.40336 -0.464435 -0.208884 -0.431142 -0.2452 -0.103287
internal_weight=8132 6278 1854 761 2997 1739 719 1703 1093 1070 519 330 551 3281 243 211 42 741 189 476 398 448 1258 78 1358 1139 1037 334 103 703
internal_count=8132 6278 1854 761 2997 1739 719 1703 1093 1070 519 330 551 3281 243 211 42 741 189 476 398 448 1258 78 1358 1139 1037 334 103 703
is_linear=0
shrinkage=0.03


Tree=35
num_leaves=31
num_cat=0
split_feature=32 32 32 16 15 55 16 26 12 32 15 22 37 20 14 30 55 21 25 37 55 32 18 16 13 32 11 55 32 16
split_gain=2.86283e+06 469410 309298 162863 140141 124197 102730 98676.1 82756.9 72344 90248.7 70857.6 59149.8 51207.7 44923.8 44274.1 44092.5 40393 38178.8 52254.6 38073.3 34452.9 38387.9 33721.3 31337.5 28542.8 27164.1 26350.9 25714.6 23882.7
threshold=131.50000000000003 73.050000000000011 269.50000000000006 14.750000000000002 986.85000000000002 48.76428571428572 11.550000000000002 10.500000000000002 7.8500000000000005 163.50000000000003 992.25000000000011 200.00000000000003 326.50000000000006 6434.5000000000009 2.3500000000000001 13973.853333333334 149.07142857142858 432.50000000000006 4.5000000000000009 402.66666666666669 143.43571428571431 96.450000000000017 6635.5000000000009 17.150000000000002 90.500000000000014 29.450000000000003 49.500000000000007 236.78571428571433 204.50000000000003 29.550000000000004
decision_type=10 10 10 2 2 8 2 2 2 10 2 2 10 2 2 2 10 2 2 10 10 10 2 2 2 10 2 10 10 2
left_child=1 5 3 4 -2 25 18 -5 14 -6 -11 13 -8 -9 21 20 24 27 -4 -20 23 22 -3 -7 -10 -1 -23 -14 -13 -26
right_child=2 8 6 7 9 15 12 11 16 10 -12 28 17 -15 -16 -17 -18 -19 19 -21 -22 26 -24 -25 29 -27 -28 -29 -30 -31
leaf_value=-0.71274650351346824 -0.47832285534058294 0.059370623747610013 2.2283663968478931 0.1484079771645315 0.9038420915966251 -0.14629088814616117 0.15713483467698097 1.0906342905097537 -0.82998965901349264 1.8892748942937743 1.0569049672222737 0.94709601621329786 1.0712494057079529 0.084593666230256742 -0.66828670129179957 0.84468506071836713 0.9100985827669501 2.6818843710422513 2.5114034757614134 4.680023963928222 0.97235309021813521 0.15953707350454258 1.2155702029334174 -0.40754229639329809 -0.1021247410595417 -0.50828903244062451 0.56524974163585839 1.9046206378191708 1.7665086868074205 -0.84557220501559116
leaf_weight=1104 42 604 34 287 263 701 21 81 70 267 209 60 53 104 48 31 32 40 20 20 21 231 27 1216 525 1386 416 96 81 42
leaf_count=1104 42 604 34 287 263 701 21 81 70 267 209 60 53 104 48 31 32 40 20 20 21 231 27 1216 525 1386 416 96 81 42
internal_value=2.69665e-10 -0.287013 1.10392 0.920083 1.20736 -0.458147 2.0063 0.55407 0.0954856 1.30317 1.5238 0.911203 1.6676 0.525076 0.23273 -0.2801 -0.176541 1.83542 2.96747 3.59571 -0.298092 0.266571 0.108844 -0.312009 -0.231128 -0.59894 0.420397 1.60819 1.41782 -0.157195
internal_weight=8132 6454 1678 1394 781 4459 284 613 1995 739 476 326 210 185 1326 1969 669 189 74 40 1938 1278 631 1917 637 2490 647 149 141 567
internal_count=8132 6454 1678 1394 781 4459 284 613 1995 739 476 326 210 185 1326 1969 669 189 74 40 1938 1278 631 1917 637 2490 647 149 141 567
is_linear=0
shrinkage=0.03


Tree=36
num_leaves=31
num_cat=0
split_feature=55 19 34 16 13 28 26 18 18 16 16 5 7 36 7 55 52 61 21 13 21 6 33 21 7 9 16 12 16 10
split_gain=2.68041e+06 478597 263420 178241 162007 118823 79488.5 80938 151766 74225.7 67417.3 143492 60097.5 59952.3 57070.1 55186.2 49933.2 49256.6 46306.4 45468.5 36380.1 50780.7 35425.2 27626.3 27403.2 26441.2 31920.3 34667.5 24614.8 19809.3
threshold=141.95714285714288 17.818750000000005 254.50000000000009 14.750000000000002 105.50000000000001 391.33333333333343 10.500000000000002 4034.0000000000005 3425.5000000000005 18.450000000000003 23.650000000000002 2099.0000000000005 24.135000000000002 556.00000000000011 11.125000000000002 79.421428571428592 3692.0000000000009 31.490000000000002 30.500000000000004 269.50000000000006 89.500000000000014 367.78500000000003 241.50000000000003 106.50000000000001 107.86000000000001 38.45000000000001 19.550000000000004 6.6500000000000012 18.450000000000003 14.050000000000002
decision_type=10 2 10 2 2 2 2 2 2 2 2 2 2 10 2 8 2 8 2 2 2 2 10 2 2 2 2 2 2 2
left_child=1 3 4 5 12 16 18 8 -8 13 11 15 -2 20 -3 -5 19 -7 28 -1 -4 -22 -20 -12 -18 26 27 -16 -6 -9
right_child=2 14 9 10 6 17 7 29 -10 -11 23 -13 -14 -15 25 -17 24 -19 22 -21 21 -23 -24 -25 -26 -27 -28 -29 -30 -31
leaf_value=1.605534074631604 3.8970129547119137 -0.62978620014066289 1.3880918082512086 -0.244951177278629 0.31492189712974489 0.44559385085944087 1.4525546188367886 2.3273212080735424 0.50694523927199986 0.70004557702599501 -0.67721299728935125 2.4695115380287169 1.7096203983747043 3.2680803507024589 -0.4766113993556258 0.087854989007646003 0.1341598530355293 2.2767795812166653 0.59750035489973818 0.34871704351334343 3.1596594651540117 1.8711954888930689 1.557067202925682 -0.24929189309765287 1.1454880084991454 -0.074188675900079201 -0.6834892725731645 -0.067182882204651836 -0.76523172578504006 1.4956237680504196
leaf_weight=44 20 1924 81 937 49 20 267 39 357 41 241 20 26 33 533 860 680 39 390 63 36 117 38 311 25 219 329 286 31 76
leaf_count=44 20 1924 81 937 49 20 267 39 357 41 241 20 26 33 533 860 680 39 390 63 36 117 38 311 25 219 329 286 31 76
internal_value=-1.27532e-10 -0.269668 1.10006 -0.0108417 0.912249 0.356125 0.847752 1.04634 0.911557 1.88851 -0.145763 -0.057553 2.66066 2.07101 -0.524483 -0.0856783 0.261673 1.65604 0.558864 0.865539 1.90219 2.17436 0.682696 -0.43612 0.170023 -0.376272 -0.433899 -0.333636 -0.103638 1.77768
internal_weight=8132 6531 1601 3240 1293 871 1247 739 624 308 2369 1817 46 267 3291 1797 812 59 508 107 234 153 428 552 705 1367 1148 819 80 115
internal_count=8132 6531 1601 3240 1293 871 1247 739 624 308 2369 1817 46 267 3291 1797 812 59 508 107 234 153 428 552 705 1367 1148 819 80 115
is_linear=0
shrinkage=0.03


Tree=37
num_leaves=31
num_cat=0
split_feature=32 34 32 16 12 16 10 26 22 51 16 24 10 53 17 18 32 33 32 10 11 21 16 16 24 55 35 17 21 5
split_gain=2.54931e+06 454665 245478 149787 136960 100834 104915 85931.9 80428.1 73895.1 61171.4 75947.2 60827 52951.2 47146.9 41892.6 40705.8 49600.2 39578.5 39101.8 37938 33388.5 32865.8 29905 29570.7 29640.1 28001.5 25297.6 22389.8 20387.6
threshold=105.50000000000001 198.16666666666671 50.650000000000013 14.750000000000002 2.8500000000000005 18.450000000000003 14.450000000000001 11.500000000000002 423.50000000000006 565.55500000000018 19.450000000000003 10283.990000000002 22.550000000000004 132035.10000000003 677.50000000000011 3454.5000000000005 25.750000000000004 129.50000000000003 77.050000000000011 20.350000000000005 51.500000000000007 406.00000000000006 10.450000000000001 23.850000000000005 106.04000000000002 97.221428571428604 373.50000000000006 782.50000000000011 10.500000000000002 64.500000000000014
decision_type=10 10 8 2 2 2 2 2 2 2 2 2 2 2 2 2 10 8 8 2 2 2 2 2 2 10 10 2 2 2
left_child=2 3 16 7 -3 6 8 12 -6 23 11 18 19 -11 -9 -16 -1 28 -4 -2 -12 -14 -20 29 25 -22 -8 -7 -18 -5
right_child=1 4 10 9 5 27 26 14 -10 13 20 -13 21 -15 15 -17 17 -19 22 -21 24 -23 -24 -25 -26 -27 -28 -29 -30 -31
leaf_value=-0.70378580095505072 0.66061384169650927 3.452639045715332 -0.16863465425327642 -0.057040170416043236 1.5173720662556327 0.90890700740473607 0.068123102161359597 0.2899343390711423 2.5375889162270417 1.1887443608870463 -0.18174389364697643 1.6505014178156852 0.94270748491287226 0.28710764487478424 1.8427183452294422 0.6310030609276146 -0.58597717516183112 1.0288712874054908 0.97335548983170428 -0.08654725500573851 -0.35556998054551725 2.1721733791177922 0.076328221071220462 -0.61634865276217465 -0.70607158749075505 0.907496136188507 1.1211931396072561 -0.14526999338530003 -0.38572726547141684 0.321439405581458
leaf_weight=857 462 30 1005 232 429 42 47 29 83 112 764 24 50 123 130 32 886 20 39 73 102 33 640 50 287 20 44 40 1161 286
leaf_count=857 462 30 1005 232 429 42 47 29 83 112 764 24 50 123 130 32 886 20 39 73 102 33 640 50 287 20 44 40 1161 286
internal_value=-1.11191e-09 0.838951 -0.336303 0.559672 1.4686 1.38171 1.51593 0.847783 1.68276 0.269408 -0.139767 -0.0252078 0.675894 0.716824 1.40395 1.60337 -0.529949 -0.457875 -0.0490896 0.558665 -0.306576 1.43153 0.127851 0.0842974 -0.539757 -0.14851 0.5773 0.394674 -0.472401 0.151927
internal_weight=8132 2327 5805 1612 715 685 603 809 512 803 2881 1708 618 235 191 162 2924 2067 1684 535 1173 83 679 568 409 122 91 82 2047 518
internal_count=8132 2327 5805 1612 715 685 603 809 512 803 2881 1708 618 235 191 162 2924 2067 1684 535 1173 83 679 568 409 122 91 82 2047 518
is_linear=0
shrinkage=0.03


Tree=38
num_leaves=31
num_cat=0
split_feature=32 32 32 16 15 55 16 26 16 32 15 22 17 16 19 37 29 30 21 63 16 38 56 34 12 14 16 16 51 55
split_gain=2.4026e+06 394838 262422 139764 125326 104965 92545.9 81190.6 69357.6 63715 80921.9 61545.8 58095.2 52469.4 51749.1 51700.9 46850.4 37591.9 35251.3 33625.8 32753.7 32550.6 28006.1 27491.8 25994.5 25471.4 25443.9 23108.2 22698.7 21581.5
threshold=131.50000000000003 73.050000000000011 269.50000000000006 14.750000000000002 986.75000000000011 48.76428571428572 11.550000000000002 10.500000000000002 16.150000000000002 163.50000000000003 992.25000000000011 200.00000000000003 1062.5000000000002 16.050000000000004 12.991666666666669 326.50000000000006 546.28571428571433 13973.853333333334 432.50000000000006 63.842857142857156 17.150000000000002 76.65000000000002 62.750000000000007 301.50000000000006 9.8500000000000032 0.8500000000000002 14.750000000000002 17.750000000000004 43.920000000000009 162.21428571428575
decision_type=10 10 10 2 2 8 2 2 2 10 2 2 2 2 2 10 2 2 2 10 2 8 8 10 2 2 2 2 2 10
left_child=1 5 3 4 -2 24 19 -5 13 -6 -11 12 -9 25 16 -8 27 20 23 21 -7 -4 -22 -17 28 26 -3 -10 -1 -13
right_child=2 8 6 7 9 17 15 11 14 10 -12 29 -14 -15 -16 18 -18 -19 -20 -21 22 -23 -24 -25 -26 -27 -28 -29 -30 -31
leaf_value=-0.55349339174698509 -0.57232880962522403 0.38893228719142653 2.4224057400226591 0.13493222162218355 0.82310622600692041 -0.11148203484589964 0.10886036157608031 0.79496156078054392 0.36311106545355498 1.7481782683964524 0.95999197527338442 0.75690583129723865 -0.39474433757803018 1.7812245559692381 -0.29390528658663329 1.1403077942722446 1.1052943367958068 0.78023047963938408 2.4686729357242583 1.8594786071777343 0.62670359630584715 3.9691654552459714 -0.38782115923704108 1.9760675853696363 -0.78245271849991593 -0.55401121117851948 -0.032180483520708299 -0.053902028861296608 -0.29266030024531303 1.5531198128871619
leaf_weight=1761 38 594 24 287 267 715 21 134 158 267 209 45 51 21 492 91 40 31 40 25 25 25 1198 58 367 33 165 492 362 96
leaf_count=1761 38 594 24 287 267 715 21 134 158 267 209 45 51 21 492 91 40 31 40 25 25 25 1198 58 367 33 165 492 362 96
internal_value=7.45261e-11 -0.262933 1.0113 0.841967 1.1081 -0.419886 1.84249 0.502902 0.0878704 1.19404 1.4021 0.82685 0.466989 0.301155 -0.0588307 1.52101 0.108788 -0.256203 1.67792 2.75478 -0.272782 3.21157 -0.367083 1.46564 -0.549319 0.261911 0.297386 0.0474642 -0.509018 1.29901
internal_weight=8132 6454 1678 1394 781 4459 284 613 1995 743 476 326 185 813 1182 210 690 1969 189 74 1938 49 1223 149 2490 792 759 650 2123 141
internal_count=8132 6454 1678 1394 781 4459 284 613 1995 743 476 326 185 813 1182 210 690 1969 189 74 1938 49 1223 149 2490 792 759 650 2123 141
is_linear=0
shrinkage=0.03


Tree=39
num_leaves=31
num_cat=0
split_feature=32 32 32 26 32 15 13 30 12 12 37 32 15 15 32 33 21 12 5 28 11 17 35 26 28 13 12 21 18 5
split_gain=2.26291e+06 406267 218495 149159 114970 95606.7 72108.5 64115.8 55376.3 53618.4 50371.5 48753 44461.9 39172.4 38718.1 46089.5 37721.1 34547.7 31994.3 41549.6 28070.1 27508.3 26910 24874.6 22839.2 22527.5 21534.1 20774.1 17476.9 17060.6
threshold=105.50000000000001 199.50000000000003 51.625000000000007 9.5000000000000018 348.50000000000006 986.6500000000002 122.50000000000001 12556.063333333335 7.2500000000000009 8.7500000000000018 251.83333333333334 153.50000000000003 985.1500000000002 992.55000000000007 25.750000000000004 129.50000000000003 453.50000000000006 10.15 64.500000000000014 29.833333333333339 56.500000000000007 1557.5000000000002 566.50000000000011 10.500000000000002 1671.6666666666667 322.50000000000006 6.7500000000000009 447.50000000000006 6635.5000000000009 108.50000000000001
decision_type=10 10 8 2 10 2 2 2 2 2 10 10 2 2 10 8 2 2 2 2 2 2 10 2 2 2 2 2 2 2
left_child=2 5 14 10 6 21 -5 12 11 -8 -3 23 17 -13 -1 25 26 24 19 -10 -18 -2 -6 -7 -4 29 -14 -20 -23 -16
right_child=1 3 7 4 22 8 9 -9 18 -11 -12 13 16 -15 15 -17 20 -19 27 -21 -22 28 -24 -25 -26 -27 -28 -29 -30 -31
leaf_value=-0.66569736796523615 -0.65197850795502355 -0.93998184101148075 -0.17596746633744798 2.764103702198375 2.3100114607109741 0.45342105973460195 1.3942648553055623 1.355767102608314 0.69699279626778188 0.16651543222039061 0.65467556475522981 1.2753750982603858 0.062978624169393621 0.6466188891510809 -0.50446798677486171 1.0064117664992809 0.12541746675968168 -0.65118148036626011 0.39477384348114081 -0.56895580080577302 1.5354886317253114 0.0622627632264992 3.6758835165841237 0.92534957236006055 -0.84919284597356259 0.026602156282810683 -0.19211562130876245 1.3861743235588073 0.96862509999956403 -0.28636912095251843
leaf_weight=857 47 22 1294 33 34 432 548 26 35 34 94 210 712 155 1622 20 27 172 202 70 24 217 21 131 47 89 512 21 21 403
leaf_count=857 47 22 1294 33 34 432 548 26 35 34 94 210 712 155 1622 20 27 172 202 70 24 217 21 131 47 89 512 21 21 403
internal_value=-2.14765e-10 0.790422 -0.31685 1.34546 1.51741 0.507323 1.39989 -0.127097 0.619885 1.32254 0.352241 0.738312 -0.140926 1.00837 -0.495373 -0.426972 -0.0104192 -0.250904 0.284823 -0.146973 0.78898 0.0112602 2.83153 0.56323 -0.199563 -0.440533 -0.0437275 0.488134 0.142236 -0.461064
internal_weight=8132 2327 5805 786 670 1541 615 2814 1256 582 116 928 2788 365 2991 2134 1275 1513 328 105 51 285 55 563 1341 2114 1224 223 238 2025
internal_count=8132 2327 5805 786 670 1541 615 2814 1256 582 116 928 2788 365 2991 2134 1275 1513 328 105 51 285 55 563 1341 2114 1224 223 238 2025
is_linear=0
shrinkage=0.03


Tree=40
num_leaves=31
num_cat=0
split_feature=32 32 32 15 12 26 32 13 55 55 55 13 12 11 11 11 12 20 23 12 24 54 11 13 10 12 22 12 35 13
split_gain=2.13101e+06 332536 249775 100003 82352.6 78833.4 80987.1 72174 68709 64572.8 58431.7 48601.1 47744.9 37571.3 36256.8 32574 53867.2 32468.9 27747.5 27362.3 36574.3 26877.9 26600 25679.3 24824.1 24144 20560.1 23312.1 20372.3 20203.5
threshold=128.50000000000003 66.15000000000002 248.50000000000003 986.6500000000002 7.2500000000000009 9.5000000000000018 376.50000000000006 116.50000000000001 49.292857142857152 106.8357142857143 228.63571428571433 291.50000000000006 5.5500000000000007 54.500000000000007 21.500000000000004 49.500000000000007 4.4500000000000011 9922.7500000000018 5053.2250000000013 7.3500000000000005 10283.990000000002 20.450000000000003 20.500000000000004 90.500000000000014 10.950000000000001 10.550000000000002 21.500000000000004 5.4500000000000011 329.50000000000006 289.50000000000006
decision_type=10 10 10 2 2 2 10 2 8 10 10 2 2 2 2 2 2 2 2 2 2 10 2 2 2 2 2 2 10 2
left_child=1 8 3 13 7 24 15 28 25 12 -9 17 26 -2 22 29 -17 -6 -11 20 21 -10 -14 -16 -4 -1 -3 -28 -5 -7
right_child=2 9 5 4 11 6 -8 10 19 18 -12 -13 14 -15 23 16 -18 -19 -20 -21 -22 -23 -24 -25 -26 -27 27 -29 -30 -31
leaf_value=-0.48745511936179331 0.30870819656197557 -0.35295119941234587 1.0677041026524134 1.4529177962649951 0.78870704911208667 1.6925396558973522 3.3829779421448705 0.78525892181671053 0.79386167750358583 0.24524366033661765 1.4710712368854069 -0.41490170231887274 0.14078938448151876 -0.74822310990992591 -0.64140555110360897 2.0076100677926587 1.1439332725204128 -0.015224247548368668 1.2650404207706452 -0.39562493761802098 1.1256255370974542 -0.20611001316775482 1.3554389308691024 -0.16409006626903491 -0.40910756644606588 -0.79625162276930683 0.20728368691581581 1.1524337675571441 2.5531150783385548 2.842690552302769
leaf_weight=2216 97 55 21 33 167 27 25 731 25 608 132 56 86 44 112 106 168 62 25 729 20 748 20 1076 20 254 388 25 28 28
leaf_count=2216 97 55 21 33 167 27 25 731 25 608 132 56 86 44 112 106 168 62 25 729 20 748 20 1076 20 254 388 25 28 28
internal_value=2.31753e-10 -0.253843 0.929108 0.734961 0.823139 1.59265 1.73688 0.960648 -0.421511 0.0256272 0.890157 0.377318 -0.0677395 -0.0211143 -0.161655 1.6118 1.47806 0.571049 0.28552 -0.262958 -0.140998 -0.173769 0.369969 -0.20909 0.347308 -0.51921 0.191933 0.264496 1.95793 2.27807
internal_weight=8132 6387 1745 1350 1209 395 354 924 3992 2395 863 285 1762 141 1294 329 274 229 633 1522 793 773 106 1188 41 2470 468 413 61 55
internal_count=8132 6387 1745 1350 1209 395 354 924 3992 2395 863 285 1762 141 1294 329 274 229 633 1522 793 773 106 1188 41 2470 468 413 61 55
is_linear=0
shrinkage=0.03


Tree=41
num_leaves=31
num_cat=0
split_feature=32 32 55 16 16 57 18 18 21 38 20 12 24 16 15 56 5 32 32 10 28 1 54 12 12 35 23 8 25 61
split_gain=2.00848e+06 362468 198089 139544 102193 88205.3 69985 78113.6 68046.6 66551.9 64711.7 63128.1 60670.4 52076.8 48454.1 42002.4 38128.9 36188.5 35203.2 30177.7 33038 27604.4 26910.4 23009.5 20508.6 18676 18260 16860.3 16608.8 16594.5
threshold=105.50000000000001 199.50000000000003 54.035714285714299 11.550000000000002 14.750000000000002 220.21428571428572 4011.5000000000005 4149.0000000000009 92.500000000000014 92.750000000000014 6434.5000000000009 7.3500000000000005 10283.990000000002 14.550000000000002 986.75000000000011 62.750000000000007 64.500000000000014 33.850000000000001 142.50000000000003 24.050000000000004 617.00000000000011 77.131314500000016 225.50000000000003 9.6500000000000004 10.350000000000001 190.50000000000003 352.03500000000003 26.350000000000005 4.5000000000000009 28.777142857142859
decision_type=10 10 8 2 2 10 2 2 2 8 2 2 2 2 2 8 2 10 10 2 2 2 10 2 2 10 2 2 2 10
left_child=2 4 17 8 13 -5 10 -8 29 21 -7 12 19 14 -2 -13 22 -1 -16 20 -4 -10 27 25 28 -18 -19 -6 -17 -3
right_child=1 3 11 5 16 6 7 -9 9 -11 -12 15 -14 -15 18 24 23 26 -20 -21 -22 -23 -24 -25 -26 -27 -28 -29 -30 -31
leaf_value=-0.57684496104575722 -0.32627639106134088 1.680082932561636 0.037976396420310796 -0.52123932250084415 -0.34308389292010721 1.2747403547651273 2.2900987243652344 1.0518225716512937 2.9077792339324948 3.3623887047400838 0.48114547536759589 0.92421841690173512 1.3951378246716091 2.1257347680174785 0.51472991480769814 -0.13842417057966086 1.3428490057960152 -0.44219590936901659 0.93667635368288682 -0.22805238993998395 0.91686715261638163 1.6661994122866406 0.88101065410301094 -0.2137945846566614 -0.49086196887010658 0.4055943170830405 -0.2179568472255681 0.2273094579441981 -0.40239551290834341 0.64332441373304883
leaf_weight=1474 41 24 1022 31 159 188 82 104 20 39 182 26 28 23 342 668 20 962 371 425 40 83 24 53 349 442 495 66 316 33
leaf_count=1474 41 24 1022 31 159 188 82 104 20 39 182 26 28 23 342 668 20 962 371 425 40 83 24 53 349 442 495 66 316 33
internal_value=4.84705e-10 0.744662 -0.298506 1.26892 0.477258 1.03618 1.12302 1.59773 1.95545 2.30692 0.884377 -0.12153 0.0116357 0.71951 0.676614 -0.269982 0.230883 -0.47204 0.734284 -0.0144154 0.0710796 1.90728 -0.0739103 0.37825 -0.293275 0.446168 -0.366013 -0.175769 -0.223195 1.07985
internal_weight=8132 2327 5805 786 1541 587 556 186 199 142 370 2874 1515 777 754 1359 764 2931 713 1487 1062 103 249 515 1333 462 1457 225 984 57
internal_count=8132 2327 5805 786 1541 587 556 186 199 142 370 2874 1515 777 754 1359 764 2931 713 1487 1062 103 249 515 1333 462 1457 225 984 57
is_linear=0
shrinkage=0.03


Tree=42
num_leaves=31
num_cat=0
split_feature=55 32 32 16 13 16 32 23 23 55 19 13 0 31 5 19 60 13 25 37 14 16 19 18 16 18 19 18 16 13
split_gain=1.89187e+06 360940 222827 120605 92376.6 86338.9 84710.5 75366.2 62453.8 62094.9 55177.8 44884.3 42423.5 42361 40503.1 39864.3 39140 36528.6 44509 34464.7 28182.5 26863.5 25736.4 24337 24191.9 23694.3 21125 18815.9 17577.2 16783.7
threshold=141.95714285714288 73.550000000000011 238.50000000000003 14.750000000000002 105.50000000000001 9.0500000000000025 40.350000000000001 2110.4950000000003 3092.6550000000002 228.63571428571433 12.991666666666669 297.50000000000006 28.643240000000002 9936.470000000003 1876.5000000000002 12.702083333333333 10.350000000000003 223.50000000000003 3.5000000000000004 263.83333333333343 8.0500000000000025 13.450000000000001 10.325000000000001 6635.5000000000009 17.550000000000004 6701.0000000000009 22.514583333333338 4804.0000000000009 14.850000000000003 90.500000000000014
decision_type=10 10 10 2 2 2 8 2 2 10 2 2 2 2 2 2 10 2 2 10 2 2 2 2 2 2 2 2 2 2
left_child=1 6 4 7 -2 -4 27 17 9 16 11 12 -7 24 -15 23 -6 18 -3 -9 29 -12 -11 -5 26 -25 -8 -1 -13 -17
right_child=2 3 5 15 8 10 13 19 -10 22 21 28 -14 14 -16 20 -18 -19 -20 -21 -22 -23 -24 25 -26 -27 -28 -29 -30 -31
leaf_value=-0.63322253575913068 2.180507210525306 0.27489902727762044 3.3293122230876575 0.035203387853533247 1.0190283704137801 1.1970866462516785 -0.082614447915741046 0.81033269143530295 1.9427568159320139 0.8513366530018468 1.1427606278657914 1.1553191991806029 1.895752951499948 -0.056947898431257762 1.6539777984023094 -0.57665638042734813 0.44853829823226621 0.18711970316662732 1.2253198942873214 2.3428217130661007 -0.85101250410079954 -0.39351604393550327 1.6329884499683975 1.3799561357498169 -0.36285388247472172 0.2332060859799385 -0.38767744761961764 -0.44787191728682491 -0.03789218759536743 -0.098836261234305639
leaf_weight=746 37 98 22 760 125 125 763 28 33 93 20 25 209 33 20 77 807 389 81 25 60 21 64 24 1175 50 279 1453 20 470
leaf_count=746 37 98 22 760 125 125 763 28 33 93 20 25 209 33 20 77 807 389 81 25 60 21 64 24 1175 50 279 1453 20 470
internal_value=-2.77821e-10 -0.226555 0.924194 0.101774 0.705629 1.49731 -0.378047 0.451273 0.656992 0.61803 1.40134 1.51444 1.63428 -0.249493 0.588684 -0.0488428 0.525053 0.350318 0.704978 1.5332 -0.2338 0.355887 1.16997 0.085772 -0.269531 0.605125 -0.164296 -0.510751 0.625003 -0.166098
internal_weight=8132 6531 1601 2062 1159 442 4469 621 1122 1089 420 379 334 2270 53 1441 932 568 179 53 607 41 157 834 2217 74 1042 2199 45 547
internal_count=8132 6531 1601 2062 1159 442 4469 621 1122 1089 420 379 334 2270 53 1441 932 568 179 53 607 41 157 834 2217 74 1042 2199 45 547
is_linear=0
shrinkage=0.03


Tree=43
num_leaves=31
num_cat=0
split_feature=32 32 26 32 16 55 18 51 17 18 35 20 12 7 20 14 55 21 55 31 34 55 18 32 13 12 5 16 22 16
split_gain=1.78687e+06 295567 201634 144898 95298.6 77921.5 77118.1 77541.5 68435 65842 56656.1 56329.6 54105.1 52369.9 40874.6 35639.6 33898.8 32801 30529.3 30297.7 31900 29268.1 26795.2 29184.4 24276.5 23507.4 23028.3 22785.1 21697.9 21857
threshold=131.50000000000003 73.050000000000011 10.500000000000002 278.50000000000006 14.750000000000002 48.76428571428572 3411.0000000000005 1622.1450000000002 1725.0000000000002 4149.0000000000009 592.00000000000011 7850.5000000000009 7.8500000000000005 18.225000000000005 3869.5000000000005 2.3500000000000001 247.07142857142858 506.50000000000006 149.07142857142858 11040.790000000003 64.333333333333329 143.43571428571431 6635.5000000000009 96.450000000000017 90.500000000000014 12.850000000000003 406.00000000000006 17.650000000000002 111.50000000000001 11.550000000000002
decision_type=10 10 2 10 2 8 2 2 2 2 10 2 2 2 2 2 10 2 10 2 10 10 2 10 2 2 2 2 2 2
left_child=1 5 4 6 8 27 13 11 14 -10 28 -8 15 16 -2 22 -4 -9 24 21 -21 25 23 -3 -14 -7 -11 -1 29 -5
right_child=2 12 3 10 -6 19 7 17 9 26 -12 -13 18 -15 -16 -17 -18 -19 -20 20 -22 -23 -24 -25 -26 -27 -28 -29 -30 -31
leaf_value=-0.38779992018736592 0.94583001056313509 0.044754196315454874 1.5225424240800467 2.0695778929270228 0.07017946593237645 -0.23161675214956237 0.70541963680554176 1.1543080417143887 2.4633024813147149 0.56630915220643652 3.2187695229053497 -0.22331453450024127 -0.71570337990352084 0.84710011915995342 0.15403704963729414 -0.61479320473968979 2.6891998969184026 2.3944730509882386 0.76100649582222102 1.3920100355999809 -0.095118900765390951 0.87234744991574964 1.0134311660238213 0.33582187747676728 -0.12353705677800077 -0.75709577465057376 1.4609198074315983 -0.56953308088355115 1.9877893716223696 1.0380969265569
leaf_weight=1308 100 604 132 26 297 1813 320 116 34 61 24 72 70 101 142 48 27 23 32 21 34 21 37 637 567 80 45 1182 94 64
leaf_count=1308 100 604 132 26 297 1813 320 116 34 61 24 72 70 101 142 48 27 23 32 21 34 21 37 637 567 80 45 1182 94 64
internal_value=-1.63796e-10 -0.226752 0.872144 1.14326 0.473252 -0.362548 0.957989 0.750712 0.786636 1.31456 1.84784 0.534836 0.0767641 1.38131 0.481224 0.187735 1.72065 1.35952 -0.143188 -0.221519 0.472694 -0.241468 0.217877 0.194158 -0.18861 -0.253824 0.946097 -0.474068 1.66902 1.33608
internal_weight=8132 6454 1678 999 679 4459 791 531 382 140 208 392 1995 260 242 1326 159 139 669 1969 55 1914 1278 1241 637 1893 106 2490 184 90
internal_count=8132 6454 1678 999 679 4459 791 531 382 140 208 392 1995 260 242 1326 159 139 669 1969 55 1914 1278 1241 637 1893 106 2490 184 90
is_linear=0
shrinkage=0.03


Tree=44
num_leaves=31
num_cat=0
split_feature=32 55 26 32 16 16 18 11 20 54 32 30 11 7 19 32 55 55 30 32 10 16 32 0 11 55 20 39 17 21
split_gain=1.68127e+06 279709 189718 136335 89666.5 86511.5 72560.4 93666.6 65237.4 57120.8 53533.4 51685.6 49375.5 49274.9 47940.1 36423.6 36309.7 31895.4 31430.8 29073.5 28314.1 26840.6 26875.3 24585.6 24548.1 23142.4 22555.5 19377.3 19189.8 19069.6
threshold=131.50000000000003 62.507142857142867 10.500000000000002 278.50000000000006 14.750000000000002 17.750000000000004 3411.0000000000005 48.500000000000007 10127.250000000002 190.50000000000003 376.50000000000006 13973.853333333334 76.500000000000014 18.225000000000005 19.989583333333339 161.50000000000003 149.07142857142858 247.07142857142858 1663.8233333333335 96.450000000000017 11.750000000000002 17.550000000000004 95.65000000000002 28.643240000000002 21.500000000000004 170.03571428571431 3942.5 12.950000000000001 677.50000000000011 37.500000000000007
decision_type=10 10 2 10 2 2 2 2 2 10 10 2 2 2 2 10 10 10 2 10 2 2 8 2 2 10 2 8 2 2
left_child=1 12 4 6 8 19 13 25 14 -9 23 16 21 17 18 -10 24 -4 -2 27 -18 22 -1 -5 -7 -8 -25 -3 -14 -6
right_child=2 5 3 10 29 11 7 9 15 -11 -12 -13 28 -15 -16 -17 20 -19 -20 -21 -22 -23 -24 26 -26 -27 -28 -29 -30 -31
leaf_value=-0.21128050504540077 0.56775405905581278 0.91951700713323503 1.4768661529232154 1.149368607704456 -0.35301766981817273 0.22544461333268398 1.2254575677921897 0.17749087437524078 0.89880781206217675 0.85545298210324194 3.125017263293266 1.3234525913000106 -0.90426012481342666 0.82168711382600634 -0.70722745069990989 2.5573831948867207 0.0030260979064873285 2.6085239304436576 1.342046066892558 0.34502568550753948 1.4602700505937849 -0.40613501902174648 0.87320359357765731 2.5020102661848069 -0.23912715631443016 2.3028171780530147 1.6028633391354457 0.035919387411734754 -0.49329279538771759 0.20530487483699938
leaf_weight=995 253 23 132 65 73 111 38 193 22 266 24 21 110 101 23 26 28 27 58 549 21 1031 21 36 1316 34 83 775 1453 224
leaf_count=995 253 23 132 65 73 111 38 193 22 266 24 21 110 101 23 26 28 27 58 549 21 1031 21 36 1316 34 83 775 1453 224
internal_value=-4.08073e-10 -0.219949 0.84598 1.10896 0.459054 0.00256028 0.929249 0.728191 0.763037 0.570384 1.7924 -0.154392 -0.395245 1.33987 0.614414 1.7972 -0.175418 1.66903 0.712156 0.17699 0.627559 -0.298296 -0.188865 1.61858 -0.20299 1.73421 1.87487 0.0613865 -0.522216 0.0680741
internal_weight=8132 6454 1678 999 679 2844 791 531 382 459 208 1497 3610 260 334 48 1476 159 311 1347 49 2047 1016 184 1427 72 119 798 1563 297
internal_count=8132 6454 1678 999 679 2844 791 531 382 459 208 1497 3610 260 334 48 1476 159 311 1347 49 2047 1016 184 1427 72 119 798 1563 297
is_linear=0
shrinkage=0.03


Tree=45
num_leaves=31
num_cat=0
split_feature=55 32 32 13 66 32 20 20 23 32 59 28 13 14 6 20 31 5 55 24 0 13 54 14 31 7 60 54 13 6
split_gain=1.58507e+06 301655 187133 85836.1 77018.6 73797.9 62533.8 61736.3 56377.8 55597.7 55507.1 50714 47007.6 45043 42484.9 38058.8 36736.3 35846.9 34265.2 29309.3 23902.8 23720.1 17949.2 17075.5 16463.5 15366.5 12114 11106.6 8208.22 7695.83
threshold=141.95714285714288 73.550000000000011 238.50000000000003 105.50000000000001 1.0000000180025095e-35 40.350000000000001 3692.0000000000009 2250.0000000000005 3092.6550000000002 163.50000000000003 63.814285714285724 56.333333333333336 172.00000000000003 1.0000000180025095e-35 128.76000000000002 9922.7500000000018 9936.470000000003 1876.5000000000002 247.07142857142858 69.280000000000015 28.643240000000002 223.50000000000003 147.50000000000003 5.0000000000000009 5469.3542857142866 47.755000000000003 33.45000000000001 39.150000000000013 339.50000000000006 1401.3600000000004
decision_type=10 10 10 2 2 8 2 2 2 10 8 2 2 2 2 2 2 2 10 2 2 2 10 2 2 2 10 8 2 2
left_child=1 5 3 -2 6 23 21 10 9 19 -4 -9 -6 20 -13 -16 24 -18 -11 -5 -8 26 -15 27 25 -7 -3 -1 -29 -14
right_child=2 4 7 8 12 16 13 11 -10 18 -12 14 29 22 15 -17 17 -19 -20 -21 -22 -23 -24 -25 -26 -27 -28 28 -30 -31
leaf_value=-0.48253176381559681 2.0673550422771556 0.84777905550319699 1.4027397505726134 1.2693272644486919 1.8946660266384001 -0.26863921180786143 -0.042092575058489047 -0.14251909895376724 1.8203840140862897 0.68327538278303579 3.6110643310546875 2.4032768126456969 0.18809051745646707 -0.37818215037298308 1.3423742210432559 0.24101784069691934 -0.052716396173292941 1.5568653337955474 1.4019170221861672 0.28843782754051889 0.19289066622910664 0.30428997250199313 0.55122889387607577 -0.59615129234544895 -0.76692153460574597 -0.058528230478104785 1.7750768245969499 -0.33793915553351012 0.27962215518951411 0.88690165260563725
leaf_weight=895 37 32 21 29 31 1784 755 22 33 490 20 31 37 288 317 31 33 20 68 502 805 50 20 669 53 380 21 615 20 23
leaf_count=895 37 32 21 29 31 1784 755 22 33 490 20 31 37 288 317 31 33 20 68 502 805 50 20 669 53 380 21 615 20 23
internal_value=-4.64979e-10 -0.207373 0.845944 0.645648 0.0927827 -0.345866 0.0533867 1.37115 0.598765 0.561746 2.47997 1.25778 0.946074 0.0137073 1.33907 1.24426 -0.225878 0.554673 0.770852 0.342008 0.0791648 0.77301 -0.317831 -0.469728 -0.244538 -0.231744 1.2152 -0.414448 -0.318488 0.455968
internal_weight=8132 6531 1601 1159 2062 4469 1971 442 1122 1089 41 401 91 1868 379 348 2270 53 558 531 1560 103 308 2199 2217 2164 53 1530 635 60
internal_count=8132 6531 1601 1159 2062 4469 1971 442 1122 1089 41 401 91 1868 379 348 2270 53 558 531 1560 103 308 2199 2217 2164 53 1530 635 60
is_linear=0
shrinkage=0.03


Tree=46
num_leaves=31
num_cat=0
split_feature=32 34 55 12 16 7 20 56 12 18 34 5 15 30 10 20 11 14 29 55 17 55 16 29 11 51 19 19 55 10
split_gain=1.49416e+06 259482 160155 96988.6 92145.6 74557.7 82735.7 57964.4 54429.1 46230.8 44088.1 39988.1 38751.1 54403.9 37068.7 36291.8 35763.5 31317.5 30232.1 30214.1 26248.6 24364.8 20822.7 20805.8 20745 17912.3 17687.9 17180.8 13188.1 13057.3
threshold=108.50000000000001 198.16666666666671 55.307142857142857 2.8500000000000005 11.950000000000001 5.4850000000000003 8677.0000000000018 39.650000000000013 7.3500000000000005 3569.5000000000005 259.50000000000006 69.000000000000014 986.6500000000002 1909.7666666666671 29.650000000000002 3816.5000000000005 73.500000000000014 0.8500000000000002 97.071428571428598 147.52857142857144 2512.5000000000005 79.421428571428592 22.200000000000006 101.50000000000001 49.500000000000007 687.98500000000013 25.747916666666672 12.991666666666669 180.32142857142861 26.250000000000004
decision_type=10 10 8 2 2 2 2 8 2 2 10 2 2 2 2 2 2 2 2 10 2 8 2 2 2 2 2 2 10 2
left_child=2 4 17 -3 9 -5 10 -4 14 16 -7 15 27 -14 21 -6 -2 22 -8 24 28 -9 25 -17 -10 -1 -19 -13 -11 -27
right_child=1 3 7 5 11 6 18 8 19 20 -12 12 13 -15 -16 23 -18 26 -20 -21 -22 -23 -24 -25 -26 29 -28 -29 -30 -31
leaf_value=-0.29917571182641606 1.7876733063950259 2.8010852518081668 1.5192766985893249 2.6032488801744247 1.0491110933788361 0.89601507368656963 -0.6622607572972774 -0.10736126397345669 -0.15588400307867456 0.19278918201103806 1.427471927198708 0.25491697161143428 0.44178943184004077 1.2721508753245196 1.0495372634549296 0.11129762180149555 0.82830694893995915 -0.53810266664184558 0.54237309726476668 0.9173550551533699 1.3112255524098873 0.13887853231171646 -0.55055234565925038 -0.41835102457009005 -0.39618835566139649 -0.078972262366032095 -0.24001682713843772 -0.35451590570807456 0.75139539241790765 0.65228670468697181
leaf_weight=1062 68 30 20 27 31 333 30 820 765 96 243 136 530 82 31 267 72 1332 50 20 36 647 257 89 560 142 207 60 63 26
leaf_count=1062 68 30 20 27 31 333 30 820 765 96 243 136 530 82 31 267 72 1332 50 20 36 647 257 89 560 142 207 60 63 26
internal_value=-3.09958e-10 0.658911 -0.250966 1.13158 0.438639 1.05825 0.994664 -0.0901258 -0.101448 0.878357 1.12022 0.315371 0.435473 0.553047 0.0229331 0.0646141 1.29428 -0.403142 0.0906354 -0.239977 0.579743 0.00123938 -0.304957 -0.0211145 -0.257447 -0.253642 -0.498009 0.0683559 0.414124 0.0341988
internal_weight=8132 2243 5889 713 1530 683 656 2863 2843 335 576 1195 808 612 1498 387 140 3026 80 1345 195 1467 1487 356 1325 1230 1539 196 159 168
internal_count=8132 2243 5889 713 1530 683 656 2863 2843 335 576 1195 808 612 1498 387 140 3026 80 1345 195 1467 1487 356 1325 1230 1539 196 159 168
is_linear=0
shrinkage=0.03


Tree=47
num_leaves=31
num_cat=0
split_feature=55 32 35 16 16 32 23 13 23 32 15 34 18 24 29 24 13 17 37 55 11 16 10 18 16 41 55 14 18 51
split_gain=1.40824e+06 269058 170937 91443.3 75123.3 68755.3 59287.1 58663.1 55599.9 52678.3 49942.7 40414.5 34524.6 30498.8 30141.5 30633.7 28986.9 33622.6 28221.4 27396.5 26697.8 25312.9 35927.3 27641.1 21571.1 19180.5 18342.7 18331.2 17711.4 17463.7
threshold=141.95714285714288 74.750000000000014 377.50000000000006 14.750000000000002 9.0500000000000025 40.350000000000001 2110.4950000000003 55.000000000000007 3092.6550000000002 163.50000000000003 986.6500000000002 254.50000000000009 6635.5000000000009 69.280000000000015 1662.2857142857144 13669.565000000001 223.50000000000003 1007.5000000000001 263.83333333333343 92.642857142857153 49.500000000000007 12.550000000000002 10.450000000000001 4034.0000000000005 17.550000000000004 13.450000000000001 65.064285714285731 8.0500000000000025 6680.0000000000009 450.67500000000001
decision_type=10 10 10 2 2 8 2 2 2 10 2 10 2 2 2 2 2 2 10 10 2 2 2 2 2 10 10 2 2 2
left_child=1 5 7 6 -4 -1 16 -2 9 13 -11 21 19 -9 24 -16 17 -3 -8 27 -13 22 -6 -23 26 -22 -7 -5 -14 -21
right_child=2 3 4 12 11 14 18 8 -10 10 -12 20 28 -15 15 -17 -18 -19 -20 29 25 23 -24 -25 -26 -27 -28 -29 -30 -31
leaf_value=-0.44353802810224713 2.0639607384800911 1.2952920560812462 2.8126771630181207 -0.17447129685502341 2.3610711284117261 -0.20844587903895373 0.7062409768785749 1.2411161555051804 1.7590655295989091 -0.45649830371141431 0.80269127445226729 2.2775013819336891 1.2107843235364326 0.25601976860043679 1.0405622335117968 -0.4167522909598691 0.16181858706154992 0.37118935064063407 2.092996035003662 -0.058359387730103192 1.7433993461950501 0.31235842274768011 0.95287987107322325 1.1513904345866108 -0.31310929904846069 1.1068530309696993 0.064391152532237345 -0.88952437078251556 0.25483003650352637 0.26481024761106969
leaf_weight=2199 24 49 27 633 22 755 28 30 34 30 515 32 26 495 34 21 378 128 25 398 67 84 63 61 1214 117 314 34 53 242
leaf_count=2199 24 49 27 633 22 755 28 30 34 30 515 32 26 495 34 21 378 128 25 398 67 84 63 61 1214 117 314 34 53 242
internal_value=8.1198e-11 -0.195464 0.797363 0.0949889 1.27607 -0.323118 0.401725 0.596629 0.564731 0.52678 0.733378 1.18304 -0.0395676 0.312311 -0.209857 0.484133 0.310178 0.627014 1.36037 -0.0763788 1.47773 0.906295 1.31735 0.665331 -0.226576 1.33864 -0.128305 -0.210921 0.569448 0.0638391
internal_weight=8132 6531 1601 1994 473 4537 608 1128 1104 1070 545 446 1386 525 2338 55 555 177 53 1307 216 230 85 145 2283 184 1069 667 79 640
internal_count=8132 6531 1601 1994 473 4537 608 1128 1104 1070 545 446 1386 525 2338 55 555 177 53 1307 216 230 85 145 2283 184 1069 667 79 640
is_linear=0
shrinkage=0.03


Tree=48
num_leaves=31
num_cat=0
split_feature=32 55 26 32 16 16 16 18 18 7 15 35 21 53 17 53 55 15 13 21 34 21 16 5 14 24 23 17 16 0
split_gain=1.3267e+06 203448 172099 114028 78752.1 80126.4 64819 63712.8 69587.3 61357.9 58657.8 49396.5 48397.2 43067.1 42407.6 42164.3 38164.4 37004.6 36600.9 28834.2 23410.1 23139.1 22626.4 28143.6 22066.7 20654.6 27145.8 19060.5 18979.5 18891.6
threshold=126.50000000000001 62.507142857142867 10.500000000000002 278.50000000000006 14.750000000000002 14.550000000000002 17.750000000000004 3425.5000000000005 4034.0000000000005 37.380000000000003 991.45000000000016 592.00000000000011 406.00000000000006 60786.750000000007 1307.5000000000002 269799.20000000007 162.21428571428575 986.85000000000002 289.50000000000006 948.00000000000011 154.16666666666671 21.500000000000004 22.350000000000005 2024.5000000000002 0.8500000000000002 2099.0300000000002 2584.8600000000006 800.00000000000011 29.000000000000004 28.643240000000002
decision_type=10 10 2 10 2 2 2 2 2 2 2 10 2 2 2 2 10 2 2 2 10 2 2 2 2 2 2 2 2 2
left_child=1 14 4 7 5 12 24 9 10 13 -9 29 17 -4 27 16 28 -2 -10 -17 -14 -6 23 -16 25 26 -3 -1 -8 -5
right_child=2 6 3 11 21 -7 15 8 18 -11 -12 -13 20 -15 22 19 -18 -19 -20 -21 -22 -23 -24 -25 -26 -27 -28 -29 -30 -31
leaf_value=-0.68045685679339207 -0.59806671911272502 0.20215090186903986 0.29083448987740734 1.0428356342730316 -0.45195790540426967 2.5094809298515317 -0.18450372042727764 -0.38322180907157333 0.87206752610206595 0.47844494568450108 0.5929441444485084 2.8823343712091445 0.83986606207760894 1.5935067034211563 -0.21644817822689741 0.13674478201860829 0.92541554596689013 0.52242640037389043 2.0096538641452786 1.2483886938009943 2.0569206401824949 0.16586651285867329 -0.45682917705047005 0.77932380107732913 -0.20997460093030343 -0.27611169630968113 1.1657903406355115 -0.41364523769856015 -0.65311858521886612 1.6707369596647179
leaf_weight=289 29 1029 26 69 68 20 1238 66 70 84 345 24 33 188 1459 84 27 311 40 28 25 276 386 26 138 79 27 1450 83 115
leaf_count=289 29 1029 26 69 68 20 1238 66 70 84 345 24 33 188 1459 84 27 311 40 28 25 276 386 26 138 79 27 1450 83 115
internal_value=1.75999e-10 -0.203501 0.721524 0.974976 0.379928 0.6566 -0.00823143 0.815671 0.615555 1.16554 0.436188 1.60224 0.563491 1.43524 -0.351332 -0.144655 -0.191126 0.426855 1.28574 0.414656 1.36446 0.0437384 -0.252203 -0.199014 0.148233 0.191786 0.226789 -0.457986 -0.213947 1.43527
internal_weight=8132 6343 1789 1027 762 418 2733 819 521 298 411 208 398 214 3610 1460 1348 340 110 112 58 344 1871 1485 1273 1135 1056 1739 1321 184
internal_count=8132 6343 1789 1027 762 418 2733 819 521 298 411 208 398 214 3610 1460 1348 340 110 112 58 344 1871 1485 1273 1135 1056 1739 1321 184
is_linear=0
shrinkage=0.03


Tree=49
num_leaves=31
num_cat=0
split_feature=55 32 32 16 13 16 32 13 11 30 23 55 6 32 60 20 18 55 55 13 60 9 53 19 16 19 12 11 21 51
split_gain=1.25203e+06 239767 149861 84242.7 74111.9 67240.9 59885.8 54683 53536.9 48803.8 47814.6 48820.1 43029.3 40445.5 36240.3 31651.2 30876 30655.4 25204.6 22744.2 21886.3 21419.4 21017.6 20343 19979.9 24377.7 17436.2 18279.5 16650 16004.9
threshold=141.95714285714288 73.550000000000011 238.50000000000003 14.750000000000002 105.50000000000001 11.550000000000002 35.650000000000013 223.50000000000003 49.500000000000007 13973.853333333334 3092.6550000000002 228.63571428571433 315.03000000000009 134.50000000000003 10.350000000000003 8677.0000000000018 6635.5000000000009 236.78571428571433 90.921428571428592 160.50000000000003 30.550000000000004 31.250000000000004 111861.00000000001 10.325000000000001 17.550000000000004 22.514583333333338 5.4500000000000011 67.500000000000014 92.500000000000014 450.67500000000001
decision_type=10 10 10 2 2 2 8 2 2 2 2 10 2 10 10 2 2 10 10 2 10 2 2 2 2 2 2 2 2 2
left_child=1 6 4 7 -2 12 -1 13 22 24 11 14 -4 19 -6 17 18 -10 21 -3 -15 -5 -7 -13 25 -8 -9 -28 -14 -20
right_child=2 3 5 16 10 8 9 26 15 -11 -12 23 28 20 -16 -17 -18 -19 29 -21 -22 -23 -24 -25 -26 -27 27 -29 -30 -31
leaf_value=-0.44281678486750481 1.8936459209991467 0.15172363610892758 2.681411865384955 -0.49778213895331408 0.88782403060197823 2.4511927688598631 -0.051045655988877253 0.078848793319404031 0.53909270029256839 1.2221103525161743 1.6540571334145286 0.7010538536598605 0.82680880225621733 0.71789128379832046 0.33887297851154685 -0.10189748099446297 0.52274663461054249 1.2323531951940148 -0.061338647376912872 0.93194904512480681 1.7894433706147328 -0.10865528366423746 1.3573283022208962 1.3959931056853383 -0.30730575812435662 -0.33279818078948231 1.1425829146754358 0.20800525756552815 1.7766016031866487 0.23833377881408777
leaf_weight=1779 37 82 38 170 125 25 848 332 101 21 33 93 26 29 807 30 82 133 424 57 42 507 43 64 1411 410 31 48 46 258
leaf_count=1779 37 82 38 170 125 25 848 332 101 21 33 93 26 29 807 30 82 133 424 57 42 507 43 64 1411 410 31 48 46 258
internal_value=-1.51653e-10 -0.184304 0.751838 0.0832961 0.572596 1.22184 -0.307776 0.375395 1.00885 -0.218468 0.529032 0.49494 1.86468 0.769228 0.412498 0.815509 -0.0425839 0.933125 -0.0766951 0.471672 1.35177 -0.206368 1.75948 0.984341 -0.229802 -0.142873 0.174166 0.574738 1.43362 0.0520272
internal_weight=8132 6531 1601 2062 1159 442 4469 621 332 2690 1122 1089 110 210 932 264 1441 234 1359 139 71 677 68 157 2669 1258 411 79 72 682
internal_count=8132 6531 1601 2062 1159 442 4469 621 332 2690 1122 1089 110 210 932 264 1441 234 1359 139 71 677 68 157 2669 1258 411 79 72 682
is_linear=0
shrinkage=0.03


Tree=50
num_leaves=31
num_cat=0
split_feature=55 19 35 66 20 20 13 21 0 23 21 13 11 55 9 13 17 13 18 20 55 23 53 55 11 42 62 61 21 0
split_gain=1.17804e+06 219356 145438 68552.8 61959.8 53332.8 52300.5 49171.4 48470.4 42315.4 51399.8 38873.4 36859 39125.6 34250.4 31013.9 28664.3 26875.6 26699.9 25544.2 23216.5 20166.7 18102.3 17586.5 15859.8 13106.9 11609.8 8851.94 8638.79 6173.21
threshold=141.95714285714288 17.818750000000005 377.50000000000006 1.0000000180025095e-35 2250.0000000000005 3692.0000000000009 55.000000000000007 30.500000000000004 28.643240000000002 3154.3500000000004 135.50000000000003 172.00000000000003 49.500000000000007 272.85714285714295 38.45000000000001 126.50000000000001 800.00000000000011 315.50000000000006 6635.5000000000009 5743.7500000000009 103.13571428571429 431.37500000000006 111861.00000000001 31.778571428571428 71.500000000000014 15.050000000000002 18.250000000000004 25.021428571428576 26.500000000000004 28.662761550000003
decision_type=10 2 10 2 2 2 2 2 2 2 2 2 2 10 2 2 2 2 2 2 8 2 2 10 2 8 10 10 2 2
left_child=1 3 6 5 -4 15 -2 19 20 10 -9 -5 22 21 16 27 28 23 -10 25 -7 -14 -6 -18 -15 -8 -21 -1 -3 -24
right_child=2 14 4 11 12 8 7 9 18 -11 -12 -13 13 24 -16 -17 17 -19 -20 26 -22 -23 29 -25 -26 -27 -28 -29 -30 -31
leaf_value=0.84535015743970865 1.9295996078848836 -0.51626817316308127 2.3325542694643921 1.6399009931087494 2.4218073723532934 -0.19858137627037051 0.8625287918001413 0.75588943313247381 0.047995890712897692 1.8832698934728449 0.31726542985399386 0.35928806172218175 1.0221498098918946 1.1889429278825892 0.011189789714878553 0.23597343129008563 -0.46085631812876676 0.1495142032770734 0.54298294939501124 -1.1587750353813171 0.11006218047558912 0.48144266607879682 1.0430818793177605 -0.30267716119124083 1.970047086328268 -0.0090233907645398907 -0.20513337783670674 1.7379164671897886 -0.83646540498733513 1.7473981000695911
leaf_weight=20 24 182 38 32 22 1497 24 519 1176 22 448 64 118 87 219 67 1033 95 107 20 257 131 24 1632 32 44 27 20 130 21
leaf_count=20 24 182 38 32 22 1497 24 519 1176 22 448 64 118 87 219 67 1033 95 107 20 257 131 24 1632 32 44 27 20 130 21
internal_value=-3.49698e-10 -0.178775 0.729283 -0.00354975 1.17084 -0.027663 0.544125 0.514006 -0.0508554 0.582279 0.55268 0.786159 1.06936 0.951528 -0.351286 0.630613 -0.377126 -0.346315 0.089277 -0.0731343 -0.153358 0.737681 1.71655 -0.36399 1.39899 0.298583 -0.610938 1.29163 -0.649684 1.37176
internal_weight=8132 6531 1601 3240 473 3144 1128 1104 3037 989 967 96 435 368 3291 107 3072 2760 1283 115 1754 249 67 2665 119 68 47 40 312 45
internal_count=8132 6531 1601 3240 473 3144 1128 1104 3037 989 967 96 435 368 3291 107 3072 2760 1283 115 1754 249 67 2665 119 68 47 40 312 45
is_linear=0
shrinkage=0.03


Tree=51
num_leaves=31
num_cat=0
split_feature=55 19 35 16 23 12 13 16 7 15 16 22 9 34 55 17 13 17 13 21 22 16 10 18 10 16 22 61 54 55
split_gain=1.10841e+06 206392 136843 87545 80058.8 62996.7 49209.5 46354.7 51459.7 44894.3 41405.7 91092.8 32226.2 32209.2 28343.5 26970.2 26027.2 37844.6 25287.2 23933.1 22742.9 22469.6 32046.7 24057.8 21810.8 19544.2 19476.2 17479.3 17474.4 16652.1
threshold=141.95714285714288 17.818750000000005 377.50000000000006 14.750000000000002 2110.4950000000003 2.8500000000000005 55.000000000000007 20.400000000000002 6.5950000000000006 986.6500000000002 23.850000000000005 2225.0000000000005 38.45000000000001 254.50000000000009 79.421428571428592 800.00000000000011 245.00000000000003 1067.5000000000002 315.50000000000006 106.50000000000001 133.50000000000003 12.550000000000002 10.450000000000001 4034.0000000000005 10.65 14.550000000000002 2099.0000000000005 34.740714285714297 122.50000000000001 36.540476190476205
decision_type=10 2 10 2 2 2 2 2 2 2 2 2 2 10 8 2 2 2 2 2 2 2 2 2 2 2 2 10 8 10
left_child=1 3 6 4 16 -4 -2 8 28 -10 11 14 15 21 -5 -3 17 -1 29 -12 24 22 -7 -23 -15 -18 -21 -6 -8 -17
right_child=2 12 5 10 27 13 7 -9 9 -11 19 -13 -14 20 -16 18 25 -19 -20 26 -22 23 -24 -25 -26 -27 -28 -29 -30 -31
leaf_value=1.2681483571869987 1.8717116463184356 -0.63019317788573403 2.5428500612576803 -0.16611142780215851 0.74320798056466231 2.1764929493990808 0.93454545102336184 -0.066024859173175618 -0.33916214594474203 0.5677374173762304 -0.56975765337114015 1.9830860667228696 0.010854096736197602 1.6379245190620422 0.071086856091975889 -0.42747251503944828 0.039096029167747598 0.27061934203735072 0.14502877980784368 -0.047767924057400747 1.6330627221327561 0.24714173719286917 0.84652635727609904 1.0299017507362047 0.73471889510170207 0.85109192548053603 -0.65727581987093231 1.8717002832889555 2.1050796627998349 -0.27748646308697544
leaf_weight=42 24 312 27 948 21 22 22 117 52 889 221 20 219 35 869 1343 565 185 95 253 104 84 63 61 77 28 58 30 24 1322
leaf_count=42 24 312 27 948 21 22 22 117 52 889 221 20 219 35 869 1343 565 185 95 253 104 84 63 61 77 28 58 30 24 1322
internal_value=-3.86799e-10 -0.173412 0.707404 -0.00344325 0.253737 1.13572 0.527802 0.498586 0.565516 0.517622 -0.0979996 -0.0305049 -0.340747 1.05053 -0.0526688 -0.365812 0.182008 0.455184 -0.335926 -0.33106 1.31361 0.803469 1.19075 0.576441 1.01697 0.0774365 -0.161438 1.40703 1.54526 -0.35307
internal_weight=8132 6531 1601 3240 871 473 1128 1104 987 941 2369 1837 3291 446 1817 3072 820 227 2760 532 216 230 85 145 112 593 311 51 46 2665
internal_count=8132 6531 1601 3240 871 473 1128 1104 987 941 2369 1837 3291 446 1817 3072 820 227 2760 532 216 230 85 145 112 593 311 51 46 2665
is_linear=0
shrinkage=0.03


Tree=52
num_leaves=31
num_cat=0
split_feature=32 55 32 35 16 20 16 10 21 21 16 13 7 16 24 29 33 56 12 55 32 11 55 8 24 34 13 24 1 5
split_gain=1.05308e+06 203628 106977 86547.2 60898.9 50043.5 46479.5 45797 46800.8 37532.5 37241.4 40892.2 33954.4 33255.4 45855.6 26399.2 26016.6 22472.1 21447.2 19488.3 19450.8 18872.7 17016.3 17004.5 24833.8 15952.3 15617 14295.4 14209.2 13276
threshold=105.50000000000001 178.97142857142859 50.650000000000013 485.50000000000006 14.750000000000002 3204.5000000000005 18.450000000000003 14.450000000000001 89.500000000000014 512.00000000000011 14.550000000000002 116.50000000000001 26.135000000000002 22.200000000000006 10283.990000000002 98.642857142857153 185.50000000000003 286.50000000000006 9.9500000000000011 79.421428571428592 25.350000000000005 52.500000000000007 92.642857142857153 28.250000000000004 578.1350000000001 292.50000000000006 325.50000000000006 524.57500000000016 77.288048550000013 138.50000000000003
decision_type=10 10 8 10 2 2 2 2 2 2 2 2 2 2 2 2 8 10 2 8 10 2 10 2 2 10 2 2 2 2
left_child=2 4 16 6 9 -5 7 8 -3 10 11 -2 23 14 18 -8 20 -9 19 -4 -1 -15 -14 24 -6 -7 29 -24 -23 -22
right_child=1 3 13 5 12 25 15 17 -10 -11 -12 -13 22 21 -16 -17 -18 -19 -20 -21 26 28 27 -25 -26 -27 -28 -29 -30 -31
leaf_value=-0.47676044905185699 1.1511432343153727 0.63753489663792862 -0.098473754466810295 2.8331263232231141 -0.017506812149410918 0.93318763831082518 -0.39940192573517558 -0.56750815738802363 1.1857745492808198 1.5935393091610499 1.6837423481047153 0.34401545902969521 -0.080440327488459071 -0.15846919077719962 1.2781906440854072 0.53176868431013202 0.66102146480394441 0.51335782226494375 -1.0183252458572387 0.093976207743091802 -0.35262473610672329 -0.56942340592445406 0.13653479756287684 0.3375167474527902 -0.64978682275704092 1.6635236587022479 0.14358303716077522 0.61699575423680497 0.17546228032845718 -0.1448755667303489
leaf_weight=810 63 236 1355 24 263 51 40 23 345 28 22 547 65 525 24 87 23 70 20 728 1692 203 82 79 71 57 68 174 26 331
leaf_count=810 63 236 1355 24 263 51 40 23 345 28 22 547 65 525 24 87 23 70 20 728 1692 203 82 79 71 57 68 174 26 331
internal_value=1.93362e-10 0.539208 -0.216148 0.882239 0.309619 1.594 0.764945 0.864144 0.963082 0.518727 0.471109 0.427375 0.121593 -0.0864056 -0.0257204 0.238487 -0.343982 0.246047 -0.0406009 -0.0312133 -0.35195 -0.257596 0.353036 -0.0582938 -0.151914 1.31864 -0.303602 0.463098 -0.484851 -0.318633
internal_weight=8132 2327 5805 933 1394 132 801 674 581 660 632 610 734 2881 2127 127 2924 93 2103 2083 2901 754 321 413 334 108 2091 256 229 2023
internal_count=8132 2327 5805 933 1394 132 801 674 581 660 632 610 734 2881 2127 127 2924 93 2103 2083 2901 754 321 413 334 108 2091 256 229 2023
is_linear=0
shrinkage=0.03


Tree=53
num_leaves=31
num_cat=0
split_feature=32 55 26 32 12 21 12 21 18 56 29 5 51 30 24 12 55 37 13 14 12 23 20 26 33 60 18 30 12 21
split_gain=991047 153755 134494 88664.1 57842.9 52794.4 50607.9 47632.6 52053.7 39207.8 37520.7 37483.7 50249.1 34410.3 28803.1 28710.2 26112.5 27934.6 24391.9 23541.6 22633.8 20794.4 19029.8 18127.6 15520.4 12514.3 10909.2 10379.8 9669.77 9320.31
threshold=126.50000000000001 57.042857142857152 10.500000000000002 348.50000000000006 8.6500000000000004 23.500000000000004 7.3500000000000005 570.00000000000011 3453.0000000000005 62.750000000000007 437.21428571428584 180.50000000000003 734.03000000000009 167.04666666666637 10283.990000000002 9.8500000000000032 79.421428571428592 116.78333333333335 90.500000000000014 0.25000000000000006 10.350000000000001 603.8900000000001 4118.2500000000009 9.5000000000000018 96.350000000000009 11.7125 5359.5000000000009 89.856666666666726 8.7500000000000018 71.000000000000014
decision_type=10 10 2 10 2 2 2 2 2 8 2 2 2 2 2 2 10 10 2 2 2 2 2 2 8 10 2 2 2 2
left_child=1 15 5 4 7 24 14 8 -4 -8 11 13 -13 -7 16 19 23 -18 28 25 -20 -6 -5 -3 -2 26 -1 -26 -11 -27
right_child=2 6 3 22 21 10 9 -9 -10 18 -12 12 -14 -15 -16 -17 17 -19 20 -21 -22 -23 -24 -25 27 29 -28 -29 -30 -31
leaf_value=0.23399653599874393 -1.0523314661979675 -0.11218121483875639 1.1101169552296399 2.6069111421373155 0.32294686565679664 1.1767805114952292 1.1269830645833696 2.3106988306045535 0.63309590830899765 -0.37217653969839465 -0.29306683290749785 1.1357438274969656 0.20173102905076962 0.2125560490454958 1.0726836177018972 -0.54290199061941269 1.2850332595556972 0.15132097733807698 -0.057461398584409427 -0.35865833461493257 -0.35075820275141528 -0.75219280412793155 1.4582595010757446 0.32953035322223839 0.24590335972214999 -0.31251246124573456 -0.23817932978782749 -0.41776753424899649 -0.87353521658449751 -0.12116207887642085
leaf_weight=111 20 698 350 27 85 37 21 20 500 118 60 144 81 334 26 457 20 890 919 1625 319 20 25 95 38 497 73 48 49 425
leaf_count=111 20 698 350 27 85 37 21 20 500 118 60 144 81 334 26 457 20 890 919 1625 319 20 25 95 38 497 73 48 49 425
internal_value=-5.57446e-10 -0.175884 0.623608 0.847666 0.783292 0.321631 -0.0274115 0.863567 0.829516 -0.159714 0.422009 0.493997 0.799499 0.308719 0.0817056 -0.322821 0.0665762 0.176238 -0.178946 -0.285993 -0.133036 0.118158 2.05467 -0.0592649 -0.299577 -0.179228 0.0466659 -0.124518 -0.519282 -0.224309
internal_weight=8132 6343 1789 1027 975 762 3155 870 850 1426 656 596 225 371 1729 3188 1703 910 1405 2731 1238 105 52 793 106 1106 184 86 167 922
internal_count=8132 6343 1789 1027 975 762 3155 870 850 1426 656 596 225 371 1729 3188 1703 910 1405 2731 1238 105 52 793 106 1106 184 86 167 922
is_linear=0
shrinkage=0.03


Tree=54
num_leaves=31
num_cat=0
split_feature=32 32 32 16 22 34 21 38 7 16 20 28 16 21 21 28 33 1 15 14 18 13 36 17 32 17 41 42 25 16
split_gain=935929 178115 95520.4 90389.2 67440 64485.6 59974.1 58182.6 52080.9 47115.8 37728.9 35475.5 32355.9 30720.7 33881.8 57006.7 24141.6 23926.4 22383.7 21896.5 20111 19818.3 19595.6 19485.8 18316.2 16266.4 16075.8 15510.9 15410.6 15342.6
threshold=105.50000000000001 190.50000000000003 51.625000000000007 11.550000000000002 105.50000000000001 292.50000000000006 92.500000000000014 92.750000000000014 9.4700000000000006 11.950000000000001 8677.0000000000018 2152.3333333333335 17.550000000000004 21.500000000000004 101.50000000000001 105.83333333333333 185.50000000000003 77.131314500000016 991.85000000000002 7.3500000000000005 3569.5000000000005 90.500000000000014 286.50000000000006 1085.0000000000002 25.350000000000005 902.50000000000011 9.3750000000000018 16.350000000000005 3.5000000000000004 29.000000000000004
decision_type=10 10 8 2 2 10 2 8 2 2 2 2 2 2 2 2 8 2 2 2 2 2 10 2 10 2 8 10 2 2
left_child=2 9 16 6 10 8 27 17 -6 20 18 12 19 28 15 -15 24 -8 -5 -4 22 -14 25 -9 -1 -2 -16 -3 -11 -23
right_child=1 3 11 4 5 -7 7 23 -10 13 -12 -13 21 14 26 -17 -18 -19 -20 -21 -22 29 -24 -25 -26 -27 -28 -29 -30 -31
leaf_value=-0.45095514806063358 0.87516054746952465 1.1357717062532902 0.044067859479123998 0.91672096434761496 1.9971106508043077 1.7447590830109336 2.2273343597758899 3.3200126895904543 0.6293672653743676 0.045712553946698299 -0.81866475261333915 1.0950741651783817 -0.51368177009696081 0.32709399002167627 -0.65877422693428456 1.3007423831735339 0.64638965233512546 1.127174639740298 0.17824648113240166 -0.60870638016611334 0.45399560035904868 -0.12256946482461692 0.34025317981839176 2.0261790392615575 -0.28365257911733677 1.7692937116622922 0.1500884790117252 0.19990025018215984 -0.68152892294137368 -0.561565506332799
leaf_weight=810 47 28 1267 51 27 66 22 20 348 61 27 23 148 384 23 63 23 93 134 48 192 1252 32 22 2158 30 574 37 46 76
leaf_count=810 47 28 1267 51 27 66 22 20 348 61 27 23 148 384 23 63 23 93 134 48 192 1252 32 22 2158 30 574 37 46 76
internal_value=-3.9997e-10 0.508331 -0.20377 0.846437 0.668652 0.880036 1.36938 1.68665 0.727845 0.304583 0.228933 -0.0783078 -0.0879773 0.217192 0.26681 0.46432 -0.321808 1.33764 0.381826 0.0202404 0.63876 -0.184391 0.964215 2.64229 -0.329311 1.22352 0.118926 0.603045 -0.266933 -0.147693
internal_weight=8132 2327 5805 875 653 441 222 157 375 1452 212 2814 2791 1151 1044 447 2991 115 185 1315 301 1476 109 42 2968 77 597 65 107 1328
internal_count=8132 2327 5805 875 653 441 222 157 375 1452 212 2814 2791 1151 1044 447 2991 115 185 1315 301 1476 109 42 2968 77 597 65 107 1328
is_linear=0
shrinkage=0.03


Tree=55
num_leaves=31
num_cat=0
split_feature=55 32 33 25 16 13 20 51 32 17 32 30 16 16 13 16 5 11 25 18 28 25 16 13 6 51 16 18 32 59
split_gain=881599 173849 119398 69580.4 63731.8 54301 54053.3 65462.3 46871.1 46152.4 51042.3 42293.2 36758.8 35714.6 42450.7 33686.9 29659 25851.1 25019.9 24780.3 22412.3 24281.2 20323.2 21339.6 18280.9 16028.8 15905.8 14199.7 13045.6 11335.8
threshold=141.95714285714288 77.050000000000011 255.50000000000003 5.5000000000000009 13.750000000000002 257.00000000000006 3869.5000000000005 1747.1050000000002 40.350000000000001 585.00000000000011 179.50000000000003 13973.853333333334 11.950000000000001 20.750000000000004 302.50000000000006 11.050000000000002 325.50000000000006 49.500000000000007 2.5000000000000004 6635.5000000000009 391.33333333333343 3.5000000000000004 29.250000000000004 90.500000000000014 2826.7650000000003 10283.990000000002 26.150000000000002 6680.0000000000009 19.050000000000004 49.95000000000001
decision_type=10 10 10 2 2 2 2 2 8 2 10 2 2 2 2 2 2 2 2 2 2 2 2 2 2 2 2 2 10 8
left_child=1 8 6 13 5 20 9 12 28 -2 -11 25 15 14 17 -8 -14 -4 -12 22 21 -3 23 -6 -9 26 -10 -21 -1 -22
right_child=2 4 3 -5 19 -7 7 24 11 10 18 -13 16 -15 -16 -17 -18 -19 -20 27 29 -23 -24 -25 -26 -27 -28 -29 -30 -31
leaf_value=-0.51650411324296397 0.26376734382907552 0.19834420131409869 2.083357800450818 2.6562453117370604 -0.48867810276923351 0.12269285686652767 0.20083922558664521 1.215934492709096 -0.13911115717794875 0.60145733933930001 0.75962379020452497 1.2112076153755187 0.23439689687383988 -0.053211339952854007 0.096500883332707663 1.0296677233714608 -0.5564096525084713 1.1311982630480566 1.7658203204288039 1.148084423062594 1.8898849172251566 0.97627350443369376 -0.68765391639300755 0.014175430321936069 0.42432946145534517 -0.81137893622262136 -0.39648385173082346 0.24450728445636985 -0.32054299159455379 0.91543095491149207
leaf_weight=367 90 68 29 25 81 264 79 97 2171 109 30 20 592 26 33 100 46 223 86 23 21 77 42 1219 36 35 240 49 1832 22
leaf_count=367 90 68 29 25 81 264 79 97 2171 109 30 20 592 26 33 100 46 223 86 23 21 77 42 1219 36 35 240 49 1832 22
internal_value=-1.43636e-10 -0.154655 0.630888 1.13358 0.0900754 0.400174 0.497367 0.384445 -0.252547 0.837928 1.06759 -0.16275 0.283967 1.01118 1.10828 0.663872 0.177379 1.24077 1.5056 -0.00905074 0.789827 0.611451 -0.0381405 -0.0171562 1.00167 -0.173984 -0.164731 0.53315 -0.353248 1.39133
internal_weight=8132 6531 1601 336 1866 452 1265 950 4665 315 225 2466 817 311 285 179 638 252 116 1414 188 145 1342 1300 133 2446 2411 72 2199 43
internal_count=8132 6531 1601 336 1866 452 1265 950 4665 315 225 2466 817 311 285 179 638 252 116 1414 188 145 1342 1300 133 2446 2411 72 2199 43
is_linear=0
shrinkage=0.03


Tree=56
num_leaves=31
num_cat=0
split_feature=34 34 34 15 35 16 7 13 5 6 31 16 18 18 28 13 28 7 16 16 18 5 12 16 14 23 17 18 23 13
split_gain=811479 155631 96928.3 70111.8 60891.6 57216.1 46151.6 52965.3 40802.4 55347.6 34196.8 30812.5 28347.3 25247.1 23295.9 23133.6 22720.7 23407.6 21542.6 19849.9 19415.7 16561.3 15879.3 15042.5 14089.9 13212.8 12995.9 12240.6 11959.6 8588.53
threshold=111.33333333333336 198.16666666666671 53.983333333333356 986.6500000000002 625.50000000000011 19.150000000000002 9.2250000000000014 302.50000000000006 92.500000000000014 2958.5050000000006 382.31999999999988 14.950000000000001 6482.5000000000009 6635.5000000000009 1671.6666666666667 122.50000000000001 917.00000000000011 107.86000000000001 29.000000000000004 22.200000000000006 6658.0000000000009 48.500000000000007 6.7500000000000009 26.750000000000004 0.8500000000000002 352.03500000000003 3742.5000000000005 4778.0000000000009 788.51500000000021 290.50000000000006
decision_type=10 10 8 2 10 2 2 2 2 2 2 2 2 2 2 2 2 2 2 2 2 2 2 2 2 2 2 2 2 2
left_child=2 5 12 -3 6 8 29 -8 15 10 -10 16 19 14 18 -2 17 24 -13 25 -15 -17 -14 26 -4 -1 27 -7 -27 -5
right_child=1 3 11 4 -6 23 7 -9 9 -11 -12 13 22 20 -16 21 -18 -19 -20 -21 -22 -23 -24 -25 -26 28 -28 -29 -30 -31
leaf_value=-0.31883318363445129 1.0819221634131211 -0.90058026838302618 0.095040631900469838 1.2723455813527107 2.454153600064191 0.14469124978667572 0.87219971442172839 -0.057978396296012591 1.0341401202550957 -0.34622903537750244 0.51779409064089077 -0.097682772675380697 0.60680696864019734 0.85462885097071928 -0.63825002768525374 -0.030851890869575356 0.90401955161243674 1.043850920417092 -0.55579139592721283 -0.48855417744597623 0.070088869342580434 0.32097491135460676 -0.12049365784387503 -0.45878391898928145 -0.40988350009918212 0.0048643903226460797 0.71140922799110407 -0.31266545568651793 -0.31040473466092833 2.0863134792872837
leaf_weight=1918 26 20 520 20 22 158 569 61 154 55 461 1942 44 37 81 218 32 22 97 527 122 269 70 62 55 242 25 79 196 28
leaf_count=1918 26 20 520 20 22 158 569 61 154 55 461 1942 44 37 81 218 32 22 97 527 122 269 70 62 55 242 25 79 196 28
internal_value=1.982e-10 0.48799 -0.18404 0.850817 0.900857 0.314642 0.850455 0.782135 0.411382 0.565549 0.64709 -0.0606489 -0.303766 -0.111952 -0.139297 0.210032 0.125232 0.0834879 -0.119476 -0.322113 0.252655 0.163484 0.160219 -0.0385763 0.0467435 -0.284883 0.0608621 -0.00776099 -0.136215 1.74716
internal_weight=8132 2227 5905 720 700 1507 678 630 1183 670 615 2908 2997 2279 2120 513 629 597 2039 2883 159 487 114 324 575 2356 262 237 438 48
internal_count=8132 2227 5905 720 700 1507 678 630 1183 670 615 2908 2997 2279 2120 513 629 597 2039 2883 159 487 114 324 575 2356 262 237 438 48
is_linear=0
shrinkage=0.03


Tree=57
num_leaves=31
num_cat=0
split_feature=32 32 37 16 20 26 28 19 7 6 17 12 7 55 55 24 22 20 29 17 13 12 6 55 18 28 19 53 18 55
split_gain=786009 134535 105099 71565.8 51097.1 50693.8 51052.9 43465.6 50023.6 34520 34488.9 31381.8 30561.2 36008.2 26938.8 34618 25163 22851.5 25049.7 22349.1 20693.2 19801.4 16206.8 15723.3 15163.8 14082.1 13475.9 13312.9 13221.4 12940.4
threshold=131.50000000000003 66.15000000000002 436.00000000000006 19.150000000000002 3140.2500000000005 11.500000000000002 131.83333333333334 8.5937500000000018 15.705000000000002 2958.5050000000006 660.00000000000011 8.9500000000000011 8.6450000000000014 143.43571428571431 82.857142857142875 6012.0800000000008 83.500000000000014 9486.2500000000018 119.07142857142857 767.50000000000011 90.500000000000014 8.5500000000000025 44.650000000000006 184.85000000000005 5763.0000000000009 570.83333333333348 25.747916666666672 262150.95000000007 6564.5000000000009 297.50000000000006
decision_type=10 10 10 2 2 2 2 2 2 2 2 2 2 8 10 2 2 2 2 2 2 2 2 10 2 2 2 2 2 10
left_child=1 12 3 5 -4 7 10 8 -2 -9 -7 14 26 19 15 22 -6 -5 -19 -14 -13 25 -3 -8 -22 -16 -1 -26 -21 -18
right_child=2 11 4 17 16 6 23 9 -10 -11 -12 20 13 -15 21 -17 29 18 -20 28 24 -23 -24 -25 27 -27 -28 -29 -30 -31
leaf_value=-0.39119409445098074 1.9200211143493651 -0.48541309071214572 2.5958143909488407 0.29896897740445094 0.39725166139647711 0.36300268014084619 -0.31506855111230503 0.3630537410173727 0.621859830085982 -0.6346859425103123 1.2105342049428669 -0.9201720070838928 -0.62732446540076781 0.99119948651479639 0.13652912519275745 1.1659081186567033 1.0677848014555686 -0.74374178004972002 0.16409516057547399 -0.20306785130501598 0.0045881359184122821 0.8321081388578182 -0.027423857179513622 0.56000065241541186 -0.50878150511505005 0.7332026370957091 -0.12018380626010144 0.0023473765956504005 0.063570116589480363 1.7156751407682895
leaf_weight=1412 30 76 21 103 43 53 33 575 244 33 234 32 106 23 940 21 121 59 51 2082 294 41 818 42 133 37 187 70 182 36
leaf_count=1412 30 76 21 103 43 53 33 575 244 33 234 32 106 23 940 21 121 59 51 2082 294 41 818 42 133 37 187 70 182 36
internal_value=6.34415e-11 -0.15039 0.578435 0.485967 1.18806 0.572968 0.871898 0.450279 0.763994 0.3089 1.05402 0.024022 -0.257955 -0.190103 0.0800529 -0.0380765 1.04024 -0.0221507 -0.322836 -0.201567 -0.180719 0.18623 -0.0663581 0.17497 -0.133108 0.159126 -0.3595 -0.33253 -0.181633 1.21635
internal_weight=8132 6454 1678 1457 221 1244 362 882 274 608 287 2462 3992 2393 1933 915 200 213 110 2370 529 1018 894 75 497 977 1599 203 2264 157
internal_count=8132 6454 1678 1457 221 1244 362 882 274 608 287 2462 3992 2393 1933 915 200 213 110 2370 529 1018 894 75 497 977 1599 203 2264 157
is_linear=0
shrinkage=0.03


Tree=58
num_leaves=31
num_cat=0
split_feature=55 32 33 25 12 28 21 51 7 18 32 30 12 22 20 42 66 5 18 40 18 7 24 5 24 21 20 9 5 25
split_gain=742371 180572 83202.5 62407 51488.8 49294.9 47075.7 59621.7 57586.7 45511.3 41709.4 37870.4 30681.6 30284.9 35845 26446.7 25433.2 41422.2 25256.2 22787.7 20707.2 19866.7 21855.8 19610 18944.6 18941.3 16921.4 15416.9 15340.4 12729.4
threshold=156.00000000000003 79.050000000000011 255.50000000000003 5.5000000000000009 7.8500000000000005 49.666666666666679 133.50000000000003 1747.1050000000002 19.725000000000005 3425.5000000000005 40.350000000000001 13973.853333333334 2.5000000000000004 376.00000000000006 5803.2500000000009 19.350000000000005 1.0000000180025095e-35 311.50000000000006 3487.0000000000005 63.233333333333341 6635.5000000000009 17.130000000000006 6.5700000000000012 136.50000000000003 393.00500000000005 1479.5000000000002 4441.5000000000009 25.050000000000004 307.00000000000006 1.5000000000000002
decision_type=10 10 10 2 2 2 2 2 2 2 8 2 2 2 2 10 2 2 2 10 2 2 2 2 2 2 2 2 2 2
left_child=1 10 5 13 12 19 8 26 9 -7 -1 25 -3 14 15 -4 20 -18 -16 24 -14 22 -6 -10 29 28 -8 -24 -12 -2
right_child=2 4 3 -5 21 6 7 -9 23 -11 11 -13 16 -15 18 -17 17 -19 -20 -21 -22 -23 27 -25 -26 -27 -28 -29 -30 -31
leaf_value=-0.3242525966532559 0.75533530572186347 1.039443503526541 1.6565124288201332 2.4956295916914937 0.36097051410494668 1.4771950989702474 0.63401565383587566 0.9705947029697044 0.17274315759993117 0.67835370466858147 -0.17269691893230502 1.1540757901668548 0.13208694505109284 1.5127220755907205 -0.10899416934302512 0.73393091406287814 0.13792406407686381 1.4617351949214934 0.75763592210937947 -0.88077323164258681 0.87195414079299993 0.037193874827552036 -0.13369142247596755 0.89465527072548867 -0.39549730021219986 -0.77352054208517074 0.057487917888820877 -0.62008282251656055 0.057958424534002427 0.10523092936385761
leaf_weight=2199 46 39 54 25 38 138 56 112 115 120 2212 20 1248 65 47 58 52 36 85 21 35 328 102 48 39 44 252 138 294 66
leaf_count=2199 46 39 54 25 38 138 56 112 115 120 2212 20 1248 65 47 58 52 36 85 21 35 328 102 48 39 44 252 138 294 66
internal_value=-7.59696e-11 -0.127715 0.643316 1.05393 0.11032 0.50793 0.602572 0.377853 0.826756 1.10564 -0.228339 -0.146272 0.209713 0.937291 0.784 1.17875 0.18611 0.679483 0.449063 0.0451746 0.15227 -0.120943 -0.307522 0.385331 0.173949 -0.156471 0.162311 -0.413366 -0.145637 0.372238
internal_weight=8132 6785 1347 334 2016 1013 841 420 421 258 4769 2570 1410 309 244 112 1371 88 132 172 1283 606 278 163 151 2550 308 240 2506 112
internal_count=8132 6785 1347 334 2016 1013 841 420 421 258 4769 2570 1410 309 244 112 1371 88 132 172 1283 606 278 163 151 2550 308 240 2506 112
is_linear=0
shrinkage=0.03


Tree=59
num_leaves=31
num_cat=0
split_feature=32 55 55 20 28 16 6 56 55 58 30 51 37 21 16 17 16 7 55 12 51 8 24 21 24 28 17 21 17 19
split_gain=699123 142710 73831.1 65621 61175.1 42032.9 38148 35460.8 33986.1 46259.2 33056.1 32899.1 32648.1 30672.7 32186.1 27491.1 27050.2 26278.6 22709.5 20296.4 15511.5 15373.2 22418.2 15181.5 13989.9 24489.7 12659.6 10892.7 8721.41 11894.6
threshold=105.50000000000001 178.97142857142859 54.035714285714299 2250.0000000000005 59.833333333333336 14.750000000000002 156.49500000000003 39.650000000000013 175.07142857142858 46.95000000000001 13973.853333333334 1875.4150000000002 394.16666666666669 512.00000000000011 14.550000000000002 1057.5000000000002 17.150000000000002 26.135000000000002 247.07142857142858 9.8500000000000032 43.920000000000009 28.250000000000004 578.1350000000001 30.500000000000004 524.57500000000016 754.16666666666686 1412.5000000000002 46.000000000000007 1282.5000000000002 25.747916666666672
decision_type=10 10 8 2 2 2 2 8 10 10 2 2 10 2 2 2 2 2 10 2 2 2 2 2 2 2 2 2 2 2
left_child=2 5 19 12 23 13 18 -4 10 -10 16 -8 -3 14 15 -2 -9 21 -6 20 28 22 -7 -5 -19 -26 -22 -25 29 -1
right_child=1 3 7 4 6 17 11 8 9 -11 -12 -13 -14 -15 -16 -17 -18 24 -20 -21 26 -23 -24 27 25 -27 -28 -29 -30 -31
leaf_value=-0.37920205741405194 0.57239925538904446 1.1303449914088615 1.1051702499389648 -0.35262651735842226 1.0192759659381234 -0.028637481412280192 0.61957063044278804 0.018362070960499337 1.7633743820871626 -0.25261268591880798 0.86865871014073492 1.2899367813771037 2.7425771763324738 1.3925009559094905 1.5051439150896939 0.16473664671732957 -0.17445478442621257 0.0084566759934219041 2.0445542399636629 -0.47616781162778632 0.071518099674049318 0.30902270426667189 -0.62937979599539662 0.57623181560039516 0.5923717055654939 -0.20029953970658507 -0.23384871585884218 -0.20129192277789115 -0.21171502136796225 -0.11813961839243288
leaf_weight=1010 258 26 23 50 59 263 601 1057 21 20 32 74 20 28 22 352 1721 104 29 416 218 79 71 50 173 44 278 24 823 186
leaf_count=1010 258 26 23 50 59 263 601 1057 21 20 32 74 20 28 22 352 1721 104 29 416 218 79 71 50 173 44 278 24 823 186
internal_value=-5.26738e-11 0.439342 -0.176115 0.726513 0.669217 0.247139 0.769655 -0.0680701 -0.077535 0.779966 -0.0900466 0.693063 1.83132 0.420863 0.377816 0.337158 -0.10109 0.0909289 1.35715 -0.282059 -0.249952 -0.067324 -0.15634 0.0512037 0.294538 0.431646 -0.0996351 0.324062 -0.286879 -0.338602
internal_weight=8132 2327 5805 933 887 1394 763 2874 2851 41 2810 675 46 660 632 610 2778 734 88 2931 2515 413 334 124 321 217 496 74 2019 1196
internal_count=8132 2327 5805 933 887 1394 763 2874 2851 41 2810 675 46 660 632 610 2778 734 88 2931 2515 413 334 124 321 217 496 74 2019 1196
is_linear=0
shrinkage=0.03


Tree=60
num_leaves=31
num_cat=0
split_feature=32 32 15 32 6 21 26 17 35 55 56 12 21 12 25 19 24 12 0 20 9 19 22 5 28 0 51 31 51 24
split_gain=659735 133201 93164.4 68923.7 48456.4 51245.5 58087.7 42139.7 40247.1 37432.9 33995.6 28529.2 21089.7 19649 18493.6 31514 18566.6 17771.2 16876.6 19264.4 17954.1 16836.3 13777.6 13484.5 12885.8 12827.9 11707.9 11010.1 17537.4 12625
threshold=142.50000000000003 77.550000000000011 986.6500000000002 269.50000000000006 1436.1200000000001 163.50000000000003 11.500000000000002 1490.0000000000002 625.50000000000011 53.728571428571435 62.750000000000007 8.9500000000000011 512.00000000000011 10.950000000000001 4.5000000000000009 11.472916666666668 2371.9500000000003 10.550000000000002 28.643240000000002 3816.5000000000005 41.400000000000006 16.752083333333335 457.50000000000006 2225.0000000000005 513.83333333333337 28.682925800000003 30.080000000000005 165.14571428571418 65.595000000000013 656.8850000000001
decision_type=10 10 2 10 2 2 2 2 10 8 8 2 2 2 2 2 2 2 2 2 2 2 2 2 2 2 2 2 2 2
left_child=1 9 7 4 5 6 -4 -2 14 17 -11 18 25 23 16 -16 -5 26 19 -3 21 -20 -7 -12 -21 -6 -1 -13 29 -29
right_child=2 11 3 8 12 22 -8 -9 -10 10 13 27 -14 -15 15 -17 -18 -19 20 24 -22 -23 -24 -25 -26 -27 -28 28 -30 -31
leaf_value=-0.29020093239858596 -1.4890448767798288 0.51464627843243727 0.33231155000439061 0.68178415849157004 0.67084132594306289 -0.12707461013213583 0.87963069875983846 0.011678798307390773 2.3237063138825556 0.8596392895281314 -0.079349919634736477 0.47227644728577656 1.6910811691284178 -0.38230360174583172 1.8639269603407658 0.44611383463655202 1.4946716773509978 -0.50696901213652201 0.27021831198226448 -0.042440608702376599 0.99625814805428192 -0.11857265840057565 0.58647761377794982 -0.844535105569022 0.4435670193439385 1.2728000577974543 -0.13213167569748568 -0.75177765959234377 -0.0045397063433113742 -0.19816568111080718
leaf_weight=2020 21 70 436 161 123 152 291 85 21 32 1597 23 30 236 43 21 30 285 636 667 27 119 29 21 53 43 533 67 177 83
leaf_count=2020 21 70 436 161 123 152 291 85 21 32 1597 23 30 236 43 21 30 285 636 667 27 119 29 21 53 43 533 67 177 83
internal_value=2.45146e-10 -0.127772 0.57145 0.637284 0.531276 0.438935 0.55139 -0.285634 1.06131 -0.21344 -0.109847 0.0827867 0.959063 -0.126581 0.957352 1.39871 0.809463 -0.282283 0.137324 0.0395271 0.236122 0.208939 -0.0127486 -0.0892812 -0.00666505 0.82677 -0.2572 -0.162166 -0.20679 -0.445446
internal_weight=8132 6646 1486 1380 1104 908 727 106 276 4724 1886 1922 196 1854 255 64 191 2838 1572 790 782 755 181 1618 720 166 2553 350 327 150
internal_count=8132 6646 1486 1380 1104 908 727 106 276 4724 1886 1922 196 1854 255 64 191 2838 1572 790 782 755 181 1618 720 166 2553 350 327 150
is_linear=0
shrinkage=0.03


Tree=61
num_leaves=31
num_cat=0
split_feature=55 32 33 16 67 28 21 51 7 11 32 50 15 16 23 29 5 19 6 16 34 20 56 5 44 17 60 16 14 20
split_gain=622996 150968 73810.7 57721.3 56128.6 42944.1 43207.3 52430.1 51834.4 51957.1 36498.5 36445.4 36490.7 29300.7 26805.4 25520.8 25195.8 25142.4 20784.4 20385.7 19416.4 18927.4 18644.7 18200 17600.1 16945.7 15716.1 14492.6 19132.2 14225.1
threshold=156.00000000000003 79.050000000000011 255.50000000000003 13.750000000000002 1.0000000180025095e-35 49.666666666666679 133.50000000000003 1747.1050000000002 19.725000000000005 60.500000000000007 34.250000000000007 1.0000000180025095e-35 986.85000000000002 20.750000000000004 2110.4950000000003 1960.3571428571429 20.500000000000004 11.104166666666668 528.45500000000015 11.950000000000001 331.6666666666668 12743.000000000002 314.50000000000006 136.50000000000003 11.750000000000002 1582.5000000000002 18.750000000000004 17.550000000000004 3.5000000000000004 5743.7500000000009
decision_type=10 10 10 2 2 2 2 2 2 2 8 2 2 2 2 2 2 2 2 2 10 2 10 2 8 2 10 2 2 2
left_child=1 10 5 11 13 22 8 19 9 -7 -1 12 -3 16 -14 27 -4 18 25 -8 -18 -19 29 -10 -20 -5 -24 28 -12 -2
right_child=2 3 4 17 -6 6 7 -9 23 -11 15 -13 14 -15 -16 -17 20 21 24 -21 -22 -23 26 -25 -26 -27 -28 -29 -30 -31
leaf_value=-0.3234281867120184 0.023229093557596205 -0.54082627421244978 1.9057353095645491 -0.21890356374775419 2.3433295961380001 0.56579058944042449 0.57865010043055243 0.89070345824035546 0.14132078356457795 1.4203625064470939 -0.037049284932220691 0.094449349144554648 0.54623065306297436 -0.098345065025182865 1.3316195229520189 0.86936907941644836 0.76421056750642902 0.034020365360657119 0.7195641436543263 -0.00085350376707089089 1.5062700462341307 -0.28826074700813298 0.56745610977782579 0.83679477900266641 0.18313774629180529 0.14080726288795442 -0.10811256760642642 -0.21651328560288668 -0.32751276268646484 -1.0105694830935934
leaf_weight=1644 25 24 23 202 25 118 71 112 115 140 1198 253 233 26 47 22 223 311 71 237 37 347 61 48 245 283 63 1659 246 23
leaf_count=1644 25 24 23 202 25 118 71 112 115 140 1198 253 233 26 47 22 223 311 71 237 37 347 61 48 245 283 63 1659 246 23
internal_value=-4.59802e-10 -0.116997 0.589327 0.100652 0.976075 0.461811 0.550146 0.334859 0.764922 1.02951 -0.209004 0.360456 0.581836 0.865456 0.678064 -0.148807 0.954003 0.00146785 0.114342 0.132733 0.869811 -0.135936 0.0298916 0.346123 0.303664 -0.00901044 0.224224 -0.156026 -0.0865327 -0.472133
internal_weight=8132 6785 1347 2016 334 1013 841 420 421 258 4769 557 304 309 280 3125 283 1459 801 308 260 658 172 163 316 485 124 3103 1444 48
internal_count=8132 6785 1347 2016 334 1013 841 420 421 258 4769 557 304 309 280 3125 283 1459 801 308 260 658 172 163 316 485 124 3103 1444 48
is_linear=0
shrinkage=0.03


Tree=62
num_leaves=31
num_cat=0
split_feature=55 32 19 15 56 32 29 16 0 19 6 51 15 31 21 21 21 16 16 13 15 11 6 6 68 25 16 45 13 22
split_gain=588393 124811 70655.2 70593.5 57032.8 55946.8 49674.1 56147.4 38464.8 26685.4 23811.3 22083.3 19697.3 18280.4 18170.8 32601.4 17181.7 16667 15936.8 24241.7 14631.1 13466.5 11976.6 28716.9 11532.7 11224.5 7170.77 6767.02 4858.31 4469.75
threshold=106.8357142857143 163.50000000000003 20.695833333333336 986.6500000000002 121.50000000000001 376.50000000000006 347.4285714285715 11.550000000000002 28.643240000000002 13.4 2826.7650000000003 56.745000000000005 984.05000000000007 246.1342857142856 31.500000000000004 38.500000000000007 1026.5000000000002 26.150000000000002 13.850000000000003 260.50000000000006 982.95000000000016 21.500000000000004 14675.535000000002 12260.245000000001 21.500000000000004 3.5000000000000004 30.850000000000005 16.250000000000004 117.50000000000001 30.500000000000004
decision_type=10 10 2 2 10 10 2 2 2 2 2 2 2 2 2 2 2 2 2 2 2 2 2 2 2 2 2 8 2 2
left_child=2 4 8 9 -2 6 7 -5 17 -3 -8 12 20 -10 25 27 -17 22 19 -15 24 -20 23 -1 -4 -6 -19 -16 -22 -27
right_child=1 3 11 5 14 -7 10 -9 13 -11 -12 -13 -14 18 15 16 -18 26 21 -21 28 -23 -24 -25 -26 29 -28 -29 -30 -31
leaf_value=-0.11985902843924855 1.7771426276564597 0.37783930709416219 -0.31405376167933585 0.92069047107525603 0.12196700880099853 2.0598126515975363 1.3159425999132486 0.40279401539944926 -0.17193157042506374 -0.97943872287869449 0.43438891824654169 0.21378435668845971 -0.62173642516136163 1.0410396726988256 1.3548885760988507 0.14608311114882541 0.94326390876173971 -0.32513376244968112 0.38937655356132761 0.17083265010303661 0.41896296435346203 0.028540981662025705 -0.69216558896005154 1.0237119240760801 -0.15161366195339396 -0.20114458369215329 -0.81210175305604937 0.65740936079332901 -0.16420221126079559 -0.66081545331261371
leaf_weight=1668 20 22 1872 272 73 26 130 613 237 32 35 81 151 40 21 912 25 182 106 103 36 764 32 20 498 45 32 31 20 33
leaf_count=1668 20 22 1872 272 73 26 130 613 237 32 35 81 151 40 21 912 25 182 106 103 36 764 32 20 498 45 32 31 20 33
internal_value=-1.28902e-10 0.407586 -0.159769 0.631984 0.188991 0.685104 0.651064 0.561967 -0.064445 -0.426474 1.12895 -0.273958 -0.289288 0.065255 0.161129 0.207929 0.167353 -0.148274 0.120747 0.414247 -0.268596 0.0725049 -0.117209 -0.10631 -0.279921 -0.145396 -0.397951 0.939084 0.21069 -0.395621
internal_weight=8132 2290 5842 1130 1160 1076 1050 885 3184 54 165 2658 2577 1250 1140 989 937 1934 1013 143 2426 870 1720 1688 2370 151 214 52 56 78
internal_count=8132 2290 5842 1130 1160 1076 1050 885 3184 54 165 2658 2577 1250 1140 989 937 1934 1013 143 2426 870 1720 1688 2370 151 214 52 56 78
is_linear=0
shrinkage=0.03


Tree=63
num_leaves=31
num_cat=0
split_feature=32 32 15 12 34 6 10 17 7 29 21 22 52 33 21 23 33 12 15 28 53 16 6 6 31 0 0 13 32 13
split_gain=552835 111184 80462.2 63657.9 52326.8 43506.4 45102.4 37893.9 32926.7 26488.2 25608.4 24288.2 26457.7 23625.8 21023.8 18032.9 18006.7 20283.6 17817.3 30574.1 25885.2 15822.2 13588.5 10312.3 9891.1 6853.37 9196.43 10451.3 6765.35 6730.9
threshold=142.50000000000003 77.550000000000011 986.6500000000002 2.8500000000000005 239.50000000000009 1436.1200000000001 10.250000000000002 1490.0000000000002 8.2250000000000014 1960.3571428571429 21.500000000000004 406.00000000000006 8095.5000000000009 206.50000000000003 44.000000000000007 22.015000000000004 166.50000000000003 10.350000000000001 986.6500000000002 513.83333333333337 252796.95000000004 20.550000000000004 2826.7650000000003 151.85500000000005 94.305714285714174 28.643240000000002 28.662761550000003 90.500000000000014 206.50000000000003 285.50000000000006
decision_type=10 10 2 2 10 2 2 2 2 2 2 2 2 10 2 2 10 2 2 2 2 2 2 2 2 2 2 2 10 2
left_child=1 8 7 13 5 6 -5 -2 25 16 15 12 -6 -4 21 -3 17 -10 20 -20 -16 23 -7 -12 -17 -1 27 -27 -9 -13
right_child=2 10 3 4 11 22 -8 28 9 -11 14 29 -14 -15 18 24 -18 -19 19 -21 -22 -23 -24 -25 -26 26 -28 -29 -30 -31
leaf_value=-0.35741384619846939 -1.4145844902311051 0.059413891033879646 1.1177968721876019 0.68215132106599841 0.84766913607891181 0.98017770183213204 0.18108999627716837 -0.16914165238518331 -0.12606337849277591 0.92448169435773575 0.73987671147598777 0.90324182510375972 0.073296993894779935 2.3916559299230573 -0.17358817445135044 -0.19866827192902564 0.71055271740325465 -0.39362914965862533 0.11354246847675266 0.90823872545491091 0.26791567196658139 -0.069962588692533551 0.27704796159267425 0.29958738839046822 -0.79598416296499119 0.61284772981703273 -0.28942115781117927 -0.12343394180859318 0.41170723320199892 1.5471917076408863
leaf_weight=928 21 87 38 229 256 141 550 59 2755 21 86 21 47 20 448 45 22 281 825 46 163 58 30 108 56 20 566 131 26 48
leaf_count=928 21 87 38 229 256 141 550 59 2755 21 86 21 47 20 448 45 22 281 825 46 163 58 30 108 56 20 566 131 26 48
internal_value=-2.80302e-10 -0.116963 0.523108 0.58429 0.541611 0.423504 0.328385 -0.273408 -0.195231 -0.137339 0.0754085 0.84323 0.727552 1.55706 0.111466 -0.257161 -0.144631 -0.150828 0.0683902 0.155513 -0.0558056 0.36479 0.856822 0.494767 -0.529853 -0.30359 -0.233926 -0.0259132 0.00852977 1.35121
internal_weight=8132 6646 1486 1380 1322 950 779 106 4724 3079 1922 372 303 58 1734 188 3058 3036 1482 871 611 252 171 194 101 1645 717 151 85 69
internal_count=8132 6646 1486 1380 1322 950 779 106 4724 3079 1922 372 303 58 1734 188 3058 3036 1482 871 611 252 171 194 101 1645 717 151 85 69
is_linear=0
shrinkage=0.03


Tree=64
num_leaves=31
num_cat=0
split_feature=55 32 35 16 32 31 12 21 23 6 21 31 11 12 29 18 7 24 19 24 17 55 5 39 17 21 21 16 29 18
split_gain=525534 128572 57973.9 55066.2 41944.7 40054.5 36553.5 44158.7 52863.5 31947.3 30527.8 29668.2 22825.2 22818.2 22071.2 20710.7 20554.3 20811.1 20337.9 18482.5 16757.7 15699.7 15446 15082.3 14456.4 14025 13242.8 15048.3 12245.6 12136.7
threshold=157.90000000000001 77.050000000000011 625.50000000000011 14.750000000000002 163.50000000000003 228.68857142857129 8.7500000000000018 89.500000000000014 409.07500000000005 502.56500000000005 406.00000000000006 294.32714285714275 52.500000000000007 2.5000000000000004 1960.3571428571429 4569.5000000000009 19.215000000000003 5.2400000000000011 19.989583333333339 200.27500000000003 660.00000000000011 31.778571428571428 2225.0000000000005 56.95000000000001 907.50000000000011 2225.0000000000005 610.00000000000011 11.950000000000001 439.64285714285728 6635.5000000000009
decision_type=10 10 10 2 10 2 2 2 2 2 2 2 2 2 2 2 2 2 2 2 2 8 2 10 2 2 2 2 2 2
left_child=1 9 4 10 5 -2 7 11 -9 20 13 -6 25 -3 22 23 17 -14 -15 -8 -1 -22 24 -12 -11 29 27 -7 -18 -5
right_child=2 3 -4 12 6 26 19 8 -10 14 15 -13 16 18 -16 -17 28 -19 -20 -21 21 -23 -24 -25 -26 -27 -28 -29 -30 -31
leaf_value=-0.59883261780116859 1.188449611789302 0.93506131135500381 2.0761887533556331 0.058269024726685291 0.89483801482539427 0.39835643187697445 -0.76485258119446886 1.4398403047366972 0.70169169282782518 -0.67955663049922266 1.6099979101457902 0.20223030826578348 0.44672386912362916 0.22184703461238608 0.89674723488943919 0.048023592218756669 0.12062342766353061 -0.41025788733462143 -0.65120511016845706 0.29571092304736374 -0.32107732484300266 -0.18251929573867626 -0.83767728090286253 0.59606884095979773 -0.052413453668422948 -0.69090485887868058 0.87589642492207609 -0.029487162704724783 -0.47127721589964788 0.46620314309994382
leaf_weight=115 38 39 22 743 76 112 21 109 439 34 31 208 28 609 21 20 210 286 25 50 1124 2132 24 23 1223 21 22 218 37 72
leaf_count=115 38 39 22 743 76 112 21 109 439 34 31 208 28 609 21 20 210 286 25 50 1124 2132 24 23 1223 21 22 218 37 72
internal_value=-2.76713e-10 -0.105923 0.549107 0.0864234 0.523124 0.263124 0.635416 0.691174 0.848513 -0.194172 0.29434 0.387576 -0.0247533 0.230746 -0.0679563 0.872703 -0.172784 -0.333839 0.187421 -0.0179769 -0.242921 -0.230351 -0.0837711 1.17814 -0.0693768 0.0745831 0.163231 0.11572 0.0319581 0.0943074
internal_weight=8132 6817 1315 2144 1293 390 903 832 548 4673 747 284 1397 673 1302 74 561 314 634 71 3371 3256 1281 54 1257 836 352 330 247 815
internal_count=8132 6817 1315 2144 1293 390 903 832 548 4673 747 284 1397 673 1302 74 561 314 634 71 3371 3256 1281 54 1257 836 352 330 247 815
is_linear=0
shrinkage=0.03


Tree=65
num_leaves=31
num_cat=0
split_feature=55 55 32 20 28 12 55 18 0 37 21 30 5 23 18 18 56 16 6 16 32 32 25 13 25 18 29 13 16 17
split_gain=494741 106883 58725.7 51853.1 54311.8 32135.9 28953.2 31140.7 27840.9 26586.3 23341.3 38852.6 23422.6 21196.5 19230.5 19117.4 17277.2 16908.4 16525.8 16120.1 15616.3 13861.3 13812 14548.1 13064.4 12870.1 12670.7 12660.4 11534.2 10609.5
threshold=106.8357142857143 184.85000000000005 51.625000000000007 2250.0000000000005 49.666666666666679 2.5000000000000004 272.85714285714295 4034.0000000000005 28.643240000000002 394.16666666666669 31.500000000000004 143.96166666666673 37.500000000000007 1875.4150000000002 3411.0000000000005 6635.5000000000009 312.50000000000006 14.950000000000001 1115.7150000000004 13.850000000000003 148.50000000000003 19.050000000000004 3.5000000000000004 257.00000000000006 4.5000000000000009 6658.0000000000009 319.35714285714295 325.50000000000006 30.850000000000005 3105.0000000000005
decision_type=10 10 8 2 2 2 10 2 2 10 2 2 2 2 2 2 8 2 2 2 10 10 2 2 2 2 2 2 2 2
left_child=2 5 21 9 16 -2 7 -6 19 -3 24 12 -12 -13 -8 17 -5 18 -10 22 -18 -1 26 -24 -7 -17 -4 -23 -21 -19
right_child=1 3 8 4 6 10 14 -9 15 -11 11 13 -14 -15 -16 25 20 29 -20 28 -22 27 23 -25 -26 -27 -28 -29 -30 -31
leaf_value=-0.41269691426215604 1.0731980111567596 0.93043863109179903 -0.14254635185606218 -0.81682780035904479 0.48373272072900975 0.052120154321603815 1.5827902499880901 1.088622060896276 0.080502849392865963 2.458770099163055 1.7008914344787598 0.12977072082575303 0.41481460243463514 0.43653367496970041 0.83262239603946608 1.0342395976988168 0.60914547114758877 -0.090956694859682413 0.59872399648794761 -0.1650217517945943 -0.20384360989406702 -0.22699568816309992 0.82286386659512156 0.0034416203516033977 -0.5020997873807358 0.24786531694789429 0.65501060414314272 0.17374669537356455 -0.79157673517862959 0.15883431384098654
leaf_weight=367 38 21 173 21 484 109 43 91 191 20 25 896 26 262 108 26 37 739 78 1282 50 2528 39 39 59 67 20 73 27 193
leaf_count=367 38 21 173 21 484 109 43 91 191 20 25 896 26 262 108 26 37 739 78 1282 50 2528 39 39 59 67 20 73 27 193
internal_value=1.46216e-10 0.373744 -0.146504 0.634379 0.583174 0.212574 0.676549 0.579463 -0.0498445 1.67597 0.188824 0.234867 1.04524 0.199177 1.04625 0.0533321 -0.0445109 0.0212444 0.230768 -0.134345 0.14191 -0.240102 0.0762569 0.413153 -0.142517 0.467712 -0.059898 -0.215748 -0.177945 -0.0392296
internal_weight=8132 2290 5842 875 834 1415 726 575 2874 41 1377 1209 51 1158 151 1294 108 1201 269 1580 87 2968 271 78 168 93 193 2601 1309 932
internal_count=8132 2290 5842 875 834 1415 726 575 2874 41 1377 1209 51 1158 151 1294 108 1201 269 1580 87 2968 271 78 168 93 193 2601 1309 932
is_linear=0
shrinkage=0.03


Tree=66
num_leaves=31
num_cat=0
split_feature=55 55 33 25 28 18 7 14 16 18 5 29 16 16 10 59 31 31 11 35 5 22 23 15 60 25 16 19 53 18
split_gain=467064 114873 57843.6 49266.7 35080.7 37197.8 47539.8 33535.3 33391.8 30175.4 27702.3 26202.5 28299.3 25561.1 24176.8 22978.1 20548.4 19076.6 18769.2 18470.4 18283.2 17716.3 16574.6 16381.5 16211 15169.8 14649.6 14507.3 14383.2 14361
threshold=157.90000000000001 82.164285714285725 255.50000000000003 5.5000000000000009 49.666666666666679 3425.5000000000005 15.590000000000002 3.5000000000000004 14.750000000000002 3672.5000000000005 47.500000000000007 1960.3571428571429 17.350000000000005 20.750000000000004 22.550000000000004 25.473571428571432 384.19571428571419 2815.3142857142861 57.500000000000007 221.50000000000003 163.50000000000003 423.50000000000006 88.90000000000002 993.55000000000007 18.950000000000003 4.5000000000000009 26.500000000000004 25.764583333333338 262150.95000000007 3726.0000000000005
decision_type=10 10 10 2 2 2 2 2 2 2 2 2 2 2 2 10 2 2 2 10 2 2 2 2 10 2 2 2 2 2
left_child=1 7 4 13 24 6 10 11 14 23 -6 12 -1 15 16 29 19 -11 -18 -3 -8 -17 25 -7 -2 -10 -24 -9 -14 -4
right_child=2 8 3 -5 5 9 20 27 22 17 -12 -13 28 -15 -16 21 18 -19 -20 -21 -22 -23 26 -25 -26 -27 -28 -29 -30 -31
leaf_value=-0.049835499342899034 0.33285353286266328 0.11274984974231753 0.93556474542617796 2.1396100331783292 0.45668814256273466 -0.10815162105877933 0.2812617651245265 -0.35814636641632464 -0.022121607639450341 0.59574266542224807 1.5389891000390052 0.69523083455422341 -0.2464519629734529 -0.14518168591536007 0.71822681885475848 0.58949479946232541 0.27489574228723845 -0.26891829714775084 -0.22330325368187717 0.57792448076902025 0.98608147745782682 1.2016344009095972 0.10762090042189143 0.45203613344360799 -0.26138331644560975 -0.50954271503330506 -0.2004682107449296 -0.024853460843625819 -0.0051719307689744179 2.0724406077861786
leaf_weight=1670 75 143 20 25 29 152 134 1011 141 282 80 34 1785 26 92 188 126 25 148 166 44 55 851 68 92 97 166 133 254 20
leaf_count=1670 75 143 20 25 29 152 134 1011 141 282 80 34 1785 26 92 188 126 25 148 166 44 55 851 68 92 97 166 133 254 20
internal_value=-3.54735e-10 -0.0998567 0.51766 0.858654 0.401562 0.48282 0.75763 -0.177248 0.096107 0.333161 1.25104 -0.133801 -0.141401 0.755017 0.266257 0.837721 0.194934 0.525331 0.00579555 0.362649 0.455487 0.728045 0.00459193 0.0649973 0.00548952 -0.220776 0.057333 -0.319398 -0.216395 1.504
internal_weight=8132 6817 1315 334 981 814 287 4887 1930 527 109 3743 3709 309 675 283 583 307 274 309 178 243 1255 220 167 238 1017 1144 2039 40
internal_count=8132 6817 1315 334 981 814 287 4887 1930 527 109 3743 3709 309 675 283 583 307 274 309 178 243 1255 220 167 238 1017 1144 2039 40
is_linear=0
shrinkage=0.03


Tree=67
num_leaves=31
num_cat=0
split_feature=55 55 33 25 7 51 18 19 16 11 16 29 16 6 6 59 53 33 57 6 11 6 22 20 11 39 54 21 7 18
split_gain=439461 108084 54425 46355.1 33033.6 46581.7 42190.5 49802.4 31743.9 31024.7 25422.6 72725.7 24050.5 22408.2 24232.4 21620.1 20436.9 24285.9 19241.7 19054.5 17382.6 20040.8 16669.3 16571.2 14757.2 14390.3 14027.4 13749.6 13767.3 13512.2
threshold=157.90000000000001 82.164285714285725 255.50000000000003 5.5000000000000009 19.215000000000003 1747.1050000000002 3425.5000000000005 11.472916666666668 17.750000000000004 69.500000000000014 22.200000000000006 1662.2857142857144 20.750000000000004 68.970000000000013 76.27500000000002 25.473571428571432 92916.050000000017 179.50000000000003 341.50000000000006 2756.5350000000003 53.500000000000007 1.4050000000000002 423.50000000000006 9531.7500000000018 80.500000000000014 47.433023255813957 193.50000000000003 206.00000000000003 12.345000000000001 3726.0000000000005
decision_type=10 10 10 2 2 2 2 2 2 2 2 2 2 2 2 10 2 10 10 2 2 2 2 2 2 8 10 2 2 2
left_child=1 9 4 12 6 18 7 25 13 10 11 23 15 -3 -15 29 -8 -18 24 -16 -10 -22 -17 -1 -6 -2 -9 28 -11 -4
right_child=2 8 3 -5 5 -7 16 26 20 27 -12 -13 -14 14 19 22 17 -19 -20 -21 21 -23 -24 -25 -26 -27 -28 -29 -30 -31
leaf_value=0.079284022280802849 0.81785983932468131 -0.20139663794514745 0.90749781274795527 2.0754217281818392 -0.19550363595483405 0.80200930088758471 0.14690107179177658 0.8149157941273667 0.058906464402277307 -0.27971534648839036 -0.25165738884419442 1.7541618161201478 -0.1408262398838997 1.206936099840247 0.25565027399725837 0.57180995262445922 0.17831190056271023 1.450735508998235 0.32986981834957307 -0.30075857793438737 0.6267620429526205 -0.29371037432116331 1.165585368048061 -0.11886120353366135 0.34924723493641818 1.4422668135567998 -0.12019717161144527 -0.62911260997547824 -0.093476313433183203 2.0102673854827877
leaf_weight=524 53 113 20 25 196 105 175 22 520 1676 747 20 26 23 906 188 27 27 187 59 23 286 55 1381 58 89 42 85 454 20
leaf_count=524 53 113 20 25 196 105 175 22 520 1676 747 20 26 23 906 188 27 27 187 59 23 286 55 1381 58 89 42 85 454 20
internal_value=1.29335e-12 -0.096861 0.50213 0.832895 0.389515 0.234129 0.584552 0.896059 0.0932237 -0.17193 -0.103109 -0.0454645 0.732367 0.198798 0.244569 0.812589 0.304332 0.814524 0.098919 0.221631 -0.0469895 -0.225196 0.706204 -0.0643583 -0.0711117 1.20921 0.201248 -0.254951 -0.240019 1.45888
internal_weight=8132 6817 1315 334 981 546 435 206 1930 4887 2672 1925 309 1101 988 283 229 54 441 965 829 309 243 1905 254 142 64 2215 2130 40
internal_count=8132 6817 1315 334 981 546 435 206 1930 4887 2672 1925 309 1101 988 283 229 54 441 965 829 309 243 1905 254 142 64 2215 2130 40
is_linear=0
shrinkage=0.03


Tree=68
num_leaves=31
num_cat=0
split_feature=55 55 19 20 28 0 55 57 12 37 60 51 21 29 19 21 15 55 18 16 29 16 15 40 25 12 49 6 6 32
split_gain=414133 90425.6 51269.1 49918.3 37435.3 32940.7 29747.1 31009.4 25548.3 24354.4 22616.4 19318.8 19296.6 24768 19037.9 18582.9 17438.5 17181.2 16254.4 19453.6 14292.4 13547.3 12804.6 12251.3 12145.3 12101.1 10559.9 10486.5 22144 9496.25
threshold=106.8357142857143 178.97142857142859 20.695833333333336 2250.0000000000005 49.666666666666679 28.643240000000002 272.85714285714295 281.07142857142861 2.5000000000000004 394.16666666666669 17.350000000000005 56.745000000000005 31.500000000000004 33.142857142857146 9.9000000000000004 38.500000000000007 984.05000000000007 204.92142857142861 6635.5000000000009 14.950000000000001 205.35714285714292 26.150000000000002 982.95000000000016 55.050000000000004 4.5000000000000009 6.7500000000000009 76.51666666666668 14675.535000000002 12260.245000000001 112.50000000000001
decision_type=10 10 2 2 2 2 10 10 2 10 10 2 2 2 2 2 2 10 2 2 2 2 2 10 2 2 10 2 2 10
left_child=2 8 5 9 10 21 7 -6 -2 -3 17 16 24 -14 -8 -15 22 -5 19 20 -7 27 26 -12 -10 -20 -4 28 -1 -21
right_child=1 3 11 4 6 18 14 -9 12 -11 23 -13 13 15 -16 -17 -18 -19 25 29 -22 -23 -24 -25 -26 -27 -28 -29 -30 -31
leaf_value=-0.10410636467472843 0.95753231633353875 0.9209785836476545 -0.25702854371950201 1.1992969468832015 1.6629102132841944 0.13180652517260927 0.65393844805381918 0.46311286550774389 0.040295302315014547 2.3134520545005794 -0.063919526269802684 0.2248849900535963 1.198973854455081 0.86250134723527083 1.329441447845527 0.15994944297832103 -0.55845310628118106 0.039185811943478054 0.90096397849646481 -0.070587294035712136 0.63871169515510107 -0.35551472676317342 0.22219437065002109 -0.92246419515460731 -0.50500140952744654 0.20567791073255134 -0.038808183262971314 -0.64040941961109632 0.90009988117218021 0.22622257179505115
leaf_weight=1668 37 26 2150 20 20 198 81 633 107 20 52 81 22 35 70 1063 151 27 33 770 67 214 56 21 56 71 220 32 20 111
leaf_count=1668 37 26 2150 20 20 198 81 633 107 20 52 81 22 35 70 1063 151 27 33 770 67 214 56 21 56 71 220 32 20 111
internal_value=1.15887e-10 0.341944 -0.134038 0.561857 0.513839 -0.0528379 0.58761 0.49986 0.180342 1.5264 0.0195699 -0.231308 0.157929 0.202314 0.967086 0.182344 -0.245647 0.53285 0.0671878 0.0345985 0.259967 -0.130414 -0.226177 -0.310898 -0.147046 0.426298 -0.236772 -0.102407 -0.0922082 -0.0331913
internal_weight=8132 2290 5842 970 924 3184 804 653 1320 46 120 2658 1283 1120 151 1098 2577 47 1250 1146 265 1934 2426 73 163 104 2370 1720 1688 881
internal_count=8132 2290 5842 970 924 3184 804 653 1320 46 120 2658 1283 1120 151 1098 2577 47 1250 1146 265 1934 2426 73 163 104 2370 1720 1688 881
is_linear=0
shrinkage=0.03


Tree=69
num_leaves=31
num_cat=0
split_feature=55 55 33 25 17 7 5 5 23 15 25 6 16 13 9 13 22 59 29 6 34 16 16 57 13 31 7 23 23 54
split_gain=390387 93718.3 50554.4 43178.3 33024.2 29750.7 35342.4 35117.7 41035.2 49325.4 33172 30915.2 29110.5 46492.9 25182.8 23160.8 28049.1 20719.6 20585.7 18538 18500 17805.2 16823.9 14807.6 14500.5 13624.6 13387.9 13217.6 13310.5 12239.7
threshold=156.00000000000003 82.164285714285725 255.50000000000003 5.5000000000000009 1307.5000000000002 19.215000000000003 169.00000000000003 47.500000000000007 524.57500000000016 992.1500000000002 2.5000000000000004 2958.5050000000006 13.750000000000002 216.00000000000003 31.750000000000004 302.50000000000006 83.500000000000014 25.473571428571432 1960.3571428571429 450.67500000000001 131.3666666666667 26.500000000000004 17.350000000000005 368.07142857142867 160.50000000000003 246.1342857142856 38.82500000000001 836.0100000000001 584.21500000000003 105.50000000000001
decision_type=10 10 10 2 2 2 2 2 2 2 2 2 2 2 2 2 2 10 2 2 10 2 2 10 2 2 2 2 2 10
left_child=1 4 5 15 26 7 23 10 9 -9 -2 14 13 20 -8 16 -4 -18 22 -14 24 -21 -6 -7 -3 -24 27 28 -1 -22
right_child=2 12 3 -5 18 6 11 8 -10 -11 -12 -13 19 -15 -16 -17 17 -19 -20 21 29 -23 25 -25 -26 -27 -28 -29 -30 -31
leaf_value=-0.27276567566190502 0.78881172661878629 0.15799756662284628 0.24338143177441696 1.9857783432841301 -0.022294989338025768 -0.13789260691473648 0.72636286069074441 1.3389172033605905 -0.020884654188020661 0.49964087779755179 -0.17219953610865693 -0.32397279952023478 -0.091127325910840426 0.033391911218461301 -0.3238030137963917 -0.07459718065336346 1.7080858612060545 0.83147529263581543 0.63562686638030053 0.19513297280995173 1.2894433564206829 -0.22509209251134757 -0.27666364946889893 0.31690695482751596 0.82398842410246531 -0.10071912765981324 0.073869215856986845 -0.58456483627741151 0.13579439613819122 0.57190143138170235
leaf_weight=1665 49 85 67 25 1222 215 193 116 55 138 95 37 715 291 23 32 28 182 34 568 46 108 646 92 45 1024 104 117 75 40
leaf_count=1665 49 85 67 25 1222 215 193 116 55 138 95 37 715 291 23 32 28 182 34 568 46 108 646 92 45 1024 104 117 75 40
internal_value=-9.35912e-11 -0.0926146 0.466511 0.786583 -0.162099 0.360978 0.214754 0.541742 0.722059 0.882932 0.154811 0.477287 0.0862942 0.280901 0.61454 0.689561 0.777839 0.948357 -0.098255 0.0153627 0.614351 0.127996 -0.106883 -0.00160088 0.388533 -0.168779 -0.257359 -0.27591 -0.255155 0.955703
internal_weight=8132 6785 1347 334 4887 1013 560 453 309 254 144 253 1898 507 216 309 277 210 2926 1391 216 676 2892 307 130 1670 1961 1857 1740 86
internal_count=8132 6785 1347 334 4887 1013 560 453 309 254 144 253 1898 507 216 309 277 210 2926 1391 216 676 2892 307 130 1670 1961 1857 1740 86
is_linear=0
shrinkage=0.03


Tree=70
num_leaves=31
num_cat=0
split_feature=34 35 34 16 16 27 57 19 34 22 0 5 13 33 28 10 31 20 16 56 28 16 9 16 68 51 41 10 44 5
split_gain=354373 75490.1 47493.2 45823.7 33426.6 30404.5 32457.2 27753.1 27697.8 28079.5 24633.6 22034.3 24595.8 22754.9 21772.3 25491.7 19976 17798.9 17437.9 17095.2 15149.7 14904.7 16234.3 14782.8 14630.1 21750.7 12064.2 11267.3 11004.9 10788.5
threshold=111.33333333333336 336.50000000000006 53.983333333333356 11.550000000000002 17.650000000000002 1.0000000180025095e-35 372.64285714285717 11.8375 277.50000000000006 110.50000000000001 28.643240000000002 163.50000000000003 121.50000000000001 193.50000000000003 617.00000000000011 22.550000000000004 11040.790000000003 2019.2500000000002 11.050000000000002 39.650000000000013 1671.6666666666667 22.200000000000006 38.45000000000001 29.000000000000004 17.500000000000004 1622.1450000000002 18.750000000000004 10.250000000000002 63.150000000000013 295.50000000000006
decision_type=10 10 8 2 2 2 10 2 10 2 2 2 2 10 2 2 2 2 2 8 2 2 2 2 2 2 8 2 8 2
left_child=2 4 21 5 7 6 17 11 24 -10 20 12 -2 -13 15 -9 19 -3 28 -12 23 22 -1 29 25 -5 -6 -26 -7 -4
right_child=1 3 10 8 26 18 -8 14 9 -11 16 13 -14 -15 -16 -17 -18 -19 -20 -21 -22 -23 -24 -25 27 -27 -28 -29 -30 -31
leaf_value=-0.1893711060745526 1.019659530861037 0.44319913439212305 -0.12047946974189025 0.031274774626754549 -0.3835364489486584 -0.068576436758041384 2.199677777290344 -0.13053057340655741 0.21631567567586898 1.1239512704961441 0.76606292329985515 0.54969924726853003 0.26257904684089589 1.6476407333042311 1.0122982749938965 0.61682487107357198 0.9576174065741625 1.4442807641896334 1.1600553780264007 0.029332662860526805 -0.65689581773678463 -0.34453251947174063 0.1991193579697963 -0.59582288029102182 1.0090369103103876 0.66558877751892132 0.031927993541038951 0.40434993889469362 0.61818213813645506 0.08375583944201935
leaf_weight=2333 42 31 1214 226 78 30 27 254 48 85 29 65 480 23 20 49 22 33 39 1258 45 563 101 52 32 62 325 208 70 288
leaf_count=2333 42 31 1214 226 78 30 27 254 48 85 29 65 480 23 20 49 22 33 39 1258 45 563 101 52 32 62 325 208 70 288
internal_value=-1.62996e-10 0.32248 -0.121619 0.53636 0.17984 0.901084 1.32738 0.278462 0.409452 0.796384 -0.0352475 0.397524 0.323494 0.836661 0.0536087 -0.00967111 0.0612558 0.959382 0.621997 0.0459334 -0.114249 -0.205427 -0.173251 -0.0985349 0.311986 0.167828 -0.0484845 0.484975 0.412155 -0.0813185
internal_weight=8132 2227 5905 891 1336 230 91 933 661 133 2908 610 522 88 323 303 1309 64 139 1287 1599 2997 2434 1554 528 288 403 240 100 1502
internal_count=8132 2227 5905 891 1336 230 91 933 661 133 2908 610 522 88 323 303 1309 64 139 1287 1599 2997 2434 1554 528 288 403 240 100 1502
is_linear=0
shrinkage=0.03


Tree=71
num_leaves=31
num_cat=0
split_feature=32 32 16 34 31 21 31 10 35 17 32 33 0 13 16 6 0 13 5 18 13 11 20 13 22 44 16 5 11 21
split_gain=346560 70111.7 57099.5 46512.3 35820.6 34545.5 43696.5 27723.4 23465.5 22067.6 22051.3 18894.4 38340.3 17657.9 20030.8 15156.5 15101.2 13978.6 12944.1 12427.7 11910.5 10805.5 9788.39 9681.75 9194.18 9144.83 6663.16 6201.17 5060.81 4626.94
threshold=142.50000000000003 73.550000000000011 19.050000000000004 301.50000000000006 2815.3142857142861 89.500000000000014 389.14142857142855 10.350000000000003 566.50000000000011 1127.5000000000002 25.750000000000004 206.50000000000003 28.638037000000004 90.500000000000014 25.750000000000004 502.56500000000005 28.643240000000002 290.50000000000006 2225.0000000000005 5834.5000000000009 121.50000000000001 49.500000000000007 13246.500000000002 339.50000000000006 110.50000000000001 16.029244604316549 20.250000000000004 136.50000000000003 54.500000000000007 135.50000000000003
decision_type=10 10 2 10 2 2 2 2 10 2 8 8 2 2 2 2 2 2 2 2 2 2 2 2 2 8 2 2 2 2
left_child=1 10 3 4 5 7 -7 -2 24 25 26 15 -13 22 16 23 20 -18 -17 -16 -15 -11 27 -12 -5 -4 -1 -3 -21 -27
right_child=2 13 9 8 -6 6 -8 -9 -10 21 11 12 -14 14 19 18 17 -19 -20 28 -22 -23 -24 -25 -26 29 -28 -29 -30 -31
leaf_value=-0.24146462398729904 0.64159775422351195 -0.29591199479500452 -0.27128302741795779 0.419472653998269 -0.76539117953994051 1.0107223481163383 0.45677359518490912 0.059265891553291095 1.9765670494599776 -0.010948642526442806 -0.18672696318325208 -0.37788826899095013 1.4142109142030987 0.34754601978921679 0.020574565938812621 -0.030272480359948846 0.28350926402887 0.046194659080648917 -0.80036139392852779 -0.33545621051964625 -0.021199135199257788 -0.77008980615933731 -0.64517177992678709 0.18158200853927567 1.1089257363883815 0.59668416460355111 -0.42303396491376494 0.29338029727935788 -0.83178324279785154 0.15424186844092147
leaf_weight=595 101 45 30 27 22 160 644 271 22 27 2402 22 21 87 94 1104 538 382 20 71 840 45 47 66 49 36 262 25 25 52
leaf_count=595 101 45 30 27 22 160 644 271 22 27 2402 22 21 87 94 1104 538 382 20 71 840 45 47 66 49 36 262 25 25 52
internal_value=-3.1174e-10 -0.0926064 0.414174 0.485377 0.433975 0.456412 0.567012 0.217372 1.11375 -0.0715102 -0.160081 -0.127807 0.497323 0.0481063 0.068692 -0.13529 0.098865 0.184972 -0.0439751 -0.224621 0.013408 -0.485412 -0.310296 -0.176878 0.863988 0.18104 -0.296974 -0.0854505 -0.464708 0.335241
internal_weight=8132 6646 1486 1296 1198 1176 804 372 98 190 4492 3635 43 2154 2037 3592 1847 920 1124 190 927 72 117 2468 76 118 857 70 96 88
internal_count=8132 6646 1486 1296 1198 1176 804 372 98 190 4492 3635 43 2154 2037 3592 1847 920 1124 190 927 72 117 2468 76 118 857 70 96 88
is_linear=0
shrinkage=0.03


Tree=72
num_leaves=31
num_cat=0
split_feature=55 55 35 7 19 51 55 58 19 17 21 16 30 61 22 12 29 17 35 10 16 25 61 7 21 21 31 33 6 12
split_gain=331254 80802 43796.5 32362.4 46493.9 45768.8 42743.7 31200.4 41063.4 28937.4 25697.9 20935.8 32910.9 19903.4 19844.4 19165 19006.6 17784.4 16222.4 15484.6 15294 14609.1 13204.8 12256.8 12412.5 11916.7 11601.9 10407.3 10293.3 8959.95
threshold=157.90000000000001 82.164285714285725 625.50000000000011 19.215000000000003 8.033333333333335 1747.1050000000002 218.64285714285717 17.050000000000004 11.472916666666668 1307.5000000000002 31.500000000000004 11.950000000000001 118.59833333333306 29.329285714285714 78.500000000000014 6.6500000000000012 1960.3571428571429 1645.0000000000002 291.50000000000006 10.550000000000002 17.350000000000005 4.5000000000000009 7.4228571428571408 38.82500000000001 206.00000000000003 117.50000000000001 246.1342857142856 31.050000000000004 2826.7650000000003 5.4500000000000011
decision_type=10 10 10 2 2 2 10 10 2 2 2 2 2 8 2 2 2 2 10 2 2 2 10 2 2 2 2 8 2 2
left_child=1 9 3 4 -2 6 22 -6 -9 23 21 13 -13 19 -8 -7 20 -14 -15 -12 27 -3 -5 24 25 -1 -22 -11 -17 -25
right_child=2 10 -4 5 7 15 14 8 -10 16 11 12 17 18 -16 28 -18 -19 -20 -21 26 -23 -24 29 -26 -27 -28 -29 -30 -31
leaf_value=-0.25270458506841392 0.13340912741919358 -0.02223338568365419 1.7632412624359131 0.59362718231148182 1.5812840244017148 1.6063101858205415 0.099957254389300948 0.8727431819807081 0.13632108692199954 -0.18206104809974336 0.49214320115248356 1.0574516422517837 -0.048033824639421449 0.46150626032248782 0.62822027963615257 0.83610308282278678 0.61593448967892017 0.16875096335448325 1.2876829339996461 -0.29932651021941142 -0.25609904665915129 -0.44491702532602678 -0.097494830439801464 -0.49191235755197704 -0.55503038019706041 0.12904766275898202 -0.093739458885720522 0.029523783135484118 0.21170296863147189 0.21462664433355841
leaf_weight=1663 144 231 22 27 38 22 96 255 93 268 45 31 631 69 192 74 34 740 31 44 646 108 317 20 117 77 1024 954 35 84
leaf_count=1663 144 231 22 27 38 22 96 255 93 268 45 31 631 69 192 74 34 740 31 44 646 108 317 20 117 77 1024 954 35 84
internal_value=-1.28018e-10 -0.0840949 0.43595 0.413367 0.593447 0.288278 0.182494 0.765068 0.675941 -0.149002 0.0802583 0.130789 0.0908326 0.427186 0.452133 0.798626 -0.0892393 0.0689762 0.717621 0.100855 -0.0975297 -0.156894 -0.0432498 -0.238174 -0.255923 -0.235811 -0.156544 -0.0168794 0.635608 0.0787538
internal_weight=8132 6817 1315 1293 530 763 632 386 348 4887 1930 1591 1402 189 288 131 2926 1371 100 89 2892 339 344 1961 1857 1740 1670 1222 109 104
internal_count=8132 6817 1315 1293 530 763 632 386 348 4887 1930 1591 1402 189 288 131 2926 1371 100 89 2892 339 344 1961 1857 1740 1670 1222 109 104
is_linear=0
shrinkage=0.03


Tree=73
num_leaves=31
num_cat=0
split_feature=32 37 15 15 10 24 13 17 34 5 32 30 21 33 34 16 9 64 5 16 18 22 21 64 31 10 19 22 17 7
split_gain=308334 66702 45284.2 38370.6 40167.6 46412.4 40165.1 35064 34680.8 33125.5 27053.8 19618.5 27809 19224.4 16816 14849.9 12185.1 11125.6 10816.6 10643.6 9214.79 8954.89 12006 7487.98 6553.47 5802.4 10887.1 4367.67 3504.59 3148.06
threshold=105.50000000000001 436.00000000000006 986.6500000000002 992.55000000000007 10.450000000000001 528.45500000000015 145.00000000000003 1557.5000000000002 46.10000000000003 69.000000000000014 376.50000000000006 13973.853333333334 1479.5000000000002 206.50000000000003 205.33333333333334 17.550000000000004 38.45000000000001 48.225000000000001 73.500000000000014 22.200000000000006 6635.5000000000009 83.500000000000014 95.000000000000014 62.750000000000007 228.68857142857129 25.450000000000003 25.764583333333338 13.500000000000002 782.50000000000011 66.985000000000014
decision_type=10 10 2 2 2 2 2 2 8 2 10 2 2 10 10 2 2 8 2 2 2 2 2 10 2 2 2 2 2 2
left_child=8 2 7 4 5 -4 18 23 16 -6 17 12 13 15 -8 -10 19 -3 -5 25 24 -19 -23 -2 -9 26 -1 -27 -21 -18
right_child=1 10 3 6 9 -7 14 20 11 -11 -12 -13 -14 -15 -16 -17 29 21 -20 28 -22 22 -24 -25 -26 27 -28 -29 -30 -31
leaf_value=-0.14604429868304883 -1.0311215975207666 0.00093804645538330073 0.50747723506012954 1.3267428744357563 -0.0454837139200613 1.5424650308875876 -0.035763247315263015 -0.47068093901330776 0.018388707289011198 0.41714563885155304 1.7585498431454534 0.78347194333076475 -0.63511457410213101 0.65234810696329382 0.33956919798384538 -0.11187210707217018 0.3204860698021188 0.37422719657421111 0.5430711117912741 -0.55531050843577223 0.67814706227609078 0.3957551650206248 1.0338264980676151 -0.4028384345299319 0.072713015805500714 -0.25985095067848935 0.38743197022005915 -0.12113994528392977 -0.31209942466484047 -0.12615027987957
leaf_weight=789 31 20 134 23 173 55 485 22 1406 715 23 25 74 35 138 1791 49 44 51 62 21 36 101 38 217 870 36 267 381 20
leaf_count=789 31 20 134 23 173 55 485 22 1406 715 23 25 74 35 138 1791 49 44 51 62 21 36 101 38 217 870 36 267 381 20
internal_value=-3.33338e-11 0.291767 0.239347 0.299298 0.411539 0.808664 0.125864 -0.0839143 -0.116958 0.327016 0.783907 -0.053764 -0.0600952 -0.0469295 0.0473762 -0.0545851 -0.202043 0.67238 0.786645 -0.21332 0.075634 0.746573 0.866158 -0.685111 0.0226935 -0.183331 -0.122765 -0.227278 -0.346138 0.191026
internal_weight=8132 2327 2103 1774 1077 189 697 329 5805 888 224 3331 3306 3232 623 3197 2474 201 74 2405 260 181 137 69 239 1962 825 1137 443 69
internal_count=8132 2327 2103 1774 1077 189 697 329 5805 888 224 3331 3306 3232 623 3197 2474 201 74 2405 260 181 137 69 239 1962 825 1137 443 69
is_linear=0
shrinkage=0.03


Tree=74
num_leaves=31
num_cat=0
split_feature=55 32 0 16 16 7 51 21 32 50 15 63 7 34 6 39 16 19 6 63 0 7 57 12 17 9 16 24 19 20
split_gain=295510 72909 42243.8 37564 33552.7 33228.1 32682.4 25027 32679.9 24357.4 25045.6 22423.6 43974.5 24929 21587 21185.6 20545.9 18000.4 17972.2 18385.7 16460.2 16082.8 14716 14599.8 14562.3 14445.6 13278.2 18436.3 13298.8 13162.4
threshold=157.90000000000001 79.050000000000011 28.643240000000002 11.950000000000001 13.750000000000002 6.8450000000000015 1747.1050000000002 92.500000000000014 269.50000000000006 1.0000000180025095e-35 986.85000000000002 12.99 15.590000000000002 301.50000000000006 502.56500000000005 46.650000000000013 13.300000000000002 11.060416666666667 528.45500000000015 12.155000000000003 28.602725000000003 68.40000000000002 279.07142857142861 3.4500000000000006 1582.5000000000002 38.000000000000007 22.200000000000006 6012.0800000000008 22.731250000000003 12743.000000000002
decision_type=10 10 2 2 2 2 2 2 10 2 2 8 2 10 2 10 2 2 2 8 2 2 10 2 2 2 2 2 2 2
left_child=1 14 5 7 9 -2 11 -4 23 10 -3 12 -5 -13 25 -7 -12 18 24 -20 22 -8 -17 -9 -6 -1 27 28 -16 -19
right_child=2 4 3 6 17 15 21 8 -10 -11 16 13 -14 -15 26 20 -18 29 19 -21 -22 -23 -24 -25 -26 -27 -28 -29 -30 -31
leaf_value=-0.19478685083628949 1.1197733560204506 -0.4845272153615951 0.52542560486853873 1.9761336333411081 -0.20976013732500945 -0.050862635925814914 1.2705557797423432 0.20115050798112694 1.9234374422293441 0.051348286171465418 0.39027314299947241 0.14335430381080425 0.25733390580963444 0.86538687729835506 0.031038160540724211 1.2543845521552222 1.0076607035821483 0.023413180305370103 0.806943505594925 0.17183679386441195 0.10267854986483591 0.29703901767730712 0.41542213071075923 1.1285457422733305 0.12087786360859563 0.16098333681459134 -0.17722258002624255 0.6299002007932164 -0.37501285777240989 -0.23944537762916929
leaf_weight=3316 36 24 79 21 208 222 56 22 39 258 223 309 37 50 784 21 62 321 49 252 171 21 181 50 283 106 440 43 80 368
leaf_count=3316 36 24 79 21 208 222 56 22 39 258 223 309 37 50 784 21 62 321 49 252 171 21 181 50 283 106 440 43 80 368
internal_value=-1.74407e-10 -0.0794282 0.411758 0.575073 0.0702863 0.234726 0.437196 0.933554 1.22402 0.266535 0.446205 0.33234 0.879658 0.243916 -0.143722 0.181176 0.524582 -0.00484729 0.0927038 0.275226 0.31928 1.00505 0.502641 0.845175 -0.0191887 -0.183767 -0.0419891 0.0236148 -0.00655916 -0.116982
internal_weight=8132 6817 1315 684 2048 631 494 190 111 567 309 417 58 359 4769 595 285 1481 792 301 373 77 202 72 491 3422 1347 907 864 689
internal_count=8132 6817 1315 684 2048 631 494 190 111 567 309 417 58 359 4769 595 285 1481 792 301 373 77 202 72 491 3422 1347 907 864 689
is_linear=0
shrinkage=0.03


Tree=75
num_leaves=31
num_cat=0
split_feature=55 55 0 16 51 33 17 21 0 6 21 11 16 30 61 32 32 24 29 38 17 10 35 6 10 25 16 37 17 15
split_gain=278045 68876.6 39747.2 35344 30750.9 28949.2 25137.6 23547.9 31007.9 33254.6 22746.5 22383.5 17957.3 28959.8 18509 18212.8 17165 16859.4 16835.6 16206 16115.3 15611.7 17251.9 15469.6 14789.9 13461.2 13396.7 11325.5 10942.6 12900
threshold=157.90000000000001 82.164285714285725 28.643240000000002 11.950000000000001 1747.1050000000002 321.50000000000006 1307.5000000000002 92.500000000000014 28.712721700000003 403.12500000000006 31.500000000000004 69.500000000000014 11.950000000000001 118.59833333333306 29.329285714285714 161.50000000000003 163.50000000000003 578.1350000000001 1960.3571428571429 36.150000000000013 1645.0000000000002 14.450000000000001 293.50000000000006 2826.7650000000003 10.550000000000002 4.5000000000000009 17.350000000000005 304.83333333333343 800.00000000000011 976.85000000000002
decision_type=10 10 2 2 2 10 2 2 2 2 2 2 2 2 8 10 10 2 2 10 2 2 10 2 2 2 2 10 2 2
left_child=1 6 16 7 5 17 28 -4 9 -9 25 -7 14 -14 24 -16 27 -5 26 -18 -15 22 -21 -6 -12 -3 -8 -2 -1 -30
right_child=2 10 3 4 23 11 18 8 -10 -11 12 -13 13 20 15 -17 19 -19 -20 21 -22 -23 -24 -25 -26 -27 -28 -29 29 -31
leaf_value=-0.37677523045322381 0.15352065764310704 -0.019160878159976625 0.50966284164145026 0.35537826512102039 1.2352940852727208 0.508149788162925 -0.013591155240803029 2.3538103247605835 0.25732028603553769 1.0693097241222858 0.4644575721224149 1.6801287122206254 0.99197051986571283 -0.046655772696418921 0.44930365502442182 1.3972790473699568 -0.02882358115710569 -0.091745960396286602 0.58240856209222003 1.1661056311130524 0.15970588441736797 -0.29721631336212156 0.41063775305419342 0.28051456868648528 -0.30905205226079985 -0.42489862983425458 -0.14430628432707113 -0.33338124090805649 -0.29570928067430069 -0.121802383135603
leaf_weight=333 131 231 79 240 56 44 1222 26 25 60 45 22 31 631 76 24 89 111 34 30 740 25 292 21 44 108 1670 64 620 1008
leaf_count=333 131 231 79 240 56 44 1222 26 25 60 45 22 31 631 76 24 89 111 34 30 740 25 292 21 44 108 1670 64 620 1008
internal_value=9.17003e-11 -0.0770454 0.399405 0.557821 0.42408 0.32237 -0.136972 0.905547 1.1873 1.45765 0.0746956 0.898809 0.122236 0.0852308 0.396741 0.676818 0.227684 0.21398 -0.0812707 0.332325 0.0647283 0.424954 0.481023 0.9749 0.0820483 -0.148422 -0.0890733 -0.00628304 -0.220083 -0.188032
internal_weight=8132 6817 1315 684 494 417 4887 190 111 86 1930 66 1591 1402 189 100 631 351 2926 436 1371 347 322 77 89 339 2892 195 1961 1628
internal_count=8132 6817 1315 684 494 417 4887 190 111 86 1930 66 1591 1402 189 100 631 351 2926 436 1371 347 322 77 89 339 2892 195 1961 1628
is_linear=0
shrinkage=0.03


Tree=76
num_leaves=31
num_cat=0
split_feature=32 15 32 16 6 21 5 17 22 38 21 13 5 13 16 13 16 18 53 18 7 7 20 9 19 53 14 16 24 35
split_gain=259880 55333 52071.1 38417.4 37635.1 33390.4 38898 31510.7 27895 21142.2 18689.1 16929.1 16201 15228.6 18003.7 15481 14507.8 14856.1 18968.3 13222.1 13047.7 10170.1 9910.47 9606.76 8598.52 7859.99 7074.15 7014.51 5583.13 5138.87
threshold=142.50000000000003 986.6500000000002 66.15000000000002 9.0500000000000025 1436.1200000000001 163.50000000000003 72.500000000000014 1490.0000000000002 506.50000000000006 74.350000000000009 512.00000000000011 357.00000000000006 148.50000000000003 90.500000000000014 25.750000000000004 298.50000000000006 17.650000000000002 5267.0000000000009 183244.70000000004 5763.0000000000009 33.32500000000001 36.640000000000008 35931.000000000007 29.100000000000005 22.966666666666672 222840.14999999999 3.5000000000000004 19.450000000000003 167.94500000000002 322.50000000000006
decision_type=10 2 10 2 2 2 2 2 2 8 2 2 2 2 2 2 2 2 2 2 2 2 2 2 2 2 2 2 2 10
left_child=2 7 12 9 5 6 -5 -2 -7 -3 21 13 16 20 15 -15 17 26 -19 -16 23 -6 24 -4 27 28 -1 -14 -18 -9
right_child=1 3 11 4 10 8 -8 29 -10 -11 -12 -13 22 14 19 -17 25 18 -20 -21 -22 -23 -24 -25 -26 -27 -28 -29 -30 -31
leaf_value=-0.12313957506422558 -1.3425020728792463 0.53008934631943705 -0.031998040327366362 0.1231170459632208 0.94635159373283384 -0.11090144036603826 0.55317901590466501 -0.31045590935526662 0.76622557002462843 1.7247011864185333 1.3303298457045303 0.8923157966136932 0.13521156206433835 0.11073492741949689 0.017295558205464991 -0.067742290501855318 -0.22266780993187218 0.2428634338933475 -0.10315457124803146 -0.41743975856796256 0.31864442251108843 0.46895642047616798 -0.67226306748390185 -0.55919658009448769 -0.3245537150138989 -0.017950562324155782 -0.29613173186799602 -0.072893229203966431 -0.35245907820202405 0.16002632565796374
leaf_weight=516 21 24 47 296 56 231 525 37 38 30 38 20 324 1614 123 600 1173 194 538 129 29 142 20 92 64 136 362 265 400 48
leaf_count=516 21 24 47 296 56 231 525 37 38 30 38 20 324 1614 123 600 1173 194 538 129 29 142 20 92 64 136 362 265 400 48
internal_value=3.07184e-11 0.358657 -0.0801934 0.409394 0.377451 0.303083 0.398126 -0.301869 0.013005 1.19376 0.720932 0.0227941 -0.148662 0.0161918 0.0350196 0.0623671 -0.175877 -0.111256 -0.0114503 -0.205248 -0.260174 0.603977 -0.01445 -0.380935 0.0056974 -0.236755 -0.194464 0.0415821 -0.255673 -0.0447718
internal_weight=8132 1486 6646 1380 1326 1090 821 106 269 54 236 2654 3992 2634 2466 2214 3319 1610 732 252 168 198 673 139 653 1709 878 589 1573 85
internal_count=8132 1486 6646 1380 1326 1090 821 106 269 54 236 2654 3992 2634 2466 2214 3319 1610 732 252 168 198 673 139 653 1709 878 589 1573 85
is_linear=0
shrinkage=0.03


Tree=77
num_leaves=31
num_cat=0
split_feature=55 55 7 22 13 13 34 55 21 21 18 24 5 12 16 24 18 10 24 56 7 16 7 22 24 11 9 16 22 61
split_gain=249013 61552.9 37105.6 37935.8 35860.4 34969.3 33712 28792.9 27463 37719.3 22669.5 35600.9 20682.4 19685.9 19234.7 18073.5 26291.7 16530.4 15694.2 18296.7 15401 15600.2 14836.1 14404.9 15938.9 11373.7 11339.8 11293.7 10172 9391.67
threshold=157.90000000000001 82.164285714285725 19.215000000000003 376.00000000000006 116.50000000000001 276.00000000000006 314.00000000000006 218.64285714285717 17.500000000000004 135.50000000000003 6635.5000000000009 3538.0300000000007 92.500000000000014 4.4500000000000011 17.650000000000002 61.840000000000003 3991.0000000000005 23.950000000000003 1230.9000000000003 306.50000000000006 13.565000000000001 26.500000000000004 6.8450000000000015 78.500000000000014 1410.4300000000003 46.500000000000007 31.250000000000004 18.450000000000003 44.000000000000007 7.4228571428571408
decision_type=10 10 2 2 2 2 10 10 2 2 2 2 2 2 2 2 2 2 2 10 2 2 2 2 2 2 2 2 2 10
left_child=1 10 4 7 -2 -5 8 27 -6 -10 14 -12 15 18 17 16 -3 22 19 -14 -15 -22 -1 -9 -25 -7 -16 29 -28 -4
right_child=2 12 3 5 6 25 -8 23 9 -11 11 -13 13 20 26 -17 -18 -19 -20 -21 21 -23 -24 24 -26 -27 28 -29 -30 -31
leaf_value=-0.46923510941366353 1.8139408804178236 1.0680366666316987 0.54134755306773719 -0.27962267646193506 -0.17300433642748328 1.4034470462799071 1.5948449872434138 0.06680184717959492 0.69689092741814873 0.048962727422421831 0.050346691315514697 1.3864345903694628 0.80764463119136476 -0.36647676622867581 -0.30347283155597904 -0.092833692738242865 0.058836015180585163 -0.14893737324180606 0.067855690067323546 -0.034243023075163366 0.18628812158663771 -0.20224393618086145 0.042582204807764874 0.63155238960881699 -0.2316936980594288 0.71504154422216948 -0.23649524900159635 -0.547975632983285 -0.088727258002162329 -0.045674604581974781
leaf_weight=54 20 30 27 30 54 27 25 96 341 106 175 20 103 60 705 754 103 1345 72 30 670 108 909 154 22 108 811 37 868 268
leaf_count=54 20 30 27 30 54 27 25 96 341 106 175 20 103 60 705 754 103 1345 72 30 670 108 909 154 22 108 811 37 868 268
internal_value=-2.21623e-10 -0.0729121 0.377978 0.243699 0.567102 0.646842 0.519693 0.133568 0.466043 0.543244 -0.129563 0.187381 0.0705349 0.1611 -0.142735 -0.0359587 0.286475 -0.0810018 0.424613 0.617745 0.0966373 0.132353 0.0138822 0.362407 0.523647 0.852723 -0.202501 -0.0539142 -0.160103 0.00805285
internal_weight=8132 6817 1315 769 546 165 526 604 501 447 4887 195 1930 1043 4692 887 133 2308 205 133 838 778 963 272 176 135 2384 332 1679 295
internal_count=8132 6817 1315 769 546 165 526 604 501 447 4887 195 1930 1043 4692 887 133 2308 205 133 838 778 963 272 176 135 2384 332 1679 295
is_linear=0
shrinkage=0.03


Tree=78
num_leaves=31
num_cat=0
split_feature=55 55 52 28 14 21 6 29 16 11 5 13 22 6 43 21 39 13 6 19 52 28 17 13 24 51 35 24 17 11
split_gain=234541 68549.5 38453.8 26382.8 26027.4 24245.6 20746.1 31417.6 20235.8 26028.1 35371.3 19427.7 31160.2 19830.2 18778.4 17951.5 17420.3 17582.3 13979.4 13399.9 12914.1 11642.8 13185.9 11004 10375.2 12842.8 7909.17 7692.95 7242.37 7061.2
threshold=94.085714285714289 178.97142857142859 2250.0000000000005 49.666666666666679 3.5000000000000004 31.500000000000004 2958.5050000000006 393.35714285714295 17.550000000000004 21.500000000000004 2099.0000000000005 124.50000000000001 341.50000000000006 450.67500000000001 24.944999999999997 37.500000000000007 61.250000000000007 270.50000000000006 2756.5350000000003 25.985416666666669 10953.250000000002 1827.8333333333335 2905.0000000000005 355.50000000000006 286.37000000000006 3154.3500000000004 274.50000000000006 3872.7650000000008 745.00000000000011 93.500000000000014
decision_type=10 10 2 2 2 2 2 2 2 2 2 2 2 2 8 2 10 2 2 2 2 2 2 2 2 2 10 2 2 2
left_child=4 5 14 16 8 -2 7 -5 23 10 26 12 20 15 -3 -13 17 -4 -15 28 -7 22 -11 24 -1 -26 -10 -14 -6 -30
right_child=1 2 3 6 19 11 -8 -9 9 21 -12 13 27 18 -16 -17 -18 -19 -20 -21 -22 -23 -24 -25 25 -27 -28 -29 29 -31
leaf_value=-0.08735470411529081 -0.14936729869527635 0.74420545571125463 0.91288522328649246 0.41789810610129341 -0.46894576675720889 0.82610238048434259 -0.40162687726020813 1.097412785309464 -0.059375108850865874 -0.19755377825070169 1.385574043571949 0.74953196930484123 -0.57149762709032403 0.27935388565721442 1.9669286708235743 -0.058002747224339291 -0.79071418428962881 -0.066417738378967167 -0.086438600881956512 0.14282251738108598 0.26971368475964197 -0.56902403833315929 0.0042604981662621826 0.54081480279564853 0.070536500759181289 -0.52296232844100277 0.4221667233109474 0.095845204653604965 -0.25160980801125732 0.22379637855907966
leaf_weight=1010 265 26 21 712 139 110 25 67 132 1605 20 26 22 586 20 526 22 77 112 77 57 65 356 32 941 34 40 53 925 29
leaf_count=1010 265 26 21 712 139 110 25 67 132 1605 20 26 22 586 20 526 22 77 112 77 57 65 356 32 941 34 40 53 925 29
internal_value=6.3706e-11 0.226823 0.429256 0.387111 -0.11444 0.115064 0.449042 0.476342 -0.0798373 -0.142373 0.191462 0.162031 0.408065 0.114399 1.27582 -0.0199667 -0.0278274 0.143433 0.220659 -0.239688 0.636197 -0.17401 -0.160916 -0.0110699 -0.0199668 0.0498401 0.0526114 -0.0999087 -0.266635 -0.237158
internal_weight=8132 2727 970 924 5405 1757 804 779 4235 2218 192 1492 242 1250 46 552 120 98 698 1170 167 2026 1961 2017 1985 975 172 75 1093 954
internal_count=8132 2727 970 924 5405 1757 804 779 4235 2218 192 1492 242 1250 46 552 120 98 698 1170 167 2026 1961 2017 1985 975 172 75 1093 954
is_linear=0
shrinkage=0.03


Tree=79
num_leaves=31
num_cat=0
split_feature=55 32 0 16 16 51 33 21 14 11 21 0 6 61 11 20 6 32 38 16 19 10 37 21 6 1 54 19 17 0
split_gain=221158 54975.7 36635.7 30504.5 28768.4 26270.6 25113.7 22501.9 22284.1 20694.2 20577.5 28729.4 29746.1 17726 16411.7 17129.7 15843.4 14224.8 14407.3 14135.3 15607.6 14083.3 15052.5 13899.9 12940.1 11626.1 11231 10927.6 10752 10837.5
threshold=157.90000000000001 73.550000000000011 28.643240000000002 11.950000000000001 14.750000000000002 1747.1050000000002 321.50000000000006 406.00000000000006 8.0500000000000025 69.500000000000014 92.500000000000014 28.712721700000003 403.12500000000006 31.490000000000002 52.500000000000007 16733.500000000004 502.56500000000005 163.50000000000003 36.150000000000013 8.5000000000000018 19.989583333333339 14.450000000000001 313.50000000000006 2225.0000000000005 2826.7650000000003 77.201112150000014 115.50000000000001 8.033333333333335 660.00000000000011 28.643240000000002
decision_type=10 10 2 2 2 2 10 2 2 2 2 2 2 8 2 2 2 10 10 2 2 2 10 2 2 2 10 2 2 2
left_child=1 16 17 10 7 6 8 19 -5 -8 -4 12 -12 -9 23 26 28 27 -19 -3 -21 22 -20 25 -7 -6 -16 -2 -1 -30
right_child=2 4 3 5 14 24 9 13 -10 -11 11 -13 -14 -15 15 -17 -18 18 21 20 -22 -23 -24 -25 -26 -27 -28 -29 29 -31
leaf_value=-0.45447496737177306 -0.39900530706433684 0.93172424340248106 0.46127039748656595 0.13033018109481501 0.14378357098486549 1.1313225195344003 0.45131017895119091 -0.067683075159788122 1.1615315454751254 1.5781970956108786 2.2025221722171859 0.19956734075546265 0.9876715770959853 0.9778341542349922 -0.19996239007723221 -0.58357661563325935 -0.036456812693446847 -0.053911270934544252 0.83902672447264193 0.15095606176292195 -0.59834300152384323 -0.31196674418449399 0.32503839515756039 -0.67451655794744902 0.25808489986828392 -0.087920868601649993 0.076349284348858362 0.1120098357781535 -0.20084762068377537 -0.088424846620286934
leaf_weight=111 51 20 79 331 631 56 44 20 20 22 26 25 60 54 328 71 1189 89 64 663 26 25 258 23 21 282 222 144 1856 1321
leaf_count=111 51 20 79 331 631 56 44 20 20 22 26 25 60 54 328 71 1189 89 64 663 26 25 258 23 21 282 222 144 1856 1321
internal_value=8.30769e-11 -0.0687132 0.356211 0.5083 0.0491276 0.384052 0.290043 0.19746 0.189088 0.826939 0.831344 1.09473 1.35495 0.695262 -0.025467 -0.145044 -0.130305 0.191348 0.286606 0.145503 0.122681 0.373944 0.427198 0.0538674 0.893167 0.0722166 -0.088433 -0.0216403 -0.164242 -0.154102
internal_weight=8132 6817 1315 684 2340 494 417 783 351 66 190 111 86 74 1557 621 4477 631 436 709 689 347 322 936 77 913 550 195 3288 3177
internal_count=8132 6817 1315 684 2340 494 417 783 351 66 190 111 86 74 1557 621 4477 631 436 709 689 347 322 936 77 913 550 195 3288 3177
is_linear=0
shrinkage=0.03


Tree=80
num_leaves=31
num_cat=0
split_feature=55 55 20 28 63 17 21 21 13 0 7 35 37 51 56 51 53 7 21 10 51 5 25 40 13 20 15 17 5 5
split_gain=208567 61167.9 32751.5 31682.3 25519.6 23640 22907.8 22466 21108.2 17898.1 17778.6 16916.4 15767 15229 14261.6 14104.4 13477.1 11735.7 11343.8 11170.1 11068 10250.8 9949.85 9935.64 9558.21 9534.76 9290.4 10061.2 9152.61 17025.9
threshold=94.085714285714289 184.85000000000005 2250.0000000000005 49.666666666666679 12.99 1307.5000000000002 31.500000000000004 38.500000000000007 104.50000000000001 28.643240000000002 8.0100000000000016 333.50000000000006 394.16666666666669 523.54000000000008 312.50000000000006 1875.4150000000002 277244.05000000005 38.82500000000001 206.00000000000003 24.050000000000004 46.045000000000009 14.500000000000002 4.5000000000000009 28.650000000000009 288.50000000000006 6808.0000000000009 976.85000000000002 1292.5000000000002 2225.0000000000005 2024.5000000000002
decision_type=10 10 2 2 8 2 2 2 2 2 2 10 10 2 8 2 2 2 2 2 2 2 2 10 2 2 2 2 2 2
left_child=5 6 12 14 13 17 22 21 11 28 -6 -9 -3 -5 -4 -10 19 18 26 20 -11 -8 -2 -16 -18 -19 -1 -28 29 -7
right_child=1 2 3 4 10 9 7 8 15 16 -12 -13 -14 -15 23 -17 24 25 -20 -21 -22 -23 -24 -25 -26 -27 27 -29 -30 -31
leaf_value=-0.2811763212526846 -0.010387191065897543 0.67427061796188348 -0.80118444868496475 1.7102209424972534 0.96350376788606029 -0.11460960753725252 1.26155863147974 0.32285595241448151 0.074254630393729523 0.29567066241291012 0.35848923157328366 1.2207503783473601 1.8512345616817474 0.67677724878896361 0.63823317781356825 0.38279576694205303 0.91594757203459731 -0.44681325446475634 -0.48726855521649121 -0.069579754382121106 0.008087173043820995 0.45560139232752273 -0.39671309320131937 -0.11096590894189748 0.14791255251850399 0.25066616364848915 -0.12158819344664487 -0.58364549680189659 -0.62530946991135994 0.76507680666446676
leaf_weight=616 180 21 21 21 47 1995 20 69 1269 190 625 26 20 33 21 149 25 22 120 713 329 49 90 66 35 89 1176 44 31 20
leaf_count=616 180 21 21 21 47 1995 20 69 1269 190 625 26 20 33 21 149 25 22 120 713 329 49 90 66 35 89 1176 44 31 20
internal_value=1.73397e-10 0.213895 0.420603 0.379908 0.451224 -0.107917 0.116233 0.159822 0.135679 -0.0585458 0.400804 0.568595 1.2484 1.07867 -0.0994975 0.106675 0.0288726 -0.187647 -0.204675 0.00749005 0.113368 0.689212 -0.139162 0.0698752 0.467927 0.112427 -0.186205 -0.138253 -0.113748 -0.105878
internal_weight=8132 2727 875 834 726 5405 1852 1582 1513 3338 672 95 41 54 108 1418 1292 2067 1956 1232 519 69 270 87 60 111 1836 1220 2046 2015
internal_count=8132 2727 875 834 726 5405 1852 1582 1513 3338 672 95 41 54 108 1418 1292 2067 1956 1232 519 69 270 87 60 111 1836 1220 2046 2015
is_linear=0
shrinkage=0.03


Tree=81
num_leaves=31
num_cat=0
split_feature=55 55 0 7 13 35 35 6 18 24 12 6 39 29 23 11 0 12 0 57 21 20 47 56 29 54 14 25 35 24
split_gain=196356 49110 33719.5 29043 25908.6 27447.7 20428.6 22437.3 19085.9 30319.4 18024 17996 17371.3 17265.3 19970.8 16032.2 15672.9 14928.1 14106.7 13888.7 13642.6 11695.3 11262.1 12234.2 11186.2 8969.5 8278.23 7536.23 7446.88 6757.89
threshold=157.90000000000001 82.164285714285725 28.643240000000002 6.8450000000000015 105.50000000000001 625.50000000000011 268.50000000000006 2958.5050000000006 6635.5000000000009 3538.0300000000007 2.5000000000000004 462.84000000000009 46.650000000000013 437.21428571428584 2110.4950000000003 54.500000000000007 28.643240000000002 9.8500000000000032 28.602725000000003 279.07142857142861 36.000000000000007 3869.5000000000005 75.350000000000023 44.850000000000001 83.857142857142875 90.950000000000017 3.5000000000000004 4.5000000000000009 101.50000000000001 230.01500000000001
decision_type=10 10 2 2 2 10 10 2 2 2 2 2 10 2 2 2 2 2 2 10 2 2 8 10 2 10 2 2 10 2
left_child=1 8 3 -2 -4 6 20 -8 16 29 -3 21 24 14 -13 -15 17 26 19 -14 -6 25 -18 -24 -5 -12 -1 -26 -23 -10
right_child=2 10 4 12 5 -7 7 -9 9 -11 11 13 18 15 -16 -17 22 -19 -20 -21 -22 28 23 -25 27 -27 -28 -29 -30 -31
leaf_value=-0.1137960038705292 1.0049139658610025 0.71914118064416421 1.4943749217689037 0.40135015405714514 -0.478669919217455 1.4897888714887877 0.55192714887435346 -0.38867447756230827 -0.35279223688187139 1.2820107802748679 0.76455946438014499 0.17212661766890774 1.1525232059614998 0.078457460316772365 0.69397790646553037 -0.46841631914488968 -0.10539650342353947 -0.32748331857913432 0.051949716956076912 0.33748443096464509 0.24580556603748935 -0.50822616587666902 0.4913216664318768 0.010035874793021142 -0.31469770642211203 0.11258902728721334 -0.25546577928036274 0.087264285666751679 -0.055539063301731043 0.13550431030491988
leaf_weight=1906 36 37 22 36 29 22 466 24 31 20 24 550 21 196 75 64 1347 464 171 181 121 34 53 461 122 91 461 64 859 144
leaf_count=1906 36 37 22 36 29 22 466 24 31 20 24 550 21 196 75 64 1347 464 171 181 121 34 53 461 122 91 461 64 859 144
internal_value=4.04487e-11 -0.0647456 0.335643 0.177478 0.481553 0.447895 0.41208 0.505857 -0.115348 0.175468 0.0633847 0.0505675 0.127414 0.149285 0.234749 -0.0561576 -0.127434 -0.171889 0.252469 0.422216 0.10574 -0.0361039 -0.0598079 0.0596626 -0.0827009 0.248652 -0.141388 -0.176388 -0.0727746 0.0490061
internal_weight=8132 6817 1315 631 684 662 640 490 4887 195 1930 1893 595 885 625 260 4692 2831 373 202 150 1008 1861 514 222 115 2367 186 893 175
internal_count=8132 6817 1315 631 684 662 640 490 4887 195 1930 1893 595 885 625 260 4692 2831 373 202 150 1008 1861 514 222 115 2367 186 893 175
is_linear=0
shrinkage=0.03


Tree=82
num_leaves=31
num_cat=0
split_feature=55 55 56 20 21 14 23 30 23 20 8 8 16 53 5 53 25 60 13 21 5 20 24 21 9 23 24 18 20 16
split_gain=185133 54446.4 32673 32483.5 31799.1 21781.7 21054.9 55364.1 31138 18670.4 20238.8 22943.5 18366.4 22994.5 30385.4 13602.5 13165.3 13083.5 10174.1 9413.51 12400.1 9380.65 8957.8 13052.6 8209.89 10117.8 8275.8 8207.73 8686.58 6038.24
threshold=94.085714285714289 218.64285714285717 69.250000000000014 2250.0000000000005 31.500000000000004 3.5000000000000004 393.00500000000005 489.31666666666678 1875.4150000000002 5103.0000000000009 19.250000000000004 23.350000000000005 17.550000000000004 269799.20000000007 2099.0000000000005 60786.750000000007 3.5000000000000004 11.925000000000002 355.50000000000006 1727.0000000000002 1727.0000000000002 9922.7500000000018 122.89500000000002 47.500000000000007 31.250000000000004 10283.990000000002 578.1350000000001 5282.5000000000009 5955.2500000000009 23.850000000000005
decision_type=10 10 10 2 2 2 2 2 2 2 2 2 2 2 2 2 2 10 2 2 2 2 2 2 2 2 2 2 2 2
left_child=5 2 -2 -3 16 12 7 -6 -8 15 21 -12 18 24 -15 -5 -4 -17 19 20 -1 -11 23 27 26 -26 -14 -7 -29 -18
right_child=1 3 4 9 6 22 8 -9 -10 10 11 -13 13 14 -16 17 29 -19 -20 -21 -22 -23 -24 -25 25 -27 -28 28 -30 -31
leaf_value=-0.015860854927653829 1.3450191366076467 1.6687320392131806 0.039078151369649983 0.11431710556575231 0.23519565800437012 -0.24030944027826517 -0.013949358253367954 1.3578272478921072 0.31206700809423416 0.16488311071159703 0.86627401129979831 -0.2539908572605678 -0.21331859485353113 0.05241263568718383 1.2823750103116036 1.3440672767573389 -0.2815232482383197 0.64396271630695889 0.52616042621433734 -0.58014416951399583 0.54610501989722249 -0.50974694413798194 -0.36286993662403683 0.3823215815706833 -0.10994100571712113 -0.44652816119965383 -0.54843594418355701 0.39900251204097592 -0.11984771983366874 -0.84088965511322011
leaf_weight=1923 20 20 153 35 674 677 789 42 396 159 76 21 366 188 20 29 132 140 32 26 36 21 284 37 1478 85 81 37 135 20
leaf_count=1923 20 20 153 35 674 677 789 42 396 159 76 21 366 188 20 29 132 140 32 26 36 21 284 37 1478 85 81 37 135 20
internal_value=4.90714e-11 0.201521 0.137926 0.484078 0.126982 -0.101674 0.172606 0.301048 0.0949979 0.43482 0.274421 0.623742 -0.0700193 -0.129596 0.170678 0.652617 -0.157377 0.764099 -0.00450533 -0.0130601 -0.00553376 0.0861763 -0.216252 -0.169255 -0.160669 -0.128245 -0.274045 -0.193293 -0.00823459 -0.355124
internal_weight=8132 2727 2226 501 2206 5405 1901 716 1185 481 277 97 4235 2218 208 204 305 169 2017 1985 1959 180 1170 886 2010 1563 447 849 172 152
internal_count=8132 2727 2226 501 2206 5405 1901 716 1185 481 277 97 4235 2218 208 204 305 169 2017 1985 1959 180 1170 886 2010 1563 447 849 172 152
is_linear=0
shrinkage=0.03


Tree=83
num_leaves=31
num_cat=0
split_feature=55 32 7 19 53 23 45 33 21 35 16 13 11 17 12 18 18 5 30 21 11 12 16 18 18 34 11 26 30 55
split_gain=175313 44447.1 32503.3 39720.8 36529.1 33269.6 31750 57752.3 41951.9 27738 24363.7 24107.8 21390.1 38003 15837.6 14963.2 17668.9 13409.2 13174.4 12712.5 14224.3 11359.3 10649.2 10505.5 12015.9 10505.3 9783.26 9430.97 8375.98 9043.16
threshold=157.90000000000001 66.15000000000002 19.215000000000003 8.033333333333335 51587.200000000004 3154.3500000000004 11.750000000000002 171.50000000000003 89.500000000000014 336.50000000000006 14.750000000000002 216.00000000000003 58.500000000000007 1007.5000000000001 8.7500000000000018 6635.5000000000009 6658.0000000000009 148.50000000000003 2554.6750000000006 1727.0000000000002 52.500000000000007 5.4500000000000011 17.650000000000002 5267.0000000000009 5332.0000000000009 143.66666666666671 67.500000000000014 11.500000000000002 228.12666666666669 218.64285714285717
decision_type=10 10 2 2 2 2 8 10 2 10 2 2 2 2 2 2 2 2 2 2 2 2 2 2 2 10 2 2 2 10
left_child=1 17 3 -2 -5 9 7 -6 -8 28 11 12 25 -14 18 19 -17 22 -11 20 -12 27 23 -1 -25 -3 -23 -13 -4 -30
right_child=2 10 5 4 6 -7 8 -9 -10 14 15 21 13 -15 -16 16 -18 -19 -20 -21 -22 26 -24 24 -26 -27 -28 -29 29 -31
leaf_value=-0.16534669286672141 0.066626588863631084 0.54526400114035356 -0.41011235430836673 -0.39786435203892845 0.56643036246299738 1.3412945105812766 0.24856221524410996 2.6771586136221885 0.93172817329386781 0.41769571958820551 0.041140518655589216 -0.064366077763940585 0.65055007097572082 -0.26852714216505935 -0.35145956730020456 0.92380362331867216 0.087600413817674555 -0.0037200879743447273 -0.37342849910259246 -0.43047122591812359 -0.13069367708571961 0.67288062780402425 -0.2028234125849657 0.35674595615671328 -0.051432263853907444 1.2519758574858957 0.10528472957611083 0.37583122212971959 -0.074730303266123274 0.32047332732613809
leaf_weight=874 144 107 48 28 28 22 149 20 177 359 989 413 75 88 29 30 94 673 20 76 772 43 1705 72 659 23 75 49 223 68
leaf_count=874 144 107 48 28 28 22 149 20 177 359 989 413 75 88 29 30 94 673 20 76 772 43 1705 72 659 23 75 49 223 68
internal_value=-4.42627e-10 -0.0611781 0.317149 0.494156 0.6473 0.191472 0.725548 1.4459 0.619484 0.157609 0.0296357 0.161469 0.383275 0.154361 0.324245 -0.029054 0.289908 -0.125794 0.375948 -0.0505843 -0.0341894 0.0494186 -0.150615 -0.0951534 -0.0112287 0.670298 0.312121 -0.0176785 -0.0429441 0.0176197
internal_weight=8132 6817 1315 546 402 769 374 48 326 747 2834 873 293 163 408 1961 124 3983 379 1837 1761 580 3310 1605 731 130 118 462 339 291
internal_count=8132 6817 1315 546 402 769 374 48 326 747 2834 873 293 163 408 1961 124 3983 379 1837 1761 580 3310 1605 731 130 118 462 339 291
is_linear=0
shrinkage=0.03


Tree=84
num_leaves=31
num_cat=0
split_feature=55 55 7 19 58 55 53 15 31 55 6 0 19 7 18 24 14 13 32 18 53 18 24 1 53 7 47 46 20 13
split_gain=165088 48982.6 32401 35757.5 28487.9 28582.6 26289.8 22668.5 31745 22971.1 21138.9 21049.7 16023.5 14572.9 18104.7 14214.2 13857 12991.6 16968.9 14164.3 17976.9 16859.6 11439.1 12700.3 10271.6 10181.1 9371.96 10167.1 9303.75 8155.3
threshold=94.085714285714289 177.03571428571431 19.215000000000003 8.033333333333335 17.050000000000004 232.57142857142861 59029.400000000001 986.6500000000002 1786.941428571429 218.64285714285717 298.67000000000002 28.643240000000002 15.404166666666667 9.6650000000000009 3770.0000000000005 154.99000000000004 3.5000000000000004 104.50000000000001 161.50000000000003 3853.0000000000005 95067.250000000015 3425.5000000000005 230.01500000000001 77.201112150000014 277244.05000000005 10.415000000000001 75.350000000000023 10.994999999999999 6126.0000000000009 216.00000000000003
decision_type=10 10 2 2 10 10 2 2 2 10 2 2 2 2 2 2 2 2 10 2 2 2 2 2 2 2 8 8 2 2
left_child=11 10 3 -3 5 -5 -6 -4 9 -9 13 16 22 14 15 -2 -1 18 -12 21 -21 -19 -13 24 -24 -15 -14 -28 -16 -25
right_child=1 2 7 4 6 -7 -8 8 -10 -11 17 12 26 25 28 -17 -18 19 -20 20 -22 -23 23 29 -26 -27 27 -29 -30 -31
leaf_value=-0.11320929341455299 1.025194264319208 0.1144003504486038 -0.68981924101710312 2.2799988065958021 -0.11107995488141713 0.67611656874418258 0.74287155212985501 -0.099339048759717691 0.78567408462482347 0.32651398350925825 0.23515239003631805 -0.080865879842717397 -0.1194396256908609 -0.7773330473899841 -0.56360674825207946 0.21649951640568987 -0.26765149454503867 0.17099842414962793 1.167996157682859 0.94237559450083763 0.18075427069548278 -0.28863351220847994 0.27988567644580797 0.37819965481844747 0.90584412992000574 -0.13604273517846677 0.56621606970987015 0.0034061620487581129 0.028644822739064692 -0.094959084041740582
leaf_weight=2576 27 117 24 20 38 20 222 190 85 285 54 190 1133 24 29 71 656 159 26 29 730 131 187 43 27 311 31 424 135 138
leaf_count=2576 27 117 24 20 38 20 222 190 85 285 54 190 1133 24 29 71 656 159 26 29 730 131 187 43 27 311 31 424 135 138
internal_value=-1.12816e-10 0.190299 0.357255 0.559241 0.732729 1.47806 0.618063 0.213029 0.251722 0.156173 0.0934718 -0.0960119 -0.0238095 -0.0509064 0.116695 0.439303 -0.144556 0.169817 0.538327 0.141713 0.209854 -0.0366284 0.11041 0.202417 0.358862 -0.181986 -0.0732545 0.0417515 -0.0760826 0.0174488
internal_weight=8132 2727 1001 417 300 40 260 584 560 475 1726 5405 2173 597 262 98 3232 1129 80 1049 759 290 585 395 214 335 1588 455 164 181
internal_count=8132 2727 1001 417 300 40 260 584 560 475 1726 5405 2173 597 262 98 3232 1129 80 1049 759 290 585 395 214 335 1588 455 164 181
is_linear=0
shrinkage=0.03


Tree=85
num_leaves=31
num_cat=0
split_feature=55 55 23 12 60 55 59 56 12 29 24 66 46 20 32 12 55 15 10 15 61 17 10 14 53 55 24 6 10 11
split_gain=155678 34060.2 33107.3 32703.8 32418.2 31718.2 31616.4 30850.8 20428.1 24857.9 17806 14939.1 14769.6 12570.8 10881.9 10580.3 7391.7 7201.93 7956.05 5309 4554.33 4727.14 4399.93 3228.88 3183.46 2806.63 5904.15 2592.39 2388.47 1352.49
threshold=141.95714285714288 57.042857142857152 3154.3500000000004 2.8500000000000005 10.65 218.64285714285717 68.521428571428586 39.650000000000013 8.9500000000000011 1662.2857142857144 2958.5050000000006 1.0000000180025095e-35 13.330000000000004 4441.5000000000009 168.50000000000003 9.8500000000000032 31.778571428571428 986.6500000000002 25.350000000000005 987.25000000000011 14.602142857142859 787.50000000000011 24.150000000000002 0.8500000000000002 182551.00000000003 24.278571428571436 1.3600000000000003 0.69500000000000017 26.750000000000004 93.500000000000014
decision_type=10 8 2 2 10 10 8 8 2 2 2 2 8 2 10 2 10 2 2 2 10 2 2 2 2 10 2 2 2 2
left_child=1 15 3 6 12 10 -2 -3 9 11 -6 -9 -5 -7 -14 16 23 18 -10 -19 28 -22 29 24 -1 -24 -27 -25 -18 -17
right_child=2 7 -4 4 5 13 -8 8 17 -11 -12 -13 14 -15 -16 22 20 19 -20 -21 21 -23 25 27 -26 26 -28 -29 -30 -31
leaf_value=-0.036749988469943803 0.13829174539446831 1.1761545823216437 1.2876356184482574 1.1567712790350759 0.035375137725513456 0.6182069220099089 1.7248458805451026 0.011327918990254289 -0.2868193987248257 0.84219552839503564 0.65422768186439173 0.40499912582834563 0.16641327339112758 0.26333194014711642 0.62019604522677563 -0.4328500542066393 0.067378170757023584 0.25676849462883544 -0.070990640388133214 -0.080884758062499881 -0.36651504144856806 -0.087486088678576102 -0.34690912122909839 -0.31781782087535487 -0.19893918401649538 0.34123869018895281 -0.19230097587403308 -0.1811963045230541 -0.13617854273089994 -0.22844033709651715
leaf_weight=224 20 20 28 31 854 139 26 2407 331 34 44 90 75 254 130 137 257 60 287 139 57 1322 78 181 212 21 168 404 65 37
leaf_count=224 20 20 28 31 854 139 26 2407 331 34 44 90 75 254 130 137 257 60 287 139 57 1322 78 181 212 21 168 404 65 37
internal_value=4.69545e-11 -0.0649894 0.265113 0.246911 0.22317 0.164069 1.03504 0.00140307 -0.00561456 0.0364879 0.0656975 0.0255171 0.546468 0.388848 0.454178 -0.135685 -0.1136 -0.136045 -0.186588 0.0209202 -0.0752989 -0.0990196 -0.272 -0.17741 -0.115613 -0.195504 -0.133019 -0.223467 0.0262875 -0.389384
internal_weight=8132 6531 1601 1573 1527 1291 46 3368 3348 2531 898 2497 236 393 205 3163 2722 817 618 199 1701 1379 441 1021 436 267 189 585 322 174
internal_count=8132 6531 1601 1573 1527 1291 46 3368 3348 2531 898 2497 236 393 205 3163 2722 817 618 199 1701 1379 441 1021 436 267 189 585 322 174
is_linear=0
shrinkage=0.03


Tree=86
num_leaves=31
num_cat=0
split_feature=55 55 7 12 57 22 0 15 55 6 0 17 18 7 18 12 10 13 44 18 53 17 13 7 56 15 0 56 7 59
split_gain=147561 43066.4 30296.4 31071 32144.3 21520.5 22635.2 25754.5 20792.3 19545.6 19468 16251.7 14220.7 13918 16806.1 13197.1 12025.1 11981.4 16170.6 13169.8 16948.7 16476.7 11476.6 10294.3 10279.7 9806.03 9725.22 13827.5 9490.99 9459.87
threshold=94.085714285714289 177.03571428571431 19.215000000000003 3.1000000000000005 279.07142857142861 78.500000000000014 28.643240000000002 986.6500000000002 228.63571428571433 298.67000000000002 28.643240000000002 677.50000000000011 6635.5000000000009 9.6650000000000009 3770.0000000000005 9.8500000000000032 20.350000000000005 104.50000000000001 23.350000000000005 3853.0000000000005 95067.250000000015 992.50000000000011 122.50000000000001 52.940000000000005 366.50000000000006 993.45000000000016 28.662761550000003 39.650000000000013 10.415000000000001 50.428571428571438
decision_type=10 10 2 2 10 2 2 2 10 2 2 2 2 2 2 2 2 2 8 2 2 2 2 2 10 2 2 10 2 10
left_child=10 9 3 -3 -5 11 25 -8 -6 13 15 -4 16 14 22 -1 23 18 -11 21 -21 -19 -2 -12 -13 -7 27 -18 -15 -20
right_child=1 2 5 4 8 6 7 -9 -10 17 12 24 -14 28 -16 -17 26 19 29 20 -22 -23 -24 -25 -26 -27 -28 -29 -30 -31
leaf_value=-0.11088198430543937 0.83284836831845732 1.6855269756317137 0.70211017763614647 1.4729581295119392 0.23127329808202082 0.18351668933442994 -0.51594190174341203 0.61117357406908501 0.6991861108045524 0.032796716656003679 0.076990702657356511 -0.48091007430606808 0.33958867457873643 -0.75262542307376856 -0.071651370476749618 -0.27574100380709782 0.83633753362298013 0.14164852825976784 1.2816282906532286 0.91251523723890038 0.17299452011215766 -0.3235808821948799 0.16654347155988217 0.72005387008190147 0.03203218048388088 -0.33398859541331016 -0.10683128073405097 0.023964400280267001 -0.13345025159346713 0.40627176135778426
leaf_weight=2711 38 20 20 27 236 153 20 208 134 35 337 67 94 24 164 521 20 179 25 29 730 111 60 24 74 42 1368 330 311 20
leaf_count=2711 38 20 20 27 236 153 20 208 134 35 337 67 94 24 164 521 20 179 25 29 730 111 60 24 74 42 1368 330 311 20
internal_value=-2.1577e-10 0.179913 0.336463 0.531779 0.473656 0.196999 0.309352 0.512304 0.400734 0.089122 -0.0907722 -0.0981888 -0.0213353 -0.0497086 0.114084 -0.137457 -0.0376542 0.162534 0.516425 0.135545 0.20125 -0.036422 0.424907 0.119743 -0.211706 0.072054 -0.0707277 0.0703857 -0.177809 0.892581
internal_weight=8132 2727 1001 417 397 584 423 228 370 1726 5405 161 2173 597 262 3232 2079 1129 80 1049 759 290 98 361 141 195 1718 350 335 45
internal_count=8132 2727 1001 417 397 584 423 228 370 1726 5405 161 2173 597 262 3232 2079 1129 80 1049 759 290 98 361 141 195 1718 350 335 45
is_linear=0
shrinkage=0.03


Tree=87
num_leaves=31
num_cat=0
split_feature=55 33 21 18 7 18 67 5 5 0 31 18 13 22 59 19 5 35 17 24 29 47 46 5 5 23 54 21 17 22
split_gain=138840 40612.7 32630.6 28277 42164.2 29330.7 27310.4 20372.2 19435.1 18317.5 15848.6 15174.7 14761.3 15354.2 15853.7 13852.2 10998.4 10720.8 9625.89 9598.61 10311.9 8458.54 9248.08 7757.8 13213.2 7580.38 7324.47 7101.4 6781.53 6079.11
threshold=94.085714285714289 255.50000000000003 30.500000000000004 3425.5000000000005 15.590000000000002 3672.5000000000005 1.0000000180025095e-35 47.500000000000007 136.50000000000003 28.643240000000002 280.91428571428565 4473.0000000000009 302.50000000000006 83.500000000000014 25.473571428571432 15.404166666666667 2024.5000000000002 101.50000000000001 1307.5000000000002 230.01500000000001 428.4285714285715 75.350000000000023 10.994999999999999 2225.0000000000005 2024.5000000000002 23.650000000000002 248.50000000000003 2024.5000000000002 1292.5000000000002 30.500000000000004
decision_type=10 10 2 2 2 2 2 2 2 2 2 2 2 2 10 2 2 10 2 2 2 8 8 2 2 2 8 2 2 2
left_child=9 2 17 4 7 10 12 -4 -6 18 -5 -7 13 26 -15 16 19 -2 28 -11 -21 -17 -23 24 27 -19 -3 -20 -1 -27
right_child=1 6 3 5 8 11 -8 -9 -10 15 -12 -13 -14 14 -16 21 -18 25 23 20 -22 22 -24 -25 -26 29 -28 -29 -30 -31
leaf_value=-0.18612829872160852 -0.82569353431463244 -0.128469403882293 0.33923776914676029 -0.77086885767057534 -0.017457119580095919 0.3019575740206355 1.4136654911591457 0.95603008060770867 0.45496310640006299 -0.098841496327566711 -0.070035681309546252 0.085148402952046981 -0.18831995781730204 1.2624792673013041 0.49757550852166282 -0.11054502808996887 0.68427183559962679 0.093736135906008905 -0.086581007991467937 0.22495051893814699 -0.25083617079765241 0.54278924914137006 0.0060184488172932826 -0.56488670872103774 0.68059257817268359 -0.027911090268242376 0.54544560194015501 -0.50610559431282254 -0.5397545559967265 -0.37121075208777576
leaf_weight=1135 20 47 81 32 213 513 26 119 124 189 314 670 34 28 189 1133 28 107 1958 321 47 31 424 31 20 82 21 37 51 107
leaf_count=1135 20 47 81 32 213 513 26 119 124 189 314 670 34 28 189 1133 28 107 1958 321 47 31 424 31 20 82 21 37 51 107
internal_value=1.25167e-10 0.174516 0.130456 0.173881 0.36116 0.108106 0.478724 0.706229 0.156371 -0.088049 -0.134853 0.179166 0.402522 0.473009 0.596273 -0.0206953 0.1041 -0.153457 -0.133334 0.074935 0.164184 -0.0666683 0.0425896 -0.0939155 -0.0866698 -0.108035 0.0796514 -0.0943617 -0.201335 -0.222266
internal_weight=8132 2727 2382 2066 537 1529 345 200 337 5405 346 1183 319 285 217 2173 585 316 3232 557 368 1588 455 2046 2015 296 68 1995 1186 189
internal_count=8132 2727 2382 2066 537 1529 345 200 337 5405 346 1183 319 285 217 2173 585 316 3232 557 368 1588 455 2046 2015 296 68 1995 1186 189
is_linear=0
shrinkage=0.03


Tree=88
num_leaves=31
num_cat=0
split_feature=55 15 13 16 7 19 53 58 22 13 21 53 29 55 61 20 16 18 16 24 24 13 24 29 7 11 8 25 11 33
split_gain=131531 35054.8 29729.1 28621.1 26647.1 31908.5 32248.9 39192.2 28414.4 27365.4 26848.6 22714.1 19071.3 18742.6 18252.1 16043.3 15742.6 15577.9 13181.7 11295.4 12930 9855.9 11247.8 9851.45 12578.9 9496.74 14767.6 8943.09 8824.9 8431.37
threshold=157.90000000000001 986.6500000000002 260.50000000000006 13.750000000000002 19.215000000000003 8.033333333333335 51587.200000000004 17.050000000000004 376.00000000000006 276.00000000000006 89.500000000000014 252796.95000000004 878.71428571428567 218.64285714285717 12.747142857142856 16733.500000000004 12.550000000000002 4804.0000000000009 17.350000000000005 1764.2100000000003 2073.2400000000002 302.50000000000006 1410.4300000000003 1874.3571428571429 61.675000000000004 80.500000000000014 17.350000000000005 2.5000000000000004 46.500000000000007 75.850000000000009
decision_type=10 2 2 2 2 2 2 10 2 2 2 2 2 10 10 2 2 2 2 2 2 2 2 2 2 2 2 2 2 10
left_child=1 11 3 14 5 -2 -7 -8 13 -10 -9 12 17 25 -3 27 -16 -1 -19 29 -21 22 -15 -13 -25 26 -6 -5 -11 -4
right_child=4 2 19 15 8 6 7 10 9 28 -12 23 -14 21 16 -17 -18 18 -20 20 -22 -23 -24 24 -26 -27 -28 -29 -30 -31
leaf_value=-0.20439308336003031 0.051790061340046427 1.3080407537732803 -0.12573141307590457 0.40236000726097509 -0.44241500977140208 -0.4097882262723786 1.5458256439979259 0.24805338221437792 -0.30975523464381693 1.1770519529448615 0.78722013578637606 0.050284402224080642 -0.58542209183940519 0.39534479779979359 0.17839954935958685 -0.80760308717563745 0.6552854594024452 -0.0033437805657416304 -0.13053365820498275 0.77387018387205897 0.084268851414895971 -0.31739585423469546 -0.15984233473069392 0.0077775261104106892 1.0717815914154052 0.25252680067705813 0.01297767478727295 -0.037882107496261593 0.57066575894028782 0.023263080877193063
leaf_weight=1177 144 21 593 57 104 28 39 153 30 27 182 494 78 208 142 20 111 1292 1696 32 104 25 39 20 20 61 167 153 108 807
leaf_count=1177 144 21 593 57 104 28 39 153 30 27 182 494 78 208 142 20 111 1292 1696 32 104 25 39 20 20 61 167 153 108 807
internal_value=-8.94973e-11 -0.0529911 0.0511114 0.251041 0.274707 0.434976 0.572237 0.645758 0.160914 0.509816 0.540974 -0.0974476 -0.120655 0.0656014 0.458169 0.00428911 0.387626 -0.111951 -0.0755372 -0.0144906 0.246528 0.250232 0.307684 0.0869507 0.53978 -0.0856619 -0.161786 0.0816122 0.691943 -0.0398467
internal_weight=8132 6817 2040 504 1315 546 402 374 769 165 335 4777 4243 604 274 230 253 4165 2988 1536 136 272 247 534 40 332 271 210 135 1400
internal_count=8132 6817 2040 504 1315 546 402 374 769 165 335 4777 4243 604 274 230 253 4165 2988 1536 136 272 247 534 40 332 271 210 135 1400
is_linear=0
shrinkage=0.03


Tree=89
num_leaves=31
num_cat=0
split_feature=55 15 13 0 16 7 16 51 53 33 14 29 20 0 5 7 16 17 16 16 5 7 15 32 23 0 7 7 29 32
split_gain=123757 32983 27972.1 27024.5 26929.6 22759.4 22011.9 21423.7 21371.7 18578.5 19262.5 17944.2 15095.1 15009.4 14278.2 13378.1 12916.2 12905.6 12873.1 17627.6 11855.4 21072.1 15234.4 11209.6 13614.9 10958.9 10291.8 10228.8 9691.69 11860
threshold=157.90000000000001 986.6500000000002 260.50000000000006 28.643240000000002 13.750000000000002 6.8450000000000015 11.950000000000001 1747.1050000000002 252796.95000000004 321.50000000000006 8.0500000000000025 878.71428571428567 16733.500000000004 28.643240000000002 394.00000000000006 12.540000000000001 15.850000000000003 3145.0000000000005 12.550000000000002 11.550000000000002 48.500000000000007 18.225000000000005 992.55000000000007 108.50000000000001 469.30000000000007 28.643240000000002 23.530000000000005 68.40000000000002 101.50000000000001 269.50000000000006
decision_type=10 2 2 2 2 2 2 2 2 10 2 2 2 2 2 2 2 2 2 2 2 2 2 10 2 2 2 2 2 10
left_child=1 8 4 5 18 -2 15 9 11 10 -8 13 -6 -1 23 -5 -11 -15 19 -3 -7 22 -22 -4 -25 -20 -23 -9 -17 -30
right_child=3 2 14 6 12 20 7 27 -10 16 -12 -13 -14 17 -16 28 -18 -19 25 -21 21 26 -24 24 -26 -27 -28 -29 29 -31
leaf_value=-0.15960184010205936 0.85734785044255357 0.4103492886006832 -0.09852988205753696 1.1921614609162012 0.079163814670273225 -0.23057072174164556 0.065190057008107982 0.96304231109363692 0.084342185293502181 1.2827840968540736 1.0239335110187529 -0.56785942670244438 -0.78337499892711637 -0.066200159166557346 0.30448122564225627 0.20655811140239239 0.38174120712280274 0.25063304176854506 0.4329687663996723 -0.43493608653545379 0.69860909027211804 -0.34250206514712306 0.10327885582203596 0.23167301862085438 -0.096715574172730925 1.0094305917094735 0.08412753837235587 0.18666099083742926 0.46153922046767548 1.120045176833868
leaf_weight=2311 36 125 961 36 210 93 331 56 534 21 20 78 20 1730 117 50 45 124 71 27 85 62 71 249 209 51 284 21 64 40
leaf_count=2311 36 125 961 36 210 93 331 56 534 21 20 78 20 1730 117 50 45 124 71 27 85 62 71 249 209 51 284 21 64 40
internal_value=-4.57696e-11 -0.0514013 0.049578 0.266466 0.24351 0.12487 0.39709 0.291546 -0.0945242 0.206651 0.119819 -0.117035 0.00416044 -0.108592 -0.0140559 0.671505 0.668437 -0.0450096 0.444424 0.2602 0.0805522 0.138191 0.427658 -0.0403201 0.0818188 0.673949 0.00767946 0.751302 0.549794 0.714811
internal_weight=8132 6817 2040 1315 504 631 684 494 4777 417 351 4243 230 4165 1536 190 66 1854 274 152 595 502 156 1419 458 122 346 77 154 104
internal_count=8132 6817 2040 1315 504 631 684 494 4777 417 351 4243 230 4165 1536 190 66 1854 274 152 595 502 156 1419 458 122 346 77 154 104
is_linear=0
shrinkage=0.03


Tree=90
num_leaves=31
num_cat=0
split_feature=55 55 13 35 35 0 21 30 13 32 6 63 0 18 12 47 24 17 56 12 25 14 29 18 21 17 19 6 28 11
split_gain=116693 35275.9 24105.5 24177.7 21401.5 16524.1 14862.5 21866.8 14882.4 18402.8 12712.4 12539.1 12256.8 12159.6 11613.9 10806.8 9892.97 8544.12 9499.31 8387.22 8311.76 6781.56 7518.3 5340.59 5277.35 4693.96 4163.64 3581.16 5857.37 4304.6
threshold=94.085714285714289 184.85000000000005 105.50000000000001 625.50000000000011 168.50000000000003 28.643240000000002 31.500000000000004 118.59833333333306 105.50000000000001 161.50000000000003 151.85500000000005 12.99 28.638037000000004 6635.5000000000009 9.8500000000000032 67.008273381294984 4833.5900000000011 677.50000000000011 42.95000000000001 6.7500000000000009 4.5000000000000009 0.45000000000000007 553.42857142857144 6571.5000000000009 10.500000000000002 887.50000000000011 25.985416666666669 8833.2550000000028 216.16666666666671 54.500000000000007
decision_type=10 10 2 10 10 2 2 2 2 10 2 8 2 2 2 8 2 2 10 2 2 2 2 2 2 2 2 2 2 2
left_child=5 6 -3 4 -4 14 20 10 9 -9 -8 -6 -10 15 16 25 21 -17 -19 -15 24 22 -1 -18 -2 -7 -23 28 -16 -30
right_child=1 2 3 -5 11 13 7 8 12 -11 -12 -13 -14 19 27 17 23 18 -20 -21 -22 26 -24 -25 -26 -27 -28 -29 29 -31
leaf_value=-0.063180372337275748 0.18148097129562232 1.2753356491482775 -0.7037845660820603 1.2964077462468828 0.69606713063660119 -0.27255571687850383 1.089121556226164 0.20145885277725753 -0.029587441542932743 1.0835884414870163 0.22952528691291807 0.25536688461242352 0.14903629139741384 0.7114406745694577 -0.29456950348786642 -0.44728288897152602 0.08146361423970816 0.40006354412214978 0.041669059572037974 0.11341026056678064 -0.35528526604175564 -0.18933707718477874 -0.53490162959021903 0.62119053976876393 -0.14585313265276428 -0.066975158639344931 0.044616321183841776 -0.57165269470214841 0.026886508105432284 -0.42745094278584356
leaf_weight=1593 79 23 20 21 63 109 32 80 606 29 30 748 805 32 366 29 77 74 662 62 90 915 31 21 101 1205 74 30 102 23
leaf_count=1593 79 23 20 21 63 109 32 80 606 29 30 748 805 32 366 29 77 74 662 62 90 915 31 21 101 1205 74 30 102 23
internal_value=-1.80151e-10 0.159993 0.316969 0.291098 0.265693 -0.0807217 0.0858276 0.120937 0.0984112 0.436154 0.673188 0.289601 0.0723205 -0.01675 -0.123732 -0.0318399 -0.0988021 0.0578019 0.0777033 0.316995 -0.119888 -0.109901 -0.0721849 0.197119 -0.00218983 -0.0840286 -0.171832 -0.253457 -0.234015 -0.0567116
internal_weight=8132 2727 875 852 831 5405 1852 1582 1520 109 62 811 1411 2173 3232 2079 2711 765 736 94 270 2613 1624 98 180 1314 989 521 491 125
internal_count=8132 2727 875 852 831 5405 1852 1582 1520 109 62 811 1411 2173 3232 2079 2711 765 736 94 270 2613 1624 98 180 1314 989 521 491 125
is_linear=0
shrinkage=0.03


Tree=91
num_leaves=31
num_cat=0
split_feature=55 15 13 16 7 19 53 58 23 21 53 37 24 15 20 5 16 18 16 41 15 32 23 48 6 6 19 12 24 1
split_gain=110026 29973.7 25823.9 24674.3 23736 28226.4 29981 35978.5 26228.4 24395.2 19393.5 16188.8 16036.9 14647.3 14289.3 13350.4 12903.7 12619.8 12262.8 16508.4 11389.8 10210.6 12790.3 9544.84 8502.11 24049.5 8276.29 8027.55 7304.59 7748.34
threshold=157.90000000000001 986.6500000000002 260.50000000000006 13.750000000000002 19.215000000000003 8.033333333333335 51587.200000000004 17.050000000000004 3154.3500000000004 89.500000000000014 252796.95000000004 436.00000000000006 2958.5050000000006 986.45000000000016 16733.500000000004 394.00000000000006 22.200000000000006 4804.0000000000009 12.550000000000002 38.850000000000001 984.45000000000016 108.50000000000001 469.30000000000007 68.510000000000005 14675.535000000002 13669.565000000001 12.247916666666669 9.8500000000000032 0.33000000000000007 77.252950000000013
decision_type=10 2 2 2 2 2 2 10 2 2 2 10 2 2 2 2 2 2 2 8 2 10 2 10 2 2 2 2 2 2
left_child=1 10 3 18 5 -2 -7 -8 11 -9 16 12 13 -6 26 21 17 27 19 -3 -19 -4 -23 -20 25 -12 -5 -1 29 -18
right_child=4 2 15 14 8 6 7 9 -10 -11 24 -13 -14 -15 -16 -17 28 20 23 -21 -22 22 -24 -25 -26 -27 -28 -29 -30 -31
leaf_value=-0.1554740802755836 0.042111489788318676 0.0044715675921424437 -0.094297113966673576 0.26995563393223632 -0.76711529220853525 -0.41525611817836761 1.4648738811566278 0.22288517540576408 1.1647753032771024 0.73682748054573821 0.071878965453073804 0.40331531812535953 0.71107606933962908 0.040063852845650796 -0.76120209753513335 0.29466925824299833 -0.092709968443270077 -0.069937708341723359 0.92466915422576967 0.65026959558801822 0.12878554822414515 0.22307323719812444 -0.095215834139636829 0.39367556371149559 -0.33986275649070735 1.1339011237621308 -0.10678125107956823 -0.56212508455566734 -0.23098233775892218 0.56665948426723478
leaf_weight=870 144 95 961 103 21 28 39 153 22 182 474 141 31 554 20 117 81 2013 59 57 298 249 209 63 40 20 107 46 915 20
leaf_count=870 144 95 961 103 21 28 39 153 22 182 474 141 31 554 20 117 81 2013 59 57 298 249 209 63 40 20 107 46 915 20
internal_value=-2.38224e-10 -0.048466 0.0477965 0.234133 0.251249 0.402511 0.531609 0.602498 0.143852 0.502102 -0.0895746 0.113784 0.046418 0.0105843 0.00502519 -0.0133451 -0.111019 -0.0816631 0.42645 0.246646 -0.0443126 -0.0387416 0.0778278 0.650468 0.080813 0.114876 0.0779992 -0.175895 -0.204257 0.0378582
internal_weight=8132 6817 2040 504 1315 546 402 374 769 335 4777 747 606 575 230 1536 4243 3227 274 152 2311 1419 458 122 534 494 210 916 1016 101
internal_count=8132 6817 2040 504 1315 546 402 374 769 335 4777 747 606 575 230 1536 4243 3227 274 152 2311 1419 458 122 534 494 210 916 1016 101
is_linear=0
shrinkage=0.03


Tree=92
num_leaves=31
num_cat=0
split_feature=55 33 35 25 18 18 7 53 8 55 6 16 5 16 29 5 51 7 56 38 18 20 28 24 15 1 9 16 14 8
split_gain=103929 32260.9 23997.3 23656.6 22258.4 29556.6 40018.9 24919.2 16165.9 15096.2 15093.5 13335 12420.4 11581.5 35297.5 9719.57 9601.19 11463 7075.28 15751.8 6913.9 6489.82 8118.61 6194.59 4454.99 3283.28 2653.19 2495.85 2943.72 2682.01
threshold=94.085714285714289 255.50000000000003 82.250000000000014 5.5000000000000009 3425.5000000000005 2981.5000000000005 36.470000000000006 74416.250000000015 24.350000000000005 31.778571428571428 417.92000000000002 20.750000000000004 20.500000000000004 22.200000000000006 1662.2857142857144 72.500000000000014 6810.880000000001 77.560000000000016 39.650000000000013 19.533333333333335 3454.5000000000005 22902.500000000004 1827.8333333333335 107.86500000000002 976.85000000000002 77.197765150000009 33.95000000000001 17.650000000000002 0.45000000000000007 28.350000000000005
decision_type=10 10 10 2 2 2 2 2 2 8 2 2 2 2 2 2 2 2 10 8 2 2 2 2 2 2 2 2 2 2
left_child=9 2 -2 11 5 8 -7 20 -4 24 -9 12 -3 14 16 -14 17 -11 19 -15 -6 23 -23 -20 26 -21 -1 28 -26 -30
right_child=1 3 4 -5 7 6 -8 10 -10 13 -12 -13 15 18 -16 -17 -18 -19 21 25 -22 22 -24 -25 27 -27 -28 -29 29 -31
leaf_value=-0.3046229336971647 -0.89792815355317923 1.0845974903521329 -0.080307846204033626 1.2922740250825882 -0.71967380829832772 0.61862824737280608 -0.059505981166019205 -0.0072423034693040195 0.81363699173927306 -0.034320175327370847 0.17722306738553759 -0.22968438701704144 -0.049317551851272581 0.86885761517286297 1.205591329932213 0.43912009273604907 -0.42881830685473277 0.24263351950239626 -0.096462202863250329 -0.38310832920018578 -0.21048680875704368 -0.013215017309261334 -0.37440240532159808 -0.30155924733304595 0.018060289502529234 0.13734437213838099 -0.15584131053777525 -0.18549163527870902 -0.26292314482927326 -0.061807155573136499
leaf_weight=267 21 23 203 26 33 285 108 707 20 2918 917 32 44 20 21 220 53 141 216 24 88 370 66 343 174 20 181 343 100 148
leaf_count=267 21 23 203 26 33 285 108 707 20 2918 917 32 44 20 21 220 53 141 216 24 88 370 66 343 174 20 181 343 100 148
internal_value=-9.41898e-11 0.15099 0.11172 0.42212 0.1207 0.275735 0.432271 0.065972 -0.000133421 -0.0761792 0.096917 0.351198 0.415966 -0.0492095 -0.0202186 0.357714 -0.0284905 -0.0215544 -0.134978 0.170772 -0.349356 -0.154644 -0.0678902 -0.222309 -0.169384 -0.146539 -0.244513 -0.125387 -0.0765338 -0.142902
internal_weight=8132 2727 2382 345 2361 616 393 1745 223 5405 1624 319 287 4192 3133 264 3112 3059 1059 64 121 995 436 559 1213 44 448 765 422 248
internal_count=8132 2727 2382 345 2361 616 393 1745 223 5405 1624 319 287 4192 3133 264 3112 3059 1059 64 121 995 436 559 1213 44 448 765 422 248
is_linear=0
shrinkage=0.03


Tree=93
num_leaves=31
num_cat=0
split_feature=55 55 56 0 7 13 35 12 15 31 12 0 11 9 5 7 15 22 28 17 9 55 19 10 19 40 13 63 56 12
split_gain=98541.2 26865 27462 23633.7 19935.7 18493.5 18331.9 17501.3 15929.4 16453.1 12063.1 14335.8 11383.4 17925.3 10703.6 18822.3 13730.7 9925.34 9839.92 8566.34 8407.3 7566.83 4741.36 9545.22 7024.63 4679.99 4053.63 2262.9 1829.99 1694.64
threshold=157.90000000000001 57.042857142857152 39.650000000000013 28.643240000000002 6.8450000000000015 105.50000000000001 625.50000000000011 7.3500000000000005 986.6500000000002 1824.714285714286 2.5000000000000004 28.643240000000002 52.500000000000007 23.750000000000004 48.500000000000007 18.225000000000005 992.55000000000007 2099.0000000000005 505.00000000000006 677.50000000000011 17.150000000000002 28.25357142857143 25.747916666666672 26.650000000000002 25.377083333333335 53.850000000000009 305.50000000000006 65.378571428571448 73.850000000000009 10.550000000000002
decision_type=10 8 8 2 2 2 10 2 2 2 2 2 2 2 2 2 2 2 2 2 2 10 2 2 2 8 2 10 10 2
left_child=1 19 -3 4 -2 -5 8 10 -7 -10 25 -12 17 -14 20 16 -16 -9 -17 -1 -6 26 24 -24 -23 -4 29 -22 -28 -21
right_child=3 2 7 5 14 6 -8 12 9 -11 11 -13 13 -15 15 18 -18 -19 -20 21 27 22 23 -25 -26 -27 28 -29 -30 -31
leaf_value=-0.37631368497439793 0.79089483449856446 1.1181578682661057 0.90108906061202276 1.2156271417574449 0.22614647021660436 -0.32004184351648607 1.1829738193208521 0.020246436803052385 0.28301211655389202 0.78154495574200322 -0.026139212110918453 0.13343120935788522 0.078285144067770665 -0.26939810024120886 0.64945915057729264 -0.049346608231453412 0.084272407205171984 -0.40271271377239587 0.56857372856140131 -0.17873686593855492 -0.535481944043528 -0.064381282983567725 0.33419122154712677 -0.097238691058941173 -0.2272299273823134 0.25209081593155858 0.30590723003659931 -0.16828364361887393 -0.095063716113567343 -0.3130418983992842
leaf_weight=105 36 20 20 22 26 35 22 863 538 67 1055 975 188 460 85 321 71 53 25 659 44 1791 75 120 275 20 21 23 20 97
leaf_count=105 36 20 20 22 26 35 22 863 538 67 1055 975 188 460 85 321 71 53 25 659 44 1791 75 120 275 20 21 23 20 97
internal_value=1.1576e-10 -0.0458667 0.00954261 0.237775 0.105359 0.35993 0.331492 0.00344126 0.302223 0.338222 0.0606677 0.0505018 -0.0722996 -0.168527 0.0638816 0.118648 0.392227 -0.00422609 -0.00469919 -0.109877 -0.231741 -0.100729 -0.0727109 0.0686959 -0.0860577 0.57659 -0.180213 -0.409429 0.110312 -0.195969
internal_weight=8132 6817 3654 1315 631 684 662 3634 640 605 2070 2030 1564 648 595 502 156 916 346 3163 93 3058 2261 195 2066 40 797 67 41 756
internal_count=8132 6817 3654 1315 631 684 662 3634 640 605 2070 2030 1564 648 595 502 156 916 346 3163 93 3058 2261 195 2066 40 797 67 41 756
is_linear=0
shrinkage=0.03


Tree=94
num_leaves=31
num_cat=0
split_feature=55 15 30 13 43 15 29 21 5 0 7 18 19 13 20 0 7 44 13 0 39 1 42 18 18 55 12 60 12 24
split_gain=93271.9 31886 24691 22892.2 22530.9 19085.8 20551.3 20705.6 26345.9 17491 17308.2 15658.8 14613.5 14729.7 13995.6 14048.8 13826.4 12310.2 11837.9 10026.4 15011.8 9693.62 8684.25 8575.13 8560.06 7667.78 6061.81 5018.84 4902.03 9344.52
threshold=177.03571428571431 986.6500000000002 1677.7233333333334 105.50000000000001 27.866666666666681 986.6500000000002 384.64285714285717 163.50000000000003 72.500000000000014 28.643240000000002 107.86000000000001 6635.5000000000009 15.356250000000001 289.50000000000006 3664.7500000000005 28.643240000000002 38.465000000000011 47.95000000000001 122.50000000000001 28.662761550000003 18.150000000000002 77.159231500000018 19.350000000000005 4804.0000000000009 6680.0000000000009 125.92857142857144 10.15 25.150000000000002 8.5500000000000025 4833.5900000000011
decision_type=10 2 2 2 8 2 2 2 2 2 2 2 2 2 2 2 2 10 2 2 10 2 10 2 2 10 2 8 2 2
left_child=1 9 10 -2 22 -5 7 8 -7 23 14 19 13 -6 18 -16 -9 -14 -3 20 -11 24 -4 -1 -13 -24 -21 -8 29 -25
right_child=3 2 4 5 12 6 27 16 -10 11 -12 21 17 -15 15 -17 -18 -19 -20 26 -22 -23 25 28 -26 -27 -28 -29 -30 -31
leaf_value=-0.2270757223832652 1.1497239917745956 0.60685336905717846 0.3534101985509579 -0.53874460511737399 0.050904434733703485 0.064413610438585372 0.31279267145054679 -0.25071048547331565 0.4634166759623205 0.77455817119942771 0.80574882946014403 1.1257594442367553 1.2274792953282594 0.86282483148574829 -0.081988438144376868 0.08332191268391112 0.21759612337120676 0.33050764186041698 0.094872230972562505 -0.049792761430644192 0.044577775102583331 0.077603411396681254 -0.68752347078323361 -0.087245492889488269 0.31314185110586029 0.09007465464728219 -0.2245594918095484 0.84727429968304924 -0.17996498659443541 0.36170925726031145
leaf_weight=665 26 60 26 27 61 238 21 115 398 27 25 20 40 30 1103 797 112 21 126 1388 416 59 25 1407 28 21 205 64 538 43
leaf_count=665 26 60 26 27 61 238 21 115 398 27 25 20 40 30 1103 797 112 21 126 1388 416 59 25 1407 28 21 205 64 538 43
internal_value=2.22372e-10 -0.0380662 0.0528501 0.271179 0.35233 0.247751 0.270151 0.226314 0.314104 -0.0823301 0.0210721 -0.0185851 0.559406 0.31857 0.011668 -0.0126451 -0.0196517 0.918686 0.260027 -0.0371757 0.0890687 0.335157 -0.0848313 -0.133821 0.651733 -0.332533 -0.0722831 0.715226 -0.102627 -0.0739317
internal_weight=8132 7131 2335 1001 224 975 948 863 636 4796 2111 2143 152 91 2086 1900 227 61 186 2036 443 107 72 2653 48 46 1593 85 1988 1450
internal_count=8132 7131 2335 1001 224 975 948 863 636 4796 2111 2143 152 91 2086 1900 227 61 186 2036 443 107 72 2653 48 46 1593 85 1988 1450
is_linear=0
shrinkage=0.03


Tree=95
num_leaves=31
num_cat=0
split_feature=32 37 55 57 39 20 38 12 31 6 5 0 13 16 16 34 48 34 12 20 22 20 12 18 5 16 31 5 38 19
split_gain=88258.4 32724.2 25835.5 24442.3 21397.9 19646.7 22846.9 17174.7 20440.4 12446.5 20314.8 12303.4 8338.28 8988.77 8072.58 9469.98 7637.03 8793.1 7603.32 7324.31 7020.54 9653.84 6641.32 5908.23 5572.25 9404.55 5233.03 4804.26 4514.98 4057.54
threshold=163.50000000000003 182.83333333333334 62.507142857142867 86.014285714285734 39.250000000000007 2250.0000000000005 74.350000000000009 8.9500000000000011 9936.470000000003 2958.5050000000006 262.50000000000006 28.682925800000003 90.500000000000014 29.250000000000004 15.450000000000001 72.533333333333374 41.760000000000012 159.48333333333335 6.6500000000000012 7545.0000000000009 44.000000000000007 10403.750000000002 6.9500000000000011 5122.5000000000009 175.00000000000003 11.550000000000002 294.32714285714275 83.500000000000014 36.350000000000001 25.377083333333335
decision_type=10 10 8 8 8 2 8 2 2 2 2 2 2 2 2 10 8 10 2 2 2 2 2 2 2 2 2 2 8 2
left_child=2 -2 14 -4 16 6 -6 8 11 10 -7 -5 -9 -14 15 18 17 -3 23 26 27 -22 -11 -1 25 -18 29 -21 -17 -16
right_child=1 4 3 7 5 9 -8 12 -10 22 -12 -13 13 -15 19 28 24 -19 -20 20 21 -23 -24 -25 -26 -27 -28 -29 -30 -31
leaf_value=-0.1492399151068792 -0.96277126541733749 -0.10431695473194122 0.90166291920202124 0.00045539345088702168 0.36029740196817056 0.24641347274384687 1.5692347022145985 -0.44944721902980178 0.84069539734001819 -0.60098190474137658 0.63270143582820892 0.15050946103138868 -0.041992951606629719 -0.3570484335118152 -0.10109034611710481 0.74087398231029511 0.18209077206999064 0.74740522034466272 0.23294394088012199 -0.1265336703931573 0.20467563248402973 -0.076640753149532975 0.12617081228930216 -0.0013848772002331151 0.14640891636564182 -0.37680576356393952 -0.3550575960553094 -0.33481006332345914 0.11105381117867572 -0.31127062183359394
leaf_weight=451 20 20 28 1880 34 669 24 61 29 20 150 666 613 94 294 20 40 24 81 977 131 678 26 528 65 84 178 111 21 115
leaf_count=451 20 20 28 1880 34 669 24 61 29 20 150 666 613 94 294 20 40 24 81 977 131 678 26 528 65 84 178 111 21 115
internal_value=9.75894e-11 0.240368 -0.0406373 0.018986 0.261184 0.326033 0.860547 0.0115929 0.0487284 0.290193 0.317162 0.0397076 -0.112917 -0.0838815 -0.0967014 -0.029083 0.00429147 0.360259 -0.0463868 -0.126672 -0.0980165 -0.0310877 -0.189983 -0.0694979 -0.0785792 -0.196517 -0.219279 -0.147782 0.418283 -0.160187
internal_weight=8132 1176 6956 3371 1156 923 58 3343 2575 865 819 2546 768 707 3585 1101 233 44 1060 2484 1897 809 46 979 189 124 587 1088 41 409
internal_count=8132 1176 6956 3371 1156 923 58 3343 2575 865 819 2546 768 707 3585 1101 233 44 1060 2484 1897 809 46 979 189 124 587 1088 41 409
is_linear=0
shrinkage=0.03


Tree=96
num_leaves=31
num_cat=0
split_feature=32 37 0 39 35 10 24 29 33 23 15 23 10 15 9 20 9 19 48 33 19 15 25 33 14 29 47 5 28 8
split_gain=83042.4 30790.2 23752.7 20133.3 18717.4 18459.4 41943.8 25683.8 17845.7 15737.8 12449.2 27933.6 11689.8 19171.8 13942 11637.2 9290.62 7384.94 7185.68 8130.53 7175.62 6156.1 10631.3 5994.84 5842.57 9710.42 5531.31 5242.93 9062.41 3962.4
threshold=163.50000000000003 182.83333333333334 28.643240000000002 39.250000000000007 625.50000000000011 10.250000000000002 528.45500000000015 108.64285714285715 259.50000000000006 85.02000000000001 986.6500000000002 3092.6550000000002 11.450000000000001 992.85000000000002 26.450000000000006 3816.5000000000005 30.950000000000003 9.3187500000000014 41.760000000000012 159.50000000000003 8.0916666666666686 983.25000000000011 2.5000000000000004 109.50000000000001 0.25000000000000006 19.928571428571434 67.008273381294984 175.00000000000003 119.83333333333336 21.500000000000004
decision_type=10 10 2 8 10 2 2 2 8 2 2 2 2 2 2 2 2 2 8 10 2 2 2 8 2 2 10 2 2 2
left_child=2 -2 10 18 5 6 -5 -7 9 24 16 15 13 -11 -14 20 29 -17 19 -3 -12 23 -23 -18 26 -26 -4 28 -20 -1
right_child=1 3 8 4 -6 7 -8 -9 -10 12 11 -13 14 -15 -16 17 21 -19 27 -21 -22 22 -24 -25 25 -27 -28 -29 -30 -31
leaf_value=0.1440655046159571 -0.9338881321549416 -0.097278864160180084 -0.05513473001948322 0.38071898149967193 1.2240138380527497 -0.047831208004768436 1.749984973669052 0.34391872990986455 0.66096940526595482 0.69858283266647536 -0.23150239442076001 0.98119434185028065 -0.21453261299483609 0.05144231903566935 0.070503604399910352 -0.17781134262996989 -0.11433365674364356 -0.01064000823315924 0.013198625967641802 0.72172591149806975 0.38636245262263152 0.1995084370085253 -0.13714454683232241 -0.52237936686385766 -0.061125296923697031 -0.31319227592118326 0.20362498452289488 0.14201665064004751 -0.51333557607606051 -0.26860414692335599
leaf_weight=22 20 20 249 125 20 208 24 546 39 67 21 25 171 107 1595 336 1795 814 76 24 87 156 184 33 528 186 106 65 48 435
leaf_count=22 20 20 249 125 20 208 24 546 39 67 21 25 171 107 1595 336 1795 814 76 24 87 156 184 33 528 186 106 65 48 435
internal_value=1.55001e-10 0.233157 -0.0394182 0.253348 0.316252 0.296146 0.601272 0.23585 0.023354 0.0150898 -0.0883766 -0.0117878 0.0660194 0.300629 0.0429038 -0.0315211 -0.12581 -0.0594831 0.00416272 0.349451 0.266222 -0.0998979 0.0173198 -0.1217 -0.077336 -0.12679 0.0221287 -0.0762219 -0.190621 -0.248738
internal_weight=8132 1176 6956 1156 923 903 149 754 3048 3009 3908 1283 1940 174 1766 1258 2625 1150 233 44 108 2168 340 1828 1069 714 355 189 124 457
internal_count=8132 1176 6956 1156 923 903 149 754 3048 3009 3908 1283 1940 174 1766 1258 2625 1150 233 44 108 2168 340 1828 1069 714 355 189 124 457
is_linear=0
shrinkage=0.03


Tree=97
num_leaves=31
num_cat=0
split_feature=55 32 7 57 16 55 5 5 6 55 16 16 21 53 8 11 7 25 18 21 29 55 22 60 8 5 44 19 47 63
split_gain=78976.9 26827.5 21883.6 25956.7 26304.5 15496.8 18110.9 15141.3 17428.4 14293.2 13609.9 21858.3 17518.8 11920.5 11720.5 10655.7 11643.2 15348.9 11730 10383.5 10337.1 9827.62 9746.72 8544.78 8422.39 7998.76 7861.07 8681.33 7458.44 10517.9
threshold=177.03571428571431 79.050000000000011 19.215000000000003 279.07142857142861 9.3000000000000025 228.63571428571433 72.500000000000014 169.00000000000003 2958.5050000000006 218.64285714285717 14.750000000000002 14.550000000000002 512.00000000000011 99167.650000000009 28.550000000000004 50.500000000000007 20.450000000000006 4.5000000000000009 3550.0000000000005 144.50000000000003 443.21428571428584 31.778571428571428 88.500000000000014 16.450000000000003 16.950000000000003 2225.0000000000005 32.832374100719427 10.035416666666668 77.65000000000002 10.605000000000002
decision_type=10 8 2 10 2 10 2 2 2 10 2 2 2 2 2 2 2 2 2 2 2 10 2 10 2 2 10 2 8 8
left_child=1 21 3 -2 -5 19 -7 9 20 23 11 12 14 22 -3 26 18 -18 -17 -6 -9 -1 -11 -4 -25 28 27 -12 -23 -30
right_child=2 10 7 4 5 6 -8 8 -10 13 15 -13 -14 -15 -16 16 17 -19 -20 -21 -22 25 -24 24 -26 -27 -28 -29 29 -31
leaf_value=-0.1499527060343083 1.3150890546374849 0.11109108049972216 0.19387367378581655 1.4129719984531401 0.25022489237420736 0.23481412954526404 0.93516746984153498 0.30611294654959981 -0.41955250568114794 -0.0106276283432034 0.2417322039482174 0.92142079011567168 0.82327011668682093 -0.53081470888853066 -0.40298541604408195 0.040348023035394864 -0.1006522038191096 0.3681157281321864 -0.30764724209623262 -0.2441422437131405 0.85171937947210508 -0.074329908710007303 0.43139625298718992 -0.64304687946885819 -0.11173221824754928 -0.58569474220275874 -0.084250795639374806 0.006079193632341111 0.52652305573225022 0.0040125414597086033
leaf_weight=1213 27 804 33 20 188 73 61 176 26 79 287 31 30 20 42 127 194 93 278 48 38 2532 104 50 58 25 223 276 36 940
leaf_count=1213 27 804 33 20 188 73 61 176 26 79 287 31 30 20 42 127 194 93 278 48 38 2532 104 50 58 25 223 276 36 940
internal_value=-3.28357e-10 -0.0350279 0.249535 0.415532 0.353255 0.295973 0.553632 0.131005 0.313887 0.00341381 0.0470556 0.138538 0.110833 0.164578 0.0855696 -0.00908419 -0.0949328 0.0512482 -0.198523 0.149676 0.402996 -0.0762772 0.240577 -0.228617 -0.357711 -0.0509819 0.0664975 0.126208 -0.0471712 0.0232855
internal_weight=8132 7131 1001 417 390 370 134 584 240 344 2385 907 876 203 846 1478 692 287 405 236 214 4746 183 141 108 3533 786 563 3508 976
internal_count=8132 7131 1001 417 390 370 134 584 240 344 2385 907 876 203 846 1478 692 287 405 236 214 4746 183 141 108 3533 786 563 3508 976
is_linear=0
shrinkage=0.03


Tree=98
num_leaves=31
num_cat=0
split_feature=32 37 0 39 16 33 21 0 16 15 21 38 8 9 15 9 5 60 15 18 18 33 61 5 53 5 7 58 8 23
split_gain=73690.3 28707.3 21972.1 18774 17922.8 16494.1 14921.2 13107.4 13305.7 11165 26102.6 9785.77 9742.52 12383.6 12089 8765.6 7954.55 9208.09 8300.54 7830.66 12441.9 7977.6 6903.75 5794.98 5633.62 5246.73 4544.95 3870.08 3774.72 2300.3
threshold=163.50000000000003 182.83333333333334 28.643240000000002 34.250000000000007 9.0500000000000025 259.50000000000006 21.500000000000004 28.496097500000001 14.750000000000002 986.6500000000002 661.00000000000011 82.050000000000011 17.450000000000003 26.450000000000006 993.05000000000007 30.950000000000003 175.00000000000003 15.450000000000001 988.75000000000011 3425.5000000000005 2981.5000000000005 171.50000000000003 15.197857142857147 2225.0000000000005 252796.95000000004 110.50000000000001 12.840000000000002 66.15000000000002 22.250000000000004 1181.7750000000003
decision_type=10 10 2 8 2 8 2 2 2 2 2 8 2 2 2 2 2 10 2 2 2 8 10 2 2 2 2 10 2 2
left_child=2 -2 9 16 11 6 22 -6 -9 15 19 -5 14 -14 -8 28 17 -3 -18 20 -11 -21 26 24 -17 -19 -4 -24 -1 -30
right_child=1 3 5 4 7 -7 12 8 -10 10 -12 -13 13 -15 -16 23 18 25 -20 21 -22 -23 27 -25 -26 -27 -28 -29 29 -31
leaf_value=0.069977310286326838 -0.90724337518215181 0.3512826734249081 -0.022132452559145314 0.42204074974764472 -0.40269891091264209 0.63623533294751089 0.54489336483456463 0.38501674245706341 0.155162992153066 -0.11203531421720982 0.94819873065948479 1.307054046547931 -0.21399258537791094 0.065817898844004422 0.067277435167082428 -0.10797499740113646 -0.14477632255323472 -0.16709270684224256 0.53397512239568368 -0.043303920994137282 0.32980301394660028 -0.37077630328635369 -0.1178372667051579 -0.5789197521589019 0.03859042466142111 -0.65356928961351513 0.25547514307312669 -0.42601434670961819 -0.23258867448426029 -0.42301042728139743
leaf_weight=33 20 21 311 22 26 39 81 498 416 106 25 23 156 1627 116 1876 31 53 34 955 125 72 615 22 270 32 64 39 356 68
leaf_count=33 20 21 311 22 26 39 81 498 416 106 25 23 156 1627 116 1876 31 53 34 955 125 72 615 22 270 32 64 39 356 68
internal_value=-2.7253e-10 0.219636 -0.0371323 0.239132 0.289506 0.0232413 0.0152962 0.261506 0.280401 -0.0842199 -0.0116886 0.874381 0.0634563 0.0413364 0.263658 -0.11967 -0.0510299 -0.211257 0.210263 -0.0307643 0.127055 -0.0662621 -0.0773734 -0.0945009 -0.0895348 -0.350237 0.0252459 -0.136215 -0.239074 -0.263128
internal_weight=8132 1176 6956 1156 985 3048 3009 940 914 3908 1283 45 1980 1783 197 2625 171 106 65 1258 231 1027 1029 2168 2146 85 375 654 457 424
internal_count=8132 1176 6956 1156 985 3048 3009 940 914 3908 1283 45 1980 1783 197 2625 171 106 65 1258 231 1027 1029 2168 2146 85 375 654 457 424
is_linear=0
shrinkage=0.03


Tree=99
num_leaves=31
num_cat=0
split_feature=55 34 21 29 7 5 52 8 18 0 35 29 22 12 24 49 22 17 56 13 30 7 17 56 18 5 5 16 17 16
split_gain=70487.3 24344.6 18794.8 20589.1 18098.1 23507.3 15839.3 12888.8 12757.9 12089.7 10150.1 9270.95 8833.23 8562.79 7992.37 7862.02 6863.93 6527.4 7480.03 5878.64 5354.98 5175.72 4460.76 4258 3928.4 3102.51 5099.47 2521.61 1963.19 1590.13
threshold=94.085714285714289 301.50000000000006 30.500000000000004 30.857142857142861 8.7650000000000023 63.500000000000007 4360.0000000000009 27.950000000000003 3340.5000000000005 28.643240000000002 101.50000000000001 1826.2857142857144 28.500000000000004 9.8500000000000032 4833.5900000000011 67.54000000000002 88.500000000000014 677.50000000000011 39.650000000000013 330.50000000000006 6031.7150000000011 94.990000000000023 817.50000000000011 194.50000000000003 6571.5000000000009 1083.5000000000002 345.50000000000006 16.050000000000004 1317.5000000000002 26.750000000000004
decision_type=10 10 2 2 2 2 2 2 2 2 10 2 2 2 2 8 2 2 8 2 2 2 2 10 2 2 2 2 2 2
left_child=9 2 7 -4 8 -6 -3 10 -5 13 -2 15 -12 14 19 21 -8 -17 -19 20 -1 22 -11 -23 -16 26 28 -18 -15 -28
right_child=1 6 3 4 5 -7 16 -9 -10 11 12 -13 -14 25 24 17 27 18 -20 -21 -22 23 -24 -25 -26 -27 29 -29 -30 -31
leaf_value=-0.090345372182077499 -0.80008986251694802 1.1938690021302965 0.90497421349248575 0.71303489480018611 -0.13519032936170697 0.14453343295470672 -0.025048868549721579 0.45212236819898383 0.20371192868178087 -0.28448573437691838 0.050929015257828669 0.63490724945068355 -0.28310545726412245 -0.28978169504091467 0.08866846313530749 -0.3865375094328608 0.28647151355445383 0.52157354521480481 0.059473560167972533 0.19818377206013316 -0.48705740205703246 0.0048040562868118288 -0.054739155247185048 0.52671070508658879 0.5515684938430786 -0.50708315986394881 0.26352356038310315 0.71099606836543361 -0.1607431257771432 -0.051317692590611315
leaf_weight=2519 21 27 31 75 320 1744 28 34 108 81 142 20 143 230 77 28 20 33 706 63 31 34 1247 24 21 30 22 34 197 42
leaf_count=2519 21 27 31 75 320 1744 28 34 108 81 142 20 143 230 77 28 20 33 706 63 31 34 1247 24 21 30 22 34 197 42
internal_value=2.04364e-10 0.124346 0.106057 0.137111 0.126517 0.101165 0.563637 -0.102006 0.412451 -0.0627368 -0.163575 -0.0080181 -0.116674 -0.0995264 -0.0781198 -0.0139905 0.356121 0.0630733 0.0801086 -0.0880954 -0.0951681 -0.0566369 -0.0687523 0.220765 0.187861 -0.210915 -0.192819 0.553765 -0.230249 0.056909
internal_weight=8132 2727 2618 2278 2247 2064 109 340 183 5405 306 2173 285 3232 2711 2153 82 767 739 2613 2550 1386 1328 58 98 521 491 54 427 64
internal_count=8132 2727 2618 2278 2247 2064 109 340 183 5405 306 2173 285 3232 2711 2153 82 767 739 2613 2550 1386 1328 58 98 521 491 54 427 64
is_linear=0
shrinkage=0.03


Tree=100
num_leaves=31
num_cat=0
split_feature=55 15 13 6 35 13 9 9 15 29 53 29 1 44 53 16 23 0 15 24 24 24 29 5 5 39 29 32 44 40
split_gain=67576.8 23836.9 20240.6 20056.6 17519.7 16559.1 24553.4 24810.6 16097.9 18658.8 14526.7 15725.9 14368.1 11076.3 10304.3 10153.5 10020.4 15110.7 8630.98 8397.98 16857.1 9349.68 7248.55 8802.07 8152.16 6348.58 5619.33 4921.71 4314.38 2368.44
threshold=177.03571428571431 986.6500000000002 105.50000000000001 1875.4150000000002 625.50000000000011 216.00000000000003 30.050000000000004 20.300000000000001 986.6500000000002 384.64285714285717 252796.95000000004 878.71428571428567 77.309166200000007 5.1050000000000013 162316.85000000001 17.350000000000005 2584.8600000000006 28.602725000000003 988.75000000000011 578.1350000000001 524.57500000000016 607.15000000000009 1874.3571428571429 2225.0000000000005 948.00000000000011 44.050000000000004 148.35714285714286 134.50000000000003 58.600000000000009 36.64050387596901
decision_type=10 2 2 2 10 2 2 2 2 2 2 2 2 10 2 2 2 2 2 2 2 2 2 2 2 8 2 10 10 8
left_child=1 10 -2 5 8 6 7 -3 -4 12 11 14 -10 -5 26 -16 27 -18 -8 20 -7 -21 24 -24 25 -12 -1 -15 -11 -26
right_child=2 3 4 13 -6 19 18 -9 9 28 22 -13 -14 16 15 -17 17 -19 -20 21 -22 -23 23 -25 29 -27 -28 -29 -30 -31
leaf_value=-0.12010572775405741 1.0569210057075207 0.49924578015118432 -0.53216090414259176 0.85094583281155289 1.065923934664045 -0.034950267006234062 0.69406718785055421 -0.13759746095772632 0.13240265502159315 0.7660329329967499 -0.018316346967162996 -0.5112291325972631 0.59027544555379385 -0.043497424685560601 0.022616734833405205 -0.095637268644598275 1.2400915464162825 0.17552443978190421 0.23819177615072795 -0.64042001897638501 0.28971826365590092 -0.10933793958575971 0.91015617907047264 0.020107867084443568 0.017337084167229479 0.21635863481953307 -0.28364328375539266 0.27747981566036567 0.26850923129490439 -0.33886597950543679
leaf_weight=1276 26 73 27 29 21 1127 83 224 777 62 208 78 67 85 1124 1561 20 30 68 33 165 311 20 20 24 207 222 87 21 56
leaf_count=1276 26 73 27 29 21 1127 83 224 777 62 208 78 67 85 1124 1561 20 30 68 33 165 311 20 20 24 207 222 87 21 56
internal_value=2.21639e-10 -0.0324014 0.230823 0.0462068 0.208794 0.0156931 0.177294 0.018933 0.189926 0.210958 -0.0706728 -0.0891735 0.16875 0.299556 -0.0813034 -0.0461335 0.227527 0.601351 0.488772 -0.0285595 0.00651282 -0.160285 0.0766754 0.465132 0.0452849 0.0987384 -0.144342 0.118857 0.640153 -0.232005
internal_weight=8132 7131 1001 2335 975 2084 448 297 954 927 4796 4261 844 251 4183 2685 222 50 151 1636 1292 344 535 40 495 415 1498 172 83 80
internal_count=8132 7131 1001 2335 975 2084 448 297 954 927 4796 4261 844 251 4183 2685 222 50 151 1636 1292 344 535 40 495 415 1498 172 83 80
is_linear=0
shrinkage=0.03


Tree=101
num_leaves=31
num_cat=0
split_feature=55 32 7 63 12 17 17 56 8 17 16 16 21 8 11 7 24 17 35 31 32 55 47 44 54 5 5 31 9 20
split_gain=63583 21746.5 19998.2 24894.4 22882.1 17481.2 15206 14177.3 14879.6 13810.4 12986.1 21744.3 15273.2 10652.7 10220.7 10959.1 15617 9622.52 9101.6 9555.37 8621.77 8507.67 8289.14 10376.4 8387 8185.9 7718.04 7661.78 6266.91 5925.09
threshold=177.03571428571431 77.050000000000011 19.215000000000003 11.602142857142857 3.1000000000000005 1612.5000000000002 1317.5000000000002 364.50000000000006 16.450000000000003 1247.5000000000002 14.750000000000002 14.550000000000002 512.00000000000011 28.550000000000004 50.500000000000007 20.450000000000006 578.1350000000001 1627.5000000000002 139.50000000000003 207.02999999999977 19.050000000000004 218.64285714285717 73.65000000000002 10.65 159.50000000000003 175.00000000000003 175.00000000000003 2740.6285714285718 17.250000000000004 6855.5000000000009
decision_type=10 8 2 8 2 2 2 10 2 2 2 2 2 2 2 2 2 2 10 2 10 10 8 8 10 2 2 2 2 2
left_child=1 20 3 -2 -5 6 -6 8 21 26 11 12 13 -3 18 16 -16 -11 -12 -20 -1 28 24 -24 -22 -9 -10 -17 -4 -27
right_child=2 10 7 4 5 -7 -8 25 9 17 14 -13 -14 -15 15 27 -18 -19 19 -21 22 -23 23 -25 -26 29 -28 -29 -30 -31
leaf_value=-0.20924798024227026 1.4153083326816558 0.10218818439607311 -0.23670199316740037 1.3194065179824828 0.28622175829284646 1.0136079470316568 -0.38147477546158959 0.14708985111415385 0.036526083648204803 -0.6343013229221105 0.6910556262731552 0.8857182477279143 0.76685577344894407 -0.3877167080555643 -0.094058603318666834 0.106941558908452 -0.52797193434915124 0.05622747961963926 -0.49151930611709066 0.062958455266777999 -0.077662844179012328 0.02336755283176899 0.51100912179177005 -0.0061776817436575522 -0.49023870952924087 0.90399036200150196 0.48372279172212307 -0.3176489659150441 -0.93200600905077802 0.3518126604392206
leaf_weight=367 20 817 20 20 316 27 34 200 68 32 20 33 30 42 324 255 97 42 29 789 3045 27 36 1157 45 23 71 45 28 73
leaf_count=367 20 817 20 20 316 27 34 200 68 32 20 33 30 42 324 255 97 42 29 789 3045 27 36 1157 45 23 71 45 28 73
internal_value=-4.70486e-11 -0.0314293 0.223899 0.382584 0.330558 0.278099 0.22136 0.11059 -0.0392614 0.0886949 0.040293 0.129542 0.101473 0.0782347 -0.0124895 -0.0953015 -0.194034 -0.24238 0.0587605 0.0433009 -0.0696966 -0.402657 -0.0577388 0.00942896 -0.0836712 0.256392 0.26495 0.043253 -0.642296 0.484105
internal_weight=8132 7131 1001 417 397 377 350 584 288 213 2481 922 889 859 1559 721 421 74 838 818 4650 75 4283 1193 3090 296 139 300 48 96
internal_count=8132 7131 1001 417 397 377 350 584 288 213 2481 922 889 859 1559 721 421 74 838 818 4650 75 4283 1193 3090 296 139 300 48 96
is_linear=0
shrinkage=0.03


Tree=102
num_leaves=31
num_cat=0
split_feature=55 33 5 23 30 17 51 8 6 12 25 7 23 23 23 0 25 17 23 29 53 10 9 12 0 39 8 47 13 6
split_gain=59903.5 21996.8 17355.4 23520.4 27049 15911.7 14092.4 17488.5 16373 13277.9 16924.7 12837.3 25608 19305.3 12540.4 11309.8 10555.9 8695.67 12780.5 10001.1 8566.14 8167.47 9933.21 7614.8 7111.59 10118 8116.61 6799.62 5921.49 5582.49
threshold=94.085714285714289 306.50000000000006 72.500000000000014 417.92000000000002 489.31666666666678 1062.5000000000002 1875.4150000000002 26.850000000000005 2826.7650000000003 8.7500000000000018 4.5000000000000009 9.6650000000000009 93.440000000000012 188.15500000000003 352.03500000000003 28.643240000000002 4.5000000000000009 932.50000000000011 321.60500000000008 87.214285714285737 277244.05000000005 20.350000000000005 34.350000000000001 9.8500000000000032 28.662761550000003 20.150000000000002 26.550000000000004 53.305000000000007 288.50000000000006 1072.7500000000002
decision_type=10 10 2 2 2 2 2 2 2 2 2 2 2 2 2 2 2 2 2 2 2 2 2 2 2 10 2 8 2 2
left_child=15 2 11 4 5 -4 7 -5 -8 10 -3 12 16 -14 -6 23 -2 18 -13 -19 21 22 27 29 25 -23 -26 -17 -22 -1
right_child=1 9 3 6 14 -7 8 -9 -10 -11 -12 17 13 -15 -16 20 -18 19 -20 -21 28 24 -24 -25 26 -27 -28 -29 -30 -31
leaf_value=-0.091923090142023559 0.078098368852034847 0.43582714062816691 0.37682470622057518 -0.038536103215564957 0.58584760981447559 0.029404353834258819 0.50151608229991584 0.28618057188391688 -0.043169579721987247 -0.2452178253829479 1.3873050322830676 -0.032959000515145852 0.75594522941468367 0.13672802910900542 1.5182621637412479 -0.070743643574147336 -0.44116477869451043 -0.056025452711406701 0.75961483478546132 -0.38113543000258504 0.70119847909212107 0.73322941803932185 0.67682648475353524 -0.19846004735413872 -0.28160911433696745 0.038375522843210358 -0.047870284184392854 0.19239990554417349 0.096681482641824648 0.025919698495764372
leaf_weight=2281 69 106 303 773 34 195 131 185 80 20 20 143 67 140 21 166 72 197 21 150 25 20 26 521 150 331 1231 189 35 430
leaf_count=2281 69 106 303 773 34 195 131 185 80 20 20 143 67 140 21 166 72 197 21 150 25 20 26 521 150 331 1231 189 35 430
internal_value=-1.82627e-10 0.114632 0.0943668 0.149311 0.310514 0.240787 0.0730539 0.0241701 0.295 0.472873 0.586855 -0.0157781 0.124756 0.337151 0.94186 -0.0578354 -0.187057 -0.111484 0.0685291 -0.196563 -0.00491089 -0.014948 0.110807 -0.0934186 -0.0426113 0.0779683 -0.0732583 0.0693525 0.348564 -0.0732317
internal_weight=8132 2727 2581 1722 553 498 1169 958 211 146 126 859 348 207 55 5405 141 511 164 347 2173 2113 381 3232 1732 351 1381 355 60 2711
internal_count=8132 2727 2581 1722 553 498 1169 958 211 146 126 859 348 207 55 5405 141 511 164 347 2173 2113 381 3232 1732 351 1381 355 60 2711
is_linear=0
shrinkage=0.03


Tree=103
num_leaves=31
num_cat=0
split_feature=55 15 7 57 12 6 15 31 13 9 13 55 55 24 53 31 19 33 12 10 9 21 1 10 15 58 23 19 23 5
split_gain=57420.7 20546.2 18677.6 23797.6 21652.2 17888.4 15323.4 18091.4 15250.5 22601.3 23552.1 13962.1 13703.6 17255.8 12863.5 14868.7 12065.8 10951.8 11922.1 10006.6 11950.4 9342.36 7900.76 8968.99 7830.16 7663.47 11485 6881.24 6439.48 13094.7
threshold=177.03571428571431 986.6500000000002 19.215000000000003 279.07142857142861 3.1000000000000005 1875.4150000000002 986.6500000000002 1786.941428571429 216.00000000000003 30.050000000000004 128.50000000000003 218.64285714285717 228.63571428571433 341.63000000000005 252796.95000000004 5469.3542857142866 12.702083333333333 163.50000000000003 6.6500000000000012 12.750000000000002 31.150000000000002 144.50000000000003 77.188546500000015 11.550000000000002 988.75000000000011 39.250000000000007 2137.0800000000004 10.325000000000001 14675.535000000002 2099.0000000000005
decision_type=10 2 2 10 2 2 2 2 2 2 2 10 10 2 2 2 2 8 2 2 2 2 2 2 2 8 2 2 2 2
left_child=1 14 3 -2 -5 8 -4 11 9 10 -3 16 21 -14 15 19 -8 25 -19 -1 -21 -6 23 -10 -11 26 -7 -13 -16 -30
right_child=2 5 6 4 12 17 7 -9 22 24 -12 27 13 -15 28 -17 -18 18 -20 20 -22 -23 -24 -25 -26 -27 -28 -29 29 -31
leaf_value=0.59427954053878784 1.2274598264694214 0.19359903056498456 -0.63903313815593721 1.2679468359947204 0.21233050287879526 0.10455704862219763 -0.22497357951042182 0.53817047105291316 0.20839856014382549 0.66375871924212182 -0.38771074513594311 0.074509283735033335 -0.13703707194328307 0.6796653950558259 0.043670579575510182 -0.49320084335712283 0.50794064493282987 1.1631327419355511 0.18434580079146795 -0.17481267510694373 -0.05158295791326039 -0.25659728075377641 -0.096145820422203737 -0.019698419698519883 0.22954708446474636 0.012032674399889864 0.75595734415309768 0.37498103840713914 -0.10340522181987762 0.98219151449203479
leaf_weight=20 27 207 24 20 188 58 167 85 205 83 90 170 30 104 495 78 23 24 21 905 3258 48 793 638 68 106 42 115 20 20
leaf_count=20 27 207 24 20 188 58 167 85 205 83 90 170 30 104 495 78 23 24 21 905 3258 48 793 638 68 106 42 115 20 20
internal_value=-1.3117e-10 -0.0298675 0.212772 0.366129 0.306499 0.0431131 0.103269 0.135082 0.0142959 0.16938 0.0174446 0.0629504 0.254529 0.496822 -0.0653991 -0.0828085 -0.136252 0.282376 0.706366 -0.0751559 -0.078372 0.116955 -0.0281721 0.03577 0.46822 0.189757 0.378145 0.195752 0.0732573 0.439393
internal_weight=8132 7131 1001 417 390 2335 584 560 2084 448 297 475 370 134 4796 4261 190 251 45 4183 4163 236 1636 843 151 206 100 285 535 40
internal_count=8132 7131 1001 417 390 2335 584 560 2084 448 297 475 370 134 4796 4261 190 251 45 4183 4163 236 1636 843 151 206 100 285 535 40
is_linear=0
shrinkage=0.03


Tree=104
num_leaves=31
num_cat=0
split_feature=32 37 60 34 1 16 33 1 14 12 16 8 21 5 65 21 52 18 16 17 24 12 14 15 8 8 38 24 1 12
split_gain=53492.2 26012.4 16538.3 16191.1 15172.8 14978.7 14266.1 13969.6 13906 13099.1 11576.9 10308.9 10083.8 7861.19 7004.49 6270.46 5979.91 5920.32 5890.39 5613.91 5468.84 5436.54 5212.98 4986.46 3958.23 5059.24 3818.81 3442.62 4226.13 2417.42
threshold=163.50000000000003 182.83333333333334 13.15 55.099999999999987 77.131314500000016 29.000000000000004 259.50000000000006 77.13893400000002 24.750000000000004 4.9500000000000011 14.750000000000002 16.350000000000005 2024.5000000000002 175.00000000000003 119.70714285714287 89.500000000000014 8426.0000000000018 6482.5000000000009 15.450000000000001 807.50000000000011 444.03500000000008 7.8500000000000005 5.2500000000000009 992.1500000000002 26.650000000000002 27.150000000000002 30.723372093023258 556.07000000000005 77.239399000000006 4.0500000000000007
decision_type=10 10 10 8 2 2 10 2 2 2 2 2 2 2 8 2 2 2 2 2 2 2 2 2 2 2 8 2 2 2
left_child=3 -2 9 17 10 6 8 -6 12 14 15 -9 -5 19 -3 -4 -12 18 20 -11 22 26 -1 -16 -20 -26 -19 28 -7 -22
right_child=1 2 4 5 7 27 -8 11 -10 13 16 -13 -14 -15 23 -17 -18 21 24 -21 29 -23 -24 -25 25 -27 -28 -29 -30 -31
leaf_value=0.045407685127854341 -0.88555390048027038 1.2580618951320648 0.24343311109963586 0.01630450631104487 -0.47619189808497553 -0.51640376264850296 0.72019322905402916 -0.058875740009962638 0.80393551920354356 0.4386484542730692 0.34157762201090985 0.19317772537150968 -0.43066139964953715 0.72523398558298746 0.86448860825172491 0.72977184227854019 -0.14984509799342888 -0.0041357763335108759 -0.20045837601312788 -0.029734571169542728 -0.38264380537650799 -0.05767656303023639 -0.13563163351475635 0.26833289965339324 0.15291490179041159 -0.10972879238724072 0.50800856747125323 -0.029327881304281097 -0.023450835406780241 -0.11775153940916061
leaf_weight=600 20 20 34 3650 37 72 26 204 20 37 52 514 46 27 28 80 39 20 435 61 44 73 188 23 69 1522 38 28 20 105
leaf_count=600 20 20 34 3650 37 72 26 204 20 37 52 514 46 27 28 80 39 20 435 61 44 73 188 23 69 1522 38 28 20 105
internal_value=-2.82423e-10 0.18713 0.205689 -0.0316367 0.154417 0.00933027 0.0199104 0.0922697 0.0150107 0.456817 0.3833 0.121564 0.0107416 0.27198 0.782233 0.584723 0.130968 -0.0827727 -0.0914984 0.147104 -0.0293003 0.114589 0.00221556 0.595634 -0.120264 -0.0983382 0.331407 -0.320594 -0.40924 -0.195975
internal_weight=8132 1176 1156 6956 960 3862 3742 755 3716 196 205 718 3696 125 71 114 91 3094 2963 98 937 131 788 51 2026 1591 58 120 92 149
internal_count=8132 1176 1156 6956 960 3862 3742 755 3716 196 205 718 3696 125 71 114 91 3094 2963 98 937 131 788 51 2026 1591 58 120 92 149
is_linear=0
shrinkage=0.03


Tree=105
num_leaves=31
num_cat=0
split_feature=55 15 60 46 8 29 42 9 52 50 0 55 52 19 12 15 55 17 34 52 13 55 48 7 47 56 10 1 32 9
split_gain=51067.9 18651.1 18066.8 18557.9 17684.7 15701 13175.8 12642.5 12776.2 12285.6 12052.2 11136.1 11123.5 10958.6 11944.3 10491.8 10427.6 9959.52 9913.19 9354.29 8516.61 8391.05 9307.32 8021.17 7998.59 11624.9 7929.2 7829.38 7793.55 7333.61
threshold=177.03571428571431 986.6500000000002 11.7125 13.165000000000001 26.650000000000002 487.85714285714295 38.850000000000001 21.200000000000006 2250.0000000000005 1.0000000180025095e-35 28.643240000000002 218.64285714285717 3664.7500000000005 13.4 8.9500000000000011 986.75000000000011 280.21428571428578 605.00000000000011 154.16666666666671 4118.2500000000009 299.50000000000006 120.62142857142858 51.306046511627912 21.400000000000002 75.350000000000023 48.150000000000013 10.65 77.159231500000018 89.050000000000011 30.950000000000003
decision_type=10 2 10 8 2 2 8 2 2 2 2 10 2 2 2 2 10 2 10 2 2 10 10 2 8 8 2 2 10 2
left_child=1 10 3 -2 5 12 -7 11 -9 21 29 23 17 14 27 -14 18 -3 -10 -18 -5 22 -6 -4 28 -26 -13 -12 -15 -1
right_child=2 4 7 20 9 6 -8 8 16 -11 13 26 15 24 -16 -17 19 -19 -20 -21 -22 -23 -24 -25 25 -27 -28 -29 -30 -31
leaf_value=-0.21211908563686782 1.1929977489842309 -0.13933908197614883 -0.064546777638606723 0.45348854816063888 0.71633637303529785 0.053815355641501285 1.1165279534618771 0.84205399142371284 0.69517787424417643 0.058515877527253929 0.37934457262314547 0.44015378837889807 0.37610020896321844 -0.066377617073407377 -0.14792000274329137 -0.037465793839825533 1.0004203017898228 0.33621341475216837 0.09401744964138313 0.29045429027959946 -0.086594311757521192 0.99769996014508344 0.16785009706876231 -0.59434168022732403 0.68794259900450705 0.024294094971656424 -0.17209175841417163 0.083692402275900038 -0.39473500233629477 -0.081588888422016587
leaf_weight=471 27 54 64 129 43 21 21 27 26 133 146 47 57 1138 108 1756 23 149 489 61 33 22 79 43 25 477 32 180 69 2182
leaf_count=471 27 54 64 129 43 21 21 27 26 133 146 47 57 1138 108 1756 23 149 489 61 33 22 79 43 25 477 32 180 69 2182
internal_value=-1.84551e-10 -0.0281669 0.200657 0.464833 0.0413666 0.011077 0.585172 0.139168 0.203693 0.266407 -0.0620202 -0.0779967 -0.0008833 -0.00910593 0.125515 -0.0244634 0.174919 0.209712 0.124367 0.48485 0.343472 0.458417 0.361169 -0.277455 -0.0432929 0.0573443 0.192156 0.216101 -0.0851487 -0.104763
internal_weight=8132 7131 1001 189 2335 2058 42 812 626 277 4796 186 2016 2143 434 1813 599 203 515 84 162 144 122 107 1709 502 79 326 1207 2653
internal_count=8132 7131 1001 189 2335 2058 42 812 626 277 4796 186 2016 2143 434 1813 599 203 515 84 162 144 122 107 1709 502 79 326 1207 2653
is_linear=0
shrinkage=0.03


Tree=106
num_leaves=31
num_cat=0
split_feature=55 33 21 17 53 7 22 28 12 24 55 17 0 35 15 53 47 17 12 24 25 63 22 30 8 41 29 33 7 16
split_gain=48157 18452.1 19737 18600.8 27664.1 22794.1 20866.4 13117.8 12060.6 17665.8 10617 10557 10124.3 9045.89 7608.73 8731.47 6875.4 6820.55 6481.71 6856.51 6195.76 5931.57 5695.31 4721.69 4574.54 4435.24 4910.67 4165.94 3711.45 3120.84
threshold=94.085714285714289 306.50000000000006 30.500000000000004 1062.5000000000002 83756.500000000015 15.4 50.000000000000007 108.00000000000001 8.7500000000000018 333.44000000000005 228.63571428571433 1052.5000000000002 28.643240000000002 101.50000000000001 975.95000000000016 277244.05000000005 67.008273381294984 677.50000000000011 9.8500000000000032 4833.5900000000011 3.5000000000000004 8.2721428571428586 30.500000000000004 6031.7150000000011 31.150000000000002 17.250000000000004 358.35714285714295 92.450000000000017 79.27500000000002 14.950000000000001
decision_type=10 10 2 2 2 2 2 2 2 2 10 2 2 10 2 2 8 2 2 2 2 8 2 2 2 8 2 8 2 2
left_child=12 2 13 5 10 6 -4 -6 9 -3 -5 -7 18 -2 24 16 29 -18 19 23 27 -17 -22 28 -14 -11 -27 -15 -1 -16
right_child=1 8 3 4 7 11 -8 -9 -10 25 -12 -13 14 20 15 21 17 -19 -20 -21 22 -23 -24 -25 -26 26 -28 -29 -30 -31
leaf_value=-0.079087157342458914 -0.74834287476539607 1.3573107118606567 0.90391130848364398 -0.51994853089658577 -0.070255233734959371 0.062906056269436975 0.30518062253284645 0.14798645491114504 -0.25349412103369828 0.76441099596294482 0.12504235494136809 0.61907008582895451 -0.16609746327897643 -0.27896291163460957 0.067605697154518099 0.81646130043268206 -0.38453729180189278 0.11139524358587809 -0.18243409775908062 0.17945899731270512 -0.015299957143408911 0.15379415226078802 -0.37354752227183313 -0.44417951183934362 0.054965287679931085 0.15347984336671375 0.68320568765912737 0.1198407104061473 0.10385085458938891 -0.060601409051650713
leaf_weight=2478 20 20 66 98 331 444 254 987 20 22 30 33 340 29 217 20 26 623 521 98 70 31 93 31 112 63 21 126 104 804
leaf_count=2478 20 20 66 98 331 444 254 987 20 22 30 33 340 29 217 20 26 623 521 98 70 31 93 31 112 63 21 126 104 804
internal_value=-1.49473e-10 0.10278 0.0842194 0.116424 0.0522852 0.23279 0.428669 0.0931777 0.43089 0.539522 -0.368779 0.101383 -0.0518557 -0.12949 -0.00178187 0.0269872 0.0151785 0.0915274 -0.0855223 -0.0668978 -0.0905689 0.413664 -0.219699 -0.0761374 -0.111321 0.385223 0.285911 0.0452258 -0.0717186 -0.0333527
internal_weight=8132 2727 2581 2243 1446 797 320 1318 146 126 128 477 5405 338 2173 1721 1670 649 3232 2711 318 51 163 2613 452 106 84 155 2582 1021
internal_count=8132 2727 2581 2243 1446 797 320 1318 146 126 128 477 5405 338 2173 1721 1670 649 3232 2711 318 51 163 2613 452 106 84 155 2582 1021
is_linear=0
shrinkage=0.03


Tree=107
num_leaves=29
num_cat=0
split_feature=55 13 47 0 10 15 21 15 29 21 21 9 34 52 7 12 30 13 6 12 28 28 6 41 10 45 34 13
split_gain=46048.3 17457.3 17155.2 15566.3 15030 16860 26021.6 14755.5 15133.5 16042.3 20150.1 12753 12376.5 10712.2 10646.5 9866.87 7129.21 6864.8 6583.57 6218.83 6018.29 10187.4 5923.89 5215.03 4717.47 4127.99 3986.71 2778.59
threshold=177.03571428571431 105.50000000000001 51.630000000000003 28.643240000000002 11.65 992.95000000000016 101.50000000000001 986.6500000000002 384.64285714285717 163.50000000000003 89.500000000000014 27.050000000000004 164.16666666666671 2250.0000000000005 38.465000000000011 4.5500000000000007 13973.853333333334 281.50000000000006 10283.990000000002 9.6500000000000004 478.00000000000006 414.66666666666669 469.30000000000007 32.250000000000007 14.050000000000002 18.950000000000003 164.16666666666671 281.50000000000006
decision_type=10 2 8 2 2 2 2 2 2 2 2 2 8 2 2 2 2 2 2 2 2 2 2 8 2 8 10 2
left_child=2 -2 16 13 5 6 -5 -3 9 10 -9 15 -13 26 -11 -6 18 -7 20 22 21 -1 -15 -10 -25 -22 -4 -21
right_child=1 7 3 4 11 17 -8 8 23 14 -12 12 -14 19 -16 -17 -18 -19 -20 27 25 -23 -24 24 -26 -27 -28 -29
leaf_value=-0.085572097184925852 0.95774134039878844 -0.52145877970589538 0.71323691896416919 1.2983875607392366 -0.64839569298550481 0.58062192052602768 0.15597349678215228 0.086719619420625643 0.26156825884695978 -0.2670982214783359 0.42923409994368283 0.066054886021640113 0.53301869589062223 -0.074967585720219887 0.14384309838559212 -0.078971942089498051 0.42402096440792081 -0.044912666463851926 -0.54255832027111728 -0.25791609490926776 0.02300471275636265 -0.66067281016281676 0.032204179243960337 0.99127492858517552 0.42421631113342617 0.40746355745941398 0.12800628590583799 -0.063103137294658357
leaf_weight=2788 26 27 22 34 32 20 38 371 31 115 265 1412 53 1102 112 190 25 75 28 169 155 28 802 31 23 30 20 108
leaf_count=2788 26 27 22 34 32 20 38 371 31 115 265 1412 53 1102 112 190 25 75 28 169 155 28 802 31 23 30 20 108
internal_value=-2.33409e-11 0.190541 -0.0267468 0.0135257 0.0777143 0.349199 0.695447 0.170082 0.189778 0.15216 0.229434 0.0508395 0.0829485 -0.0400082 -0.064343 -0.161051 -0.0805093 0.0867788 -0.0846734 -0.0491469 -0.0804013 -0.0912904 -0.0298249 0.571707 0.74975 0.0853494 0.434556 -0.18196
internal_weight=8132 1001 7131 4077 1854 167 72 975 948 863 636 1687 1465 2223 227 222 3054 95 3029 2181 3001 2816 1904 85 54 185 42 277
internal_count=8132 1001 7131 4077 1854 167 72 975 948 863 636 1687 1465 2223 227 222 3054 95 3029 2181 3001 2816 1904 85 54 185 42 277
is_linear=0
shrinkage=0.03


Tree=108
num_leaves=31
num_cat=0
split_feature=55 60 63 15 8 29 50 9 20 21 6 53 29 55 13 8 5 60 18 53 13 21 48 29 18 40 53 29 5 5
split_gain=43326.8 16841.7 17206.6 16265.6 16510.8 14644.1 11423.9 11177.4 11730.7 11934 14889.9 10725 13111.9 10368.2 9754.89 22750 10614.5 9306.22 9091.48 10543.5 9086.8 7941.24 7912.51 7720.54 6412.88 6346.65 6050.18 5886.14 7333.1 7197.69
threshold=177.03571428571431 11.7125 13.389285714285716 986.6500000000002 26.650000000000002 487.85714285714295 1.0000000180025095e-35 21.200000000000006 2250.0000000000005 66.500000000000014 306.56000000000006 252796.95000000004 878.71428571428567 218.64285714285717 121.50000000000001 18.050000000000004 63.500000000000007 32.45000000000001 3411.0000000000005 92916.050000000017 305.50000000000006 166.50000000000003 69.350000000000023 489.35714285714295 4479.5000000000009 39.716666666666676 59029.400000000001 1874.3571428571429 948.00000000000011 2225.0000000000005
decision_type=10 10 8 2 2 2 2 2 2 2 2 2 2 10 2 2 2 10 2 2 2 2 10 2 2 10 2 2 2 2
left_child=3 2 -2 11 5 14 22 13 -9 17 -11 12 20 21 15 -5 -16 -10 26 -20 23 -3 -6 -1 -22 -7 -4 28 -13 -29
right_child=1 7 18 4 6 25 -8 8 9 10 -12 27 -14 -15 16 -17 -18 -19 19 -21 24 -23 -24 -25 -26 -27 -28 29 -30 -31
leaf_value=-0.0882428121604837 1.2088895803430806 -0.14348480835556984 0.22874465403556821 0.61147884849559608 0.68674928272687463 0.95093960845470427 0.055965180860384177 0.79781151745054457 -0.77467911575521742 0.53997600039031279 0.12576710393567653 0.091458524605730576 -0.45883985388164333 0.18193448280609106 -0.13765821606217368 -0.083868510445410549 0.022788883215437098 0.10824067749421705 -0.13248733253114753 0.49312369412996548 -0.30520842945575716 -0.79421116147722515 0.23987090573563605 0.088049294205398115 0.16161513594049234 0.21253933277997103 0.81563310168510261 0.82152789044380192 -0.22223005783371627 0.016672470185905695
leaf_weight=3689 23 86 25 74 65 20 133 27 21 94 462 415 78 79 515 99 1328 22 54 44 30 21 79 238 226 22 43 20 80 20
leaf_count=3689 23 86 25 74 65 20 133 27 21 94 462 415 78 79 515 99 1328 22 54 44 30 21 79 238 226 22 43 20 80 20
internal_value=3.07991e-11 0.184824 0.439886 -0.0259444 0.0389904 0.0097234 0.256433 0.125457 0.186128 0.158556 0.195795 -0.0575588 -0.0734552 -0.0787382 -0.00182733 0.213563 -0.0220458 -0.322953 0.333337 0.148399 -0.066269 -0.271197 0.441587 -0.0775584 0.106909 0.564159 0.599865 0.0690484 0.0407614 0.4191
internal_weight=8132 1001 189 7131 2335 2058 277 812 626 599 556 4796 4261 186 2016 173 1843 43 166 98 4183 107 144 3927 256 42 68 535 495 40
internal_count=8132 1001 189 7131 2335 2058 277 812 626 599 556 4796 4261 186 2016 173 1843 43 166 98 4183 107 144 3927 256 42 68 535 495 40
is_linear=0
shrinkage=0.03


Tree=109
num_leaves=31
num_cat=0
split_feature=55 34 56 21 7 20 5 18 25 0 29 47 14 19 56 59 53 22 13 33 21 24 7 63 56 16 34 16 5 33
split_gain=41055.8 16570.9 15310.4 16840.3 15786.4 13627.2 13223.5 11522.2 9619.32 9148.2 6951.04 6775.09 5960.91 5830.67 5237.66 9574.61 6165.11 5155.57 4976.24 4772.19 4579.6 4954.62 4344.04 4179.55 3237.75 2352.43 2348.15 2137.18 1818 1384.62
threshold=94.085714285714289 301.50000000000006 66.750000000000014 30.500000000000004 8.7650000000000023 4360.0000000000009 69.000000000000014 3340.5000000000005 3.5000000000000004 28.643240000000002 1826.2857142857144 67.008273381294984 3.5000000000000004 25.985416666666669 44.850000000000001 20.461904761904766 137867.70000000004 88.500000000000014 330.50000000000006 93.15000000000002 2024.5000000000002 10283.990000000002 94.990000000000023 13.577857142857146 194.50000000000003 10.550000000000002 70.966666666666683 16.050000000000004 1.5000000000000002 67.15000000000002
decision_type=10 10 10 2 2 2 2 2 2 2 2 8 2 2 8 8 2 2 2 10 2 2 2 8 10 2 8 2 2 10
left_child=9 2 -2 8 7 -3 -6 -5 19 12 11 22 18 26 15 -13 -16 -7 20 -4 21 -1 25 -10 -24 -11 -14 -19 -15 -22
right_child=1 5 3 4 6 17 -8 -9 23 10 -12 14 13 28 16 -17 -18 27 -20 -21 29 -23 24 -25 -26 -27 -28 -29 -30 -31
leaf_value=-0.065394106240578023 0.86789119326255537 1.0418983414438037 -0.29261617731663486 0.6587414992298628 -0.076742653409212644 -0.065498016082814761 0.1157276436468479 0.17278474013010661 -0.66743324583226982 0.20564088741689918 0.55642131507396697 0.84859224472727102 -0.16704357250470844 0.38073301851749419 -0.12012408629385754 -0.0055120347316066423 0.090143456380951129 0.19006446104496716 0.19390318231657147 0.1219219745938168 -0.18595472428058696 0.31628495944123114 0.027274914275516163 -0.2248355614566645 0.49712133699181404 -0.063114701723548716 -0.38988017806540365 0.58089081627919392 -0.018922431841492653 -0.51228214073181155
leaf_weight=2430 22 27 31 74 397 28 1684 108 22 30 20 21 569 21 160 27 582 20 68 129 22 31 33 151 22 1278 46 34 20 25
leaf_count=2430 22 27 31 74 397 28 1684 108 22 30 20 21 569 21 160 27 582 20 68 129 22 31 33 151 22 1278 46 34 20 25
internal_value=1.78388e-10 0.0948998 0.0798101 0.0731315 0.102442 0.457329 0.0790094 0.370372 -0.126057 -0.0478801 -0.000281152 -0.00545256 -0.0798827 -0.160618 0.0644497 0.368159 0.0448027 0.264849 -0.0593228 0.0416052 -0.0661886 -0.0605863 -0.0459682 -0.28112 0.215213 -0.0569506 -0.183711 0.43614 0.185779 -0.359533
internal_weight=8132 2727 2618 2596 2263 109 2081 182 333 5405 2173 2153 3232 656 790 48 742 82 2576 160 2508 2461 1363 173 55 1308 615 54 41 47
internal_count=8132 2727 2618 2596 2263 109 2081 182 333 5405 2173 2153 3232 656 790 48 742 82 2576 160 2508 2461 1363 173 55 1308 615 54 41 47
is_linear=0
shrinkage=0.03


Tree=110
num_leaves=31
num_cat=0
split_feature=15 6 55 34 55 20 8 43 8 24 24 29 56 15 17 17 5 50 10 22 15 21 68 43 9 33 7 10 35 43
split_gain=38923 22793 25189 22649.9 29042.4 15599.5 14199.7 13868.4 12681.9 21921.3 16516.9 15233.4 12387.1 13578.9 10204.7 16335.6 9955.43 9924.57 9536.26 9462.85 8774.77 8739.74 9110.81 9079.9 8407.54 6969.41 6780.45 5870.4 4681.43 4015.2
threshold=986.6500000000002 1875.4150000000002 228.63571428571433 194.50000000000003 170.03571428571431 5103.0000000000009 19.250000000000004 12.033333333333323 26.850000000000005 578.1350000000001 524.57500000000016 80.500000000000014 394.50000000000006 991.75000000000011 3105.0000000000005 3417.5000000000005 2099.0000000000005 1.0000000180025095e-35 12.750000000000002 830.00000000000011 992.25000000000011 570.00000000000011 3.5000000000000004 30.266666666666676 30.950000000000003 73.050000000000011 36.285000000000004 12.15 264.50000000000006 27.100000000000001
decision_type=2 2 10 10 10 2 2 10 2 2 2 2 10 2 2 2 2 2 2 2 2 2 2 10 2 10 2 2 10 10
left_child=3 2 8 4 14 12 27 -3 9 10 -2 -11 13 -4 18 16 -16 26 -1 -17 -14 22 29 -23 -20 -24 -10 -7 -19 -9
right_child=1 7 5 -5 -6 6 -8 21 17 11 -12 -13 20 -15 15 19 -18 28 24 -21 -22 23 25 -25 -26 -27 -28 -29 -30 -31
leaf_value=0.58069557934999461 0.013404181746709307 1.0554349943782602 0.29341907669718448 -0.97360211133956909 1.0911303824186325 0.079121351562164446 0.46169156983494758 0.29783611256629228 0.23803426664322613 0.44045361860655247 0.31179234214086787 -0.23869190188852232 0.53517251285639666 1.1880351405530363 0.19396782242680249 0.033864466437579337 0.89318675959110261 -0.13367846649740975 -0.16423010509161812 -0.26195923124732323 0.02460526068295751 0.083207792043685905 -0.37872720229965839 0.87659160858875995 -0.054839904891459068 0.17147982226299238 0.72518480626742043 -0.32697300578203964 0.24653375379876658 0.89177550656454907
leaf_weight=20 1712 21 26 24 20 81 64 20 60 32 185 418 66 37 219 336 20 62 784 137 56 20 23 37 3269 209 45 53 55 21
leaf_count=20 1712 21 26 24 20 81 64 20 60 32 185 418 66 37 219 336 20 62 784 137 56 20 23 37 3269 209 45 53 55 21
internal_value=1.36072e-10 0.0793597 0.0521851 -0.0542815 -0.0496897 0.279146 0.0940784 0.307905 0.0183486 -0.00215132 0.0425037 -0.190397 0.477219 0.818829 -0.054458 0.0503269 0.25248 0.235075 -0.0727754 -0.0518181 0.300814 0.260335 0.18979 0.598211 -0.076 0.116933 0.446813 -0.0814981 0.0450538 0.602049
internal_weight=8132 3303 2952 4829 4805 383 198 351 2569 2347 1897 450 185 63 4785 712 239 222 4073 473 122 330 273 57 4053 232 105 134 117 41
internal_count=8132 3303 2952 4829 4805 383 198 351 2569 2347 1897 450 185 63 4785 712 239 222 4073 473 122 330 273 57 4053 232 105 134 117 41
is_linear=0
shrinkage=0.03


Tree=111
num_leaves=31
num_cat=0
split_feature=55 60 46 0 20 10 15 24 9 16 15 50 9 16 9 55 24 20 50 6 30 62 9 53 33 18 53 54 20 62
split_gain=37126 15511.4 16142.4 14342.6 14323.1 12445 18425.9 18252.7 12669.9 14319.8 12325.2 16718.1 13033.8 10739.1 9910.83 8696.12 8043.73 10514.3 7120.29 6893.49 10199.5 9051.65 6644.92 7275.12 6219.39 6182.32 8845.86 6064.61 5266.22 6916.01
threshold=177.03571428571431 11.7125 13.165000000000001 28.643240000000002 2250.0000000000005 11.65 992.1500000000002 524.57500000000016 27.050000000000004 13.300000000000002 986.85000000000002 1.0000000180025095e-35 28.450000000000003 8.5000000000000018 24.450000000000003 280.21428571428578 2958.5050000000006 9486.2500000000018 1.0000000180025095e-35 512.86000000000013 275.5150000000001 16.029244604316549 38.000000000000007 228780.80000000002 132.50000000000003 3411.0000000000005 92916.050000000017 218.50000000000003 3816.5000000000005 45.45000000000001
decision_type=10 10 8 2 2 2 2 2 2 2 2 2 2 2 2 10 2 2 2 2 2 8 2 2 10 2 2 10 2 8
left_child=3 2 -2 4 14 6 7 24 9 -7 12 -12 -10 -3 -1 16 17 -15 -8 22 -21 -22 23 -6 -5 -4 -27 -28 -17 -30
right_child=1 13 25 5 19 8 18 -9 10 -11 11 -13 -14 15 -16 28 -18 -19 -20 20 21 -23 -24 -25 -26 26 27 -29 29 -31
leaf_value=0.11765312234560649 1.0949947395589616 0.73926517039537432 0.52619460436430843 -0.052836194549288069 -0.098087487877842813 -0.66640500938892366 0.49101660237230105 1.3954729570661271 0.49985738404419106 -0.088969054906798975 0.43868106381697897 0.043697629035644545 -0.010681111429029931 0.079837670452290718 0.95057444334821772 0.75220058396458622 0.54819141318058151 -0.29938117813419651 -0.029597658966667949 0.64178089814526695 -0.11828153021822246 0.038619581592083882 0.15185392245710375 -0.42214135956019161 0.66894969463348386 -0.11588293211391339 0.093482597896030958 0.79862294406994527 0.45466609005900943 -0.18727671989442213
leaf_weight=36 27 24 66 21 2421 45 29 21 46 274 145 288 2080 594 20 24 29 74 128 21 553 824 93 64 22 52 21 23 44 23
leaf_count=36 27 24 66 21 2421 45 29 21 46 274 145 288 2080 594 20 24 29 74 128 21 553 824 93 64 22 52 21 23 44 23
internal_value=1.53787e-10 0.171088 0.415869 -0.0240162 -0.0613163 0.0245137 0.241463 0.670504 0.00785429 -0.170426 0.0300783 0.175967 0.000365347 0.114113 0.415125 0.0950732 0.059063 0.0378284 0.0665668 -0.0680267 -0.0143847 -0.0243915 -0.0971158 -0.106433 0.31645 0.302681 0.149016 0.462079 0.370887 0.234298
internal_weight=8132 1001 189 7131 4032 3099 221 64 2878 319 2559 433 2126 812 56 788 697 668 157 3976 1398 1377 2578 2485 43 162 96 44 91 67
internal_count=8132 1001 189 7131 4032 3099 221 64 2878 319 2559 433 2126 812 56 788 697 668 157 3976 1398 1377 2578 2485 43 162 96 44 91 67
is_linear=0
shrinkage=0.03


Tree=112
num_leaves=31
num_cat=0
split_feature=35 16 12 10 24 16 11 23 68 5 13 0 26 11 0 22 28 23 5 28 30 8 54 30 44 23 24 20 16 33
split_gain=35411 15722.4 17094.7 16042.2 13870 13532.5 12962.8 16449.8 12913.4 12296.2 12133.7 12089.1 16265 23542.2 13239.9 11894.6 11149.7 11162.4 10012.6 9402.08 9340.1 10263 8880.64 8422.65 7414.19 7392.45 9866.67 7320.29 7013.22 6657.65
threshold=338.50000000000006 17.650000000000002 6.2500000000000009 20.150000000000002 469.30000000000007 13.450000000000001 53.500000000000007 431.37500000000006 3.5000000000000004 570.00000000000011 121.50000000000001 28.712721700000003 11.500000000000002 78.500000000000014 28.643240000000002 108.50000000000001 723.00000000000011 2826.7650000000003 175.00000000000003 391.33333333333343 13973.853333333334 36.100000000000009 339.50000000000006 489.31666666666678 50.850000000000001 10283.990000000002 2333.5800000000004 6478.2500000000009 29.000000000000004 199.50000000000003
decision_type=10 2 2 2 2 2 2 2 2 2 2 2 2 2 2 2 2 2 2 2 2 2 8 2 8 2 2 2 2 8
left_child=1 2 3 8 22 11 16 18 23 -6 -10 12 19 14 -14 -13 17 -7 -8 24 25 -22 -4 -1 -2 26 28 -9 -3 -5
right_child=5 20 4 29 9 6 7 27 10 -11 -12 15 13 -15 -16 -17 -18 -19 -20 -21 21 -23 -24 -25 -26 -27 -28 -29 -30 -31
leaf_value=0.19992688392329475 -0.15141908559338613 -0.073098957837468434 0.041338076132895619 -0.05824362713756305 0.51596823445293638 0.21139031127530838 0.065884141203761099 0.059089907131024771 0.49420823476016523 -0.24888466114347629 0.016577936650294469 0.35159072238206862 0.51159508401697329 0.082862795591354371 1.3065198599818078 -0.67067620736147682 -0.22826674079895018 0.7987043142589656 0.7864581607920782 0.76014191551208499 -0.071904294003139843 0.86707487583160392 0.5460775275791393 0.71010831127946195 0.26505913138913456 -0.41367247246597938 0.089536318884210708 -0.40648154254935004 -0.24940253222233627 -0.4703274509310722
leaf_weight=115 55 2791 406 1777 135 248 100 42 50 22 1123 20 33 42 44 21 45 33 21 25 22 20 34 39 128 57 319 110 219 36
leaf_count=115 55 2791 406 1777 135 248 100 42 50 22 1123 20 33 42 44 21 45 33 21 25 22 20 34 39 128 57 319 110 219 36
internal_value=1.11856e-10 -0.0229984 0.0195645 -0.0084132 0.166717 0.170407 0.0824422 -0.0700629 0.0708465 0.408791 0.0369373 0.313588 0.374473 0.6542 0.965838 -0.172009 0.210153 0.280363 0.190942 0.214438 -0.0693979 0.375229 0.0803407 0.329129 0.139888 -0.0749131 -0.0691127 -0.277837 -0.0859264 -0.0664262
internal_weight=8132 7165 3737 3140 597 967 599 273 1327 157 1173 368 327 119 77 41 326 281 121 208 3428 42 440 154 183 3386 3329 152 3010 1813
internal_count=8132 7165 3737 3140 597 967 599 273 1327 157 1173 368 327 119 77 41 326 281 121 208 3428 42 440 154 183 3386 3329 152 3010 1813
is_linear=0
shrinkage=0.03


Tree=113
num_leaves=31
num_cat=0
split_feature=55 13 47 16 14 15 29 21 21 22 28 39 8 53 30 6 5 7 20 34 62 25 41 10 12 29 55 5 7 62
split_gain=33492.4 15338.2 14024 13474.6 15570.6 13218.3 12825.3 13465.7 17368.4 11567.6 15485.2 8755.55 7813.43 7270.38 6249.39 5568.45 5901.08 6137.52 5487.49 6052.55 5089.44 4646.23 4503.72 4226 4217.09 3660.63 3348.09 2637.5 2179.26 1884.31
threshold=177.03571428571431 105.50000000000001 51.630000000000003 17.650000000000002 0.75000000000000011 986.6500000000002 384.64285714285717 163.50000000000003 89.500000000000014 525.50000000000011 617.00000000000011 33.95000000000001 27.850000000000005 254562.70000000004 13973.853333333334 10283.990000000002 311.50000000000006 98.960000000000008 12642.500000000002 34.70000000000001 15.019964028776981 2.5000000000000004 32.250000000000007 14.050000000000002 8.9500000000000011 878.71428571428567 66.078571428571436 78.500000000000014 44.07500000000001 12.65
decision_type=10 2 8 2 2 2 2 2 2 2 2 8 2 2 2 2 2 2 2 10 8 2 8 2 2 2 10 2 2 10
left_child=2 -2 14 4 9 -3 7 8 -7 10 -4 -9 27 18 15 16 17 -1 19 -5 -18 -14 -8 -24 26 -20 -15 -6 -26 -11
right_child=1 5 3 13 12 6 22 11 -10 29 -12 -13 21 24 -16 -17 20 -19 25 -21 -22 -23 23 -25 28 -27 -28 -29 -30 -31
leaf_value=-0.090346623429357925 0.88162910177157472 -0.51120705975426561 0.10359117560819468 -0.17412118862481679 -0.3024090586040093 0.065633969674454229 0.22534979420323525 -0.63976401101459157 0.38362893790625174 -0.5506261645192686 0.84119418520193834 -0.009985653275396765 -0.17096906891032573 0.044742739761125416 0.4009535131931305 -0.49642569752410054 -0.040731371781573843 0.24510071121454238 -0.11548444561316012 0.028515509792066959 0.23343495267927647 0.087820407339616824 0.90761610746383659 0.37090812978800386 0.11171318405097531 -0.44323334388434887 0.29871390053536739 0.025380597839561789 -0.20968392295648855 -0.17785230916172551
leaf_weight=2695 26 27 1735 170 147 371 31 22 265 23 26 205 93 91 25 28 156 50 738 604 100 190 31 23 31 32 96 26 49 26
leaf_count=2695 26 27 1735 170 147 371 31 22 265 23 26 205 93 91 25 28 156 50 738 604 100 190 31 23 31 32 96 26 49 26
internal_value=-2.57275e-10 0.1625 -0.0228106 0.0136015 0.0623586 0.143323 0.161965 0.127335 0.198132 0.10183 0.114481 -0.0710214 -0.0943168 -0.0474056 -0.0714197 -0.0753185 -0.0713894 -0.0842365 -0.0724017 -0.0159913 0.0663648 0.00277652 0.513563 0.679018 0.0971413 -0.129105 0.175124 -0.253146 -0.0851425 -0.352828
internal_weight=8132 1001 7131 4077 2266 975 948 863 636 1810 1761 227 456 1811 3054 3029 3001 2745 1544 774 256 283 85 54 267 770 187 173 80 49
internal_count=8132 1001 7131 4077 2266 975 948 863 636 1810 1761 227 456 1811 3054 3029 3001 2745 1544 774 256 283 85 54 267 770 187 173 80 49
is_linear=0
shrinkage=0.03


Tree=114
num_leaves=31
num_cat=0
split_feature=55 34 56 37 20 5 23 7 55 68 16 24 1 38 36 22 39 12 22 20 22 24 18 7 24 18 18 14 61 32
split_gain=31649.4 13750.9 14342.7 12354.6 12188 10209.5 20519.4 15868.4 7895.18 7439.96 7074.88 9098.61 6623.41 7292.94 10898.7 5225.56 5990.7 5203.4 4414.66 3458.07 4470.21 3772.72 3456.44 2264.75 1967.07 1749.98 3463.01 1165.91 1006.47 889.517
threshold=94.085714285714289 301.50000000000006 66.750000000000014 125.33333333333336 4360.0000000000009 74.500000000000014 417.92000000000002 9.6650000000000009 28.25357142857143 21.500000000000004 22.200000000000006 7799.380000000001 77.188546500000015 22.150000000000002 71.750000000000014 295.50000000000006 30.723372093023258 10.15 88.500000000000014 22902.500000000004 1727.0000000000002 146.87000000000003 4871.5000000000009 23.045000000000005 491.66500000000002 5282.5000000000009 5414.0000000000009 0.8500000000000002 21.450000000000003 28.750000000000004
decision_type=10 10 10 10 2 2 2 2 8 2 2 2 2 8 8 2 10 2 2 2 2 2 2 2 2 2 2 2 8 10
left_child=8 2 -2 -4 -3 7 -7 -5 23 10 11 17 13 14 -11 28 -17 -10 -6 21 -21 -12 -15 25 -20 27 -27 29 -14 -1
right_child=1 4 3 5 18 6 -8 -9 9 12 19 -13 15 22 -16 16 -18 -19 24 20 -22 -23 -24 -25 -26 26 -28 -29 -30 -31
leaf_value=-0.022344890844918065 0.83234524385495612 0.96631665428479518 -0.6615934002399444 0.14820049135113314 -0.074246504775115407 0.2711015269365854 0.043380390506301152 -0.11274976797950538 -0.02502612616542917 -0.082452273237705223 -0.085783466594980748 0.44485769792183022 -0.001563309394829982 -0.042254181770568201 0.72407095988330084 0.59871514713764185 -0.11121456851129946 -0.48828499278561638 0.62602878177165988 -0.011507009564644911 -0.31858572381643618 -0.24927284483583467 0.11131917876313646 0.1017138708443255 0.25107842971296873 0.095995427239686251 -0.13622193476487165 -0.20502581926388802 -0.17377759798190423 -0.24825301376836639
leaf_weight=62 22 27 21 339 28 511 1175 550 2688 25 244 37 37 188 38 20 23 22 20 330 49 265 442 37 34 72 293 337 175 21
leaf_count=62 22 27 21 339 28 511 1175 550 2688 25 244 37 37 188 38 20 23 22 20 330 49 265 442 37 34 72 293 337 175 21
internal_value=-3.36703e-10 0.0833221 0.0695762 0.0631121 0.413476 0.0690223 0.112399 -0.0132423 -0.0420388 -0.0266832 -0.0462034 -0.0224073 0.0481647 0.0962665 0.404022 -0.082559 0.218985 -0.0287869 0.231443 -0.119816 -0.0512085 -0.170901 0.0654909 -0.127652 0.389949 -0.138463 -0.0904147 -0.18022 -0.143721 -0.0795024
internal_weight=8132 2727 2618 2596 109 2575 1686 889 5405 4583 3635 2747 948 693 63 255 43 2710 82 888 379 509 630 822 54 785 365 420 212 83
internal_count=8132 2727 2618 2596 109 2575 1686 889 5405 4583 3635 2747 948 693 63 255 43 2710 82 888 379 509 630 822 54 785 365 420 212 83
is_linear=0
shrinkage=0.03


Tree=115
num_leaves=31
num_cat=0
split_feature=15 34 13 0 0 1 26 11 33 16 13 13 46 17 17 12 10 13 30 8 20 26 11 22 22 12 62 63 6 12
split_gain=30065.9 21595.1 20228 24095.9 17432.6 15510.2 15292.5 19998 15157.8 14597 13465.3 11745.3 11097.9 10189.7 13356.3 9048.51 8596.44 8417.62 8396.8 8303.1 8557.63 7924.12 7707.16 6992.63 6574.58 6564.32 6320.48 9116.63 6108.24 5914.51
threshold=986.6500000000002 189.50000000000003 299.50000000000006 28.682925800000003 28.712721700000003 77.309166200000007 11.500000000000002 56.500000000000007 199.50000000000003 11.550000000000002 167.50000000000003 354.00000000000006 13.165000000000001 3105.0000000000005 3417.5000000000005 3.2500000000000004 12.750000000000002 315.50000000000006 231.70333333333306 26.850000000000005 2250.0000000000005 1.5000000000000002 52.500000000000007 191.00000000000003 830.00000000000011 6.9500000000000011 36.350000000000001 76.660010277492304 1875.4150000000002 6.3500000000000005
decision_type=2 10 2 2 2 2 2 2 10 2 2 2 10 2 2 2 2 2 2 2 2 2 2 2 2 2 8 8 2 2
left_child=1 8 3 5 9 19 11 -8 13 10 -5 23 -7 16 18 -6 -1 -18 -15 20 -2 -11 -21 29 -16 -25 -9 -28 -17 -4
right_child=2 -3 6 4 15 12 7 26 -10 21 -12 -13 -14 14 24 28 17 -19 -20 22 -22 -23 -24 25 -26 -27 27 -29 -30 -31
leaf_value=0.5551925094723702 0.34122596050373144 -0.8500962308645249 -0.091054548014702127 1.3671448085457085 -0.49853870321403843 1.0001228622956708 -0.22126234202831982 1.0801662095189095 0.60805496097542344 0.77254727089405062 0.51311160256465271 0.40593273045192474 0.25381610650991654 0.82910090553760529 0.033506783159032681 0.079480558351120528 -0.077474912176371813 0.13582065152995898 0.18694552314753182 0.10253347346770394 0.0017436581355535377 0.25655265866791827 0.5706079438836017 -0.073138446965422779 -0.2214442973703146 0.43770257222155728 -0.025911370530724526 0.87990126156806947 0.56218750164740605 -0.27922696079921139
leaf_weight=20 70 30 434 24 22 22 40 20 32 30 54 40 97 20 335 187 3874 174 219 97 1475 250 47 61 125 36 20 20 27 230
leaf_count=20 70 30 434 24 22 22 40 20 32 30 54 40 97 20 335 187 3874 174 219 97 1475 250 47 61 125 36 20 20 27 230
internal_value=-3.27525e-10 -0.0477074 0.0697484 0.115218 0.28099 0.0607549 -0.0514696 0.298326 -0.0426914 0.412944 0.775891 -0.0951395 0.391789 -0.0470598 0.0587515 0.0808224 -0.0652412 -0.0683066 0.240682 0.0374316 0.0171247 0.311838 0.255308 -0.121477 -0.0357734 0.116452 0.644719 0.426995 0.140383 -0.156235
internal_weight=8132 4829 3303 2402 594 1808 901 100 4799 358 78 801 119 4767 699 236 4068 4048 239 1689 1545 280 144 761 460 97 60 40 214 664
internal_count=8132 4829 3303 2402 594 1808 901 100 4799 358 78 801 119 4767 699 236 4068 4048 239 1689 1545 280 144 761 460 97 60 40 214 664
is_linear=0
shrinkage=0.03


Tree=116
num_leaves=31
num_cat=0
split_feature=35 16 14 33 16 15 0 13 11 23 10 22 28 28 21 5 8 21 14 55 17 20 20 13 28 20 0 25 10 38
split_gain=29163.5 13349.9 17189.5 12929.5 11561.5 13769.1 13435.9 12842.1 12191.9 14780.1 12110.2 11469.8 9847.14 9838.72 11596.6 9360.1 8389.24 7877.27 10198.1 15720.3 12094.4 8924.25 14007.3 9415.39 8021.71 6389.03 6323.24 5847.39 5649.36 5510.83
threshold=338.50000000000006 17.650000000000002 0.75000000000000011 306.50000000000006 13.450000000000001 993.35000000000002 28.712721700000003 116.50000000000001 53.500000000000007 431.37500000000006 10.450000000000001 457.50000000000006 617.00000000000011 723.00000000000011 570.00000000000011 175.00000000000003 27.850000000000005 21.500000000000004 1.7500000000000002 143.43571428571431 755.00000000000011 22880.250000000004 22889.000000000004 130.50000000000003 23.333333333333339 6478.2500000000009 28.647228500000001 2.5000000000000004 25.450000000000003 43.750000000000007
decision_type=10 2 2 8 2 2 2 2 2 2 2 2 2 2 2 2 2 2 2 10 2 2 2 2 2 2 2 2 2 8
left_child=1 2 3 11 5 6 7 -2 13 15 -9 12 -1 14 26 29 -4 24 21 20 -20 23 -23 -19 -3 -11 -6 -18 -29 -10
right_child=4 17 16 -5 8 -7 -8 10 9 25 -12 -13 -14 -15 -16 -17 27 18 19 -21 -22 22 -24 -25 -26 -27 -28 28 -30 -31
leaf_value=0.058245087258772033 1.1786932926177978 -0.091896250514036618 -0.22799280973137631 0.80004820840699331 0.049735703073441981 -0.085084146981438 -0.20305114153772591 0.82644549654877697 -0.35555669134077822 0.043257674915449955 0.28608848150819538 -0.25611618275109388 0.55793200065692261 -0.21464565008878705 0.95935603094100941 0.74862589699881421 -0.13996485997357275 -0.23253459435634261 -0.30477365149279767 0.94651781344413755 0.1813574767272387 0.81524853301048272 0.0092851221763336923 -0.052233788403834254 -0.30321340157664739 -0.3916924677437002 0.34602177590131761 0.19616684269860274 -0.033429050141802197 0.17364419260001801
leaf_weight=2526 20 946 272 21 120 72 32 46 23 42 198 104 36 45 20 21 294 357 59 20 210 20 655 966 195 110 141 133 351 77
leaf_count=2526 20 946 272 21 120 72 32 46 23 42 198 104 36 45 20 21 294 357 59 20 210 20 655 966 195 110 141 133 351 77
internal_value=5.88989e-11 -0.0208712 0.0183491 0.05857 0.154645 0.28699 0.377494 0.447863 0.0733389 -0.0745619 0.387959 0.0527294 0.0652664 0.197195 0.263148 0.172843 -0.0845782 -0.0636268 -0.0315051 0.135065 0.0747339 -0.0555986 0.0331655 -0.100886 -0.128011 -0.271509 0.209798 -0.0344384 0.0296624 0.051928
internal_weight=8132 7165 3737 2687 967 368 296 264 599 273 244 2666 2562 326 281 121 1050 3428 2287 289 269 1998 675 1323 1141 152 261 778 484 100
internal_count=8132 7165 3737 2687 967 368 296 264 599 273 244 2666 2562 326 281 121 1050 3428 2287 289 269 1998 675 1323 1141 152 261 778 484 100
is_linear=0
shrinkage=0.03


Tree=117
num_leaves=31
num_cat=0
split_feature=55 34 16 59 15 47 31 16 14 35 20 63 8 30 11 19 21 17 55 19 19 10 19 35 44 34 65 13 30 31
split_gain=27659 14263.2 12217.4 14937.8 14246.4 11962.4 11476.3 11462 13225.6 10756.6 10317.2 9137.54 6999.47 5626.86 4931.88 4619.8 4327.59 4332.34 4013.75 4468.53 4616.9 4440.52 3817.24 3566.06 2620.5 2576.41 2201.77 716.016 705.775 629.548
threshold=177.03571428571431 131.3666666666667 20.400000000000002 23.950000000000006 986.6500000000002 51.630000000000003 332.06857142857137 17.650000000000002 0.75000000000000011 625.50000000000011 19600.000000000004 27.075714285714291 27.850000000000005 13973.853333333334 21.500000000000004 18.137500000000006 2225.0000000000005 3020.0000000000005 24.278571428571436 25.747916666666672 25.377083333333335 26.650000000000002 6.9937500000000012 320.50000000000006 20.116366906474823 37.816666666666684 158.40714285714287 151.50000000000003 4.7500000000000755 1.7157142857141559
decision_type=10 10 2 8 2 8 2 2 2 10 2 10 2 2 2 2 2 2 10 2 2 2 2 10 8 8 8 2 2 2
left_child=5 -2 3 -3 -5 13 -4 8 10 -6 11 -7 25 18 23 -14 17 -16 27 20 -20 -21 -12 24 -9 -10 -8 29 -29 -1
right_child=1 2 6 4 9 7 26 14 12 -11 22 -13 15 -15 16 -17 -18 -19 19 21 -22 -23 -24 -25 -26 -27 -28 28 -30 -31
leaf_value=-0.067340698721153391 0.94077879399061204 0.97518537425994856 -0.80012973433191126 -0.55985303621292115 0.14975755227486723 0.17435504237475069 -0.12382370859384535 0.23680761811137199 -0.025749443002045156 0.83728190967014859 -0.4070654582977295 0.035354124018136424 0.3786006740397877 0.38260505590438842 -0.07004395364591029 -0.033994404890108854 -0.43489868415726551 0.079968998303003413 -0.054092394774244476 0.28360411519692702 -0.18633843228980054 -0.031599462467417551 -0.024627956325421106 0.44119694902346684 -0.050675430183227246 -0.30034641340907131 0.25448150575160977 -0.039193203297426114 -0.17609562493464412 -0.24436907912357353
leaf_weight=21 20 20 22 25 828 934 45 45 40 21 46 782 27 25 1438 256 27 197 2297 66 265 103 48 26 78 133 20 53 94 130
leaf_count=21 20 20 22 25 828 934 45 45 40 21 46 782 27 25 1438 256 27 197 2297 66 265 103 48 26 78 133 20 53 94 130
internal_value=-1.64865e-10 0.147672 0.131503 0.16453 0.145979 -0.0207292 -0.207877 0.0129002 0.0578689 0.166763 0.0942472 0.111011 -0.0865272 -0.0656235 -0.0433665 0.00536979 -0.0581899 -0.051969 -0.0693229 -0.0579153 -0.0677712 0.0914978 -0.211778 0.121978 0.0545013 -0.236856 -0.0074221 -0.173867 -0.126736 -0.219749
internal_weight=8132 1001 981 894 874 7131 87 4077 2266 849 1810 1716 456 3054 1811 283 1662 1635 3029 2731 2562 169 94 149 123 173 65 298 147 151
internal_count=8132 1001 981 894 874 7131 87 4077 2266 849 1810 1716 456 3054 1811 283 1662 1635 3029 2731 2562 169 94 149 123 173 65 298 147 151
is_linear=0
shrinkage=0.03


Tree=118
num_leaves=31
num_cat=0
split_feature=35 16 12 10 7 9 24 29 16 15 11 23 13 53 23 56 28 21 54 30 10 13 17 26 23 24 16 42 24 25
split_gain=26351.6 11852 15409.6 12443.9 17450.9 16314.3 12203.5 11701.6 10648.2 12967.9 11417.5 13690.5 10343.3 10000.2 12901.3 14370.6 9099.31 10826 8047.49 7325.55 8666.04 6728.1 8084.66 8079.49 6264.6 8427.55 6290.26 6246.75 6230.18 6033.19
threshold=338.50000000000006 17.650000000000002 6.2500000000000009 20.150000000000002 19.215000000000003 29.100000000000005 469.30000000000007 453.85714285714295 13.450000000000001 993.35000000000002 53.500000000000007 431.37500000000006 121.50000000000001 60786.750000000007 403.12500000000006 288.50000000000006 723.00000000000011 570.00000000000011 339.50000000000006 13973.853333333334 29.650000000000002 201.00000000000003 2497.5000000000005 3.5000000000000004 10283.990000000002 2333.5800000000004 29.000000000000004 13.450000000000001 3092.6550000000002 2.5000000000000004
decision_type=10 2 2 2 2 2 2 2 2 2 2 2 2 2 2 10 2 2 8 2 2 2 2 2 2 2 2 8 2 2
left_child=1 2 3 4 12 -6 18 -8 9 13 16 29 -1 -2 15 -15 17 28 -4 24 -21 23 -23 -5 25 26 -3 -13 -10 -12
right_child=8 19 6 21 5 -7 7 -9 10 -11 11 27 -14 14 -16 -17 -18 -19 -20 20 -22 22 -24 -25 -26 -27 -28 -29 -30 -31
leaf_value=0.78438400479033588 -0.1067705652184668 -0.063060743950148088 0.038677222834833491 0.41285454906915364 -0.14732810040710129 0.16256954713484603 0.49660671982011989 -0.21123664698600769 0.13652180486958321 -0.087076510777696958 0.35097524049965773 0.18044316638261079 0.14953346402903089 0.14995750639173719 0.27686638482388731 0.98337159883975978 -0.20723254701246818 0.92493589174747459 0.51915718086283003 -0.077233383601362046 0.78560577251762143 -0.077371997857449193 -0.32304649327229706 -0.031908574220512846 -0.37685817793795934 0.086953374606595135 -0.23003017591287012 -0.34698049556231125 0.53540441206523348 -0.0759923899061275
leaf_weight=24 36 2791 406 38 460 229 132 25 219 72 68 24 614 27 173 60 45 20 34 22 20 489 160 1126 57 319 219 128 42 53
leaf_count=24 36 2791 406 38 460 229 132 25 219 72 68 24 614 27 173 60 45 20 34 22 20 489 160 1126 57 319 219 128 42 53
internal_value=-5.06022e-11 -0.0198395 0.017115 -0.00944798 0.0603589 -0.0443287 0.156827 0.383893 0.147001 0.27401 0.0689722 -0.0741544 0.173415 0.361842 0.426727 0.724726 0.18883 0.252256 0.0758052 -0.0601251 0.333642 -0.0605422 -0.137939 -0.0173888 -0.0650094 -0.0596699 -0.075209 -0.263703 0.20071 0.163956
internal_weight=8132 7165 3737 3140 1327 689 597 157 967 368 599 273 638 296 260 87 326 281 440 3428 42 1813 649 1164 3386 3329 3010 152 261 121
internal_count=8132 7165 3737 3140 1327 689 597 157 967 368 599 273 638 296 260 87 326 281 440 3428 42 1813 649 1164 3386 3329 3010 152 261 121
is_linear=0
shrinkage=0.03


Tree=119
num_leaves=31
num_cat=0
split_feature=55 34 0 60 15 63 20 9 34 25 55 38 8 20 47 35 35 51 51 51 42 11 19 20 17 28 55 8 23 7
split_gain=25051.5 13475 12621.2 12035.9 17918.5 15428.5 11659.5 10693.1 10476.7 20006.9 10387 9857.53 9014.35 8213.18 7539.45 6855.72 6022.78 5467.96 19788.2 7528.22 7265.48 5460.05 5064.84 5450.59 4776.47 4184.47 4067.55 3690.29 3311.4 2844.94
threshold=177.03571428571431 131.3666666666667 28.643240000000002 11.7125 986.6500000000002 12.479999999999999 2250.0000000000005 21.200000000000006 164.16666666666671 1.5000000000000002 218.64285714285717 79.450000000000017 17.750000000000004 2250.0000000000005 51.630000000000003 67.550000000000011 71.750000000000014 1875.4150000000002 2584.8600000000006 1495.8850000000002 34.95000000000001 21.500000000000004 9.1562500000000018 6855.5000000000009 1307.5000000000002 136.16666666666671 119.29285714285716 35.750000000000007 120.97000000000001 15.4
decision_type=10 10 2 10 2 8 2 2 8 2 10 8 2 2 8 10 10 2 2 2 10 2 2 2 2 2 10 2 2 2
left_child=2 -2 6 5 -5 -3 12 10 14 -10 -6 29 -1 -9 21 28 -17 19 20 24 -19 -4 25 -24 -8 -7 -23 -20 -16 -11
right_child=1 3 8 4 7 22 17 13 9 11 -12 -13 -14 -15 15 16 -18 18 27 -21 -22 26 23 -25 -26 -27 -28 -29 -30 -31
leaf_value=0.091446139911810553 0.91142267739772787 1.1088695732504128 0.34448902626056221 -0.7699397164041345 -0.3177025735680945 -0.094699020838737491 -0.10537202695185763 0.66980592793888516 0.87989233635567332 -0.34115032286325003 0.1467434055414758 0.57185973674058921 0.8858039705157279 0.13438736282810765 -0.054021739914856905 0.55620201677083969 0.067136855554776595 0.99991388404369341 -0.15601777281886076 -0.48398425395672134 0.31270493627587953 -0.038642733932524639 0.53675834705883796 0.023922449648380278 -0.036328412925603272 0.4099342046465192 -0.27119621242086089 0.26277491811324249 -0.36892948439488044 0.052957853289211494
leaf_weight=36 20 21 32 22 96 50 1542 27 37 32 79 24 20 573 131 23 1544 20 136 39 45 1131 66 26 2172 21 72 22 39 34
leaf_count=36 20 21 32 22 96 50 1542 27 37 32 79 24 20 573 131 23 1544 20 136 39 45 1131 66 26 2172 21 72 22 39 34
internal_value=5.44046e-11 0.140539 -0.0197279 0.124823 0.0743329 0.343522 -0.0547182 0.0982994 0.0257967 0.292633 -0.108038 0.0512043 0.375145 0.158481 0.0143942 0.0546844 0.0743152 -0.0607726 0.0835544 -0.0693484 0.524154 -0.0422732 0.244918 0.391826 -0.0649943 0.0545587 -0.0525611 -0.0977049 -0.126265 -0.138125
internal_weight=8132 1001 7131 981 797 184 4032 775 3099 127 175 90 56 600 2972 1737 1567 3976 223 3753 65 1235 163 92 3714 71 1203 158 170 66
internal_count=8132 1001 7131 981 797 184 4032 775 3099 127 175 90 56 600 2972 1737 1567 3976 223 3753 65 1235 163 92 3714 71 1203 158 170 66
is_linear=0
shrinkage=0.03


Tree=120
num_leaves=30
num_cat=0
split_feature=55 13 0 20 13 35 10 15 24 41 15 22 20 17 53 16 54 15 11 6 6 26 6 6 61 13 19 5 24
split_gain=23570.9 13453.6 11875.3 10970.4 14993.8 10808.1 9796.51 15722.1 17674.5 10971.6 9406.31 9475.84 10081.6 8964.96 8548 10182.2 6514.08 6973.71 5522.77 4996.96 12836.5 12545 7135.04 8030.01 5635.48 4996.49 3812.33 3548.49 2138.13
threshold=177.03571428571431 105.50000000000001 28.643240000000002 2250.0000000000005 126.50000000000001 625.50000000000011 11.65 992.95000000000016 524.57500000000016 24.950000000000003 986.6500000000002 376.00000000000006 8095.5000000000009 1307.5000000000002 110504.35000000002 13.850000000000003 122.50000000000001 976.85000000000002 48.500000000000007 1875.4150000000002 2681.8100000000009 10.500000000000002 1495.8850000000002 1392.7400000000002 30.937857142857141 281.50000000000006 11.143750000000002 252.50000000000003 393.00500000000005
decision_type=10 2 2 2 2 10 2 2 2 10 2 2 2 2 2 2 10 2 2 2 2 2 2 2 10 2 2 2 2
left_child=2 -2 3 4 -1 10 7 8 9 -4 -3 12 -12 16 -15 -16 17 -8 -13 22 21 -21 23 -5 -22 -9 -18 -24 -27
right_child=1 5 6 19 -6 -7 13 25 -10 -11 11 18 -14 14 15 -17 26 -19 -20 20 24 -23 27 -25 -26 28 -28 -29 -30
leaf_value=1.0224869281053544 0.8098259105361425 -0.44842554555998904 -0.0029958357168361543 -0.071324082635658037 -0.0019956133762995404 0.79158566474914549 -0.15478390200465333 0.38949027710490758 1.2976103686434881 0.8438067633765084 0.12058622752510322 0.60646502440466599 -0.216189212774237 -0.46080938347454725 0.23364453363872598 0.029416119627143827 -0.50317044130780475 0.019074081500776649 0.19080752890049055 0.060682754688538038 -0.52901352430491333 0.6242828195624881 -0.13804929364811291 0.2817215560092512 -0.041865480387003606 -0.00034603140751520795 -0.11460710263632713 -0.56073730056102455 -0.33027042819695035
leaf_weight=20 26 27 40 3362 36 21 306 27 21 21 720 51 90 29 256 1550 44 646 66 104 23 54 33 59 302 90 47 39 22
leaf_count=20 26 27 40 3362 36 21 306 27 21 21 720 51 90 29 256 1550 44 646 66 104 23 54 33 59 302 90 47 39 22
internal_value=-8.97827e-11 0.136323 -0.0191361 -0.0530766 0.363891 0.118363 0.0250228 0.217507 0.54695 0.288526 0.103544 0.11962 0.0831667 0.010242 0.0501605 0.0583654 -0.0599885 -0.0368088 0.371992 -0.0589494 0.031494 0.253306 -0.0714556 -0.0652353 -0.0763406 0.0231593 -0.302484 -0.367005 -0.0651526
internal_weight=8132 1001 7131 4032 56 975 3099 221 82 61 954 927 810 2878 1835 1806 1043 952 117 3976 483 158 3493 3421 325 139 91 72 112
internal_count=8132 1001 7131 4032 56 975 3099 221 82 61 954 927 810 2878 1835 1806 1043 952 117 3976 483 158 3493 3421 325 139 91 72 112
is_linear=0
shrinkage=0.03


Tree=121
num_leaves=31
num_cat=0
split_feature=55 34 60 15 63 0 20 9 34 25 55 8 20 15 9 16 54 8 32 32 20 51 6 36 21 66 26 62 8 19
split_gain=22177.9 12676.7 11248.5 16290.3 14561.8 11173.5 10322.1 9875.6 9822.77 18590.3 9762.9 8331.91 7601.25 6684.63 6666.93 5832.9 5511.77 5497.07 6113.36 4855.37 5666.77 4790.48 17526.2 7045.99 6958.29 4782.19 4236.02 4057.52 3481.86 3365.6
threshold=177.03571428571431 131.3666666666667 11.7125 986.6500000000002 12.479999999999999 28.643240000000002 2250.0000000000005 21.200000000000006 164.16666666666671 1.5000000000000002 218.64285714285717 17.750000000000004 2250.0000000000005 977.95000000000016 41.400000000000006 29.550000000000004 126.50000000000001 31.450000000000003 65.250000000000014 179.50000000000003 5803.2500000000009 1875.4150000000002 2584.8600000000006 320.50000000000006 570.00000000000011 1.0000000180025095e-35 10.500000000000002 27.950000000000003 35.750000000000007 14.797916666666671
decision_type=10 10 10 2 8 2 2 2 8 2 10 2 2 2 2 2 8 2 10 10 2 2 2 8 2 2 2 8 2 2
left_child=5 -2 4 -4 -3 6 11 10 13 -10 -5 -1 -9 17 15 -15 -11 18 -7 -6 -21 23 24 25 -23 -8 -25 -18 -24 -19
right_child=1 2 3 7 19 8 21 12 9 16 -12 -13 -14 14 -16 -17 27 29 -20 20 -22 22 28 26 -26 -27 -28 -29 -30 -31
leaf_value=0.080225272079308838 0.87993370950222016 1.0719517304748296 -0.73682034600864754 -0.31053108029067517 -0.045291360190936499 -0.086859681529139407 -0.060673595967219142 0.64077394339773397 0.84873356348759421 -0.21256043770071117 0.13974663064449649 0.84392247122526165 0.12568753222832504 0.038625576791282548 0.40035504072904587 -0.30278516051561932 0.59089607834815971 -0.2537660659074783 -0.47694994903527771 0.5360926996767521 0.12547179192793173 0.20519149856482233 -0.14931773335946832 -0.15772144997772652 0.82782778882980346 0.22912786702697091 -0.49170138585324186 0.039249625191092485 0.25747622466900133 0.11917476747691984
leaf_weight=36 20 21 22 96 42 496 3539 27 37 40 79 20 573 2152 45 46 20 25 39 60 61 35 136 113 30 52 49 30 22 169
leaf_count=36 20 21 22 96 42 496 3539 27 37 40 79 20 573 2152 45 46 20 25 39 60 61 35 136 113 30 52 49 30 22 169
internal_value=9.16492e-11 0.132233 0.11699 0.0681792 0.328414 -0.018562 -0.0514843 0.0910308 0.0242721 0.282647 -0.107263 0.352974 0.148866 0.0132312 0.038881 0.0314805 0.0499221 -0.0656887 -0.115296 0.23262 0.329085 -0.0571809 0.0779094 -0.0652079 0.492562 -0.0564771 -0.25874 0.259908 -0.0926755 0.0711154
internal_weight=8132 1001 981 797 184 7131 4032 775 3099 127 175 56 600 2972 2243 2198 90 729 535 163 121 3976 223 3753 65 3591 162 50 158 194
internal_count=8132 1001 981 797 184 7131 4032 775 3099 127 175 56 600 2972 2243 2198 90 729 535 163 121 3976 223 3753 65 3591 162 50 158 194
is_linear=0
shrinkage=0.03


Tree=122
num_leaves=31
num_cat=0
split_feature=35 16 14 33 22 1 32 0 28 8 24 16 8 20 20 22 16 14 56 13 25 36 58 24 37 16 37 63 5 32
split_gain=21133 10465.4 13670.3 11752.1 10116.3 10167.9 9577.65 8218.7 8356.87 8101.64 8045.26 9052.13 7638.3 6153.95 11993.4 6681.09 5639.42 7010.33 15066.9 11392.4 5318.84 4895.37 4455.41 3586.48 3583.18 3283.7 2697.03 2137.62 1885.61 1750.08
threshold=338.50000000000006 17.650000000000002 0.75000000000000011 306.50000000000006 457.50000000000006 77.188546500000015 376.50000000000006 28.496097500000001 723.00000000000011 19.250000000000004 3092.6550000000002 13.450000000000001 27.850000000000005 22880.250000000004 22889.000000000004 2099.0000000000005 29.000000000000004 1.7500000000000002 295.50000000000006 130.50000000000003 2.5000000000000004 123.50000000000001 49.350000000000001 2099.0300000000002 48.41666666666665 13.450000000000001 192.16666666666671 53.342857142857149 28.500000000000004 171.50000000000003
decision_type=10 2 2 8 2 2 10 2 2 2 2 2 2 2 2 2 2 2 10 2 2 10 10 2 8 2 10 10 2 10
left_child=1 2 3 4 5 -1 7 9 10 -2 11 -9 24 16 -15 26 17 19 -19 -3 25 -22 -12 -6 -4 -14 -16 -26 -18 -10
right_child=6 13 12 -5 23 -7 -8 8 29 -11 22 -13 20 14 15 -17 28 18 -20 -21 21 -23 -24 -25 27 -27 -28 -29 -30 -31
leaf_value=0.11610594575390663 -0.73178647953271869 -0.2289939359732229 0.071666982491101539 0.75974087323461259 -0.0057226101168104115 -0.0035512146402955197 0.69963968065638948 0.25016772177331803 -0.46320387427779758 0.1221150786280632 0.81045071525573731 0.047300169983799469 -0.32772626297453705 0.74691860175132752 -0.034741659295909541 -0.30941725539141579 -0.15775100974041387 -0.017286991501116147 0.58315314090996984 -0.05357766409203138 -0.022150206414821835 0.19583882140159606 0.22507781120863829 -0.37371091332008588 -0.28087138190934186 -0.077394116578425501 0.088634554861566503 0.043256101951003073 -0.35397106276875412 -0.075457213371992113
leaf_weight=1340 20 435 35 21 37 1222 26 342 22 20 25 470 59 20 306 57 109 630 40 1424 359 125 22 67 217 235 333 20 74 20
leaf_count=1340 20 435 35 21 37 1222 26 342 22 20 25 470 59 20 306 57 109 630 40 1424 359 125 22 67 217 235 333 20 74 20
internal_value=5.14902e-11 -0.0177668 0.0169589 0.0528272 0.0472588 0.0590329 0.131643 0.115949 0.13463 -0.304836 0.154833 0.132744 -0.0748297 -0.0556226 0.0226061 0.00179249 -0.0762759 -0.0646388 0.0185602 -0.0946245 -0.0269866 0.0341486 0.536446 -0.242792 -0.211675 -0.127631 0.029553 -0.253519 -0.237097 -0.278563
internal_weight=8132 7165 3737 2687 2666 2562 967 941 901 40 859 812 1050 3428 716 696 2712 2529 670 1859 778 484 47 104 272 294 639 237 183 42
internal_count=8132 7165 3737 2687 2666 2562 967 941 901 40 859 812 1050 3428 716 696 2712 2529 670 1859 778 484 47 104 272 294 639 237 183 42
is_linear=0
shrinkage=0.03


Tree=123
num_leaves=27
num_cat=0
split_feature=15 34 6 34 0 33 16 16 1 16 25 9 10 15 24 8 7 47 7 33 24 37 22 8 22 64
split_gain=19972 18622.3 16580.7 13934.1 12822.3 12196.3 11401.9 34363.9 14332.9 9162.16 9097.29 8313.91 9655.24 8545.38 12603.7 9826.93 7050.98 7038.71 6625.22 6625.22 6461.23 4986.42 3536.23 3269.43 3015.91 1368.3
threshold=986.6500000000002 194.50000000000003 1875.4150000000002 301.50000000000006 28.682925800000003 199.50000000000003 14.750000000000002 14.550000000000002 77.309166200000007 15.65 2.5000000000000004 31.150000000000002 12.750000000000002 982.95000000000016 69.280000000000015 27.050000000000004 8.0100000000000016 37.715000000000011 17.130000000000006 74.250000000000014 124.97500000000001 194.16666666666671 133.50000000000003 27.150000000000002 376.00000000000006 76.950000000000017
decision_type=2 10 2 10 2 10 2 2 2 2 2 2 2 2 2 2 2 10 2 10 2 10 2 2 2 10
left_child=1 5 3 6 17 11 7 8 -2 23 -6 12 -1 15 -15 -13 -11 -4 -5 -19 -14 -21 25 -8 -12 -20
right_child=2 -3 4 18 10 -7 9 -9 -10 16 24 13 20 14 -16 -17 -18 19 22 21 -22 -23 -24 -25 -26 -27
leaf_value=0.53192830556631088 0.042558375085027009 -0.87246835369616749 0.57941076007485393 0.77024237464581213 1.0003115144269219 0.5232537787812096 -0.25643473144924761 1.3155455533862113 0.50198893396882338 0.17209788625512054 0.16746535441454719 -0.4371116122630509 -0.051927219939245511 -0.21420737544877813 0.13956039021916852 -0.032622973523500791 -0.036530596592824621 -0.41707816453916685 -0.12973452152498066 0.59234787905216213 -0.21301235577609876 0.094590229030000042 0.46824251186102628 0.14622780892252921 0.6015228562831878 0.209552438362785
leaf_weight=20 1355 24 30 28 29 35 196 20 64 170 34 55 437 109 538 3151 1024 21 20 20 460 192 32 20 25 23
leaf_count=20 1355 24 30 28 29 35 196 20 64 170 34 55 437 109 538 3151 1024 21 20 20 460 192 32 20 25 23
internal_value=-8.31407e-11 -0.038883 0.0568471 0.0336697 0.251775 -0.0347194 0.0212767 0.0806844 0.0632797 -0.0393527 0.565238 -0.0388135 -0.119999 -0.0194916 0.0799612 -0.0395621 -0.00682637 0.14689 0.376462 0.0912002 -0.134535 0.141548 0.22945 -0.219151 0.351388 0.0517446
internal_weight=8132 4829 3303 2952 351 4805 2849 1439 1419 1410 88 4770 917 3853 647 3206 1194 263 103 233 897 212 75 216 59 43
internal_count=8132 4829 3303 2952 351 4805 2849 1439 1419 1410 88 4770 917 3853 647 3206 1194 263 103 233 897 212 75 216 59 43
is_linear=0
shrinkage=0.03


Tree=124
num_leaves=27
num_cat=0
split_feature=55 12 13 19 55 17 20 31 17 13 22 13 34 22 26 18 16 36 22 7 14 8 32 39 35 60
split_gain=19183.1 10968.8 20017.2 20946.5 9130.59 9569.55 9151.6 8539.97 6800.17 7480.76 5789.93 8917.05 8138.08 5869.76 5632.67 6969.37 4285.31 3379.47 3105.93 3198.98 1633.49 1474.67 821.281 869.751 520.881 167.842
threshold=82.164285714285725 2.5000000000000004 49.500000000000007 23.018750000000008 228.63571428571433 1607.5000000000002 5103.0000000000009 382.31999999999988 800.00000000000011 355.50000000000006 58.500000000000007 79.500000000000014 53.416666666666664 64.500000000000014 7.5000000000000009 6564.5000000000009 15.550000000000002 310.50000000000006 53.500000000000007 13.805000000000001 14.800000000000002 28.550000000000004 47.45000000000001 21.350000000000005 76.950000000000017 46.250000000000007
decision_type=8 2 2 2 10 2 2 2 2 2 2 2 10 2 2 2 2 10 2 2 2 2 10 8 10 8
left_child=8 7 -3 4 5 -4 -6 -2 18 10 14 12 -12 -13 15 -10 -16 -9 19 20 21 -1 23 -20 -22 -24
right_child=1 2 3 -5 6 -7 -8 17 9 -11 11 13 -14 -15 16 -17 -18 -19 22 -21 24 -23 25 -25 -26 -27
leaf_value=-0.15453155301108554 0.76528016935376553 0.91076557278633119 -0.017839176414107382 -0.90323682120868143 0.34412201686416349 0.096250344874879601 0.054007404199927243 0.41424692219495768 -0.12135559488899891 0.46065900174634794 0.070035723967537766 0.17409286114405356 0.81482652946658762 -0.018965727884376584 0.077893422063317078 0.26317839062349363 -0.049041651510162092 -0.11896613342930441 -0.33863969185773063 0.1872163746480284 -0.21004396257729363 0.061993841564184735 -0.35049659388405935 -0.1128541355047907 -0.40121816699919494 -0.47193035960197449
leaf_weight=111 34 24 1647 21 175 1106 222 20 1181 28 31 154 23 1780 318 44 968 23 34 29 29 38 21 28 23 20
leaf_count=111 34 24 1647 21 175 1106 222 20 1181 28 31 154 23 1780 318 44 968 23 34 29 29 38 21 28 23 20
internal_value=-1.53891e-10 0.0561557 0.0476285 0.0410958 0.0473914 0.0279956 0.181892 0.409977 -0.0378069 -0.0281823 -0.0312247 0.00702385 0.387261 -0.00359291 -0.0615067 -0.107544 -0.0176534 0.12904 -0.168649 -0.107336 -0.149833 -0.0993103 -0.30556 -0.236672 -0.294602 -0.409733
internal_weight=8132 3272 3195 3171 3150 2753 397 77 4860 4527 4499 1988 54 1934 2511 1225 1286 43 333 230 201 149 103 62 52 41
internal_count=8132 3272 3195 3171 3150 2753 397 77 4860 4527 4499 1988 54 1934 2511 1225 1286 43 333 230 201 149 103 62 52 41
is_linear=0
shrinkage=0.03


Tree=125
num_leaves=31
num_cat=0
split_feature=0 34 16 53 34 62 8 20 0 21 7 20 13 55 13 9 8 26 21 11 26 47 17 8 24 1 13 39 51 9
split_gain=18499.3 19582.7 14116 13465.6 16514.8 21839.1 13030.9 11686.8 11197.5 19134.7 16329.4 9626.7 10943 8792.2 8266.09 9408.36 14138 8369.39 16088.2 14117.5 6644.65 6550.62 6593.51 7279.83 9086.52 6064.48 5369.9 5324.94 5182.55 5049.76
threshold=28.643240000000002 161.66666666666671 11.950000000000001 92916.050000000017 179.08333333333337 23.450000000000003 20.550000000000004 6434.5000000000009 28.712721700000003 101.50000000000001 23.530000000000005 2250.0000000000005 126.50000000000001 240.85714285714289 282.50000000000006 20.300000000000001 26.550000000000004 10.500000000000002 570.00000000000011 73.500000000000014 3.5000000000000004 51.630000000000003 652.50000000000011 17.450000000000003 403.12500000000006 77.150160250000013 49.500000000000007 57.650000000000013 734.03000000000009 26.450000000000006
decision_type=2 8 2 2 8 10 2 2 2 2 2 2 2 10 2 2 2 2 2 2 2 8 2 2 2 2 2 10 2 2
left_child=11 21 8 7 5 -5 -6 13 9 27 -11 12 -1 -4 15 -13 28 -16 19 -19 -18 26 -23 24 -24 -9 -2 -3 -17 -25
right_child=1 2 3 4 6 -7 -8 25 -10 10 -12 14 -14 -15 17 16 20 18 -20 -21 -22 22 23 29 -26 -27 -28 -29 -30 -31
leaf_value=0.85795049607753748 0.45344545358419419 0.4241234424782962 -0.049317476484671371 1.4749475573138757 0.41985999482168868 0.10521189236640929 -0.10700835991783865 0.057484475043084883 -0.057634546550757747 1.3723497645293965 0.45557082265615462 0.27807478020898996 0.064191779469450316 0.41506292459603988 -0.034554750102633106 -0.18495134544709299 0.18630518385555062 -0.0036690762719896793 0.75200844344767659 0.51200474277409647 -0.059634808036861796 -0.24830972691697462 0.1194380049936233 -0.14272126842452132 0.66498631220024362 -0.48391811017319558 -0.042106056249266222 -0.1018396846652031 -0.56983023014935574 0.063786715583432532
leaf_weight=22 20 41 103 22 85 20 84 27 34 34 36 64 54 57 1375 687 105 364 33 55 1693 62 93 115 39 60 1231 30 33 1454
leaf_count=22 20 41 103 22 85 20 84 27 34 34 36 64 54 57 1375 687 105 364 33 55 1693 62 93 115 39 60 1231 30 33 1454
internal_value=-5.59464e-11 0.0501781 0.201869 0.114298 0.290296 0.822692 0.157985 -0.0360491 0.431056 0.548896 0.900863 -0.0408025 0.293964 0.116118 -0.0465731 -0.0811266 -0.0902564 0.00225956 0.11425 0.0640208 -0.0452724 0.0183199 0.0555757 0.0666521 0.280623 -0.315897 -0.0341836 0.201886 -0.202592 0.0486507
internal_weight=8132 3647 633 458 211 42 169 247 175 141 70 4485 76 160 4409 2582 2518 1827 452 419 1798 3014 1763 1701 132 87 1251 71 720 1569
internal_count=8132 3647 633 458 211 42 169 247 175 141 70 4485 76 160 4409 2582 2518 1827 452 419 1798 3014 1763 1701 132 87 1251 71 720 1569
is_linear=0
shrinkage=0.03


Tree=126
num_leaves=31
num_cat=0
split_feature=0 34 16 18 34 10 0 29 7 20 20 37 55 10 13 9 8 10 18 7 31 22 9 55 53 18 1 47 56 18
split_gain=17406 18425.4 13281.8 14440.1 18282.4 14518.2 10535.8 12631.5 14129.3 9163.19 9057.77 10367.6 8390.98 8261.11 7793.7 8913.25 13690 8891.85 8043.28 12847.5 11517.1 10623.1 13147 7226.27 6985.65 6887.1 8396.24 7070.07 7165.92 7053.37
threshold=28.643240000000002 161.66666666666671 11.950000000000001 3853.0000000000005 179.08333333333337 18.800000000000001 28.712721700000003 106.07142857142858 23.530000000000005 6390.2500000000009 2250.0000000000005 332.83333333333343 240.85714285714289 10.350000000000003 281.50000000000006 20.300000000000001 26.550000000000004 22.950000000000003 3425.5000000000005 19.215000000000003 384.19571428571419 356.00000000000006 32.250000000000007 214.64285714285717 74416.250000000015 6635.5000000000009 77.159231500000018 75.350000000000023 48.150000000000013 6680.0000000000009
decision_type=2 8 2 2 8 2 2 2 2 2 2 10 10 2 2 2 2 2 2 2 2 2 2 10 2 2 2 8 8 2
left_child=10 25 6 9 -5 -6 7 13 -9 12 11 -1 -4 -3 15 -12 -17 -18 19 20 -16 24 -23 -21 -20 27 29 -2 -29 -27
right_child=1 2 3 4 5 -7 -8 8 -10 -11 14 -13 -14 -15 18 16 17 -19 21 23 -22 22 -24 -25 -26 26 -28 28 -30 -31
leaf_value=0.5016570236588066 -0.025848479634013995 0.65600144785383463 -0.044516704656621983 0.90935004129603103 0.40094391586679601 -0.19761431615054606 -0.055905507125836959 1.2324490832601274 0.42876369671026865 -0.23959092518767794 0.26973253923933954 -0.28190989085606161 0.41520604223012925 -0.064358821542639472 0.2444866165974561 -0.20379324875606675 0.14993098665207147 -0.068258900770683528 -0.35515804978934201 -0.18512306269754966 1.0011986295554949 0.38041033142780667 -0.063729308341014188 0.30824406548550254 -0.039068597791679233 0.97906556725502014 0.014444469582226315 0.51372851927764707 0.057724438472463849 0.24142254065190041
leaf_weight=55 1867 23 102 37 93 60 34 35 45 111 64 21 55 38 85 676 188 1588 66 90 23 122 118 38 1351 20 59 32 1008 28
leaf_count=55 1867 23 102 37 93 60 34 35 45 111 64 21 55 38 85 676 188 1588 66 90 23 122 118 38 1351 20 59 32 1008 28
internal_value=-2.49555e-11 0.0486727 0.195813 0.110869 0.310931 0.166215 0.418124 0.532429 0.780376 -0.0309663 -0.0395785 0.285145 0.116533 0.207252 -0.0451759 -0.0797732 -0.0888957 -0.0451622 0.000807726 0.164666 0.405638 -0.0225299 0.162042 -0.0386547 -0.0537912 0.0177703 0.254144 0.00906998 0.0717553 0.548774
internal_weight=8132 3647 633 458 190 153 175 141 80 268 4485 76 157 61 4409 2516 2452 1776 1893 236 108 1657 240 128 1417 3014 107 2907 1040 48
internal_count=8132 3647 633 458 190 153 175 141 80 268 4485 76 157 61 4409 2516 2452 1776 1893 236 108 1657 240 128 1417 3014 107 2907 1040 48
is_linear=0
shrinkage=0.03


Tree=127
num_leaves=31
num_cat=0
split_feature=15 34 13 34 26 11 43 1 13 24 8 6 42 68 1 38 18 22 12 16 24 45 13 12 45 24 43 54 68 5
split_gain=16350 16937.9 15357.3 12760.7 12182.4 16674.1 11655.9 14708.4 10028.4 10027.3 9798.38 9632.33 7939.89 6854.21 11706 6765.17 6394.72 5572.5 6019.87 5286.6 8790.28 5159.09 4716.9 4507.69 4157.78 3935.45 3531.8 3245.84 2051.15 1500.71
threshold=986.6500000000002 189.50000000000003 299.50000000000006 170.50000000000003 11.500000000000002 56.500000000000007 12.303333333333345 77.131314500000016 354.00000000000006 2958.5050000000006 26.850000000000005 1875.4150000000002 28.350000000000005 21.500000000000004 77.188546500000015 23.750000000000004 4473.0000000000009 191.00000000000003 6.9500000000000011 22.200000000000006 7799.380000000001 15.65 295.50000000000006 6.3500000000000005 26.72669064748202 0.33000000000000007 8.086666666666666 143.50000000000003 15.500000000000002 134.50000000000003
decision_type=2 10 2 10 2 2 10 2 2 2 2 2 8 2 2 8 2 2 2 2 2 8 2 2 8 2 8 8 2 2
left_child=1 3 6 13 8 29 11 16 17 10 -9 21 -7 19 15 -15 22 23 -19 20 -1 -2 -8 -4 -11 -21 -23 -18 -10 -6
right_child=2 -3 4 -5 5 12 7 9 28 24 -12 -13 -14 14 -16 -17 27 18 -20 25 -22 26 -24 -25 -26 -27 -28 -29 -30 -31
leaf_value=-0.036823630334688759 0.5883009783683284 -0.74580013141036028 -0.091624930729136772 0.70715991130896971 -0.032672335445880892 0.27253188475528178 0.29884759011486517 -0.0013305909918826049 0.58466745635122064 0.22442533387669494 0.25008907531515934 0.91027671405673027 0.96896279179132894 0.34841446408804722 -0.1380595174769676 0.063938045847876601 0.14239833233143209 -0.086658612015794528 0.40253933864335217 0.090612234028056265 0.46329017174430187 -0.068934504826401552 0.77159011930227273 -0.25590064357593656 0.79076706147193898 -0.12868316470243935 0.23435053842046974 -0.27337020778656007 0.15501245060563087 -0.40018329392373558
leaf_weight=2740 31 30 434 21 20 34 199 1582 20 28 153 20 26 85 258 655 109 61 36 80 32 43 21 230 20 928 176 20 20 20
leaf_count=2740 31 30 434 21 20 34 199 1582 20 28 153 20 26 85 258 655 109 61 36 80 32 43 21 230 20 928 176 20 20 20
internal_value=4.47698e-11 -0.035181 0.0514347 -0.0307387 -0.0541859 0.25802 0.0910534 0.0675356 -0.093163 0.0326741 0.0208407 0.276757 0.574319 -0.0339818 0.0359472 0.0966144 0.245639 -0.1175 0.0948994 -0.0524446 -0.0310503 0.226075 0.343973 -0.148528 0.460401 -0.111279 0.174801 0.0779381 0.36984 -0.216428
internal_weight=8132 4829 3303 4799 901 100 2402 2132 801 1783 1735 270 60 4778 998 740 349 761 97 3780 2772 250 220 664 48 1008 219 129 40 40
internal_count=8132 4829 3303 4799 901 100 2402 2132 801 1783 1735 270 60 4778 998 740 349 761 97 3780 2772 250 220 664 48 1008 219 129 40 40
is_linear=0
shrinkage=0.03


Tree=128
num_leaves=31
num_cat=0
split_feature=0 55 32 19 13 54 20 13 13 9 10 18 5 22 9 20 19 47 16 20 10 11 18 55 53 53 68 9 55 35
split_gain=16029.6 16666.8 16270.6 15021.3 9563.14 9091.96 8479.76 10079.5 7275.06 8307.9 9742.62 7308.53 11437.3 9709.05 12082.2 8111.26 7119.59 6632.94 7807.69 9150.87 10187.6 8247.24 6980.91 6702.05 6510.49 5400.92 5173.56 4887.05 4659.4 4565.7
threshold=28.643240000000002 157.90000000000001 93.15000000000002 17.547916666666669 304.50000000000006 263.50000000000006 2250.0000000000005 126.50000000000001 281.50000000000006 20.300000000000001 12.550000000000002 3425.5000000000005 163.50000000000003 356.00000000000006 32.250000000000007 5499.5000000000009 11.572916666666668 51.955000000000005 18.950000000000003 7582.5000000000009 13.15 49.500000000000007 6641.5000000000009 113.15714285714286 74416.250000000015 165041.20000000004 22.500000000000004 19.100000000000005 119.29285714285716 329.50000000000006
decision_type=2 8 10 2 2 10 2 2 2 2 2 2 2 2 2 2 2 8 2 2 2 2 2 10 2 2 2 2 10 10
left_child=6 17 -3 4 16 -6 7 -1 9 27 -11 12 15 24 -15 -10 -4 22 19 21 -21 -19 28 26 -13 -12 -20 -8 29 -2
right_child=1 2 3 -5 5 -7 8 -9 11 10 25 13 -14 14 -16 -17 -18 18 23 20 -22 -23 -24 -25 -26 -27 -28 -29 -30 -31
leaf_value=0.81748727129264298 -0.043668043433439281 0.90097787595457501 0.28646913163880089 -0.55712014908973984 0.059408729195594784 -0.65860540917941501 -0.0015481175668537615 0.055690472308132385 0.22593141910090719 -0.3771670657554359 -0.12317730724233941 -0.34203928842801939 0.80858826658942473 0.36457507462652977 -0.061198875540393889 -0.16117852973937988 0.039064894042243913 0.57320802591741082 -0.064084353990642953 0.66650835552731069 0.15196422378926808 -0.021858718668966479 0.36323588937520979 -0.28951661224295566 -0.036889263297465461 -0.031893278254619274 0.11761415198827402 0.52275791281834239 -0.29286597591727526 0.40281977704593114
leaf_weight=22 1117 27 415 26 65 21 32 54 139 99 1069 66 22 122 118 75 140 22 355 37 541 444 38 77 1351 1284 234 32 67 21
leaf_count=22 1117 27 415 26 65 21 32 54 139 99 1069 66 22 122 118 75 140 22 355 37 541 444 38 77 1351 1284 234 32 67 21
internal_value=2.078e-11 0.0467087 0.179 0.149774 0.178447 -0.11592 -0.0379814 0.276211 -0.0433973 -0.0768237 -0.0856309 0.00102996 0.157225 -0.0212162 0.155236 0.090262 0.224061 0.0156183 0.0539519 0.105152 0.184902 0.00623456 -0.0371175 -0.0263078 -0.0511023 -0.0733649 0.00810147 0.260605 -0.0497427 -0.0354288
internal_weight=8132 3647 694 667 641 86 4485 76 4409 2516 2452 1893 236 1657 240 214 555 2953 1710 1044 578 466 1243 666 1417 2353 589 64 1205 1138
internal_count=8132 3647 694 667 641 86 4485 76 4409 2516 2452 1893 236 1657 240 214 555 2953 1710 1044 578 466 1243 666 1417 2353 589 64 1205 1138
is_linear=0
shrinkage=0.03


Tree=129
num_leaves=27
num_cat=0
split_feature=55 34 59 15 15 32 22 16 16 7 21 18 39 5 21 23 59 19 9 19 34 32 30 22 8 22
split_gain=14905.3 11848.8 10469.7 17014.9 8234.48 8006.16 7820.63 7798.54 12075.6 9409.35 8335.01 8081.92 7708.22 7440.02 7286.61 7624.88 5781.39 5238.21 4628.42 4964.66 3730.47 3407.16 3331.14 2994.79 2235.82 1279.07
threshold=177.03571428571431 131.3666666666667 23.950000000000006 986.45000000000016 975.95000000000016 376.50000000000006 376.00000000000006 14.750000000000002 14.550000000000002 107.86000000000001 406.00000000000006 6635.5000000000009 45.650000000000013 2099.0000000000005 1479.5000000000002 4680.6650000000018 64.621428571428581 25.835416666666671 33.95000000000001 17.939583333333335 76.566666666666706 45.550000000000004 13973.853333333334 10.500000000000002 30.250000000000004 44.000000000000007
decision_type=10 10 8 2 2 10 2 2 2 2 2 2 8 2 2 2 10 2 2 2 10 10 2 2 2 2
left_child=4 -2 -3 -4 16 6 -5 8 9 10 -6 14 24 20 15 -9 17 18 23 -20 -13 25 -16 -1 -10 -19
right_child=1 2 3 5 7 -7 -8 11 12 -11 -12 13 -14 -15 22 -17 -18 21 19 -21 -22 -23 -24 -25 -26 -27
leaf_value=-0.24970042801619349 0.8312769817560911 0.74074015292254358 -0.7099041380733252 0.051067901858638722 0.0087007358255609332 0.61813538651340283 0.31777122693515458 -0.03200213513475348 0.42367882668972012 0.61389722521305079 0.30201789312304989 0.029235359499029612 0.80973614185020848 0.70934753532707695 -0.34809882644684081 0.1830940530202412 0.39844267163957864 -0.073444628972273607 -0.40331521143232074 -0.030823707404874598 0.3438628340038386 0.39407661230564117 -0.020703928492963312 -0.079802696348929003 0.0017715212702751159 0.16909021764993667
leaf_weight=308 20 22 24 796 1396 26 113 4024 20 25 93 148 29 20 93 154 21 65 35 403 44 25 40 134 26 28
leaf_count=308 20 22 24 796 1396 26 113 4024 20 25 93 148 29 20 93 154 21 65 35 403 44 25 40 134 26 28
internal_value=-2.02523e-10 0.108405 0.093668 0.0788238 -0.0152172 0.0990692 0.0842224 -0.00205406 0.0551185 0.0367116 0.0270207 -0.0221397 0.426693 0.158697 -0.0310326 -0.0240737 -0.0941702 -0.104536 -0.129704 -0.060589 0.101337 0.0831571 -0.249634 -0.198193 0.185209 -0.000423385
internal_weight=8132 1001 981 959 7131 935 909 6112 1589 1514 1489 4523 75 212 4311 4178 1019 998 880 438 192 118 133 442 46 93
internal_count=8132 1001 981 959 7131 935 909 6112 1589 1514 1489 4523 75 212 4311 4178 1019 998 880 438 192 118 133 442 46 93
is_linear=0
shrinkage=0.03


Tree=130
num_leaves=31
num_cat=0
split_feature=0 34 22 28 0 20 7 63 20 13 13 9 33 18 7 31 22 9 55 53 38 18 1 18 44 55 56 9 9 33
split_gain=14975.2 15279.7 13278.6 16919.1 13192.4 20632.6 13835.7 10645.2 7928.93 9499.8 6650.19 7742.45 12311.8 6801.5 11459.2 9960.61 8930.6 11129.9 6688.01 6192.5 6108.13 5977.3 7792.12 6462.23 5900.32 7723.14 5603.27 5273.76 4608.78 4315.32
threshold=28.643240000000002 164.16666666666671 8.5000000000000018 59.833333333333336 28.712721700000003 2250.0000000000005 15.4 14.385714285714288 2250.0000000000005 126.50000000000001 281.50000000000006 20.300000000000001 159.50000000000003 3425.5000000000005 19.215000000000003 384.19571428571419 356.00000000000006 32.250000000000007 214.64285714285717 74416.250000000015 86.250000000000014 6635.5000000000009 77.159231500000018 6680.0000000000009 9.9550000000000018 180.32142857142861 48.150000000000013 31.150000000000002 19.100000000000005 145.50000000000003
decision_type=2 8 2 2 2 2 2 8 2 2 2 2 10 2 2 2 2 2 10 2 10 2 2 2 8 10 8 2 2 8
left_child=8 21 -3 7 5 -5 -6 -4 9 -1 11 28 27 14 15 -12 19 -18 -16 -15 -14 24 23 -23 29 26 -26 -13 -10 -2
right_child=1 2 3 4 6 -7 -8 -9 10 -11 13 12 20 16 18 -17 17 -19 -20 -21 -22 22 -24 -25 25 -27 -28 -29 -30 -31
leaf_value=0.79258609219030907 -0.033055527021753212 0.88827114075422287 -0.84349184989929193 1.2395226257890464 -0.5946558098914102 0.25072399075970603 0.14085929287097801 -0.052017566635058472 -0.0027433785796165465 0.053020027147399049 0.22892161918343865 -0.14316735144027676 -0.41022881991189458 -0.33333804113451732 -0.18172167722259958 0.93264602757018533 0.3492185703579519 -0.059431991517796351 0.29291539728641508 -0.035733509264255787 0.13896403585161482 0.93330794370174397 0.0066943426051382284 0.22725213959813118 0.27971520605497063 0.52774182003119896 0.022901176218157005 -0.038324974187018052 0.50641677606850866 -0.31842466982603074
leaf_weight=22 1033 23 20 20 32 377 82 65 32 54 85 577 138 66 90 23 122 118 38 1351 21 20 59 28 80 29 1729 1716 32 50
leaf_count=22 1033 23 20 20 32 377 82 65 32 54 85 577 138 66 90 23 122 118 38 1351 21 20 59 28 80 29 1729 1716 32 50
internal_value=-1.01391e-10 0.0451463 0.18096 0.153664 0.218855 0.300538 -0.0656011 -0.238247 -0.0367109 0.267105 -0.041948 -0.0739066 -0.0824089 0.000528494 0.151208 0.378789 -0.0209322 0.148299 -0.0408138 -0.0495951 -0.337694 0.0173826 0.237609 0.521442 0.0093154 0.0420445 0.0342583 -0.064707 0.251837 -0.0462305
internal_weight=8132 3647 619 596 511 397 114 85 4485 76 4409 2516 2452 1893 236 108 1657 240 128 1417 159 3028 107 48 2921 1838 1809 2293 64 1083
internal_count=8132 3647 619 596 511 397 114 85 4485 76 4409 2516 2452 1893 236 108 1657 240 128 1417 159 3028 107 48 2921 1838 1809 2293 64 1083
is_linear=0
shrinkage=0.03


Tree=131
num_leaves=31
num_cat=0
split_feature=0 34 16 18 34 15 0 28 7 10 20 55 20 37 14 11 16 10 17 33 0 0 10 36 64 34 55 15 48 34
split_gain=14090.2 14376.6 11944.1 13804.7 23905.3 13803.2 9315.64 12476.2 12663.9 8695.66 8162.92 7558.55 7460.33 9489.72 5868.04 5974.51 8432.71 6284.13 5160.06 4654.99 4578.02 14903.5 6111.27 6033.65 5982.01 5272.56 4963.45 4476.87 4341.26 4268.11
threshold=28.643240000000002 164.16666666666671 11.950000000000001 3853.0000000000005 179.08333333333337 986.6500000000002 28.712721700000003 94.500000000000014 17.810000000000006 10.350000000000003 6390.2500000000009 240.85714285714289 2250.0000000000005 332.83333333333343 32.70000000000001 70.500000000000014 19.450000000000003 11.750000000000002 3020.0000000000005 159.50000000000003 28.581425950000003 28.557231250000005 14.15 320.50000000000006 67.719748201438861 226.83333333333334 166.50000000000003 976.85000000000002 166.85000000000005 194.50000000000003
decision_type=2 8 2 2 8 2 2 2 2 2 2 10 2 8 2 2 2 2 2 10 2 2 2 8 10 10 8 2 8 10
left_child=12 14 6 10 -5 -6 7 9 -9 -3 11 -4 13 -1 15 16 17 -2 -18 27 21 -14 24 -22 -23 28 -24 -17 -25 -12
right_child=1 2 3 4 5 -7 -8 8 -10 -11 29 -13 20 -15 -16 19 18 -19 -20 -21 23 22 26 25 -26 -27 -28 -29 -30 -31
leaf_value=0.46623444534431802 0.38655546269623131 0.65451412129615028 -0.059674389010125936 1.0846904410575999 -0.49949178271293637 0.27120076341088861 -0.065146802121942696 1.3933943951614201 0.52171040029823779 -0.10615718397654984 0.0073457396551966665 0.37895910950038919 -0.065759433854111621 -0.28342466660908289 0.43435007419437172 -0.11003541561805953 -0.073663091753438409 0.082189527889046418 0.10050087262160967 -0.38224250474785054 -0.058437493753135741 0.65547493086920838 0.06364718540727364 -0.5349395317994059 0.17250402000855722 0.0044799283062512017 -0.37626795727759599 0.015514265247711354 -0.17252869748463065 -0.38012712704043988
leaf_weight=55 65 21 99 29 25 128 33 20 60 38 40 55 1621 21 30 405 588 1005 207 35 1802 27 604 60 159 53 24 693 59 71
leaf_count=55 65 21 99 29 25 128 33 20 60 38 40 55 1621 21 30 405 588 1005 207 35 1802 27 604 60 159 53 24 693 59 71
internal_value=3.70419e-11 0.0437919 0.175531 0.0937857 0.294958 0.145271 0.387974 0.495549 0.739631 0.16459 -0.0443782 0.0969804 -0.0356096 0.259092 0.0168611 0.0126834 0.0456924 0.100679 -0.0283147 -0.0416518 -0.0406895 -0.0131653 0.0915706 -0.0746416 0.242613 -0.244408 0.0468351 -0.030795 -0.355257 -0.240497
internal_weight=8132 3647 619 447 182 153 172 139 80 59 265 154 4485 76 3028 2998 1865 1070 795 1133 4409 2435 814 1974 186 172 628 1098 119 111
internal_count=8132 3647 619 447 182 153 172 139 80 59 265 154 4485 76 3028 2998 1865 1070 795 1133 4409 2435 814 1974 186 172 628 1098 119 111
is_linear=0
shrinkage=0.03


Tree=132
num_leaves=29
num_cat=0
split_feature=33 59 47 20 1 55 38 28 12 12 56 54 15 1 1 55 1 12 31 19 31 37 26 55 47 54 43 35
split_gain=12849.6 15631.6 10348.8 9596.48 8431.12 11366.3 8122.38 8402.83 8013.77 6847.03 6733.68 5892.11 10764.8 5712.63 7078.56 5453.42 4833.19 5799.34 4746.05 7146.42 4910.94 4319.22 3993.5 3876.13 3812.42 4603.71 2801.98 2376.07
threshold=255.50000000000003 33.673571428571435 51.630000000000003 10323.750000000002 77.188546500000015 265.64285714285717 95.050000000000011 94.500000000000014 9.8500000000000032 6.4500000000000011 48.150000000000013 163.50000000000003 983.25000000000011 77.175104500000018 77.131314500000016 166.50000000000003 77.232522700000018 2.8500000000000005 2907.280714285715 10.502083333333335 2596.5750000000007 304.83333333333343 11.500000000000002 22.792857142857148 147.45000000000002 255.50000000000003 12.68166666666667 165.50000000000003
decision_type=10 8 8 2 2 8 8 2 2 2 8 8 2 2 2 10 2 2 2 2 2 10 2 10 8 10 10 10
left_child=2 -2 11 6 8 16 24 -8 13 -9 -10 15 -13 14 -4 18 21 -18 20 -20 -1 -6 -15 -12 25 -3 -14 -28
right_child=1 3 4 -5 5 -7 7 9 10 -11 23 12 26 22 -16 -17 17 -19 19 -21 -22 -23 -24 -25 -26 -27 27 -29
leaf_value=-0.050036165999828221 0.99319040510058398 0.010948033356988752 0.14227620905037519 -0.41251250160340636 -0.068767256264693793 0.55648411011695864 -0.13148870019614697 0.87289490187869345 0.43865684849023817 0.2868818035113968 -0.51352581999518654 -0.66773691387393985 0.20407387096920737 0.15323780583497434 0.016789055363312592 0.45466189397871493 0.42197385796185194 -0.0068802265157581755 0.51008517110299678 0.022274649107908183 -0.47249692268371579 -0.3100953161716461 0.48281638628526308 -0.097683446689704315 -0.23317061121906002 0.33042741492390632 -0.39041266286373139 -0.092401683095720458
leaf_weight=2632 20 111 589 27 681 30 20 34 20 38 22 37 23 313 1292 20 29 1326 31 211 25 74 37 243 31 64 30 122
leaf_count=2632 20 111 589 27 681 30 20 34 20 38 22 37 23 313 1292 20 29 1326 31 211 25 74 37 243 31 64 30 122
internal_value=2.08948e-10 0.179161 -0.00793764 0.129067 0.020423 -0.02335 0.178136 0.412502 0.0576543 0.56361 -0.0921456 -0.0501117 -0.202821 0.0767906 0.056083 -0.0390208 -0.0315941 0.0022982 -0.0424267 0.0847628 -0.0540111 -0.0924206 0.188079 -0.132206 0.0734675 0.127786 -0.104524 -0.15122
internal_weight=8132 345 7787 325 4656 2140 298 92 2516 72 285 3131 212 2231 1881 2919 2110 1355 2899 242 2657 755 350 265 206 175 175 152
internal_count=8132 345 7787 325 4656 2140 298 92 2516 72 285 3131 212 2231 1881 2919 2110 1355 2899 242 2657 755 350 265 206 175 175 152
is_linear=0
shrinkage=0.03


Tree=133
num_leaves=31
num_cat=0
split_feature=0 33 13 25 21 20 37 41 19 5 16 33 66 30 13 8 9 15 11 5 5 18 7 8 18 25 61 13 33 8
split_gain=13031.8 12904.4 12295.4 11825.7 10086.9 6924.98 9028.17 6779.12 10091.1 9041.38 10063.4 9553.16 6792.17 6528.23 6128.22 7228.04 12040.1 8496.53 6977.97 6403.32 17784.8 6765.16 14081.4 9043.02 6626.24 5551.62 5369.24 5359.12 5161.78 5131.89
threshold=28.643240000000002 278.50000000000006 292.50000000000006 4.5000000000000009 21.500000000000004 2250.0000000000005 332.83333333333343 27.450000000000003 13.4 18.500000000000004 18.950000000000003 48.95000000000001 1.0000000180025095e-35 118.59833333333306 281.50000000000006 26.550000000000004 20.300000000000001 982.75000000000011 21.500000000000004 175.00000000000003 191.00000000000003 3425.5000000000005 19.215000000000003 19.250000000000004 4533.0000000000009 1.0000000180025095e-35 18.220000000000002 126.50000000000001 108.50000000000001 17.250000000000004
decision_type=2 8 2 2 2 2 10 8 2 2 2 10 2 2 2 2 2 2 2 2 2 2 2 2 2 2 10 2 8 2
left_child=5 4 3 25 26 6 27 9 13 11 -11 -6 -10 -9 15 16 -7 28 -19 21 -21 22 -16 -23 -22 -3 -2 -1 -17 -18
right_child=1 2 -4 -5 7 14 -8 8 12 10 -12 -13 -14 -15 19 17 29 18 -20 20 24 23 -24 -25 -26 -27 -28 -29 -30 -31
leaf_value=0.84347402161359786 0.025837021815640588 0.64904835407550521 -0.36190083037252008 0.91689722216129299 -0.12242350932090512 0.24468838765053078 -0.27947410004479545 0.68773859381675717 0.0019072318621552906 0.04642724854249889 -0.156789142023772 0.53193822866991947 0.51684011999517676 0.1733693494656563 0.36683841859300931 -0.058421276724724185 -0.43711908977140079 -0.4173757491792951 0.1499803321919658 0.67049544576047493 0.1754759028698947 -0.19021128808613866 -0.1082023514348727 -0.0068049434546261344 -0.059412882260978218 0.15939887272885866 -0.10960497613991434 0.22787184163928031 -0.46264264623666629 -0.15863766098859122
leaf_weight=20 484 26 23 30 31 64 21 23 585 722 315 57 24 644 108 1451 66 21 275 44 185 340 117 839 260 105 578 35 29 610
leaf_count=20 484 26 23 30 31 64 21 23 585 722 315 57 24 644 108 1451 66 21 275 44 185 340 117 839 260 105 578 35 29 610
internal_value=-4.82086e-11 0.0421151 0.286931 0.379621 0.0291073 -0.0342461 0.249685 0.0631591 0.110492 0.00947311 -0.0153019 0.301424 0.0222002 0.191106 -0.0391404 -0.0698192 -0.148593 -0.0369967 0.109729 0.00163507 0.0951278 -0.0309276 0.119817 -0.0596957 0.0382375 0.256581 -0.0478781 0.451727 -0.0663418 -0.185827
internal_weight=8132 3647 184 161 3463 4485 76 2401 1276 1125 1037 88 609 667 4409 2516 740 1776 296 1893 489 1404 225 1179 445 131 1062 55 1480 676
internal_count=8132 3647 184 161 3463 4485 76 2401 1276 1125 1037 88 609 667 4409 2516 740 1776 296 1893 489 1404 225 1179 445 131 1062 55 1480 676
is_linear=0
shrinkage=0.03


Tree=134
num_leaves=31
num_cat=0
split_feature=0 34 22 37 16 63 21 20 37 14 18 1 18 47 16 0 0 36 16 12 34 44 58 23 15 21 49 26 34 60
split_gain=12261.6 12308.6 12231.8 15379 10137 10363.6 8786.27 6515.71 8494.61 5531.45 5733.73 7212.63 6050.85 5767.06 4964.11 4142.82 13520.7 5588.93 5484.49 5444.22 4810.48 4102.68 3986.36 3779.93 4332.57 4138.39 3684.33 3498.18 3099.86 2156.66
threshold=28.643240000000002 161.66666666666671 8.5000000000000018 257.83333333333343 11.950000000000001 12.99 92.500000000000014 2250.0000000000005 332.83333333333343 32.70000000000001 6635.5000000000009 77.159231500000018 6680.0000000000009 51.955000000000005 19.050000000000004 28.581425950000003 28.557231250000005 320.50000000000006 16.250000000000004 5.9500000000000011 226.83333333333334 1.2750000000000001 56.95000000000001 1875.4150000000002 986.6500000000002 166.50000000000003 66.373333333333349 10.500000000000002 118.26666666666667 27.250000000000004
decision_type=2 8 2 10 2 8 2 2 10 2 2 2 2 8 2 2 2 8 2 2 10 10 8 2 2 2 10 2 10 8
left_child=7 9 -3 -4 6 -6 -5 8 26 10 13 12 -12 28 -15 16 23 21 19 -18 22 -17 -19 25 -25 -9 -1 -23 -2 -13
right_child=1 2 3 4 5 -7 -8 15 -10 -11 11 29 -14 14 -16 17 18 20 -20 -21 -22 27 -24 24 -26 -27 -28 -29 -30 -31
leaf_value=0.20568399310111998 -0.033308719850923152 0.82541926011443134 -0.68319096064567564 0.088584737023338675 0.46964044273983352 0.02828561618823457 0.53873280053213246 -0.058764321456172899 -0.271089860030583 0.42092354607582094 0.89876967036724087 -0.24829002052545546 0.21555663804390598 0.078308407350533654 -0.030401255972212979 0.27175320236121908 0.12891043021460064 -0.59802349119573028 0.022023771357239232 0.46243728276055596 0.0040775408722319691 -0.07411952056082613 -0.22289899436438954 -0.046432534027844669 0.2492263449623551 -0.20979503214190853 0.69749266736495952 0.074229821095800702 -0.22648880483116954 0.13487931700853201
leaf_weight=29 1141 24 20 64 55 370 100 1242 21 30 20 20 28 1072 584 34 288 37 474 52 53 1611 82 120 71 188 26 157 80 39
leaf_count=29 1141 24 20 64 55 370 100 1242 21 30 20 20 28 1072 584 34 288 37 474 52 53 1611 82 120 71 188 26 157 80 39
internal_value=2.6598e-11 0.0408516 0.161114 0.134934 0.162714 0.0854021 0.363065 -0.0332187 0.242194 0.0155943 0.0115192 0.227154 0.500229 0.00349945 0.0399712 -0.0379661 -0.0117829 -0.0702641 0.0879757 0.17992 -0.233654 -0.0546686 -0.339534 -0.0618776 0.0634721 -0.0786201 0.438175 -0.060946 -0.0459659 0.00499141
internal_weight=8132 3647 633 609 589 425 164 4485 76 3014 2984 107 48 2877 1656 4409 2435 1974 814 340 172 1802 119 1621 191 1430 55 1768 1221 59
internal_count=8132 3647 633 609 589 425 164 4485 76 3014 2984 107 48 2877 1656 4409 2435 1974 814 340 172 1802 119 1621 191 1430 55 1768 1221 59
is_linear=0
shrinkage=0.03


Tree=135
num_leaves=31
num_cat=0
split_feature=0 33 13 25 21 41 19 5 33 8 30 34 34 25 18 18 54 53 10 13 22 15 68 32 8 53 31 13 18 53
split_gain=11536.9 11684.1 11416.3 10964 9312.71 6356.47 9295.04 8485.48 8968.49 6604.85 6185.63 5758.53 5721.8 5192.63 4730.29 9995.54 11426.2 9141.5 6749.69 4977.66 5377.3 11349.7 4673.29 6222.65 5117.53 7036.01 4445.64 9070.01 4242.96 3917.53
threshold=28.643240000000002 278.50000000000006 292.50000000000006 4.5000000000000009 21.500000000000004 27.450000000000003 13.4 18.500000000000004 48.95000000000001 23.450000000000003 118.59833333333306 189.50000000000003 161.66666666666671 1.0000000180025095e-35 3405.0000000000005 3303.0000000000005 116.50000000000001 74416.250000000015 12.65 330.50000000000006 356.00000000000006 985.45000000000016 8.5000000000000018 144.50000000000003 16.550000000000004 59029.400000000001 94.305714285714174 315.50000000000006 3550.0000000000005 76715.950000000012
decision_type=2 8 2 2 2 8 2 2 10 2 2 10 10 2 2 2 10 2 2 2 2 2 2 10 2 2 2 2 2 2
left_child=14 4 3 13 11 7 10 8 -6 -8 -7 26 -9 -3 15 22 -17 28 -18 20 29 -22 23 -1 25 -24 27 -2 -16 -19
right_child=1 2 -4 -5 5 6 9 12 -10 -11 -12 -13 -14 -15 17 16 18 19 -20 -21 21 -23 24 -25 -26 -27 -28 -29 -30 -31
leaf_value=-0.061583447097555581 -0.016185238307903804 0.62298803962194005 -0.35262747080753681 0.87922458434104911 -0.11985734662611879 0.66659540813902141 -0.37903399785927361 -0.051423607953095245 0.51416426846855567 0.045459772541069254 0.16590496074298383 -0.53857082115752353 0.1242427462567553 0.14943409682198291 -0.62506506573070186 -0.15206049678581099 0.33289815425872804 0.34212458984418348 0.99988092899322512 0.18924400959470691 -0.067674345582262763 0.22948560592834835 -0.031895869659616591 -0.63451639262112702 -0.058193279016737681 0.3313981638628305 -0.13585713423949067 0.60211045649918638 -0.17505984424190085 -0.059568297998659897
leaf_weight=76 726 26 23 30 31 23 35 828 57 574 644 21 209 105 33 28 36 22 22 85 291 192 94 22 221 98 293 22 44 3221
leaf_count=76 726 26 23 30 31 23 35 828 57 574 644 21 209 105 33 28 36 22 22 85 291 192 94 22 221 98 293 22 44 3221
internal_value=1.99275e-10 0.0396261 0.272579 0.361894 0.0272486 0.0599675 0.105801 0.00798202 0.290816 0.0210636 0.18317 -0.0467233 -0.0160193 0.243422 -0.0322222 0.0464027 0.345628 -0.044295 0.585892 -0.0377562 -0.0429347 0.0504513 -0.00395618 -0.190201 0.0402375 0.153535 -0.0368013 0.00199993 -0.367919 -0.0568433
internal_weight=8132 3647 184 161 3463 2401 1276 1125 88 609 667 1062 1037 131 4485 597 86 3888 58 3811 3726 483 511 98 413 192 1041 748 77 3243
internal_count=8132 3647 184 161 3463 2401 1276 1125 88 609 667 1062 1037 131 4485 597 86 3888 58 3811 3726 483 511 98 413 192 1041 748 77 3243
is_linear=0
shrinkage=0.03


Tree=136
num_leaves=31
num_cat=0
split_feature=15 34 6 33 17 17 8 21 7 57 8 10 16 43 61 23 24 61 68 9 10 15 8 24 56 11 29 62 45 39
split_gain=10814 14494.6 12204.9 10034.8 9821.96 18064.4 29298.8 13747.1 13128.2 13732.5 10678.7 10576.1 9737.52 9295.91 8459.6 10352.5 8451.16 7180.02 7156.81 6824.72 8287.64 6465.42 8935.25 8652.82 6199.59 5749.48 4954.19 3408.56 1591.39 857.76
threshold=986.6500000000002 194.50000000000003 1875.4150000000002 199.50000000000003 1062.5000000000002 1612.5000000000002 18.200000000000006 30.500000000000004 30.690000000000001 414.28571428571433 19.150000000000002 13.250000000000002 16.050000000000004 12.033333333333323 22.692857142857147 2584.8600000000006 298.67000000000002 19.707142857142859 3.5000000000000004 30.950000000000003 12.750000000000002 982.95000000000016 27.050000000000004 69.280000000000015 39.650000000000013 57.500000000000007 90.071428571428584 29.804532374100727 53.050000000000004 64.65000000000002
decision_type=2 10 2 10 2 2 2 2 2 10 2 2 2 10 10 2 2 10 2 2 2 2 2 2 8 2 2 10 10 10
left_child=1 3 4 19 7 10 -7 26 9 -9 25 -8 -12 -4 17 18 -10 -15 -16 20 -1 22 -21 -23 -22 -6 28 -17 -2 -28
right_child=2 -3 13 -5 5 6 11 8 16 -11 12 -13 -14 14 15 27 -18 -19 -20 21 24 23 -24 -25 -26 -27 29 -29 -30 -31
leaf_value=0.49483508366346363 -0.079105927009840274 -0.76403311654925343 0.8210830703697034 0.48118316180578297 -0.36024661561986432 1.2030894391089679 0.37309384458884592 0.18359482471835822 0.13907655324976323 0.7646340990066528 -0.2141935750376433 0.012750573476317199 0.11967606508467149 0.289773088991642 0.5786411967277526 0.33598420018735137 -0.21773964798278059 -0.40143479488397898 0.07949313453323939 -0.40911156476627697 0.16433820943438238 -0.15410350683689117 -0.023487458601022356 0.12204223184155361 -0.14823288946299304 -0.14174894049896727 -0.26095242151847253 0.81799717657027704 0.11665512013435364 -0.50260019123554223
leaf_weight=20 148 24 21 35 160 20 80 597 118 39 120 876 228 21 30 23 121 38 187 55 62 125 3226 558 724 336 39 31 50 20
leaf_count=20 148 24 21 35 160 20 80 597 118 39 120 876 228 21 30 23 121 38 187 55 62 125 3226 558 724 336 39 31 50 20
internal_value=-1.20637e-10 -0.0286116 0.0418303 -0.0249383 0.0219451 -0.0212118 0.0666791 0.0913315 0.14799 0.219225 -0.122849 0.0429048 0.0045486 0.20907 0.170123 0.240996 -0.041571 -0.155412 0.1485 -0.028652 -0.108232 -0.012471 -0.0299517 0.0715031 -0.123577 -0.212232 -0.101572 0.612695 -0.0296713 -0.342867
internal_weight=8132 4829 3303 4805 2952 1820 976 1132 875 636 844 956 348 351 330 271 239 59 217 4770 806 3964 3281 683 786 496 257 54 198 59
internal_count=8132 4829 3303 4805 2952 1820 976 1132 875 636 844 956 348 351 330 271 239 59 217 4770 806 3964 3281 683 786 496 257 54 198 59
is_linear=0
shrinkage=0.03


Tree=137
num_leaves=24
num_cat=0
split_feature=55 13 15 55 13 35 29 21 16 29 12 56 40 13 44 17 13 32 56 63 17 32 35
split_gain=10439.5 13422.3 12941.6 6611.65 7358.52 6159.75 6171.21 6411.57 5225.68 13247 6808.06 4836.41 11709 4493.67 4144 1433.44 1859.09 1239.21 1155.22 826.871 439.439 195.142 183.432
threshold=178.97142857142859 105.50000000000001 986.45000000000016 28.25357142857143 355.50000000000006 625.50000000000011 360.28571428571439 163.50000000000003 22.200000000000006 1662.2857142857144 10.15 39.650000000000013 19.150000000000002 90.500000000000014 68.002553956834547 800.00000000000011 305.50000000000006 41.350000000000001 73.850000000000009 14.385714285714288 687.50000000000011 23.550000000000004 54.850000000000001
decision_type=10 2 2 8 2 10 2 2 2 2 2 10 8 2 10 2 2 10 10 8 2 10 10
left_child=3 -2 -3 15 8 6 7 -4 9 10 -5 12 -10 -13 -8 20 17 19 -18 -17 21 -1 -22
right_child=1 2 5 4 -6 -7 14 -9 11 -11 -12 13 -14 -15 -16 16 18 -19 -20 -21 22 -23 -24
leaf_value=-0.20258451138223921 0.79299227952957152 -0.66184090018272401 0.10220237249266478 0.0095548046657829219 0.49207562973101932 0.59923896836383006 0.42124030563193304 -0.091805832312056204 0.77818785301276616 0.76187873882906776 -0.44375465601682662 -0.24303853658641256 -0.048556377732291309 -0.052249713722134966 -0.067645709216594699 -0.10393824956018868 0.27277302827153888 -0.28249448178143333 -0.045808662347495553 -0.03078057295699237 -0.21091570030559192 -0.073253831863403313 -0.33208422132160348
leaf_weight=21 24 21 608 4911 27 21 71 205 21 21 30 123 58 1149 20 467 21 29 20 198 22 21 23
leaf_count=21 24 21 608 4911 27 21 71 205 21 21 30 123 58 1149 20 467 21 29 20 198 22 21 23
internal_value=8.31989e-11 0.092362 0.0745871 -0.0125092 -0.00213036 0.091306 0.0795066 0.0532827 -0.00424402 0.00999808 0.00680247 -0.0565529 0.171211 -0.0706986 0.313793 -0.0925604 -0.0789306 -0.0905275 0.117367 -0.082156 -0.207709 -0.137919 -0.272846
internal_weight=8132 970 946 7162 6340 925 904 813 6313 4962 4941 1351 79 1272 91 822 735 694 41 665 87 42 45
internal_count=8132 970 946 7162 6340 925 904 813 6313 4962 4941 1351 79 1272 91 822 735 694 41 665 87 42 45
is_linear=0
shrinkage=0.03


Tree=138
num_leaves=27
num_cat=0
split_feature=55 13 15 29 21 21 55 13 1 57 35 18 7 41 1 18 18 56 14 60 35 23 62 55 16 11
split_gain=9822.51 12629 12294.9 6536.47 6400.99 10869.4 6220.9 6923.64 6233.3 8464.09 7585.69 6625.56 5482.07 4916.18 4387.28 1364.94 4276.94 1358.37 1104.61 948.81 807.804 719.201 577.233 542.675 626.511 394.187
threshold=178.97142857142859 105.50000000000001 986.6500000000002 393.35714285714295 163.50000000000003 89.500000000000014 28.25357142857143 355.50000000000006 77.188546500000015 49.585714285714289 522.50000000000011 6635.5000000000009 38.465000000000011 32.250000000000007 77.309166200000007 5282.5000000000009 5369.5000000000009 314.50000000000006 0.45000000000000007 49.050000000000004 83.250000000000014 2.3250000000000006 14.350000000000003 17.310714285714287 12.400000000000002 77.500000000000014
decision_type=10 2 2 2 2 2 8 2 2 10 8 2 2 8 2 2 2 10 2 8 10 2 10 10 2 2
left_child=6 -2 -3 4 5 -4 15 8 10 -10 11 -8 -6 -5 -11 18 20 -15 22 21 -17 -18 25 -20 -25 -1
right_child=1 2 3 13 12 -7 7 -9 9 14 -12 -13 -14 17 -16 16 19 -19 23 -21 -22 -23 -24 24 -26 -27
leaf_value=-0.069654779846851644 0.76920249437913302 -0.58409552757740024 0.010279465343834124 0.066277099457280386 -0.21993451380951179 0.26440276410130936 0.018589709932187004 0.47731335974401895 0.40776207512930818 -0.055815215406981568 -0.49775915822982786 0.24023324536780516 0.074376606077719953 0.41146220692179414 0.066470024690284568 0.1081170337398847 -0.036517004037717564 0.7530708425045014 -0.27363948361626983 0.063752988874912264 0.35620370371001103 -0.13606298758413177 -0.14683792789777117 -0.26647131587228468 -0.12467247121986381 0.08364097525676091
leaf_weight=26 24 25 361 29 111 261 3312 27 38 2517 25 126 117 22 295 27 97 20 29 34 21 200 27 31 294 36
leaf_count=26 24 25 361 29 111 261 3312 27 38 2517 25 126 117 22 295 27 97 20 29 34 21 200 27 31 294 36
internal_value=-1.21133e-10 0.0895912 0.0723494 0.0901683 0.0670698 0.116913 -0.012134 -0.00206645 -0.0041167 -0.0369766 0.0229265 0.0267128 -0.0689064 0.366699 -0.0429866 -0.0897836 -0.0479887 0.574133 -0.12554 -0.086366 0.216655 -0.103551 -0.0310626 -0.149293 -0.138198 0.0193557
internal_weight=8132 970 946 921 850 622 7162 6340 6313 2850 3463 3438 228 71 2812 822 379 42 443 331 48 297 89 354 325 62
internal_count=8132 970 946 921 850 622 7162 6340 6313 2850 3463 3438 228 71 2812 822 379 42 443 331 48 297 89 354 325 62
is_linear=0
shrinkage=0.03


Tree=139
num_leaves=31
num_cat=0
split_feature=0 33 13 58 0 22 21 10 41 56 19 13 66 16 52 10 34 57 13 8 9 15 19 5 5 62 7 34 8 33
split_gain=10356.1 10192.4 10372.8 10651 14662.4 11582.9 8109.78 6761.75 5850.55 8344.97 8246.02 6950.44 6177.04 5734.61 5653.79 8160.14 5428.69 5981.14 4975.79 6910.74 10552.7 7543.97 6623.85 5466.16 16223.3 5756.66 5507.29 7580.08 7043.56 4933.52
threshold=28.643240000000002 278.50000000000006 292.50000000000006 71.750000000000014 28.682925800000003 83.500000000000014 21.500000000000004 11.550000000000002 27.450000000000003 41.45000000000001 13.4 339.50000000000006 1.0000000180025095e-35 25.200000000000006 2250.0000000000005 11.300000000000002 90.233333333333363 194.07142857142858 281.50000000000006 26.550000000000004 20.300000000000001 982.75000000000011 6.9937500000000012 175.00000000000003 191.00000000000003 22.13492805755396 19.385000000000005 184.16666666666671 16.250000000000004 108.50000000000001
decision_type=2 8 2 8 2 2 2 2 8 8 2 2 2 2 2 2 10 10 2 2 2 2 2 2 2 10 2 10 2 8
left_child=14 6 3 7 -5 -6 16 -3 9 -8 13 -11 -12 -10 15 -1 -2 -18 19 20 -16 29 -23 26 -25 -26 27 -20 -28 -21
right_child=1 2 -4 4 5 -7 8 -9 10 11 12 -13 -14 -15 18 -17 17 -19 23 21 -22 22 -24 24 25 -27 28 -29 -30 -31
leaf_value=-0.039079370579936289 -0.015218976979011749 0.38157817657817811 -0.34083093506486517 1.1948580703139304 -0.2322801073030992 0.61745555554117471 0.59906552889517373 -0.19723792564410428 0.20176954393460111 -0.014851486128883786 0.0013226789969664353 0.54954260659217824 0.49238499410450454 -0.099009352113519397 0.22856821825727819 0.59053639177232975 -0.69207518514990796 -0.13563559063731279 -0.0013051502082983902 -0.050408958345497579 -0.17447853183722364 -0.40580051285879948 0.14697209543247114 0.63770043213259087 -0.066792845966122227 0.14953518929472867 -0.32750972116366028 0.33603149221702056 -0.05035574595472414 -0.4455916095602101
leaf_weight=44 909 34 23 24 22 42 21 39 604 1084 585 20 24 63 64 32 20 133 654 1451 676 21 275 44 238 207 96 66 588 29
leaf_count=44 909 34 23 24 22 42 21 39 604 1084 585 20 24 63 64 32 20 133 654 1451 676 21 275 44 238 207 96 66 588 29
internal_value=-4.98135e-11 0.0375435 0.255119 0.340254 0.562495 0.325359 0.0259831 0.0723477 0.0565158 0.00664197 0.100488 -0.00462696 0.0206749 0.17336 -0.0305287 0.226022 -0.0430462 -0.208373 -0.034951 -0.0625951 -0.13962 -0.0305011 0.107755 0.00179097 0.0881716 0.0338362 -0.0282946 0.0296174 -0.0892545 -0.0581524
internal_weight=8132 3647 184 161 88 64 3463 73 2401 1125 1276 1104 609 667 4485 76 1062 153 4409 2516 740 1776 296 1893 489 445 1404 720 684 1480
internal_count=8132 3647 184 161 88 64 3463 73 2401 1125 1276 1104 609 667 4485 76 1062 153 4409 2516 740 1776 296 1893 489 445 1404 720 684 1480
is_linear=0
shrinkage=0.03


Tree=140
num_leaves=31
num_cat=0
split_feature=0 10 9 7 8 33 57 11 9 5 31 17 10 52 10 1 13 8 9 15 11 18 7 31 8 17 53 55 8 33
split_gain=9744.09 9827.7 17886.2 8653.49 8425.65 13832 31424.7 13416.7 8006.99 10902.2 7227.19 6347.94 5496.8 5319.65 7677.88 5113.24 4681.72 6502.32 9929.03 7098.12 6232.38 5539.93 9257.29 8531.4 6714.1 11533.5 10117.5 5887.61 4806.71 4641.95
threshold=28.643240000000002 11.550000000000002 24.150000000000002 18.025000000000002 19.050000000000004 166.50000000000003 86.014285714285734 59.500000000000007 18.600000000000005 17.500000000000004 416.25000000000006 800.00000000000011 13.15 2250.0000000000005 11.300000000000002 77.128061500000015 281.50000000000006 26.550000000000004 20.300000000000001 982.75000000000011 21.500000000000004 3425.5000000000005 19.215000000000003 384.19571428571419 19.250000000000004 1680.0000000000002 134731.65000000005 214.64285714285717 17.250000000000004 108.50000000000001
decision_type=2 2 2 2 2 8 10 2 2 2 2 2 2 2 2 2 2 2 2 2 2 2 2 2 2 2 2 10 2 8
left_child=13 2 8 -4 15 11 -7 -8 -2 -10 -11 -6 -13 14 -1 -3 17 18 -15 29 -21 22 23 -18 25 -23 -26 -24 -20 -19
right_child=1 4 3 -5 5 6 7 -9 9 10 -12 12 -14 16 -16 -17 21 19 28 20 -22 24 27 -25 26 -27 -28 -29 -30 -31
leaf_value=-0.037906981693072751 -0.11680498820466872 0.23347927847078867 1.0417126205232408 0.33122916257629786 -0.18435551378969101 1.3572107124328612 0.29301088062659747 -0.21580896914978934 0.75178771628273855 0.17313527555962402 -0.34630201376146735 0.34809698393163474 0.017156177917056484 0.22171116733923554 0.57282031070441009 -0.19651898024088169 0.2035773132057751 -0.048896689175375874 -0.41244498770345339 -0.39362649508884973 0.14256293157914823 -0.16190683478547727 -0.16707084349791207 0.85486058141874233 0.18333487254811021 0.54439212051304897 -0.026928595128005387 0.27825988882466368 -0.14293064514779652 -0.43222386501986404
leaf_weight=44 117 28 27 36 140 21 159 66 27 225 27 46 2504 64 32 224 85 1451 66 21 275 384 90 23 260 22 991 38 610 29
leaf_count=44 117 28 27 36 140 21 159 66 27 225 27 46 2504 64 32 224 85 1451 66 21 275 384 90 23 260 22 991 38 610 29
internal_value=6.24786e-11 0.0364172 0.166204 0.635722 0.0177308 0.0320193 0.247345 0.143757 0.0915085 0.178866 0.117481 0.0123278 0.0231261 -0.0296128 0.219241 -0.148741 -0.0339024 -0.0607172 -0.135432 -0.0295861 0.104522 0.00173724 0.137726 0.342277 -0.0176311 -0.123634 0.0167712 -0.0348633 -0.169244 -0.0564078
internal_weight=8132 3647 459 63 3188 2936 246 225 396 279 252 2690 2550 4485 76 252 4409 2516 740 1776 296 1893 236 108 1657 406 1251 128 676 1480
internal_count=8132 3647 459 63 3188 2936 246 225 396 279 252 2690 2550 4485 76 252 4409 2516 740 1776 296 1893 236 108 1657 406 1251 128 676 1480
is_linear=0
shrinkage=0.03


Tree=141
num_leaves=31
num_cat=0
split_feature=0 55 32 10 0 9 5 63 20 37 18 1 18 47 16 14 55 55 35 0 0 36 8 65 34 48 44 19 41 25
split_gain=9168.22 9258.11 16100.9 9364.86 8816.82 10601.1 7680.65 5665.07 5005.26 7686.99 4651.32 6570.57 5638.72 5361.05 6027.21 7104.63 6035.88 4189.14 4095.72 3899.38 12144.3 5349.06 4952.09 8376.31 4123.86 3956.64 3955.81 3805.65 3625.82 6446.61
threshold=28.643240000000002 157.90000000000001 97.250000000000014 21.150000000000002 28.712721700000003 26.050000000000004 73.500000000000014 47.391428571428577 2250.0000000000005 332.83333333333343 6635.5000000000009 77.159231500000018 6680.0000000000009 52.310000000000009 18.950000000000003 0.45000000000000007 113.15714285714286 119.29285714285716 329.50000000000006 28.581425950000003 28.557231250000005 320.50000000000006 17.250000000000004 89.129285714285729 226.83333333333334 166.85000000000005 1.2750000000000001 11.708333333333336 63.550000000000004 1.5000000000000002
decision_type=2 8 8 2 2 2 2 8 2 10 2 2 2 8 2 2 10 10 10 2 2 8 2 10 10 8 10 2 8 2
left_child=8 10 -3 4 6 -6 -4 -5 9 -1 13 12 -12 17 15 -15 -16 18 -2 20 28 26 23 -22 25 -23 -21 -19 -10 -30
right_child=1 2 3 7 5 -7 -8 -9 19 -11 11 -13 -14 14 16 -17 -18 27 -20 21 22 24 -24 -25 -26 -27 -28 -29 29 -31
leaf_value=0.3990962616042657 -0.037130780662314927 0.93254125891084017 0.024034865132587794 -0.6305363214534262 -0.25596768914195506 0.31463731028312864 0.28094218845165009 -6.8684143239054185e-05 -0.07555012206900294 -0.27561057891164503 0.8516984401792288 -0.0057115773730358832 0.19216301377064415 0.13626154315954536 0.0010650280477745193 -0.03535767150833196 -0.2849852995299979 -0.098997983889920357 0.38571874533380779 0.27156293897067801 0.83479973798990248 -0.49363692510128016 0.059686399762448467 0.14662572073248717 -0.0039527457840037791 -0.14765248569391543 -0.055126855441327505 -0.56649462947845464 0.25935030454986319 -0.052204296037706793
leaf_weight=55 1127 22 153 23 92 43 332 29 1339 21 20 59 28 719 525 311 76 42 21 34 20 60 716 78 53 59 1768 25 86 196
leaf_count=55 1127 22 153 23 92 43 332 29 1339 21 20 59 28 719 525 311 76 42 21 34 20 60 716 78 53 59 1768 25 86 196
internal_value=-1.60811e-11 0.0353247 0.133922 0.107777 0.140211 -0.0742194 0.199897 -0.278929 -0.0287244 0.212664 0.0121527 0.206332 0.466969 0.00485225 0.04039 0.0844425 -0.0351077 -0.0428531 -0.0293957 -0.0328854 -0.00748307 -0.06422 0.0870617 0.287069 -0.224065 -0.322098 -0.0489629 -0.273437 -0.0549596 0.0428088
internal_weight=8132 3647 694 672 620 135 485 52 4485 76 2953 107 48 2846 1631 1030 601 1215 1148 4409 2435 1974 814 98 172 119 1802 67 1621 282
internal_count=8132 3647 694 672 620 135 485 52 4485 76 2953 107 48 2846 1631 1030 601 1215 1148 4409 2435 1974 814 98 172 119 1802 67 1621 282
is_linear=0
shrinkage=0.03


Tree=142
num_leaves=31
num_cat=0
split_feature=0 33 16 7 21 22 41 16 6 34 57 17 16 9 13 9 8 15 13 5 5 62 18 7 8 51 7 62 46 1
split_gain=8626.38 8658.98 9933.77 19621.7 7186.4 5764.21 6749.87 8576.35 7839.48 5110.62 5672.49 5054.31 4656.36 6607.68 4099.61 5231.96 9332.02 6625.96 5088.67 5058.01 15142.9 5350.59 5221.45 11698.2 7561.91 4661.35 4087.74 6861.52 4082.62 4011.03
threshold=28.643240000000002 278.50000000000006 16.450000000000003 15.590000000000002 21.500000000000004 15.500000000000002 27.450000000000003 22.200000000000006 69.610000000000014 90.233333333333363 194.07142857142858 1012.5000000000001 8.5000000000000018 24.450000000000003 281.50000000000006 20.300000000000001 26.550000000000004 982.75000000000011 126.50000000000001 175.00000000000003 191.00000000000003 18.550000000000004 3425.5000000000005 19.215000000000003 19.250000000000004 734.03000000000009 24.705000000000002 14.15 11.576666666666673 77.188546500000015
decision_type=2 8 2 2 2 2 8 2 2 10 10 2 2 2 2 2 2 2 2 2 2 10 2 2 2 2 2 8 10 2
left_child=12 4 3 -3 9 11 8 -8 -7 -2 -11 -6 13 -1 15 18 25 -18 -14 22 29 -22 23 -16 -24 -17 -5 -28 -4 -21
right_child=1 2 28 26 5 6 7 -9 -10 10 -12 -13 14 -15 19 16 17 -19 -20 20 21 -23 24 -25 -26 -27 27 -29 -30 -31
leaf_value=-0.080516371591524652 -0.014371422048621248 1.0701119411402735 0.21532414307817815 -0.062190113597010314 0.28411063935445702 0.31767678094946816 0.15665347061783805 -0.033588340016626597 -0.013216812988299015 -0.67283816385269168 -0.1309456829513822 -0.19835060334764421 0.40492934001046554 0.66345980399421278 0.33240858767595555 -0.14091602921532248 -0.053706114400429904 0.10177960183462002 -0.056604927154474481 0.93026701927185051 -0.074992615225785791 0.13321138346714403 -0.17147291561654385 -0.091545841963961719 -0.0037572996883461066 -0.50650075541301198 -0.050258600041270259 0.61226354988182285 -0.29269127082824709 0.35501919787377118
leaf_weight=22 909 29 24 38 23 69 927 277 975 20 133 130 43 21 108 643 1480 296 43 20 214 231 340 128 839 33 24 34 35 24
leaf_count=22 909 29 24 38 23 69 927 277 975 20 133 130 43 21 108 643 1480 296 43 20 214 231 340 128 839 33 24 34 35 24
internal_value=-4.56274e-11 0.0342649 0.234806 0.386246 0.0236096 0.0523515 0.0644782 0.112885 0.00865259 -0.0413712 -0.201781 -0.125824 -0.0278627 0.282821 -0.0308702 -0.0558329 -0.0638996 -0.0277918 0.174162 0.00240457 0.0855812 0.0330863 -0.0263399 0.102467 -0.0521231 -0.158763 0.179662 0.338116 -0.0860409 0.616495
internal_weight=8132 3647 184 125 3463 2401 2248 1204 1044 1062 153 153 4485 43 4442 2538 2452 1776 86 1904 489 445 1415 236 1179 676 96 58 59 44
internal_count=8132 3647 184 125 3463 2401 2248 1204 1044 1062 153 153 4485 43 4442 2538 2452 1776 86 1904 489 445 1415 236 1179 676 96 58 59 44
is_linear=0
shrinkage=0.03


Tree=143
num_leaves=31
num_cat=0
split_feature=47 1 13 32 1 16 32 46 32 22 13 10 10 7 19 20 1 31 7 10 33 62 13 21 19 53 16 30 14 63
split_gain=8279.43 8752.38 17331.3 8625.68 8023.65 10521.1 7383.1 6665.59 5633.19 8231.61 5571.51 5086.12 17651.8 5986.86 3827.89 3947.94 3750.84 3503.93 5826.28 3220.2 4931.73 2935.03 2771.76 2233.28 1930.29 1732.05 1441.43 1348.01 1052.79 1024.74
threshold=49.085000000000008 77.188546500000015 49.500000000000007 376.50000000000006 77.309166200000007 15.550000000000002 13.65 16.608333333333338 274.50000000000006 406.00000000000006 354.00000000000006 10.250000000000002 10.100000000000001 13.805000000000001 25.747916666666672 22880.250000000004 77.309166200000007 5469.3542857142866 77.560000000000016 26.650000000000002 34.550000000000004 3.0900000000000003 107.50000000000001 39.500000000000007 10.035416666666668 277244.05000000005 20.400000000000002 96.889999999999702 0.25000000000000006 13.949285714285717
decision_type=8 2 2 10 2 2 10 10 10 2 2 2 2 2 2 2 2 2 2 2 10 10 2 2 2 2 2 2 2 10
left_child=14 3 -3 6 8 7 26 -6 10 -10 -4 12 -8 -13 15 16 17 18 -1 20 -16 24 29 -18 -17 -24 -2 -7 -21 -23
right_child=1 2 4 -5 5 27 11 -9 9 -11 -12 13 -14 -15 19 21 23 -19 -20 28 -22 22 25 -25 -26 -27 -28 -29 -30 -31
leaf_value=-0.070726864576321893 -0.16826882570981977 0.60778827873560093 -0.049423604459072616 0.67931649792194371 0.80476059188896953 0.12715785039025684 0.11179430040644435 0.22637573783545151 -0.69250338546160983 0.09862619027495384 0.42022124142750444 -0.021056265270669821 1.0250320275979383 0.078957732831143143 0.0963544813543558 0.49953943866491318 0.038545079686811992 -0.38970518648624419 0.24171515497294338 0.13799643954634666 0.6478280573040246 0.27956218433136548 -0.075903779821704612 0.435942602455616 0.092317508161067957 0.21952249632775783 -0.50860543625695354 -0.062042448440683066 -0.071886756514248099 0.046345560193061831
leaf_weight=2299 24 39 1966 20 22 43 205 97 29 20 23 779 21 1746 54 20 35 30 55 30 20 39 167 20 22 20 21 160 76 30
leaf_count=2299 24 39 1966 20 22 43 205 97 29 20 23 779 21 1746 54 20 35 30 55 30 20 39 167 20 22 20 21 160 76 30
internal_value=-1.60761e-10 0.0226393 -0.0194681 0.0585114 -0.0298337 0.10933 0.0540707 0.333304 -0.0518213 -0.369593 -0.0439928 0.0603057 0.196653 0.0481019 -0.0404745 -0.0492877 -0.0618819 -0.0675327 -0.0634268 0.0935345 0.245401 0.0537906 0.0156555 0.183053 0.286233 -0.0443074 -0.327093 -0.0219655 -0.0124859 0.178164
internal_weight=8132 5215 2399 2816 2360 322 2796 119 2038 49 1989 2751 226 2525 2917 2737 2439 2384 2354 180 74 298 256 55 42 187 45 203 106 69
internal_count=8132 5215 2399 2816 2360 322 2796 119 2038 49 1989 2751 226 2525 2917 2737 2439 2384 2354 180 74 298 256 55 42 187 45 203 106 69
is_linear=0
shrinkage=0.03


Tree=144
num_leaves=31
num_cat=0
split_feature=0 55 32 19 0 51 5 17 47 32 53 18 52 37 13 13 8 9 15 11 22 9 21 34 35 6 8 56 34 18
split_gain=7856.16 8022.98 15245.3 8400.15 7369.39 9871.55 6943.84 5844.84 4837.56 5166.58 7001.77 5058.71 4444.12 6945.09 4375.24 4080.75 5723.2 8782.2 6145.02 5915.42 4924.3 8645.22 8139.83 10534.1 8049.8 4456.08 4451.93 3912.82 3893.99 3690.91
threshold=28.643240000000002 157.90000000000001 97.250000000000014 17.547916666666669 28.712721700000003 1622.1450000000002 72.500000000000014 660.00000000000011 54.535000000000004 25.750000000000004 61127.55000000001 6641.5000000000009 2250.0000000000005 332.83333333333343 126.50000000000001 281.50000000000006 26.550000000000004 20.300000000000001 982.75000000000011 21.500000000000004 356.00000000000006 32.250000000000007 175.00000000000003 184.16666666666671 268.50000000000006 865.85500000000013 17.250000000000004 200.50000000000003 97.316666666666677 6680.0000000000009
decision_type=2 8 8 2 2 2 2 2 8 10 2 2 2 10 2 2 2 2 2 2 2 2 2 10 10 2 2 10 8 2
left_child=12 7 -3 4 6 -6 -4 -2 11 -10 -11 -9 13 14 -1 16 17 27 28 -20 22 24 23 -17 -22 -24 -19 -14 -18 -13
right_child=1 2 3 -5 5 -7 -8 8 9 10 -12 29 15 -15 -16 20 18 26 19 -21 21 -23 25 -25 -26 -27 -28 -29 -30 -31
leaf_value=0.73203741323947902 -0.22036833278285828 0.90159558567133813 0.0054491927741095424 -0.3676947774941271 -0.19218560458027889 0.46713277316093443 0.24920558291572059 -0.033371431741814436 -0.16785446782342411 0.62634647548198696 0.061082376974414147 0.5967818854451179 0.54590508495058332 -0.26324862905911034 0.17580753580161501 -0.013867076191641955 -0.043721365769558096 -0.39149400277571245 -0.38687452656882149 0.13550226215584713 0.75332259130265034 -0.053333579410435789 -0.33416008765089139 0.27355261926938379 0.17382606253662006 -0.070739751313845592 -0.13211670109073889 0.046316529526266942 -0.36396594421352663 0.027332120090723035
leaf_weight=20 95 22 150 33 112 25 352 1291 88 20 1418 20 21 21 35 1287 1445 66 21 275 28 118 97 126 94 143 610 43 35 21
leaf_count=20 95 22 150 33 112 25 352 1291 88 20 1418 20 21 21 35 1287 1445 66 21 275 28 118 97 126 94 143 610 43 35 21
internal_value=2.62105e-10 0.0326995 0.124485 0.0990437 0.123148 -0.071872 0.17637 0.0111286 0.0188235 0.0552887 0.0689442 -0.0229526 -0.0265898 0.200866 0.378073 -0.0305105 -0.0555452 -0.125641 -0.0263386 0.0984417 0.00276319 0.129747 -0.0156737 0.0117627 0.306825 -0.177205 -0.157441 0.210244 -0.0512947 0.305112
internal_weight=8132 3647 694 672 639 137 502 2953 2858 1526 1438 1332 4485 76 55 4409 2516 740 1776 296 1893 240 1653 1413 122 240 676 64 1480 41
internal_count=8132 3647 694 672 639 137 502 2953 2858 1526 1438 1332 4485 76 55 4409 2516 740 1776 296 1893 240 1653 1413 122 240 676 64 1480 41
is_linear=0
shrinkage=0.03


Tree=145
num_leaves=31
num_cat=0
split_feature=0 10 8 31 15 8 33 57 19 36 17 56 7 10 1 46 20 10 57 0 0 36 10 63 55 33 58 44 41 25
split_gain=7391.86 8291.76 12127.8 10210.8 14034.3 8069.83 11747.3 30100.1 11444.3 7631.47 5602.75 5376.89 5308.47 5132.66 4673.63 4213.31 4181.48 6721.51 3998.82 3671.21 11042.9 5016.75 4383.17 6045.4 4303.1 3783.67 5555.58 3754.01 3377.09 5959.37
threshold=28.643240000000002 11.550000000000002 14.050000000000002 370.13428571428568 992.1500000000002 19.050000000000004 163.50000000000003 86.014285714285734 11.708333333333336 471.00000000000006 800.00000000000011 291.50000000000006 15.4 13.400000000000002 77.128061500000015 11.600000000000003 2250.0000000000005 11.300000000000002 257.9285714285715 28.581425950000003 28.557231250000005 320.50000000000006 14.15 30.678571428571434 166.50000000000003 241.50000000000003 56.95000000000001 1.2750000000000001 63.550000000000004 1.5000000000000002
decision_type=2 2 2 2 2 2 8 10 2 10 2 10 2 2 2 8 2 2 10 2 2 8 2 10 8 10 8 10 8 2
left_child=16 2 -2 4 11 14 10 -8 -9 -6 -7 -4 -5 -12 -3 -16 17 18 -1 20 28 27 23 -22 -24 26 -23 -21 -18 -30
right_child=1 5 3 12 9 6 7 8 -10 -11 13 -13 -14 -15 15 -17 19 -19 -20 21 22 25 24 -25 -26 -27 -28 -29 29 -31
leaf_value=0.26753274661302567 -0.077142584389075633 0.21705587127379009 1.1076511138135736 -0.34556624662544988 0.10410834087237068 -0.17465502149079526 1.3115796151331491 0.36972575500494603 -0.056281038515577864 0.73904206180572507 0.28989281648109039 0.54484776849746697 0.14016219726867146 0.013544844129250048 0.042588448765365258 -0.26558199952248224 -0.070091430873389593 0.52566535312682383 -0.30683872148394581 0.26701983406263241 0.63740267033760356 -0.59403980255126954 0.062975939909329287 0.14417957063578068 -0.34663122048601508 0.0081300228712510077 -0.1636424125964383 -0.051228358037084996 0.2523332896620728 -0.047216396489066587
leaf_weight=20 144 28 22 27 115 140 21 99 133 20 62 50 81 2481 52 172 1339 32 24 34 26 40 604 160 24 49 83 1768 86 196
leaf_count=20 144 28 22 27 115 140 21 99 133 20 62 50 81 2481 52 172 1339 32 24 34 26 40 604 160 24 49 83 1768 86 196
internal_value=-9.50265e-11 0.0317185 0.150933 0.255196 0.37857 0.0145543 0.0285378 0.223955 0.125506 0.198173 0.0101105 0.716815 0.0187301 0.0202824 -0.148365 -0.194042 -0.0257921 0.19484 -0.0457608 -0.0295952 -0.00494729 -0.0599993 0.0852083 0.213125 0.0473222 -0.2148 -0.303609 -0.0452237 -0.0502197 0.0441356
internal_weight=8132 3647 459 315 207 3188 2936 253 232 135 2683 72 108 2543 252 224 4485 76 44 4409 2435 1974 814 186 628 172 123 1802 1621 282
internal_count=8132 3647 459 315 207 3188 2936 253 232 135 2683 72 108 2543 252 224 4485 76 44 4409 2435 1974 814 186 628 172 123 1802 1621 282
is_linear=0
shrinkage=0.03


Tree=146
num_leaves=31
num_cat=0
split_feature=47 0 10 10 21 65 0 12 39 12 16 41 68 68 10 37 20 22 34 7 58 19 20 15 31 7 54 10 33 62
split_gain=7316.02 7180.9 8109.35 11769.9 8982.93 9542.94 5730.71 11414.7 8112.82 7833.62 4408.46 4384.25 3808.23 7862.64 4337.39 3879.36 6588.54 7030.49 5737.5 4793.59 5448.99 3631.66 3714.42 3468.28 3404.52 5223.86 4535.59 3044.12 4623.74 2741.5
threshold=49.085000000000008 28.643240000000002 10.250000000000002 9.1500000000000004 134.50000000000003 59.662142857142861 28.712721700000003 2.8500000000000005 18.150000000000002 3.2500000000000004 11.550000000000002 22.050000000000004 21.500000000000004 23.500000000000004 14.15 310.83333333333343 2883.2500000000005 61.500000000000007 186.66666666666671 7.4900000000000011 58.45000000000001 25.747916666666672 22880.250000000004 990.95000000000016 5469.3542857142866 77.560000000000016 67.550000000000011 26.650000000000002 34.550000000000004 3.0900000000000003
decision_type=8 2 2 2 2 10 2 2 8 2 2 10 2 2 2 8 2 2 10 2 10 2 2 2 2 2 10 2 10 10
left_child=21 12 3 -3 5 -5 7 11 -9 -8 -11 -4 15 14 23 16 17 -2 -18 -17 -21 22 24 -14 25 -1 -27 28 -23 -24
right_child=1 2 6 4 -6 -7 9 8 -10 10 -12 -13 13 -15 -16 19 18 -19 -20 20 -22 27 29 -25 -26 26 -28 -29 -30 -31
leaf_value=-0.061644584515877926 -0.093991157838276454 -0.049245301548340545 0.25168500691652296 1.167164894992655 0.10274447116662155 0.41262998476624485 -0.61134744481606906 0.39381801084661094 0.042031441721164929 0.3022549366409128 -0.060925839138587054 0.87984334884211413 0.6767435982806439 -0.089269605537669522 0.086743079244521015 0.30822869041691658 -0.024417986308999096 0.62170552587509154 0.4523377613269764 -0.25837117852119912 -0.029637255786889881 0.095820666667487883 0.27800009365592682 0.24010098285041748 -0.37646207952499389 -0.033398854870881352 0.51155333307054307 -0.010598952053290492 0.62979682778567081 0.016495770836190787
leaf_weight=2354 21 73 20 22 44 48 22 61 1800 33 340 20 22 162 157 23 1854 30 23 178 198 54 42 64 30 28 27 106 20 256
leaf_count=2354 21 73 20 22 44 48 22 61 1800 33 340 20 22 162 157 23 1854 30 23 178 198 54 42 64 30 28 27 106 20 256
internal_value=2.64648e-11 0.0212814 0.0582077 0.24818 0.438637 0.64977 0.0427352 0.0643399 0.0535623 -0.0612405 -0.0287946 0.565764 -0.0122793 0.0726218 0.180549 -0.0270558 -0.00943456 0.327007 -0.018576 -0.112203 -0.137921 -0.0380469 -0.0466312 0.3518 -0.0588472 -0.0548919 0.234123 0.092482 0.240139 0.0533521
internal_weight=8132 5215 2483 187 114 70 2296 1901 1861 395 373 40 2732 405 243 2327 1928 51 1877 399 376 2917 2737 86 2439 2409 55 180 74 298
internal_count=8132 5215 2483 187 114 70 2296 1901 1861 395 373 40 2732 405 243 2327 1928 51 1877 399 376 2917 2737 86 2439 2409 55 180 74 298
is_linear=0
shrinkage=0.03


Tree=147
num_leaves=29
num_cat=0
split_feature=16 30 33 13 22 1 1 1 23 24 1 32 5 22 18 8 57 33 13 5 16 33 22 52 48 56 6 48
split_gain=7210.79 11499 7085.19 9052.55 6866.24 7222.5 9405.19 7538.45 6303.62 3607.21 6116.27 8612.35 4903.82 7217.51 6178.09 3737.39 3573.12 3038.22 2790.62 2755.27 2706.63 3188.84 2555.5 4356.89 2869.48 1802.17 1754.64 1097.51
threshold=22.200000000000006 12556.063333333335 306.50000000000006 167.50000000000003 14.500000000000002 77.188546500000015 77.159231500000018 77.309166200000007 315.03000000000009 0.33000000000000007 77.252950000000013 22.650000000000002 233.50000000000003 2099.0000000000005 6283.0000000000009 32.150000000000013 196.4071428571429 123.50000000000001 61.000000000000007 85.500000000000014 30.850000000000005 53.050000000000004 133.50000000000003 8095.5000000000009 145.75902877697845 119.50000000000001 1462.845 63.595000000000006
decision_type=2 2 10 2 2 2 2 2 2 2 2 10 2 2 2 2 10 10 2 2 2 10 2 2 10 10 2 8
left_child=1 2 4 -4 8 6 -6 -7 17 10 11 -2 18 14 26 -16 -13 -1 -11 -10 21 -20 24 -24 -5 -22 -14 -15
right_child=9 -3 3 22 5 7 -8 -9 19 12 -12 16 13 27 15 -17 -18 -19 20 -21 25 -23 23 -25 -26 -27 -28 -29
leaf_value=-0.040569214359285885 -0.42958002871994316 0.71441613503864831 0.79507797820227488 -0.14948853515608365 0.02403233548857021 -0.033641940202428652 0.15258555584591121 0.15638471399111528 -0.055481598682701583 -0.45750821292400357 0.55353049172596502 0.48361500479280944 0.34947506173451742 -0.42768653790156047 -0.3263866812907732 0.018902319387587553 0.011047624746958414 0.20412007538165816 -0.14237636038414378 -0.48497998708631929 -0.031694916359015876 -0.030581070585196164 0.58954863029977556 0.032296674613441739 0.23666139256337593 -0.35679674841855696 0.13468229112143701 -0.16797294922638684
leaf_weight=1614 29 21 21 43 1873 1943 705 208 20 20 22 24 45 27 39 102 36 47 449 41 21 470 23 28 29 57 143 32
leaf_count=1614 29 21 21 43 1873 1943 705 208 20 20 22 24 45 27 39 102 36 47 449 41 21 470 23 28 29 57 143 32
internal_value=1.42221e-10 0.0135228 0.011291 0.219415 0.00664521 0.0253219 0.0591875 -0.0152665 -0.0446451 -0.059015 0.105625 -0.00509378 -0.0720221 0.0187171 0.0735103 -0.0766031 0.200075 -0.0336454 -0.10664 -0.344161 -0.0996019 -0.0852014 0.121131 0.283606 0.00604407 -0.269269 0.186095 -0.286825
internal_weight=8132 6616 6595 144 6451 4729 2578 2151 1722 1516 111 89 1405 388 329 141 60 1661 1017 61 997 919 123 51 72 78 188 59
internal_count=8132 6616 6595 144 6451 4729 2578 2151 1722 1516 111 89 1405 388 329 141 60 1661 1017 61 997 919 123 51 72 78 188 59
is_linear=0
shrinkage=0.03


Tree=148
num_leaves=31
num_cat=0
split_feature=16 14 33 6 28 61 54 1 53 24 24 8 5 15 11 11 17 24 53 55 11 11 5 19 0 55 5 11 49 8
split_gain=6871.89 8787.79 10079.2 10742.9 10663.5 13027.4 8775.4 7502.67 6478.41 6421.59 8375.43 9003.38 5751.67 5738.32 4935.41 6705.11 4860.85 6150.67 11777.3 12694.4 7988.71 8546.4 7877.84 3788.09 3655.77 3338.07 2852.35 2836.11 2686.74 2519.77
threshold=17.650000000000002 0.75000000000000011 376.50000000000006 2958.5050000000006 391.33333333333343 31.490000000000002 54.350000000000001 77.309166200000007 161752.15000000005 2333.5800000000004 4155.0600000000013 36.100000000000009 684.50000000000011 982.00000000000011 72.500000000000014 85.500000000000014 3020.0000000000005 298.67000000000002 63555.000000000007 57.521428571428579 53.500000000000007 54.500000000000007 175.00000000000003 16.872916666666672 28.682925800000003 81.107142857142875 104.50000000000001 86.500000000000014 86.76666666666668 29.350000000000005
decision_type=2 2 8 2 2 8 8 2 2 2 2 2 2 2 2 2 2 2 2 10 2 2 2 2 2 10 2 2 8 2
left_child=1 2 3 4 7 -6 -5 -1 27 16 24 12 -12 14 -10 -16 17 18 19 -2 23 -22 -20 -19 -11 26 -18 29 -27 -3
right_child=9 8 -4 6 5 -7 -8 -9 13 10 11 -13 -14 -15 15 -17 25 20 22 -21 21 -23 -24 -25 -26 28 -28 -29 -30 -31
leaf_value=0.032623078226034698 -0.14920921114938598 -0.19450992542297277 0.64903706582486631 0.32900851412252946 -0.13861408619085946 0.46346704489510993 -0.3263618272180403 0.25822029994948092 0.23145137939697655 0.18207106452055122 0.089039803218387531 0.61381526827812194 -0.15915140314480997 -0.21678296890394014 -0.050407626042520075 0.30756971156224605 0.1508172389334784 0.0060955932143902571 -0.057308584894673026 0.66791575812480664 -0.62324400758743281 -0.1662587944639306 0.20825316731295782 -0.20330597729654981 0.54310274356647448 0.56168418788909913 -0.045171677843134667 -0.0024539799317148804 0.095179831838607787 0.016222617872059343
leaf_weight=2916 28 343 25 22 45 115 112 139 117 98 160 20 177 77 296 56 104 409 1664 44 40 465 107 96 34 20 187 131 25 60
leaf_count=2916 28 343 25 22 45 115 112 139 117 98 160 20 177 77 296 56 104 409 1664 44 40 465 107 96 34 20 187 131 25 60
internal_value=-1.31747e-10 0.0250606 0.0489017 0.0444217 0.0553912 0.294132 -0.218764 0.0428876 -0.0494206 -0.030348 0.0708821 -0.00461379 -0.0413158 0.0232432 0.0626504 0.00654331 -0.0458706 -0.0585813 -0.0259728 0.350145 -0.118084 -0.202456 -0.0412639 -0.0337114 0.275064 0.0620568 0.0248725 -0.123717 0.302515 -0.163135
internal_weight=8132 4454 3374 3349 3215 160 134 3055 1080 3678 489 357 337 546 469 352 3189 2853 1843 72 1010 505 1771 505 132 336 291 534 45 403
internal_count=8132 4454 3374 3349 3215 160 134 3055 1080 3678 489 357 337 546 469 352 3189 2853 1843 72 1010 505 1771 505 132 336 291 534 45 403
is_linear=0
shrinkage=0.03


Tree=149
num_leaves=31
num_cat=0
split_feature=16 12 1 1 1 20 1 26 18 33 60 11 24 24 8 18 24 1 19 24 29 5 20 7 51 29 9 1 45 23
split_gain=6465.77 8486.01 10626.8 9006.32 13795.1 10335.5 9365.85 7637.74 7099.45 14351.4 12773.9 11099.7 6042.07 7880.44 8471.28 5804.54 11542.5 9157.28 5626.4 6069.21 5502.98 5411.74 5242.43 5057 4796.72 8699.45 5748.3 5163.28 4221.35 4124.37
threshold=17.650000000000002 6.2500000000000009 77.309166200000007 77.188546500000015 77.159231500000018 2250.0000000000005 77.131314500000016 11.500000000000002 4244.5000000000009 101.50000000000001 26.050000000000004 61.500000000000007 2333.5800000000004 4155.0600000000013 36.100000000000009 3213.5000000000005 321.60500000000008 77.288048550000013 6.9937500000000012 1.4650000000000001 30.857142857142861 684.50000000000011 10323.750000000002 107.86000000000001 632.74500000000012 151.57142857142858 40.45000000000001 77.100837000000013 33.250000000000007 462.84000000000009
decision_type=2 2 2 2 2 2 2 2 2 10 8 2 2 2 2 2 2 2 2 2 2 2 2 2 2 2 2 2 8 2
left_child=1 2 3 4 6 -6 -1 -4 22 18 -11 -12 15 28 21 16 17 20 -10 -20 -2 -15 -3 -5 25 26 -17 -26 -14 -29
right_child=12 8 7 23 5 -7 -8 -9 9 10 11 -13 13 14 -16 24 -18 -19 19 -21 -22 -23 -24 -25 27 -27 -28 29 -30 -31
leaf_value=0.083042576925146799 -0.040848722269825902 0.046197478633871823 0.16061267891590214 -0.069862575318505815 0.81361781401293609 0.1354169685171723 -0.072977038891075166 0.7817970982119441 -0.36788961342402865 0.10000712561256744 0.42246387379467487 1.3356601120078044 0.15293642468218294 0.086368609277531511 0.59540080976486198 -0.072017841016960529 -0.18557475569844245 0.8169228685023262 -0.15624111757766115 0.18350482424168921 0.28601416694266457 -0.15437685847724392 -0.32756389553099868 0.3445032544268502 0.39651386176838593 -0.28787448281162903 0.097636617991160968 -0.17165855600553401 0.51956071562883321 0.071388809491737246
leaf_weight=559 83 217 163 1453 21 547 910 20 21 34 25 23 91 160 20 2167 100 20 55 339 105 177 40 27 34 158 196 85 41 241
leaf_count=559 83 217 163 1453 21 547 910 20 21 34 25 23 91 160 20 2167 100 20 55 339 105 177 40 27 34 158 196 85 41 241
internal_value=-8.79628e-12 0.0243088 0.00561563 -0.0059818 0.034939 0.160491 -0.0136067 0.228502 0.116039 0.182236 0.544903 0.860037 -0.0294376 0.0687556 -0.00447538 -0.0444945 0.0792923 0.206632 0.110576 0.136078 0.141708 -0.0400763 -0.0119755 -0.0623032 -0.0577282 -0.0723562 -0.0579458 0.0447089 0.266812 0.00801756
internal_weight=8132 4454 3700 3517 2037 568 1469 183 754 497 82 48 3678 489 357 3189 308 208 415 394 188 337 257 1480 2881 2521 2363 360 132 326
internal_count=8132 4454 3700 3517 2037 568 1469 183 754 497 82 48 3678 489 357 3189 308 208 415 394 188 337 257 1480 2881 2521 2363 360 132 326
is_linear=0
shrinkage=0.03


Tree=150
num_leaves=27
num_cat=0
split_feature=12 54 57 0 10 10 24 13 55 43 32 61 13 39 38 42 18 53 38 12 42 8 18 54 57 34
split_gain=6025.67 6180.29 11764.8 5922.52 6743.13 14791.9 13522.4 9407.23 5536.05 4754.82 7816.89 7044.77 3558.14 3247.53 3179.46 4557.47 3194.19 7189.53 6140.69 2839.03 1763.95 1628.66 1236.9 974.129 961.439 726.351
threshold=2.5000000000000004 166.50000000000003 281.07142857142861 28.643240000000002 10.250000000000002 9.1500000000000004 528.45500000000015 47.000000000000007 82.857142857142875 32.583333333333329 122.50000000000001 19.973571428571436 330.50000000000006 56.550000000000004 115.50000000000001 26.050000000000004 3425.5000000000005 74416.250000000015 40.45000000000001 5.3500000000000005 23.450000000000003 25.600000000000005 4804.0000000000009 74.550000000000011 246.64285714285717 65.083333333333357
decision_type=2 10 10 2 2 2 2 2 10 8 8 10 2 10 8 10 2 2 10 2 10 2 2 8 10 10
left_child=1 2 8 12 5 19 13 -6 -1 11 -11 -9 14 -7 16 21 18 -18 -2 24 -21 -16 -14 25 -5 -24
right_child=3 -3 -4 4 7 6 -8 9 -10 10 -12 -13 22 -15 15 -17 17 -19 -20 20 -22 -23 23 -25 -26 -27
leaf_value=0.034681555680606678 -0.043113862650109296 0.5756009808182716 -0.48103533470112347 -0.050140123340216544 0.53507565379142763 0.41954539309377253 1.0087853468788994 0.040316053710664344 0.70839311293193263 0.012525927632539612 0.18103022067097765 -0.072582682851727157 -0.0013705944438134471 0.059038435078480028 0.13913247414997645 -0.56533235190436237 -0.32788138980865478 -0.031110061324328517 0.15329623499610384 -0.08564703458963438 -0.42667143281875181 -0.21312902112801871 0.038757202085107564 0.40313234317302699 0.20748766103759408 0.2803509155341557
leaf_weight=23 347 32 23 22 31 46 27 942 21 1013 328 1054 31 44 21 24 75 3597 244 43 20 27 24 20 32 21
leaf_count=23 347 32 23 22 31 46 27 942 21 1013 328 1054 31 44 21 24 75 3597 244 43 20 27 24 20 32 21
internal_value=7.00966e-11 0.23262 0.0688077 -0.00286684 0.0257035 0.181428 0.419949 0.0148841 0.356226 0.0100516 0.053741 -0.0193008 -0.0260919 0.243298 -0.0300925 -0.227787 -0.0267535 -0.0371716 0.0379759 -0.0570917 -0.193909 -0.0590146 0.154559 0.228926 0.102528 0.151501
internal_weight=8132 99 67 8033 3602 234 117 3368 44 3337 1341 1996 4431 90 4335 72 4263 3672 591 117 63 48 96 65 54 45
internal_count=8132 99 67 8033 3602 234 117 3368 44 3337 1341 1996 4431 90 4335 72 4263 3672 591 117 63 48 96 65 54 45
is_linear=0
shrinkage=0.03


Tree=151
num_leaves=26
num_cat=0
split_feature=16 30 38 11 1 33 32 12 5 64 32 24 1 32 5 22 18 57 8 56 37 13 45 16 11
split_gain=6079.83 9744.67 6422.15 8534.34 6469.28 8265.13 5851.67 3728.18 3562.79 5152.55 4090.75 3447.16 5761.39 8107.79 4356.16 6373.77 5351.53 3375.25 3302.69 2661.02 6205.73 2470.57 2341.77 2200.59 1052.4
threshold=22.200000000000006 12556.063333333335 32.350000000000001 89.500000000000014 77.188546500000015 339.50000000000006 376.50000000000006 9.9500000000000011 154.00000000000003 52.45000000000001 114.50000000000001 0.33000000000000007 77.252950000000013 22.650000000000002 233.50000000000003 2099.0000000000005 6283.0000000000009 196.4071428571429 32.150000000000013 39.650000000000013 67.583333333333329 61.000000000000007 44.750000000000007 30.850000000000005 30.000000000000004
decision_type=2 2 8 2 2 10 8 2 2 8 10 2 2 10 2 2 2 10 2 8 10 2 10 2 2
left_child=1 2 7 4 6 -6 -4 8 10 -10 -1 12 13 -2 19 16 22 -15 -18 20 -13 -21 -16 -23 -17
right_child=11 -3 3 -5 5 -7 -8 -9 9 -11 -12 14 -14 17 15 24 18 -19 -20 21 -22 23 -24 -25 -26
leaf_value=-0.026540828253544004 -0.41256664638889246 0.65763253825051438 0.057401074119544183 0.63658574427877146 -0.022818703293402891 0.52673546411991112 0.54892869161611246 -0.32262622369747412 -0.048593888131360848 0.15814283685722227 -0.17605605415135459 -0.17576633486482832 0.54147350977936926 0.47394305355846877 0.13342617811829399 -0.36270023313007854 -0.30441106016819292 0.014646890014410018 0.020176720532643442 -0.44018956768512724 0.52145350210368635 -0.089612184342930362 0.44524923312664028 -0.25593305750535084 -0.098072129828589302
leaf_weight=1828 29 21 2380 21 1666 25 22 38 217 217 181 27 22 24 163 38 39 36 102 20 20 872 25 78 21
leaf_count=1828 29 21 2380 21 1666 25 22 38 217 217 181 27 22 24 163 38 39 36 102 20 20 872 25 78 21
internal_value=3.23136e-10 0.0124171 0.0103626 0.0333524 0.0302574 -0.014694 0.061903 -0.0277592 -0.0231726 0.0547745 -0.0400113 -0.0541897 0.106756 -0.000702375 -0.0669049 0.0186174 0.0701085 0.198365 -0.0696029 -0.099533 0.120923 -0.110215 0.174892 -0.103268 -0.268511
internal_weight=8132 6616 6595 4114 4093 1691 2402 2481 2443 434 2009 1516 111 89 1405 388 329 60 141 1017 47 970 188 950 59
internal_count=8132 6616 6595 4114 4093 1691 2402 2481 2443 434 2009 1516 111 89 1405 388 329 60 141 1017 47 970 188 950 59
is_linear=0
shrinkage=0.03


Tree=152
num_leaves=23
num_cat=0
split_feature=47 63 18 33 16 16 29 19 30 28 10 33 39 24 68 1 16 49 22 48 32 28
split_gain=5788.63 8262.74 12983.7 7453.73 6810.04 13529.3 12847.8 12984.2 5211.74 6372.09 4516.63 6331.86 4418.81 3925.49 3383.05 3472.18 2955.26 2964.56 2610.07 2598.13 2515.2 654.475
threshold=76.950000000000017 10.831428571428575 4042.0000000000005 329.50000000000006 14.750000000000002 14.550000000000002 487.85714285714295 8.8687500000000021 13973.853333333334 1671.6666666666667 23.150000000000002 92.450000000000017 92.750000000000014 2958.5050000000006 7.5000000000000009 77.175104500000018 15.050000000000002 212.15000000000003 213.50000000000003 117.80000000000003 62.050000000000004 1879.1666666666667
decision_type=8 8 2 10 2 2 2 2 2 2 2 10 8 2 2 2 2 10 2 8 10 2
left_child=3 2 -2 8 5 6 7 -3 9 12 11 -4 13 -1 15 -6 19 -18 -17 -16 -10 -11
right_child=1 4 10 -5 14 -7 -8 -9 20 21 -12 -13 -14 -15 16 18 17 -19 -20 -21 -22 -23
leaf_value=-0.027465590001710824 0.9875112290382384 -0.16586637717049338 0.62232179102897645 0.54289149003369463 -0.35926502828938617 0.6507210370137666 0.79607544864927016 0.093711228218212622 0.079569885201752191 -0.50139179098606113 -0.19263652462225694 -0.093835182577371584 -0.40558640748262403 0.091002710557888056 -0.46648966959544585 -0.083942461141996924 0.029885228624474399 -0.2936894034422361 0.069542814512692744 -0.021570607618325285 0.55535119637846941 -0.27669629695160047
leaf_weight=4401 20 211 25 21 35 36 21 974 20 20 26 20 27 267 21 478 1282 26 126 27 20 28
leaf_count=4401 20 211 25 21 35 36 21 974 20 20 26 20 27 267 21 478 1282 26 126 27 20 28
internal_value=-2.70197e-11 0.0304103 0.312341 -0.0210669 0.0224845 0.0776332 0.0605261 0.0474911 -0.023543 -0.0264188 0.122152 0.30403 -0.0229029 -0.0206894 -0.0118487 -0.068758 0.0149692 0.0234533 -0.051924 -0.216223 0.317461 -0.370319
internal_weight=8132 3328 91 4804 3237 1242 1206 1185 4783 4743 71 45 4695 4668 1995 639 1356 1308 604 48 40 48
internal_count=8132 3328 91 4804 3237 1242 1206 1185 4783 4743 71 45 4695 4668 1995 639 1356 1308 604 48 40 48
is_linear=0
shrinkage=0.03


Tree=153
num_leaves=31
num_cat=0
split_feature=15 16 33 29 51 29 34 55 15 9 23 5 24 9 16 18 65 33 18 58 10 15 13 55 41 5 13 46 16 33
split_gain=5828.99 6232.67 9816.71 8553.91 6339.83 7479.44 6217.46 21075.8 6311.35 4950.47 5844.31 4436.58 4040.49 3761.81 4803.78 4699 3272.45 3137.05 2818.79 3441.95 2518.05 2473.33 2377.97 2002.57 1635.62 1463.91 1516.57 1370.53 1092.77 1025.62
threshold=975.95000000000016 19.450000000000003 376.50000000000006 1662.2857142857144 2997.6200000000003 487.85714285714295 129.70000000000007 143.43571428571431 979.95000000000016 37.550000000000004 953.11000000000013 830.00000000000011 128.76000000000002 33.95000000000001 19.150000000000002 3213.5000000000005 160.83857142857147 35.650000000000013 5594.5000000000009 35.350000000000001 26.950000000000003 973.85000000000002 248.50000000000003 64.035714285714292 28.050000000000004 65.500000000000014 129.50000000000003 48.400000000000013 16.250000000000004 24.850000000000005
decision_type=2 2 10 2 2 2 10 10 2 2 2 2 2 2 2 2 10 10 2 10 2 2 2 10 10 2 2 8 2 10
left_child=13 2 3 4 5 -2 7 9 -8 10 -3 -11 -10 15 17 -1 -14 25 28 -20 21 -17 24 -23 -16 26 -15 -6 -19 -27
right_child=1 6 -4 -5 27 -7 8 -9 12 11 -12 -13 16 14 22 20 -18 18 19 -21 -22 23 -24 -25 -26 29 -28 -29 -30 -31
leaf_value=0.32296073263138536 0.022523163012606935 -0.026375163691741567 0.69280407224223017 0.63086927005222859 -0.15381678429613638 0.25000219445175198 -0.62772618591785434 0.95531257088296107 -0.4728065244968121 0.10159190878109696 -0.19335497957739739 -0.1202231832272788 -0.12031359097305334 0.1630219496851382 0.1392899365084512 0.11500898585583154 0.2700659959966486 0.090317749083042131 0.12520809640016939 0.51388872853640843 -0.28267879379797994 -0.156787260046409 -0.37630359028515059 0.14593082479068209 -0.16900927382505546 -0.32614722524370465 -0.03299204975796434 -0.42230529614470219 -0.18127323034685106 -0.066102749774089226
leaf_weight=20 4453 1401 20 21 77 134 25 20 26 413 218 101 159 46 21 39 22 30 70 29 97 310 38 21 59 21 156 22 24 39
leaf_count=20 4453 1401 20 21 77 134 25 20 26 413 218 101 159 46 21 39 22 30 70 29 97 310 38 21 59 21 156 22 24 39
internal_value=1.03659e-10 0.00961886 0.0295675 0.0267494 0.0240421 0.0291685 -0.0299188 -0.0140185 -0.177476 -0.0231074 -0.0488592 0.0580057 -0.123098 -0.067068 -0.0119972 -0.12734 -0.0728641 0.0360276 0.143963 0.239064 -0.146625 -0.110957 -0.180898 -0.137582 -0.0880807 -0.0270032 0.0116448 -0.213481 -0.0303894 -0.157118
internal_weight=8132 7112 4727 4707 4686 4587 2385 2153 232 2133 1619 514 207 1020 533 487 181 415 153 99 467 370 118 331 80 262 202 99 54 60
internal_count=8132 7112 4727 4707 4686 4587 2385 2153 232 2133 1619 514 207 1020 533 487 181 415 153 99 467 370 118 331 80 262 202 99 54 60
is_linear=0
shrinkage=0.03


Tree=154
num_leaves=31
num_cat=0
split_feature=12 59 57 0 10 10 24 15 56 0 41 59 32 0 0 8 63 0 17 22 19 44 39 30 45 12 55 49 34 40
split_gain=5538.47 5749.5 6371.72 5389.22 6303.36 13687.9 12718.4 4448.78 5582.35 19222.1 7642.17 3985.12 5583.2 3230.56 9971.4 5469.12 8494.4 3685.76 3158.62 3598.83 3126.76 3037.85 3032.47 2954.7 2729.78 2686.14 2663.16 2122.52 1655.02 1134.31
threshold=2.5000000000000004 68.521428571428586 289.64285714285717 28.643240000000002 10.250000000000002 9.1500000000000004 528.45500000000015 977.95000000000016 48.150000000000013 28.682925800000003 26.650000000000002 67.6357142857143 94.850000000000009 28.581425950000003 28.557231250000005 17.250000000000004 35.662857142857156 28.602725000000003 605.00000000000011 47.500000000000007 25.764583333333338 146.50000000000003 56.550000000000004 338.41333333333347 84.950000000000017 5.3500000000000005 82.164285714285725 108.78333333333333 142.01666666666668 23.866666666666671
decision_type=2 8 10 2 2 2 2 2 10 2 8 10 10 2 2 2 10 2 2 2 2 10 10 2 8 2 10 8 10 10
left_child=1 2 26 13 5 25 22 11 9 -9 -10 12 -6 14 18 16 -16 27 23 -20 -17 24 -7 -2 -19 -5 -1 29 -27 -15
right_child=3 -3 -4 4 7 6 -8 8 10 -11 -12 -13 -14 17 15 20 -18 21 19 -21 -22 -23 -24 -25 -26 28 -28 -29 -30 -31
leaf_value=0.027162175923585892 -0.059611126631498333 0.51896426999891121 -0.36367945627732712 0.10088254072599941 -0.052715381629710491 0.40350607488466345 0.97557542271084263 0.58503166843424825 -0.034409964335019333 -0.086534054387699469 0.07095088417917772 0.2473428824749824 -0.53846061441031368 -0.074447367655229746 0.84155609114840624 0.041453065842324895 0.15515747213736175 -0.043062527122312878 -0.090365341401280039 0.0011688795876474804 0.37661918839009906 -0.33853063468275402 0.055140389962629835 -0.54093779520554974 0.078351594103825459 -0.39737151836807078 0.51673795223236085 -0.42621259543028744 -0.074827111915844235 -0.1862791527003955
leaf_weight=20 24 37 22 54 666 46 27 68 1174 88 1312 38 22 192 20 686 86 1410 671 912 26 29 44 22 189 22 20 22 41 142
leaf_count=20 24 37 22 54 666 46 27 68 1174 88 1312 38 22 192 20 686 86 1410 671 912 26 29 44 22 189 22 20 22 41 142
internal_value=-1.84704e-10 0.223018 0.0464041 -0.0027485 0.0245051 0.175067 0.404513 0.0140445 0.0321186 0.2062 0.0211948 -0.0517294 -0.0682479 -0.0249032 -0.0018377 0.0836229 0.284667 -0.0533515 -0.0447516 -0.0376305 0.0536923 -0.0342304 0.233194 -0.289811 -0.0287115 -0.0543797 0.27195 -0.140793 -0.187462 -0.121993
internal_weight=8132 99 62 8033 3602 234 117 3368 2642 156 2486 726 688 4431 2447 818 106 1984 1629 1583 712 1628 90 46 1599 117 40 356 63 334
internal_count=8132 99 62 8033 3602 234 117 3368 2642 156 2486 726 688 4431 2447 818 106 1984 1629 1583 712 1628 90 46 1599 117 40 356 63 334
is_linear=0
shrinkage=0.03


Tree=155
num_leaves=21
num_cat=0
split_feature=33 13 68 12 62 65 13 32 1 16 42 32 48 19 8 32 58 55 63 7
split_gain=5303.27 6747 6440.87 5549.75 6862.59 8716.04 5727.6 13965.4 6095.22 6984.77 6542.37 3387.69 2484.33 2337.92 2482.21 1482.35 1567.45 1215.91 533.066 229.772
threshold=27.650000000000002 354.00000000000006 14.500000000000002 2.5000000000000004 38.550000000000004 92.603571428571442 49.500000000000007 36.95000000000001 77.188546500000015 26.150000000000002 18.550000000000004 56.150000000000013 72.65000000000002 25.985416666666669 28.950000000000003 12.450000000000001 57.650000000000013 32.071428571428577 11.688571428571429 7.8450000000000006
decision_type=8 2 2 2 10 10 2 10 2 2 10 10 8 2 2 10 10 10 8 2
left_child=11 3 -3 4 5 -2 7 -5 9 -8 -10 13 -9 15 -15 18 17 -17 -1 -20
right_child=1 2 -4 6 -6 -7 8 12 10 -11 -12 -13 -14 14 -16 16 -18 -19 19 -21
leaf_value=-0.28255963347852231 0.073033238053321833 0.70927063390612599 0.054652142966947245 0.94362787199020381 -0.2036416986042803 0.79111138985074803 0.037806565106074157 0.17964385187253357 0.045625328401226156 -0.11583326097568108 -0.055967102581525208 -0.43130167348818343 -0.24028855715479169 0.33238689052207127 -0.093442321975122797 -0.066082460844514176 -0.24522098518102553 0.01713242784327422 -0.17750306189060211 -0.047078472465276716
leaf_weight=32 32 24 31 20 22 29 3536 32 760 288 2288 22 21 28 22 648 37 209 31 20
leaf_count=32 32 24 31 20 22 29 3536 32 760 288 2288 22 21 28 22 648 37 209 31 20
internal_value=2.29619e-10 0.00932339 0.340304 0.00673319 0.250592 0.414415 0.00381881 0.268152 0.00101085 0.0262354 -0.0306357 -0.0629529 0.0132555 -0.0550622 0.145022 -0.065302 -0.0540424 -0.0457885 -0.186579 -0.126356
internal_weight=8132 7083 55 7028 83 61 6945 73 6872 3824 3048 1049 53 1027 50 977 894 857 83 51
internal_count=8132 7083 55 7028 83 61 6945 73 6872 3824 3048 1049 53 1027 50 977 894 857 83 51
is_linear=0
shrinkage=0.03


Tree=156
num_leaves=31
num_cat=0
split_feature=15 16 16 37 1 7 41 59 9 12 20 29 13 10 16 13 15 15 44 38 38 13 22 9 16 22 14 34 35 54
split_gain=5193.64 5596.6 14283.2 12105.6 11611.7 7739.49 7813.89 4781.09 4724.41 8681.55 7798.47 9042.75 7593.84 6580.31 8308.31 7788.35 5265.64 5891.84 4621.23 6237.51 3862.21 3614.69 2870.58 2864.54 4656.06 4239.39 3089.13 2395.61 2820.16 1891.13
threshold=975.95000000000016 14.750000000000002 14.550000000000002 255.83333333333334 77.309166200000007 107.86000000000001 25.350000000000005 64.621428571428581 30.850000000000005 6.3500000000000005 9922.7500000000018 110.78571428571429 302.50000000000006 24.150000000000002 22.200000000000006 154.00000000000003 984.35000000000002 983.85000000000002 81.050000000000011 51.350000000000001 41.750000000000007 281.50000000000006 115.50000000000001 33.95000000000001 19.150000000000002 11.500000000000002 12.750000000000002 95.283333333333346 361.50000000000006 34.150000000000013
decision_type=2 2 2 10 2 2 8 10 2 2 2 2 2 2 2 2 2 2 10 8 10 2 2 2 2 2 2 8 10 10
left_child=7 2 4 20 5 6 -2 23 9 27 12 -12 -11 14 15 -10 17 -15 19 -6 -4 -16 -18 25 29 -1 -27 -3 -29 -25
right_child=1 8 3 -5 18 -7 -8 -9 13 10 11 -13 -14 16 21 -17 22 -19 -20 -21 -22 -23 -24 24 -26 26 -28 28 -30 -31
leaf_value=-0.17542520259583338 -0.060926188461491906 -0.28049660796312331 0.015881860640776509 1.062188766210207 0.2519638795512063 0.55397172488272184 0.060531030413175535 0.38467178532055446 0.26622692215989913 0.075637093047680168 -0.17470483049064975 0.033468042061509891 -0.23916578224615045 -0.01674417020966033 -0.34202187178947496 0.062643069829916506 -0.4488753157395583 0.50102370858192447 0.038156440794467929 0.83002276380147255 0.51294099360704415 -0.031438717286600623 -0.0068120363205671315 -0.044964207782955366 -0.19684920981661838 -0.1766855609344273 0.14716579936593771 -0.044827220418104316 -0.35351259955150238 0.084542788229534566
leaf_weight=366 794 146 34 21 42 24 1193 21 226 745 443 326 76 1797 40 672 39 20 30 28 24 215 20 193 110 41 75 123 34 214
leaf_count=366 794 146 34 21 42 24 1193 21 226 745 443 326 76 1797 40 672 39 20 30 28 24 215 20 193 110 41 75 123 34 214
internal_value=-5.99078e-11 0.00907952 0.0489762 0.445019 0.034155 0.0184652 0.011997 -0.0633074 -0.00867214 -0.0458512 -0.0178054 -0.0864547 0.0464958 0.0145632 0.0709655 0.113879 -0.0201019 -0.011045 0.349678 0.483187 0.221562 -0.0801576 -0.299023 -0.0727244 -0.0236738 -0.125337 0.0327011 -0.193022 -0.111676 0.0231304
internal_weight=8132 7112 2190 79 2111 2011 1987 1020 4922 1893 1590 769 821 3029 1153 898 1876 1817 100 70 58 255 59 999 517 482 116 303 157 407
internal_count=8132 7112 2190 79 2111 2011 1987 1020 4922 1893 1590 769 821 3029 1153 898 1876 1817 100 70 58 255 59 999 517 482 116 303 157 407
is_linear=0
shrinkage=0.03


end of trees

feature_importances:
wind_gusts_mean=350
pm25_lag1=323
pm25_roll7=264
wind_direction_dominant=192
regional_fire_count_lag1=189
wind_speed_mean=179
radiation_sum=167
pressure_mean=146
regional_fire_count=138
ventilation_proxy=135
regional_max_frp=131
dewpoint_mean=126
regional_total_frp_lag3=116
latitude=109
blh_max=107
regional_total_frp=104
pm25_roll3=103
temp_min=95
regional_fire_count_lag2=95
humidity_mean=94
pm25_lag2=92
temp_mean=87
regional_fire_count_roll7=85
temp_max=79
regional_total_frp_lag1=77
pm10_lag1=68
month=63
regional_fire_count_roll3=61
o3_driver=60
longitude=54
fire_wind_interaction=54
regional_total_frp_roll3=53
day_of_week=51
precipitation=48
pm10_lag7=48
regional_total_frp_roll7=41
pm10_roll3=37
pm25_lag7=35
nox_lag1=27
o3_lag7=27
pm10_roll7=25
no_roll7=25
no2_lag1=23
no2_lag2=23
o3_lag1=20
o3_roll7=19
no_lag1=18
ventilation=18
no2_lag7=16
no2_roll7=16
no_lag7=16
station_id=14
pm10_lag2=11
o3_lag2=11
o3_roll3=11
nox_lag2=11
no2_roll3=10
no_roll3=10
no_lag2=9
is_diwali_week=9
wind_toward_delhi=7
nox_roll3=6
nox_roll7=6
nox_lag7=5
is_holiday=3
is_stubble_season=1

parameters:
[boosting: gbdt]
[objective: regression]
[metric: l2]
[tree_learner: serial]
[device_type: cpu]
[data_sample_strategy: bagging]
[data: ]
[valid: ]
[num_iterations: 500]
[learning_rate: 0.03]
[num_leaves: 31]
[num_threads: 10]
[seed: 42]
[deterministic: 0]
[force_col_wise: 0]
[force_row_wise: 0]
[histogram_pool_size: -1]
[max_depth: 6]
[min_data_in_leaf: 20]
[min_sum_hessian_in_leaf: 0.001]
[bagging_fraction: 0.8]
[pos_bagging_fraction: 1]
[neg_bagging_fraction: 1]
[bagging_freq: 0]
[bagging_seed: 400]
[bagging_by_query: 0]
[feature_fraction: 0.8]
[feature_fraction_bynode: 1]
[feature_fraction_seed: 30056]
[extra_trees: 0]
[extra_seed: 12879]
[early_stopping_round: 0]
[early_stopping_min_delta: 0]
[first_metric_only: 0]
[max_delta_step: 0]
[lambda_l1: 0]
[lambda_l2: 0]
[linear_lambda: 0]
[min_gain_to_split: 0]
[drop_rate: 0.1]
[max_drop: 50]
[skip_drop: 0.5]
[xgboost_dart_mode: 0]
[uniform_drop: 0]
[drop_seed: 17869]
[top_rate: 0.2]
[other_rate: 0.1]
[min_data_per_group: 100]
[max_cat_threshold: 32]
[cat_l2: 10]
[cat_smooth: 10]
[max_cat_to_onehot: 4]
[top_k: 20]
[monotone_constraints: ]
[monotone_constraints_method: basic]
[monotone_penalty: 0]
[feature_contri: ]
[forcedsplits_filename: ]
[refit_decay_rate: 0.9]
[cegb_tradeoff: 1]
[cegb_penalty_split: 0]
[cegb_penalty_feature_lazy: ]
[cegb_penalty_feature_coupled: ]
[path_smooth: 0]
[interaction_constraints: ]
[verbosity: -1]
[saved_feature_importance_type: 0]
[use_quantized_grad: 0]
[num_grad_quant_bins: 4]
[quant_train_renew_leaf: 0]
[stochastic_rounding: 1]
[linear_tree: 0]
[max_bin: 255]
[max_bin_by_feature: ]
[min_data_in_bin: 3]
[bin_construct_sample_cnt: 200000]
[data_random_seed: 175]
[is_enable_sparse: 1]
[enable_bundle: 1]
[use_missing: 1]
[zero_as_missing: 0]
[feature_pre_filter: 1]
[pre_partition: 0]
[two_round: 0]
[header: 0]
[label_column: ]
[weight_column: ]
[group_column: ]
[ignore_column: ]
[categorical_feature: ]
[forcedbins_filename: ]
[precise_float_parser: 0]
[parser_config_file: ]
[objective_seed: 16083]
[num_class: 1]
[is_unbalance: 0]
[scale_pos_weight: 1]
[sigmoid: 1]
[boost_from_average: 1]
[reg_sqrt: 0]
[alpha: 0.9]
[fair_c: 1]
[poisson_max_delta_step: 0.7]
[tweedie_variance_power: 1.5]
[lambdarank_truncation_level: 30]
[lambdarank_norm: 1]
[label_gain: ]
[lambdarank_position_bias_regularization: 0]
[eval_at: ]
[multi_error_top_k: 1]
[auc_mu_weights: ]
[num_machines: 1]
[local_listen_port: 12400]
[time_out: 120]
[machine_list_filename: ]
[machines: ]
[gpu_platform_id: -1]
[gpu_device_id: -1]
[gpu_device_id_list: ]
[gpu_use_dp: 0]
[num_gpu: 1]

end of parameters

pandas_categorical:[]
