tree
version=v4
num_class=1
num_tree_per_iteration=1
label_index=0
max_feature_idx=68
objective=regression
feature_names=latitude longitude local_fire_count local_total_frp local_max_frp regional_fire_count regional_total_frp regional_max_frp temp_mean temp_max temp_min humidity_mean wind_speed_mean wind_direction_dominant precipitation pressure_mean wind_gusts_mean blh_max radiation_sum dewpoint_mean ventilation_proxy regional_fire_count_lag1 regional_fire_count_lag2 regional_total_frp_lag1 regional_total_frp_lag3 day_of_week month is_stubble_season regional_fire_count_roll3 regional_fire_count_roll7 regional_total_frp_roll3 regional_total_frp_roll7 pm25_lag1 pm25_lag2 pm25_roll3 pm10_lag1 pm10_lag2 pm10_roll3 no2_lag1 no2_lag2 no2_roll3 o3_lag1 o3_lag2 o3_roll3 no_lag1 no_lag2 no_roll3 nox_lag1 nox_lag2 nox_roll3 wind_toward_delhi fire_wind_interaction ventilation o3_driver pm25_lag7 pm25_roll7 pm10_lag7 pm10_roll7 no2_lag7 no2_roll7 o3_lag7 o3_roll7 no_lag7 no_roll7 nox_lag7 nox_roll7 is_diwali_week is_holiday station_id
feature_infos=[28.474260999999998:28.815328999999998] [77.071900600000006:77.316032000000007] [0:1] [0:1.1469000000000049] [0:0.84035000000000759] [0:2278] [0:14984.35] [0:161.94] [10.800000000000001:37.100000000000001] [16.399999999999999:43.100000000000001] [6.5999999999999996:30.600000000000001] [11:94] [2.2000000000000002:15.9] [10:359] [0:41.5] [971.70000000000005:996.89999999999998] [7.4000000000000004:31.899999999999999] [480:5135] [1364:7020.9350000000059] [-2.4125000000000001:26.108333333333334] [1947:42350] [0:2278] [0:2278] [0:14984.35] [0:14984.35] [0:6] [1:12] [0:1] [0:2157.6666666666665] [0.8571428571428571:1976.7142857142856] [0:14015.953333333331] [1.1742857142854544:12387.084285714289] [1.3300000000000001:600] [1.3300000000000001:600] [5.506666666666665:481.66666666666669] [0:787] [0:787] [5.6733333333333329:699.33333333333337] [0:205] [0:205] [0.87133333333333329:192.66666666666663] [0:277] [0:277] [0.313:215.66666666666663] [0.32700000000000001:324] [0.32700000000000001:324] [0.91433333333332856:251] [3.0099999999999998:433] [3.0099999999999998:433] [3.8140000000000001:377] [0:1] [0:14984.35] [1947:42350] [24927.499999999996:288501.20000000001] [1.3300000000000001:600] [9.6999999999999993:356.71428571428572] [0:787] [23.666666666666668:588.71428571428567] [0:205] [0.87600000000000011:138.42857142857142] [0:277] [0.313:179.57142857142858] [0.32700000000000001:324] [1.0078571428571428:230] [3.0099999999999998:433] [4.085:362] [0:1] [0:1] [0:25]
tree_sizes=2682 2766 2775 2746 2756 2742 2770 2751 2758 2747 2754 2760 2762 2782 2774 2773 2739 2765 2745 2755 2763 2768 2779 2759 2765 2759 2771 2761 2761 2758 2757 2763 2761 2765 2761 2786 2774 2774 2783 2752 2792 2760 2738 2777 2771 2763 2779 2787 2773 2796 2770 2771 2767 2769 2780 2773 2788 2772 2773 2776 2783 2791 2793 2797 2762 2789 2793 2784 2789 2789 2775 2800 2778 2796 2773 2797 2805 2803 2800 2775 2790 2774 2754 2779 2808 2792 2812 2793 2813 2797 2800 2796 2791 2794 2787 2789 2801 2810 2806 2770 2790 2806 2781 2788 2793 2779 2791 2796 2808 2821 2802 2701 2811 2814 2481 2815 2811 2786 2815 2752 2779 2644 2787 2279 2773 2761 2327 2812 2635 2016 2808 2796 2605 2825 2786 2037 2803 2093 2798 2136 2601 2687 2700 2811 1533 1913 2819 2617 1688 2456 2821 2266 2788 1519 2809 2794 2802 2821 1947 2285 1625 1101 2807 1197 2818 2527 1202 2799 2822 1184 2813 2187 2809 1935 2438 1685 2115 2826 2441 1192 1866 2810 2367 2464 2798 2823 2230 2799 2191 2014 1681 1185 2792 2530 2779 1012 2210 2791 1170 1543 1191 2799 2780 2282 2637 1104 1690 2827 2532 2374 942 2521 2794 2793 2812 2114 1589 1192 2820 2819 2789 848 1355 1946 1793 2795 2447 1101 2777 2811 2821 2637 2454 2360 1512 2837 1189 2780 1530 2288 2649 2033 2815 1792 2111

Tree=0
num_leaves=31
num_cat=0
split_feature=38 38 38 38 38 38 38 40 40 59 7 39 38 38 38 16 16 16 18 38 7 38 59 16 38 12 36 59 16 13
split_gain=2.71626e+06 482107 409796 92853.5 72663.3 65054.6 46884.5 26221.9 15308.3 12881.8 12606.1 10273.5 9937.06 9489.92 9400.87 8207.56 7732.97 7390.64 7190.37 6461.63 5974.35 5809.51 5134.41 4521.72 4457.8 4359.87 4026.16 3761.11 4715.17 3724.43
threshold=51.850000000000001 28.950000000000003 78.850000000000009 97.65000000000002 40.150000000000013 19.350000000000005 66.350000000000009 114.05000000000001 14.41666666666667 59.992857142857154 14.685000000000002 52.650000000000013 58.750000000000007 34.475000000000009 23.750000000000004 19.450000000000003 17.750000000000004 19.650000000000002 3291.5000000000005 44.350000000000001 24.925000000000001 128.50000000000003 49.350000000000001 20.750000000000004 9.9950000000000028 7.5500000000000007 133.50000000000003 36.150000000000013 24.750000000000004 164.50000000000003
decision_type=10 10 10 10 10 8 10 10 10 10 2 10 10 10 8 2 2 2 2 10 2 10 10 2 10 2 10 10 2 2
left_child=1 5 6 9 13 8 12 10 24 20 -5 -8 22 27 -7 19 -13 18 -11 -6 -4 -9 -2 29 -1 -15 -12 -3 -29 -14
right_child=2 4 3 7 15 14 11 21 -10 17 26 16 23 25 -16 -17 -18 -19 -20 -21 -22 -23 -24 -25 -26 -27 -28 28 -30 -31
leaf_value=41.72733607564701 42.969930870438702 42.406120636271105 43.199886294390396 44.097960200521804 42.797018120278146 42.143640431373946 43.152571984282481 44.861321243367044 42.022270217251851 43.627900556794152 44.977072071441498 43.680056551005279 43.203529872436036 42.650031859677121 42.296825702304695 42.715743635982903 43.443660693795692 43.718593511848894 44.082286288859081 42.969547037666651 43.815008523065814 45.400076687330667 43.170998824903812 43.113473790607735 41.898482305878368 42.498880466754642 44.525940160740127 42.624567194303282 42.304525182113679 43.407347817985155
leaf_weight=278 166 552 30 69 356 675 56 43 717 35 21 296 117 495 774 342 215 83 300 433 27 31 367 96 270 263 117 178 54 260
leaf_count=278 166 552 30 69 356 675 56 43 717 35 21 296 117 495 774 342 215 83 300 433 27 31 367 96 270 263 117 178 54 260
internal_value=42.74 42.3699 43.596 44.1701 42.6559 42.0882 43.3202 44.6023 41.931 43.9143 44.429 43.5383 43.1972 42.5219 42.2255 42.8385 43.5806 43.972 44.0348 42.8917 43.4913 45.087 43.1084 43.2973 41.8117 42.5976 44.5946 42.4487 42.5501 43.3441
internal_weight=7716 5387 2329 756 2673 2714 1573 281 1265 475 207 567 1006 1542 1449 1131 511 418 335 789 57 74 533 473 548 758 138 784 232 377
internal_count=7716 5387 2329 756 2673 2714 1573 281 1265 475 207 567 1006 1542 1449 1131 511 418 335 789 57 74 533 473 548 758 138 784 232 377
is_linear=0
shrinkage=1


Tree=1
num_leaves=31
num_cat=0
split_feature=40 40 40 40 40 40 40 40 19 16 16 40 16 44 40 19 12 16 7 58 54 59 59 26 40 13 40 44 16 20
split_gain=2.41844e+06 466085 334635 97623.2 66231 61035.7 38513.5 25204.4 18992.7 17679.9 12610.8 12598.2 12207.4 10439.7 8180.81 7780.86 7589.07 7382.16 7293.58 6957.93 5765.88 5680.96 5485.32 5376.49 5339.35 5060.39 4837.04 4706.27 4182.33 5008.14
threshold=46.474612403100785 74.333333333333357 25.533333333333342 96.600000000000023 60.550000000000004 34.550000000000011 15.833333333333341 109.80000000000004 10.887500000000001 17.550000000000004 22.950000000000006 40.983333333333327 14.350000000000003 10.850000000000003 67.65000000000002 -0.33749999999999986 7.0500000000000007 19.450000000000003 9.4150000000000009 57.95000000000001 55.95000000000001 26.224761904761909 87.871428571428581 4.5000000000000009 10.255000000000001 291.50000000000006 54.300000000000004 56.750000000000007 19.850000000000005 12547.500000000002
decision_type=10 10 10 10 10 10 8 10 2 2 2 10 2 10 10 2 2 2 2 8 10 8 10 2 10 2 10 10 2 2
left_child=2 4 6 8 9 17 24 -5 12 18 14 16 -3 -10 -6 -11 -7 19 -2 -4 -9 -8 -15 -12 -1 -14 -17 -13 29 -23
right_child=1 3 5 7 10 11 21 20 13 15 23 27 25 22 -16 26 -18 -19 -20 -21 -22 28 -24 -25 -26 -27 -28 -29 -30 -31
leaf_value=-0.96714985591109071 0.17550200095543492 1.4589929482194244 -0.29985777556064797 1.5359718901032855 0.61571643876310966 -0.046211305481561694 -0.62141115547041315 2.5983902549743649 0.3024853918873347 0.70814395883808967 0.15223681037363254 0.03589554958886524 1.1695910982358253 0.8752508386986031 0.82485968407533927 0.060186707779203596 -0.22573873925224797 -0.43264419727333603 0.44941947999956278 0.11037290197152358 2.0302807338063311 -0.45173794119462479 1.3013373532891273 0.61664105564557214 -0.79659504238764434 0.84877453421637161 0.25289793493533597 0.44096247380806336 -0.62151858760714529 -0.017773571219937553
leaf_weight=279 104 122 811 157 392 489 1207 20 26 23 57 588 177 181 295 272 374 438 551 39 82 137 32 37 405 59 206 27 100 29
leaf_count=279 104 122 811 157 392 489 1207 20 26 23 57 588 177 181 295 272 374 438 551 39 82 137 32 37 405 59 206 27 100 29
internal_value=-5.58394e-10 0.705136 -0.40005 1.28811 0.447509 -0.18163 -0.680137 1.77451 1.07709 0.30332 0.660932 -0.0500751 1.21534 0.869991 0.705523 0.169172 -0.124013 -0.332592 0.405927 -0.281035 2.14167 -0.593753 0.939264 0.335034 -0.866163 1.08939 0.143238 0.053679 -0.468253 -0.375925
internal_weight=7716 2793 4923 856 1937 2766 2157 259 597 1156 781 1478 358 239 687 501 863 1288 655 850 102 1473 213 94 684 236 478 615 266 166
internal_count=7716 2793 4923 856 1937 2766 2157 259 597 1156 781 1478 358 239 687 501 863 1288 655 850 102 1473 213 94 684 236 478 615 266 166
is_linear=0
shrinkage=0.03


Tree=2
num_leaves=31
num_cat=0
split_feature=38 38 38 38 38 38 38 40 40 19 7 16 39 38 59 12 38 16 38 59 38 12 58 38 57 58 12 19 35 11
split_gain=2.41438e+06 428331 364912 83263.6 64402.5 58115.3 41520.7 22929.5 14348.1 12309.1 11614.4 9221.78 9033.15 8410.88 8025.33 7636.77 7214.07 7209.42 7049.66 7003.59 5445.59 5026.01 4691.95 4119.39 4017.62 3925.18 3907.84 3849.96 3724.82 3633.43
threshold=51.850000000000001 28.950000000000003 78.850000000000009 97.65000000000002 40.150000000000013 19.850000000000005 66.350000000000009 114.05000000000001 14.41666666666667 11.143750000000002 14.685000000000002 22.200000000000006 52.650000000000013 34.475000000000009 55.350000000000009 8.8500000000000032 23.750000000000004 17.750000000000004 47.050000000000004 58.885714285714293 128.50000000000003 4.2500000000000009 70.850000000000009 9.9950000000000028 346.07142857142861 59.850000000000001 7.5500000000000007 9.9812500000000011 173.50000000000003 77.500000000000014
decision_type=10 10 10 10 10 8 10 10 10 2 2 2 10 10 10 2 8 2 10 10 10 2 10 10 10 8 2 2 10 2
left_child=1 5 6 9 13 8 11 10 23 19 -5 14 -8 27 -2 18 -7 22 25 -4 -9 -21 -14 -1 -11 -6 29 -3 -12 -15
right_child=2 4 3 7 15 16 12 20 -10 24 28 -13 17 26 -16 -17 -18 -19 -20 21 -22 -23 -24 -25 -26 -27 -28 -29 -30 -31
leaf_value=-0.95428649929787612 0.36265439438214014 -0.13599648569311415 0.78379678823053833 1.278261311572531 0.035609022623630533 -0.55544021158857215 0.39033835022577218 1.992823293818984 -0.67320046033330105 0.79540585320928814 2.0863184600830076 0.21573995869606732 0.78771556301877421 -0.032524873643544394 0.54862014042662111 -0.080921497243015381 -0.41722866388268826 0.65947563683189625 0.2425248109075715 1.5128143744998508 2.5144315116636213 1.1934299361128962 1.0303706722181352 -0.79007181460366527 1.2083390499995303 0.23911440742804721 -0.22768637226179184 -0.30632173513923439 1.6816456265998097 -0.21148137477536996
leaf_weight=278 364 147 32 69 521 606 56 43 784 115 25 152 174 351 490 190 774 215 318 54 31 248 122 272 26 102 263 637 113 144
leaf_count=278 364 147 32 69 521 606 56 43 784 115 25 152 174 351 490 190 774 215 318 54 31 248 122 272 26 102 263 637 113 144
internal_value=-2.44871e-09 -0.348931 0.807081 1.34875 -0.0793789 -0.614411 0.546749 1.75809 -0.755607 1.10659 1.59606 0.431036 0.752053 -0.205493 0.469356 0.0925639 -0.477922 0.791693 0.127593 1.20582 2.21133 1.25054 0.887729 -0.873075 0.87155 0.0689277 -0.134236 -0.274386 1.75496 -0.0845849
internal_weight=7716 5387 2329 756 2673 2714 1573 281 1334 475 207 1006 567 1542 854 1131 1380 511 941 334 74 302 296 550 141 623 758 784 138 495
internal_count=7716 5387 2329 756 2673 2714 1573 281 1334 475 207 1006 567 1542 854 1131 1380 511 941 334 74 302 296 550 141 623 758 784 138 495
is_linear=0
shrinkage=0.03


Tree=3
num_leaves=31
num_cat=0
split_feature=38 38 38 38 38 38 38 40 40 19 38 58 38 38 24 64 12 38 16 12 38 13 65 40 12 38 57 31 58 12
split_gain=2.2717e+06 403017 343346 78342.7 60596.3 54724.4 39066.8 21574.4 12441.2 11581.7 9083.89 8356.95 7913.8 7895.8 7873.48 11540.7 7185.44 6633.02 6472.64 6346.62 5123.76 4997.93 4840 4033.94 4179.46 3803.1 3780.18 3711.17 3697.18 3676.89
threshold=51.850000000000001 28.950000000000003 78.850000000000009 97.65000000000002 40.150000000000013 19.350000000000005 66.350000000000009 114.05000000000001 14.41666666666667 11.143750000000002 54.350000000000001 70.850000000000009 34.475000000000009 23.750000000000004 1239.24 80.850000000000009 8.8500000000000032 47.050000000000004 20.750000000000004 4.2500000000000009 128.50000000000003 290.50000000000006 68.700714285714312 56.08333333333335 6.4500000000000011 9.9950000000000028 346.07142857142861 255.85714285714278 73.250000000000014 7.5500000000000007
decision_type=10 10 10 10 10 8 10 10 10 2 10 10 10 8 2 8 2 10 2 2 10 2 8 10 2 10 10 2 8 2
left_child=1 5 6 9 12 8 10 14 25 19 -2 23 -3 -7 15 -5 17 28 22 -4 -9 -21 -12 -8 -25 -1 -11 -13 -6 -14
right_child=2 4 3 7 16 13 11 20 -10 26 18 27 29 -15 -16 -17 -18 -19 -20 21 -22 -23 -24 24 -26 -27 -28 -29 -30 -31
leaf_value=-0.92565790327332853 0.24099390135099436 -0.26615417679315623 1.4674299796422321 0.81298784169283778 0.049854210925118304 -0.54510017351706819 0.33656071898760276 1.9330385798077248 -0.65790536035304292 0.77154368199472834 0.35241434528775833 0.49358935185841146 -0.082047399421307177 -0.40471180673934115 1.9042882204055784 1.5517589627935531 -0.078493851707463994 0.23524906292425926 0.30275417232002533 1.2008812675070255 2.4389986518121534 0.93103124522644543 0.55373038759570059 0.77858859260380264 0.55778443896330443 -0.76757826534907014 1.1720889065815852 0.9127159383284178 0.38093350396491588 -0.22085577940136306
leaf_weight=278 207 784 54 22 591 675 36 43 717 115 138 21 495 774 44 141 190 318 175 188 31 92 486 160 149 270 26 201 32 263
leaf_count=278 207 784 54 22 591 675 36 43 717 115 138 21 495 774 44 141 190 318 175 188 31 92 486 160 149 270 26 201 32 263
internal_value=-1.8513e-09 -0.338463 0.782869 1.30829 -0.0769975 -0.595979 0.530347 1.70535 -0.740156 1.0734 0.418105 0.729491 -0.199328 -0.47011 1.54818 1.45205 0.089787 0.123765 0.46399 1.16965 2.14499 1.11222 0.509209 0.637102 0.672117 -0.847772 0.845403 0.873069 0.0668599 -0.130209
internal_weight=7716 5387 2329 756 2673 2714 1573 281 1265 475 1006 567 1542 1449 207 163 1131 941 799 334 74 280 624 345 309 548 141 222 623 758
internal_count=7716 5387 2329 756 2673 2714 1573 281 1265 475 1006 567 1542 1449 207 163 1131 941 799 334 74 280 624 345 309 548 141 222 623 758
is_linear=0
shrinkage=0.03


Tree=4
num_leaves=31
num_cat=0
split_feature=38 38 38 38 38 38 38 38 38 19 37 7 16 38 16 39 38 64 38 12 16 7 39 11 0 6 19 14 12 11
split_gain=2.13744e+06 379198 323054 73712.7 57015 51515.8 36968.1 16905.3 11467.7 10897.2 10675.6 7932.2 7707.24 7446.09 6890.46 6769.06 6860.59 6702.76 6367.95 5971.53 5449.54 4772.12 3934.53 4427.57 3876.4 3707.11 3645.66 3573.31 3459.59 3418.69
threshold=51.850000000000001 28.950000000000003 78.850000000000009 97.65000000000002 40.150000000000013 19.850000000000005 62.050000000000004 121.50000000000001 13.350000000000003 11.143750000000002 147.15000000000001 13.805000000000001 25.450000000000003 34.475000000000009 15.850000000000003 36.62383720930233 74.350000000000009 69.904172661870533 23.750000000000004 4.2500000000000009 22.200000000000006 26.675000000000004 8.1550000000000029 36.500000000000007 28.567144700000004 58.245000000000005 11.308333333333335 0.45000000000000007 7.5500000000000007 77.500000000000014
decision_type=10 10 10 10 10 8 10 10 10 2 10 2 2 10 2 10 10 8 8 2 2 2 10 2 2 2 2 2 2 2
left_child=1 5 6 9 13 8 20 10 22 19 -5 -9 15 26 25 -8 -17 -12 -7 -4 24 -21 -1 -24 -2 -6 -3 -11 29 -15
right_child=2 4 3 7 14 18 12 11 -10 27 17 -13 -14 28 -16 16 -18 -19 -20 21 -22 -23 23 -25 -26 -27 -28 -29 -30 -31
leaf_value=-0.92399309011606068 0.24821118955771751 -0.14762365656718612 1.4234070761998494 2.0234195641910326 -0.0041725136458408089 -0.52242397866442358 0.1344593009278178 1.6376295621054513 -0.63702239617113876 0.90352285578846925 0.94060912609100333 2.3641414795423805 0.33634538198180963 -0.029087706639821458 0.028334270318814414 0.64886166556348968 0.87887961118796776 1.5092774195870953 -0.3925704476191092 0.96104443766632863 0.17330588467992269 1.209055725864898 -0.37146222086548802 -0.78541727827475949 0.43373826145598909 0.22177150420075625 -0.29602773641070274 0.54682759577577766 -0.21423010644577301 -0.20267551394179464
leaf_weight=195 127 200 54 34 80 606 20 21 781 108 21 38 64 351 694 598 145 167 774 147 117 133 25 333 502 357 584 33 263 144
leaf_count=195 127 200 54 34 80 606 20 21 781 108 21 38 64 351 694 598 145 167 774 147 117 133 25 333 502 357 584 33 263 144
internal_value=9.50491e-10 -0.328309 0.759383 1.26904 -0.0746876 -0.5781 0.514436 1.65418 -0.711037 1.0412 1.53423 2.10555 0.652566 -0.193348 0.0870934 0.67909 0.693751 1.44576 -0.449593 1.13456 0.361309 1.07885 -0.815568 -0.75651 0.396279 0.180409 -0.25817 0.820041 -0.126303 -0.079586
internal_weight=7716 5387 2329 756 2673 2714 1573 281 1334 475 222 59 827 1542 1131 763 743 188 1380 334 746 280 553 358 629 437 784 141 758 495
internal_count=7716 5387 2329 756 2673 2714 1573 281 1334 475 222 59 827 1542 1131 763 743 188 1380 334 746 280 553 358 629 437 784 141 758 495
is_linear=0
shrinkage=0.03


Tree=5
num_leaves=31
num_cat=0
split_feature=40 40 40 40 40 40 40 40 16 16 18 16 40 11 17 19 12 44 40 40 12 26 40 54 11 26 15 0 16 16
split_gain=1.90325e+06 366157 264025 77365.7 51976.5 42216.6 36041.6 19824.5 16364.3 14651.3 10052.6 10045.3 9555.66 8346.4 8095.34 7185.4 6949.5 6686.61 6528.64 5453.64 5432.82 5409.56 5346.23 5032.52 4687.21 4562.34 4462.07 4118.24 3738.8 3654.74
threshold=46.474612403100785 74.333333333333357 26.916666666666671 96.600000000000023 60.550000000000004 38.283333333333339 16.700000000000003 109.80000000000004 19.650000000000002 18.250000000000004 3303.0000000000005 22.950000000000006 31.483333333333331 21.500000000000004 1247.5000000000002 19.989583333333339 7.1500000000000012 56.750000000000007 67.65000000000002 10.255000000000001 6.8500000000000005 3.5000000000000004 21.033333333333342 55.95000000000001 68.500000000000014 4.5000000000000009 991.05000000000007 28.682925800000003 22.000000000000004 16.550000000000004
decision_type=10 10 10 10 10 10 8 10 2 2 2 2 10 2 2 2 2 10 10 10 2 2 8 10 2 2 2 2 2 2
left_child=2 4 6 8 9 12 19 28 10 15 27 18 -4 -11 -12 26 17 -7 -6 -1 24 -10 -8 -9 -14 -13 -2 -3 -5 -25
right_child=1 3 5 7 11 16 22 23 21 13 14 25 20 -15 -16 -17 -18 -19 -20 -21 -22 -23 -24 29 -26 -27 -28 -29 -30 -31
leaf_value=-0.85791225433349605 0.4545817997762982 0.5733942798614502 -0.32250582658554056 1.4196360481394468 0.54582807307568737 0.056876885491204274 -0.56848498976360795 2.3275667324066158 0.4994945621242125 0.50047555723968806 1.2738199576848668 0.12700275972485542 -0.034310328220187425 0.084768471516136618 0.98955421795163823 0.1228451850861311 -0.083973829827291221 0.49718197361989447 0.73266244624799781 -0.69270766334100198 -0.25696737843426276 0.85386577431644717 -0.45547728554164296 1.941034008661906 -0.21144004303272121 0.55480278137567884 0.28844480815339596 1.0584478158536164 0.98053787094354616 1.5186760159901211
leaf_weight=279 382 50 686 137 392 523 641 20 72 49 158 57 301 385 210 105 376 33 295 506 421 84 914 54 243 37 235 23 20 28
leaf_count=279 382 50 686 137 392 523 641 20 72 49 158 57 301 385 210 105 376 33 295 506 421 84 914 54 243 37 235 23 20 28
internal_value=-8.13189e-10 0.625536 -0.35489 1.14225 0.397191 -0.14578 -0.585715 1.57525 0.954392 0.269457 1.04781 0.586257 -0.236905 0.131703 1.1116 0.352262 0.0156432 0.0830101 0.626055 -0.751424 -0.176052 0.69031 -0.502061 1.90088 -0.113433 0.295392 0.391304 0.726219 1.3637 1.79681
internal_weight=7716 2793 4923 856 1937 2583 2340 259 597 1156 441 781 1651 434 368 722 932 556 687 785 965 156 1555 102 544 94 617 73 157 82
internal_count=7716 2793 4923 856 1937 2583 2340 259 597 1156 441 781 1651 434 368 722 932 556 687 785 965 156 1555 102 544 94 617 73 157 82
is_linear=0
shrinkage=0.03


Tree=6
num_leaves=31
num_cat=0
split_feature=38 38 38 38 38 38 40 40 7 38 38 12 58 39 59 59 16 59 7 16 39 16 59 16 40 13 10 12 38 38
split_gain=1.9028e+06 382784 244461 58139.7 50563.7 47436.6 37160.2 11905.4 11831.4 11448.7 9752.75 9530.34 9281.12 8173.31 8079.26 7876.04 6999.73 5988.64 5726.02 5674.66 5118.6 5892.82 5053.36 4505.24 5264.49 4405.78 4022.3 3740.67 3323.42 3236.72
threshold=54.350000000000001 30.723372093023258 86.250000000000014 20.150000000000002 41.532558139534892 68.250000000000014 109.80000000000004 14.41666666666667 14.065000000000003 97.65000000000002 128.50000000000003 8.8500000000000032 72.850000000000009 71.750000000000014 25.678571428571434 50.750000000000007 20.750000000000004 79.621428571428581 9.8600000000000012 21.350000000000005 52.650000000000013 19.450000000000003 91.878571428571448 19.450000000000003 38.516666666666687 180.50000000000003 13.600000000000001 4.7500000000000009 9.9950000000000028 47.050000000000004
decision_type=10 10 10 8 10 10 10 10 2 10 10 2 10 10 8 10 2 10 2 2 10 2 10 2 10 2 2 2 10 10
left_child=1 3 5 7 18 16 8 28 22 13 -8 15 20 -10 -5 29 17 25 -3 -16 -7 -22 -4 24 -20 -2 27 -14 -1 -6
right_child=2 4 6 14 11 12 10 -9 9 -11 -12 -13 26 -15 19 -17 -18 -19 23 -21 21 -23 -24 -25 -26 -27 -28 -29 -30 -31
leaf_value=-0.84737207013068438 0.36179601504080061 -0.23270165603518222 0.81215617862907619 -0.47157093973629977 0.044682253538904815 0.38694345928030083 1.6535432985600302 -0.59423510835658422 0.60066393030541276 1.5383040621804027 2.2820850719105112 -0.072209512812767135 1.1984835162915681 1.23688220638699 -0.28495803292745525 0.28418268205766911 0.28507943629771471 0.96228597412938655 -0.12069269811276254 -0.45422260829131117 0.79426154191790588 0.53587271420015514 1.2125681992199109 -0.19752451161063667 0.056466795063484052 0.52378610177204543 0.78517604206999148 0.88919933881448665 -0.69987333602765023 0.17748192518793202
leaf_weight=278 226 457 74 753 391 48 68 825 21 123 33 194 57 135 587 306 200 23 443 256 262 114 46 317 229 456 144 92 272 286
leaf_count=278 226 457 74 753 391 48 68 825 21 123 33 194 57 135 587 306 200 23 443 256 262 114 46 317 229 456 144 92 272 286
internal_value=-7.13228e-10 -0.290157 0.764909 -0.523333 -0.0260442 0.586132 1.34486 -0.666312 1.21474 1.32188 1.85891 0.119951 0.768402 1.15124 -0.400153 0.157874 0.441725 0.486163 -0.14488 -0.33636 0.678678 0.71592 0.965647 -0.104299 -0.0603214 0.470106 0.898243 1.00752 -0.774427 0.100784
internal_weight=7716 5594 2122 2971 2623 1622 500 1375 399 279 101 1177 717 156 1596 983 905 705 1446 843 424 376 120 989 672 682 293 149 550 677
internal_count=7716 5594 2122 2971 2623 1622 500 1375 399 279 101 1177 717 156 1596 983 905 705 1446 843 424 376 120 989 672 682 293 149 550 677
is_linear=0
shrinkage=0.03


Tree=7
num_leaves=31
num_cat=0
split_feature=38 38 38 38 38 38 38 40 40 7 59 12 59 19 59 58 7 7 59 12 38 12 39 47 12 13 39 12 36 31
split_gain=1.79034e+06 360161 230458 61963.6 54703.6 47575.4 20386.9 17039.2 11201.8 9601.61 9596.24 8967.1 7601.78 7481.47 7410.56 7108.67 5387.61 5156.07 4958.87 4499.03 4363.3 4088.9 3980.01 4717.48 3742.46 4412.14 3606.48 3559.44 3377.38 3233.14
threshold=54.350000000000001 30.723372093023258 78.850000000000009 97.65000000000002 20.150000000000002 41.532558139534892 66.350000000000009 114.05000000000001 14.41666666666667 14.685000000000002 59.992857142857154 8.8500000000000032 25.678571428571434 10.708333333333334 50.750000000000007 70.850000000000009 9.8600000000000012 24.925000000000001 44.385714285714293 4.2500000000000009 134.50000000000003 7.9500000000000011 45.95000000000001 79.65000000000002 7.5500000000000007 178.00000000000003 52.650000000000013 6.4500000000000011 133.50000000000003 255.85714285714278
decision_type=10 10 10 10 8 10 10 10 10 2 10 2 8 2 10 10 2 2 10 2 10 2 10 8 2 2 10 2 10 2
left_child=1 4 6 10 8 16 18 9 -1 -5 17 14 -6 19 -7 26 -3 -4 -2 -12 -9 -14 -18 -24 25 -20 -8 -28 -11 -17
right_child=2 5 3 7 12 11 15 20 -10 28 13 -13 21 -15 -16 29 22 -19 24 -21 -22 -23 23 -25 -26 -27 27 -29 -30 -31
leaf_value=-0.75119442150592808 0.20197764567534127 -0.22572060599438112 0.31747546005249022 1.086706321135811 -0.45742381118609016 0.097760228167461327 0.30469403949587848 1.7658546585506862 -0.57640805002227413 1.8704436411176408 1.3455350864850557 -0.070043226461665525 -0.27639391608078384 0.82616370607429823 0.27565720270588701 0.42518077169145857 -0.12671609561319122 0.88892195383707684 0.3602886379037929 1.0357862633892467 2.2845743179321287 -0.41379503131204959 -0.02491376783621483 0.46975448944419623 0.33424508102238176 0.54910684093879103 0.69732636406163495 0.49117713657740891 1.4572553342122296 0.8163838903761621
leaf_weight=550 90 457 30 69 753 677 43 54 825 21 52 194 537 142 306 21 838 27 170 224 20 306 131 20 216 323 157 145 117 201
leaf_count=550 90 457 30 69 753 677 43 54 825 21 52 194 537 142 306 21 838 27 170 224 20 306 131 20 216 323 157 145 117 201
internal_value=3.54428e-10 -0.281452 0.741962 1.16221 -0.507633 -0.0252629 0.509378 1.51533 -0.646323 1.37566 0.953314 0.116352 -0.388148 1.00311 0.153138 0.646957 -0.140533 0.588161 0.411747 1.09414 1.90605 -0.326269 -0.10117 0.0406052 0.438374 0.483997 0.561747 0.598347 1.52013 0.779378
internal_weight=7716 5594 2122 756 2971 2623 1366 281 1375 207 475 1177 1596 418 983 567 1446 57 799 276 74 843 989 151 709 493 345 302 138 222
internal_count=7716 5594 2122 756 2971 2623 1366 281 1375 207 475 1177 1596 418 983 567 1446 57 799 276 74 843 989 151 709 493 345 302 138 222
is_linear=0
shrinkage=0.03


Tree=8
num_leaves=31
num_cat=0
split_feature=38 38 38 38 38 38 40 7 40 38 38 12 38 38 59 16 19 59 12 59 40 19 59 64 64 62 49 29 38 43
split_gain=1.68453e+06 338876 217067 51506.8 44763.7 41976.1 32863.1 10735.3 9962.46 9923.46 8823.23 8437.15 8399.59 8085.74 6972.6 6352.36 5865.97 5568.11 5257.1 5360.79 4890.99 4748.92 4706.09 4671.87 3720.82 3448.83 3338.34 3212.03 3153.67 3070.19
threshold=54.350000000000001 30.723372093023258 86.250000000000014 19.850000000000005 41.532558139534892 68.250000000000014 109.80000000000004 14.065000000000003 14.41666666666667 97.65000000000002 128.50000000000003 8.8500000000000032 74.350000000000009 23.750000000000004 50.750000000000007 20.750000000000004 11.652083333333335 79.621428571428581 7.5500000000000007 40.035714285714292 76.316666666666677 17.725000000000005 91.878571428571448 74.15000000000002 69.350000000000023 8.6250000000000018 82.216666666666669 117.50000000000001 10.950000000000001 15.233333333333333
decision_type=10 10 10 8 10 10 10 2 10 10 10 2 10 8 10 2 2 10 2 10 10 2 10 8 8 10 8 2 10 10
left_child=1 3 5 8 18 15 7 22 28 20 29 14 -7 -5 -6 17 23 24 19 -3 -9 -15 27 -14 -2 -18 -21 -4 -1 -8
right_child=2 4 6 13 11 12 10 9 -10 -11 -12 -13 16 21 -16 -17 25 -19 -20 26 -22 -23 -24 -25 -26 -27 -28 -29 -30 -31
leaf_value=-0.78731324373592027 0.347459832104348 -0.14102798124541058 0.61725330656888533 -0.46661013255319972 0.094827420548639046 0.60024183665251207 1.7500114141191754 0.67244426337832752 -0.56210916812113509 1.4473775201758778 2.1521135885065252 -0.067941929860443798 0.64417276876622975 -0.24960745759326419 0.26738748673641799 0.26617266231402753 0.31909646653610724 0.91683366008426825 -0.21475840473751653 -0.02802756850607693 1.1550783553052304 -0.38105547555856201 1.1448402876439301 0.95358558591626108 0.4940501275866413 0.718828443737626 0.26207551568746562 1.0351402240276337 -0.64067659478024996 1.3466749851541084
leaf_weight=330 241 664 49 606 677 296 35 22 784 123 33 194 55 412 306 200 23 23 502 238 134 619 46 218 441 125 42 25 220 33
leaf_count=330 241 664 49 606 677 296 35 22 784 123 33 194 55 412 306 200 23 23 502 238 134 619 46 218 441 125 42 25 220 33
internal_value=3.29624e-10 -0.273009 0.719703 -0.492404 -0.024505 0.55124 1.2662 1.14383 -0.630776 1.24588 1.74961 0.112862 0.722699 -0.379644 0.148544 0.415398 0.808798 0.457732 -0.136317 -0.0946038 1.08701 -0.328527 0.906555 0.89125 0.442249 0.656708 0.0154879 0.758431 -0.728659 1.55427
internal_weight=7716 5594 2122 2971 2623 1622 500 399 1334 279 101 1177 717 1637 983 905 421 705 1446 944 156 1031 120 273 682 148 280 74 550 68
internal_count=7716 5594 2122 2971 2623 1622 500 399 1334 279 101 1177 717 1637 983 905 421 705 1446 944 156 1031 120 273 682 148 280 74 550 68
is_linear=0
shrinkage=0.03


Tree=9
num_leaves=31
num_cat=0
split_feature=38 38 38 38 38 38 38 40 40 7 39 19 38 38 19 58 19 40 19 38 56 19 22 38 20 7 6 59 7 36
split_gain=1.58498e+06 318848 204536 48462.8 45580.6 42205 25167.4 15068.9 9373.68 8479.92 8417.76 7917.14 7607.87 6625.29 4820.32 4803.08 4784.98 4505 4468.26 3896.55 3778.69 3582.61 8384.4 3424.26 3336.64 3986.13 3249.9 3213.82 3169.15 3135.96
threshold=54.350000000000001 30.723372093023258 81.350000000000009 19.850000000000005 97.65000000000002 40.150000000000013 66.350000000000009 114.05000000000001 14.41666666666667 14.685000000000002 52.650000000000013 12.664583333333335 23.750000000000004 47.050000000000004 9.4416666666666682 71.250000000000014 10.981250000000001 71.40000000000002 17.725000000000005 134.50000000000003 47.650000000000013 8.5520833333333339 136.50000000000003 77.15000000000002 11679.000000000002 9.5850000000000026 953.11000000000013 43.707142857142863 14.065000000000003 133.50000000000003
decision_type=10 10 10 8 10 10 10 10 10 2 10 2 8 10 2 10 2 10 2 10 10 2 2 10 2 2 2 10 2 10
left_child=1 3 6 8 11 14 16 9 -1 -6 -8 17 -5 -7 21 23 -2 -4 20 -9 -14 -3 -23 -12 25 -15 -13 -18 -19 -11
right_child=2 5 4 12 7 13 10 19 -10 29 15 26 18 24 -16 -17 27 28 -20 -21 -22 22 -24 -25 -26 -27 -28 -29 -30 -31
leaf_value=-0.70679883266849941 0.46994727266522551 -0.10450760707936503 0.64778256168588999 -0.45261183144948858 1.0234332922230596 0.034692518077472388 0.29487994869886819 1.6612825320164362 -0.54524588160330845 1.7683150182451519 0.55387476093301269 0.46936498008495148 0.14040970786051316 0.05200470987578918 -0.17540485434820113 0.7731011778212411 0.090067826341837645 0.8453183279493276 -0.36962381271943323 2.1514736480712893 -0.26369778711348768 -0.061395228938030254 0.62072259948305453 0.78275124954613473 0.083146596292992161 0.28615195503779844 0.91116964226183683 0.34985661055706441 1.0806874529876798 1.3701679053979041
leaf_weight=550 351 176 32 606 69 746 59 54 784 21 287 43 22 87 1031 244 48 68 619 20 390 55 23 74 241 264 23 400 212 117
leaf_count=550 351 176 32 606 69 746 59 54 784 21 287 43 22 87 1031 244 48 68 619 20 390 55 23 74 241 264 23 400 212 117
internal_value=9.48927e-10 -0.264818 0.698112 -0.477632 1.13696 -0.0237699 0.500436 1.42633 -0.611853 1.29498 0.636928 0.921841 -0.368255 0.094161 -0.146565 0.670285 0.387005 0.984989 -0.318671 1.79377 -0.242119 -0.0295018 0.139742 0.600791 0.169099 0.228115 0.623327 0.322022 1.02353 1.43076
internal_weight=7716 5594 2122 2971 659 2623 1463 281 1334 207 664 378 1637 1338 1285 605 799 312 1031 74 412 254 78 361 592 351 66 448 280 138
internal_count=7716 5594 2122 2971 659 2623 1463 281 1334 207 664 378 1637 1338 1285 605 799 312 1031 74 412 254 78 361 592 351 66 448 280 138
is_linear=0
shrinkage=0.03


Tree=10
num_leaves=31
num_cat=0
split_feature=38 38 38 38 38 38 38 40 59 38 7 16 19 16 19 11 40 40 38 59 38 12 59 12 59 38 16 62 11 16
split_gain=1.49138e+06 264914 226622 51638.3 39799.5 36623.7 26500 14178.3 8429.68 8326.39 7978.75 6515.2 6504.01 6126.51 5649.02 5573.28 5529.33 5308.09 5202.1 5162.28 4630.87 4178.19 4108.41 4441.12 3794.6 3666.27 3441.26 3273.18 3195.43 2973.78
threshold=51.850000000000001 28.950000000000003 78.850000000000009 97.65000000000002 39.050000000000004 17.350000000000005 62.050000000000004 114.05000000000001 59.992857142857154 23.750000000000004 14.685000000000002 25.450000000000003 10.708333333333334 19.450000000000003 9.4416666666666682 49.500000000000007 56.383333333333347 10.255000000000001 44.350000000000001 49.350000000000001 74.350000000000009 4.2500000000000009 43.192857142857143 7.3500000000000005 35.678571428571438 134.50000000000003 18.950000000000003 16.650000000000002 79.500000000000014 22.000000000000004
decision_type=10 10 10 10 10 8 10 10 10 8 2 2 2 2 2 2 10 10 10 10 10 2 10 2 10 10 2 10 2 2
left_child=1 5 6 8 14 17 19 10 15 -7 -5 16 21 18 22 -4 -8 -1 -6 -2 -18 -10 -3 -24 -16 -9 -26 -12 -20 -21
right_child=2 4 3 7 13 9 11 25 12 -11 27 -13 -14 -15 24 -17 20 -19 28 29 -22 -23 23 -25 26 -27 -28 -29 -30 -31
leaf_value=-0.74075272015530425 0.17301755895071694 -0.10367007783681585 0.86386152706146235 0.99273028757261195 0.031805523717963455 -0.45923918137896086 0.35103787032375622 1.611444044113159 1.2442956282542301 -0.32705897785203403 1.0982427559580121 0.25537266220897437 0.75217240543852382 -0.040018504712497814 -0.24862711591507242 0.26604334916453809 0.55927291906595455 -0.58580386699778697 0.21798255519106471 0.38000378414258396 0.75168889523386118 0.94579587156086098 0.47098296097837961 -0.094943753480911261 -0.068786096325230348 2.086929442405701 -0.22583883728487375 1.4615466790632767 0.01280453149185461 0.1892830065553161
leaf_weight=278 209 207 25 69 447 962 91 54 52 774 28 64 142 384 644 32 529 700 348 449 143 224 26 24 281 20 227 110 85 88
leaf_count=278 209 207 25 69 447 962 91 54 52 774 28 64 142 384 644 32 529 700 348 449 143 224 26 24 281 20 227 110 85 88
internal_value=2.92831e-10 -0.27424 0.63432 1.06119 -0.0622547 -0.483023 0.429164 1.38354 0.870484 -0.400306 1.25613 0.546113 0.917153 0.0599654 -0.171897 0.528244 0.5705 -0.629849 0.103595 0.299516 0.600219 1.00203 -0.0447191 0.199338 -0.200269 1.73995 -0.138965 1.38783 0.177705 0.34875
internal_weight=7716 5387 2329 756 2673 2714 1573 281 475 1736 207 827 418 1264 1409 57 763 978 880 746 672 276 257 50 1152 74 508 138 433 537
internal_count=7716 5387 2329 756 2673 2714 1573 281 475 1736 207 827 418 1264 1409 57 763 978 880 746 672 276 257 50 1152 74 508 138 433 537
is_linear=0
shrinkage=0.03


Tree=11
num_leaves=31
num_cat=0
split_feature=40 40 40 40 40 40 40 40 16 16 47 47 18 17 11 11 16 58 58 26 12 26 1 54 16 12 58 47 16 30
split_gain=1.32686e+06 252940 185963 54481.7 36609 34304.2 20867.3 13637.5 13239.8 11263.2 9028.69 8913.62 8317.94 6582.8 6404.03 6081.29 5517.58 5804.46 4584.29 4484.03 4479.06 4743.95 5822.67 4335.47 4327.27 4265.48 4205.79 3744.4 3563.39 3442.37
threshold=46.474612403100785 74.333333333333357 25.533333333333342 96.600000000000023 60.550000000000004 34.550000000000011 15.833333333333341 109.80000000000004 19.650000000000002 17.550000000000004 82.850000000000009 50.415000000000006 3303.0000000000005 1247.5000000000002 80.500000000000014 21.500000000000004 19.450000000000003 57.95000000000001 62.150000000000013 3.5000000000000004 8.2500000000000018 5.5000000000000009 77.150160250000013 55.95000000000001 22.950000000000006 7.1500000000000012 61.250000000000007 58.945232558139544 16.550000000000004 478.42333333333312
decision_type=10 10 10 10 10 10 8 10 2 2 8 8 2 2 2 2 2 8 10 2 2 2 2 10 2 2 8 10 2 2
left_child=2 4 6 8 9 16 -1 -5 12 14 -6 -7 -3 -14 26 -11 17 -4 25 -10 21 22 -8 -9 -12 -13 -2 -17 -25 -26
right_child=1 3 5 7 10 11 20 23 19 15 24 18 13 -15 -16 27 -18 -19 -20 -21 -22 -23 -24 28 29 -27 -28 -29 -30 -31
leaf_value=-0.64204476528523269 0.30084293205606893 0.58560919422401148 -0.21928756883122719 1.1396598666830426 0.34339590084472937 -0.12667017618030155 0.029294488998346548 1.9812340679168701 0.38284942554930845 0.43568443638937809 0.58930551038514467 0.054714289924140756 1.0824494051301403 0.82611181514178 0.10285682338633036 -0.036289509556123187 -0.33316715903273997 0.15539956394368068 0.2312210580064305 0.70548482111522126 -0.52562011724242763 -0.44083606041344053 -0.36123782296844736 1.6310136715571086 0.047088211897015571 -0.087744016948342315 0.49183163702487942 0.14589563730379079 1.2139678052493503 0.54493454253673546
leaf_weight=684 401 73 811 157 252 579 43 20 72 49 479 512 158 210 114 154 438 39 87 84 411 848 171 54 25 300 140 298 28 25
leaf_count=684 401 73 811 157 252 579 43 20 72 49 479 512 158 210 114 154 438 39 87 84 411 848 171 54 25 300 140 298 28 25
internal_value=-1.24691e-10 0.522296 -0.296318 0.951756 0.332509 -0.133494 -0.505113 1.31512 0.794114 0.225309 0.491183 -0.0348683 0.87814 0.93617 0.307206 0.118237 -0.246668 -0.202096 0.0242567 0.556576 -0.441528 -0.408984 -0.282766 1.5852 0.561584 0.00208191 0.350267 0.0838237 1.48861 0.296011
internal_weight=7716 2793 4923 856 1937 2766 2157 259 597 1156 781 1478 441 368 655 501 1288 850 899 156 1473 1062 214 102 529 812 541 452 82 50
internal_count=7716 2793 4923 856 1937 2766 2157 259 597 1156 781 1478 441 368 655 501 1288 850 899 156 1473 1062 214 102 529 812 541 452 82 50
is_linear=0
shrinkage=0.03


Tree=12
num_leaves=31
num_cat=0
split_feature=40 40 40 40 40 40 40 40 16 16 47 40 18 51 17 19 47 16 33 17 26 54 16 59 59 0 16 20 40 16
split_gain=1.24844e+06 237991 174973 51261.8 34445.4 32714.6 19658.2 12831.5 12457.3 10687.7 8495.09 8396.06 7826.35 6985.65 6193.76 6009.81 5725.63 4825.82 4575.62 4303.34 4219.03 4079.25 4071.53 3933.86 3862.23 3532.33 3514.3 4763.69 3455.61 3352.79
threshold=46.474612403100785 74.333333333333357 25.533333333333342 96.600000000000023 60.550000000000004 38.283333333333339 16.036666666666672 109.80000000000004 19.650000000000002 18.250000000000004 82.850000000000009 30.583333333333346 3303.0000000000005 1547.9600000000003 1247.5000000000002 19.989583333333339 50.211162790697678 24.750000000000004 75.550000000000011 1627.5000000000002 3.5000000000000004 55.95000000000001 22.950000000000006 26.224761904761909 51.507142857142867 28.682925800000003 19.850000000000005 12547.500000000002 5.1750000000000007 16.550000000000004
decision_type=10 10 10 10 10 10 8 10 2 2 8 10 2 2 2 2 8 2 10 2 2 10 2 8 10 2 2 2 10 2
left_child=2 4 6 8 9 11 28 -5 12 15 -6 -4 25 -11 -14 18 -7 19 -2 -13 -10 -9 -12 -8 -18 -3 27 -25 -1 -23
right_child=1 3 5 7 10 16 23 21 20 13 22 17 14 -15 -16 -17 24 -19 -20 -21 -22 29 -24 26 -26 -27 -28 -29 -30 -31
leaf_value=-0.8324948400066744 0.47577721541182 0.42650404255986213 -0.28108387545244512 1.1054700684813177 0.33309402433534463 -0.093754763843340638 -0.44970413854692848 1.9217970428466797 0.37136394114233556 0.055044954139395252 0.57162634672040979 -0.17182957533962015 1.0499759174298637 0.41684484249895265 0.80132846384389056 0.079460173253502159 0.04254924314045009 -0.30954468038134475 0.28071831155427779 -0.037289872914552692 0.68432027484689428 1.5820832631323072 0.28713103520572181 -0.31124724887583377 0.29934669858936608 0.87572978558747661 -0.46243452208936209 0.11199367958923866 -0.59814989934547225 1.1775487712451389
leaf_weight=62 140 50 740 157 252 296 1175 20 72 379 479 619 158 55 210 105 578 148 477 327 84 54 50 137 58 23 100 29 654 28
leaf_count=62 140 50 740 157 252 296 1175 20 72 379 479 619 158 55 210 105 578 148 477 327 84 54 50 137 58 23 100 29 654 28
internal_value=2.47889e-10 0.506627 -0.287428 0.923203 0.322534 -0.129489 -0.48996 1.27567 0.77029 0.21855 0.476447 -0.203038 0.851796 0.100895 0.908085 0.289273 0.0152405 -0.150246 0.324978 -0.125324 0.539879 1.53765 0.544736 -0.42612 0.0659679 0.568041 -0.321942 -0.237308 -0.618442 1.44395
internal_weight=7716 2793 4923 856 1937 2766 2157 259 597 1156 781 1834 441 434 368 722 932 1094 617 946 156 102 529 1441 636 73 266 166 716 82
internal_count=7716 2793 4923 856 1937 2766 2157 259 597 1156 781 1834 441 434 368 722 932 1094 617 946 156 102 529 1441 636 73 266 166 716 82
is_linear=0
shrinkage=0.03


Tree=13
num_leaves=31
num_cat=0
split_feature=38 38 38 38 38 38 40 7 38 38 38 12 58 39 59 16 59 59 6 16 39 65 13 16 5 16 39 59 52 38
split_gain=1.25433e+06 251030 163304 38783.8 32876.7 30772.3 23543.4 8668.88 7639.68 7609.75 7585.14 7253.89 6558.45 6330.36 5581.99 5375.07 5223.02 4651.41 4516.66 4182.55 4300.93 3915.67 3686.17 3671.45 3713.21 3520.88 4979.88 3482.48 3429.06 2757.15
threshold=54.350000000000001 30.723372093023258 86.250000000000014 20.150000000000002 41.532558139534892 68.250000000000014 109.80000000000004 14.065000000000003 13.350000000000003 97.65000000000002 128.50000000000003 8.8500000000000032 72.850000000000009 71.750000000000014 26.050000000000004 20.750000000000004 50.750000000000007 79.621428571428581 53.940000000000012 19.550000000000004 55.050000000000004 111.18000000000002 180.50000000000003 19.050000000000004 106.50000000000001 19.450000000000003 52.650000000000013 31.650000000000002 3088.2500000000005 79.950000000000017
decision_type=10 10 10 8 10 10 10 2 10 10 10 2 10 10 10 2 10 10 2 2 10 10 2 2 2 2 10 10 2 10
left_child=1 3 5 8 18 15 7 21 27 13 -8 16 25 -9 -5 17 -6 22 -3 20 -20 -4 -2 24 -16 26 -7 -1 -14 -30
right_child=2 4 6 14 11 12 10 9 -10 -11 -12 -13 28 -15 23 -17 -18 -19 19 -21 -22 -23 -24 -25 -26 -27 -28 -29 29 -31
leaf_value=-0.64198744313130907 0.28433114895811384 -0.20761253548365446 0.47468891096012344 -0.3787263842353974 0.082618562460875622 0.25616111831231553 1.3231012946411091 0.45952128750937327 -0.48318877407179694 1.2596306834569793 1.8774108418551358 -0.071622493364608159 1.1100481624603271 1.0194350892570283 -0.26190312898097851 0.22134386032596229 0.23196801596485517 0.81716445160948714 -0.061998061366759942 -0.17110666604744684 0.27006842349328708 0.87499757707773984 0.43250259356787668 -0.34394596116480364 -0.066037349119686922 0.41556892647992733 0.64721255336838357 -0.23876070106029509 0.63003565672265238 0.82750871714979113
leaf_weight=533 226 372 29 815 677 33 68 21 822 123 33 194 20 135 341 200 306 23 685 352 37 91 456 323 117 129 262 20 172 101
leaf_count=533 226 372 29 815 677 33 68 21 822 123 33 194 20 135 341 200 306 23 685 352 37 91 456 323 117 129 262 20 172 101
internal_value=-3.45367e-11 -0.235582 0.621039 -0.424412 -0.0216993 0.47492 1.09505 0.991476 -0.54119 1.08318 1.50421 0.096024 0.621725 0.944062 -0.323804 0.358612 0.12911 0.397553 -0.117523 -0.0863181 -0.0449808 0.778256 0.383402 -0.266492 -0.211868 0.5463 0.603468 -0.627404 0.730872 0.703093
internal_weight=7716 5594 2122 2971 2623 1622 500 399 1375 279 101 1177 717 156 1596 905 983 705 1446 1074 722 120 682 781 458 424 295 553 293 273
internal_count=7716 5594 2122 2971 2623 1622 500 399 1375 279 101 1177 717 156 1596 905 983 705 1446 1074 722 120 682 781 458 424 295 553 293 273
is_linear=0
shrinkage=0.03


Tree=14
num_leaves=31
num_cat=0
split_feature=38 38 38 38 38 38 40 7 40 38 38 38 16 38 39 7 16 16 5 19 65 58 19 19 24 19 64 40 38 16
split_gain=1.1802e+06 236388 153653 42926.1 29253.5 24673.4 22152 8156.55 7622.82 7542.82 7160.02 7136.86 6339.83 6310.84 5956.23 5057.15 4852.56 4827.66 4637.74 4221.34 3684.25 3553.99 3541.88 3581.26 8654.05 3474.45 3016.69 2865.07 2704.91 2691.64
threshold=54.350000000000001 32.050000000000004 86.250000000000014 20.350000000000005 74.350000000000009 41.532558139534892 109.80000000000004 14.065000000000003 14.41666666666667 62.050000000000004 97.65000000000002 128.50000000000003 19.450000000000003 23.750000000000004 71.750000000000014 9.5850000000000026 25.450000000000003 19.650000000000002 57.000000000000007 19.700000000000006 111.18000000000002 74.65000000000002 9.2437500000000004 8.5520833333333339 563.08000000000004 13.525000000000002 69.904172661870533 67.65000000000002 9.9950000000000028 20.400000000000002
decision_type=10 10 10 8 10 10 10 2 10 10 10 10 2 8 10 2 2 2 2 2 10 8 2 2 2 2 8 10 10 2
left_child=1 3 4 8 9 22 7 20 28 26 14 -8 15 -5 -9 -7 18 25 -11 -15 -4 -17 23 -3 -25 27 -2 -6 -1 -10
right_child=2 5 6 13 17 12 11 10 29 16 -12 -13 -14 19 -16 21 -18 -19 -20 -21 -22 -23 -24 24 -26 -27 -28 -29 -30 -31
leaf_value=-0.67531564702661773 0.21377526277149059 -0.064623637775723108 0.46044824043224597 -0.38671904611281555 0.56045676890015605 -0.005985543155652839 1.2834082531929016 0.44573564393179754 -0.43132024386719842 0.34004423372481152 1.2218417607284173 1.821088518662886 -0.013233820935473815 -0.20488353598995931 0.98885204129086601 0.1558399423576555 0.1592702604988788 0.50813939547116771 0.52562582618144149 -0.31606183076057559 0.84874766013779479 0.40996992844674324 -0.12329155562266776 -0.046748141078061835 0.69623190811702185 0.55160023488317222 0.35906632397699789 0.83882178526033047 -0.54237138972177601 -0.54681594784917498
leaf_weight=278 212 178 29 531 40 172 68 21 597 166 123 33 353 588 135 598 47 113 449 644 91 54 1003 43 21 70 327 198 273 261
leaf_count=278 212 178 29 531 40 172 68 21 597 166 123 33 353 588 135 598 47 113 449 644 91 54 1003 43 21 70 327 198 273 261
internal_value=-1.55746e-10 -0.228514 0.602408 -0.398924 0.460673 -0.00533614 1.0622 0.961732 -0.522372 0.385241 1.05069 1.45909 0.0931433 -0.300263 0.91574 0.138715 0.45308 0.675859 0.475534 -0.262999 0.754909 0.176888 -0.0984367 0.00457724 0.197042 0.737393 0.30192 0.792038 -0.609447 -0.466454
internal_weight=7716 5594 2122 3172 1622 2422 500 399 1409 1201 279 101 1177 1763 156 824 662 421 615 1232 120 652 1245 242 64 308 539 238 551 858
internal_count=7716 5594 2122 3172 1622 2422 500 399 1409 1201 279 101 1177 1763 156 824 662 421 615 1232 120 652 1245 242 64 308 539 238 551 858
is_linear=0
shrinkage=0.03


Tree=15
num_leaves=31
num_cat=0
split_feature=40 40 40 40 40 40 40 59 47 47 40 19 47 51 12 47 60 12 12 18 65 5 12 12 26 1 11 59 40 12
split_gain=1.04276e+06 197654 146352 40383.1 33311.7 27543.8 16436.6 11313.6 9314.17 9173.72 6974.01 6572.34 5958.08 5396.67 5135.14 4754.75 4678.29 4614.63 4393.45 4322.61 4139.75 3967.5 3847.46 3803.54 4403.19 4165.58 3720.86 3490.52 3398.17 3345.83
threshold=46.474612403100785 78.516666666666694 25.533333333333342 62.016666666666673 109.80000000000004 38.283333333333339 16.700000000000003 87.871428571428581 61.610000000000007 82.850000000000009 31.483333333333331 9.9812500000000011 92.050000000000011 1547.9600000000003 4.9500000000000011 50.211162790697678 32.45000000000001 6.4500000000000011 8.1500000000000004 3291.5000000000005 153.16071428571431 73.500000000000014 6.8500000000000005 9.0500000000000025 5.5000000000000009 77.150160250000013 68.500000000000014 51.507142857142867 10.255000000000001 5.3500000000000005
decision_type=10 10 10 10 10 10 8 10 8 8 10 2 10 2 2 8 10 2 2 2 10 2 2 2 2 2 2 10 10 2
left_child=2 3 6 8 7 10 28 11 -2 -5 -4 18 -9 17 -11 -7 20 -10 -3 -16 -6 -13 26 24 25 -8 -12 -17 -1 -14
right_child=1 4 5 9 16 15 23 12 13 14 22 21 29 -15 19 27 -18 -19 -20 -21 -22 -23 -24 -25 -26 -27 -28 -29 -30 -31
leaf_value=-0.64145496786281631 0.060881107474098382 0.89159288945443493 -0.24737453523654626 0.31032404608249126 1.8805171912057057 -0.084765482964411026 -0.0020263255029916763 0.4934919653768125 0.28528650245832643 0.66579000552022272 -0.0070192427556045921 0.33498163218498228 1.1339676234577643 0.46074785737868612 0.16401457838714123 0.038523425221758181 1.055996443101993 0.14182970543850587 0.41537911230325697 0.50687590768878776 1.3853816900253295 0.65868923224578391 -0.19830510267200316 -0.48413847947352995 -0.39154872940366409 -0.3106447137062614 -0.16483698175737152 0.28265109075554484 -0.51104789659380911 0.91070971352438768
leaf_weight=279 292 136 869 221 21 296 50 23 522 189 301 50 99 102 36 578 26 329 20 410 55 107 421 279 858 185 243 58 506 155
leaf_count=279 292 136 869 221 21 296 50 23 522 189 301 50 99 102 36 578 26 329 20 410 55 107 421 279 858 185 243 58 506 155
internal_value=3.33157e-10 0.463016 -0.262686 0.318179 0.902759 -0.118241 -0.447914 0.816214 0.209121 0.476799 -0.185727 0.69263 0.95586 0.254541 0.534737 0.0145598 1.40336 0.229826 0.83054 0.479201 1.5222 0.555598 -0.130212 -0.385273 -0.360036 -0.244981 -0.077515 0.0607866 -0.557396 0.997728
internal_weight=7716 2793 4923 2101 692 2766 2157 590 1245 856 1834 313 277 953 635 932 102 851 156 446 76 157 965 1372 1093 235 544 636 785 254
internal_count=7716 2793 4923 2101 692 2766 2157 590 1245 856 1834 313 277 953 635 932 102 851 156 446 76 157 965 1372 1093 235 544 636 785 254
is_linear=0
shrinkage=0.03


Tree=16
num_leaves=31
num_cat=0
split_feature=38 38 38 38 38 38 38 37 14 59 12 38 16 12 39 19 20 39 59 20 54 19 16 17 18 17 59 14 8 30
split_gain=1.04912e+06 209950 137315 37637.6 34896.2 26280.3 13954 7920.56 6943.14 6767.79 6281.56 5997.42 5891.04 5218.75 5067.65 4598.79 4189.32 3875.23 3818.16 5012.08 3733.19 3700.3 4070.01 3583.57 3526.55 3227.17 3225.83 3177.2 2847.19 2753.92
threshold=54.350000000000001 28.950000000000003 92.750000000000014 74.350000000000009 40.150000000000013 17.350000000000005 121.50000000000001 147.15000000000001 1.0000000180025095e-35 62.921428571428578 4.9500000000000011 23.750000000000004 15.850000000000003 7.5500000000000007 55.050000000000004 11.652083333333335 19999.500000000004 8.1550000000000029 57.538095238095245 9922.7500000000018 64.15000000000002 11.104166666666668 12.850000000000003 2372.5000000000005 6635.5000000000009 1992.5000000000002 40.035714285714292 1.0500000000000003 14.15 345.79333333333312
decision_type=10 10 10 10 10 8 10 10 2 10 2 8 2 2 10 2 2 10 10 2 8 2 2 2 2 2 10 2 2 2
left_child=1 5 3 9 13 17 7 -4 18 21 29 -7 27 14 26 -12 25 -1 23 -20 -8 28 -23 -5 -14 -11 -3 -6 -2 -9
right_child=2 4 6 8 12 11 20 10 -10 16 15 -13 24 -15 -16 -17 -18 -19 19 -21 -22 22 -24 -25 -26 -27 -28 -29 -30 -31
leaf_value=-0.64131615302215017 0.087597990855574598 -0.13543773570008097 1.4385485719953264 0.27981254208939416 0.18214899264941403 -0.38472392022206975 1.8378550338745117 0.9196863733488938 0.36043152941054984 0.43881048429992281 0.92826677703857419 -0.27254269480069937 0.0076479546693227598 -0.20770546772000603 0.23793368449062108 0.53709637230092822 0.2324663504873003 -0.49735836473652933 0.8221072988286614 0.61646344830805899 1.3394463687272449 0.41483211267987885 0.18351451890305387 0.75576697289943695 0.26305896448401306 0.63704088776989987 0.00050690574257929416 -0.030989522301170924 0.40396315561215013 1.2729683703467958
leaf_weight=216 28 746 35 35 457 962 21 29 61 333 150 774 756 557 40 33 70 762 240 192 38 90 286 24 52 95 199 73 299 63
leaf_count=216 28 746 35 35 457 962 21 29 61 333 150 774 756 557 40 33 70 762 240 192 38 90 286 24 52 95 199 73 299 63
internal_value=-2.94768e-11 -0.215451 0.56797 0.457249 -0.037038 -0.404777 1.09397 1.01349 0.662291 0.363008 0.959389 -0.334708 0.0750678 -0.134313 -0.0928105 0.857728 0.447621 -0.529153 0.699793 0.73071 1.51685 0.303069 0.238883 0.473421 0.0240853 0.48281 -0.10681 0.152792 0.376874 1.16161
internal_weight=7716 5594 2122 1753 2880 2714 369 310 552 1201 275 1736 1338 1542 985 183 498 978 491 432 59 703 376 59 808 428 945 530 327 92
internal_count=7716 5594 2122 1753 2880 2714 369 310 552 1201 275 1736 1338 1542 985 183 498 978 491 432 59 703 376 59 808 428 945 530 327 92
is_linear=0
shrinkage=0.03


Tree=17
num_leaves=31
num_cat=0
split_feature=38 38 38 38 38 38 38 7 38 12 48 38 19 59 39 64 58 12 19 12 13 38 18 19 64 19 19 24 44 59
split_gain=987115 198006 129239 36006.8 24529.7 20408.5 18634.2 7147.29 6413.59 6390.31 6302.75 6021.73 5845.55 5438.3 5347.94 4695.86 4464.55 4376.57 4159.73 3946.06 4658.06 3493.67 3367.21 3289.66 3842.08 3268.05 3268.05 8139.38 3143.54 2886.06
threshold=54.350000000000001 32.050000000000004 86.250000000000014 20.350000000000005 68.250000000000014 41.532558139534892 115.50000000000001 14.685000000000002 13.350000000000003 8.8500000000000032 125.53773381294965 97.65000000000002 11.104166666666668 32.121428571428574 71.750000000000014 56.45000000000001 73.250000000000014 5.7500000000000009 17.547916666666669 7.5500000000000007 180.50000000000003 134.50000000000003 4244.5000000000009 9.3500000000000032 37.32500000000001 9.2437500000000004 8.5520833333333339 563.08000000000004 10.850000000000003 87.871428571428581
decision_type=10 10 10 8 10 10 10 2 10 2 10 10 2 10 10 8 8 2 2 2 2 10 2 2 8 2 2 2 10 10
left_child=1 3 4 8 19 25 7 29 23 16 -8 14 15 -5 -9 -6 18 -17 -7 20 -2 -12 -22 24 -1 26 -3 -28 -14 -4
right_child=2 5 6 13 12 9 10 11 -10 -11 21 -13 28 -15 -16 17 -18 -19 -20 -21 22 -23 -24 -25 -26 -27 27 -29 -30 -31
leaf_value=-0.54358638204377274 0.24526355756310009 -0.056556320361416328 0.5642415774832753 -0.30474557261244978 0.34145470274889722 0.13847216034066404 0.87756319865584376 0.39683667489460533 -0.42656705441597464 -0.07251660984470365 1.3534722550132057 1.1213405392113633 0.096317617893218993 -0.18252751310657839 0.91280331839506434 0.78565283297092314 0.32641943329069983 0.57584314991853069 -0.0025700063086045322 0.2205212345165409 0.30804570226371286 1.8164889450073241 0.48309232115903761 -0.58045925629813044 -0.0030951910614967345 -0.11327728617922445 -0.043024396099323452 0.67752375279154098 0.47707210109974052 0.85098605463060284
leaf_weight=29 218 178 68 1328 47 632 20 21 856 194 55 127 21 435 130 149 83 224 268 268 160 20 259 504 20 1003 43 21 276 59
leaf_count=29 218 178 68 1328 47 632 20 21 856 194 55 127 21 435 130 149 83 224 268 268 160 20 259 504 20 1003 43 21 276 59
internal_value=-3.80894e-11 -0.208988 0.550931 -0.36495 0.420943 -0.00472996 0.972614 0.883913 -0.478012 0.0848345 1.35076 0.969094 0.552014 -0.27459 0.841046 0.624046 0.115889 0.659655 0.0964729 0.3171 0.357733 1.47694 0.416249 -0.557644 -0.322978 -0.0894026 0.00954928 0.193405 0.45015 0.697454
internal_weight=7716 5594 2122 3172 1622 2422 500 405 1409 1177 95 278 717 1763 151 420 983 373 900 905 637 75 419 553 49 1245 242 64 297 127
internal_count=7716 5594 2122 3172 1622 2422 500 405 1409 1177 95 278 717 1763 151 420 983 373 900 905 637 75 419 553 49 1245 242 64 297 127
is_linear=0
shrinkage=0.03


Tree=18
num_leaves=31
num_cat=0
split_feature=38 38 38 38 38 38 38 38 37 14 16 38 64 58 16 19 21 59 59 39 59 12 18 51 6 16 16 12 6 17
split_gain=928787 179362 128753 33230.2 28854.8 23307.4 12476.6 9080.62 6338.64 5986.82 5815.73 5409.62 4969.73 4953.35 4651.42 4608.06 3978.24 3798.14 3750.74 3557.82 3418.48 3877.4 3257.26 3198.63 2982.85 2912.64 2903.44 2686.7 2652.68 2634.9
threshold=53.650000000000013 28.950000000000003 78.850000000000009 97.65000000000002 39.050000000000004 17.350000000000005 66.350000000000009 121.50000000000001 147.15000000000001 0.45000000000000007 15.850000000000003 23.750000000000004 69.904172661870533 70.850000000000009 22.000000000000004 9.4416666666666682 132.50000000000003 59.992857142857154 44.385714285714293 8.1550000000000029 43.192857142857143 7.3500000000000005 6635.5000000000009 278.12000000000006 58.245000000000005 14.65 19.650000000000002 6.4500000000000011 53.940000000000012 1977.5000000000002
decision_type=10 10 10 10 10 8 10 10 10 2 2 8 8 10 2 2 2 10 10 10 10 2 2 2 2 2 2 2 2 2
left_child=1 5 6 9 15 19 14 8 -5 17 24 -7 -10 -8 18 20 -9 29 -2 -1 -3 -22 -12 -20 -6 -15 -19 28 -17 -4
right_child=2 4 3 7 10 11 13 16 12 -11 22 -13 -14 25 -16 27 -18 26 23 -21 21 -23 -24 -25 -26 -27 -28 -29 -30 -31
leaf_value=-0.60572939712140295 0.12955064751978579 -0.074095114165566106 0.27811907814017361 1.387396873586318 -0.015284892961196601 -0.36264257986987858 0.39415945439235023 1.2460439837920039 0.50730855158397126 0.31486730510989824 -0.0067209920350167597 -0.25610041619537494 0.99697301477729205 0.71247620350529628 0.12387885444355706 -0.20666569652247269 1.7605513177599226 0.78731987011563442 0.28527270029164542 -0.46779320158504356 0.45612228791301068 -0.072668695449829096 0.24284153900742528 0.42221521693802488 0.16581767691542992 0.48941577496774058 0.57396225336619788 -0.20536967325131283 -0.067844364680647848 0.71684931993484491
leaf_weight=216 87 207 28 34 100 962 345 38 21 36 803 774 167 86 137 185 21 319 388 762 26 24 50 254 451 136 70 592 375 22
leaf_count=216 87 207 28 34 100 962 345 38 21 36 803 774 167 86 137 185 21 319 388 762 26 24 50 254 451 136 70 592 375 22
internal_value=2.80298e-10 -0.207139 0.523004 0.83977 -0.0392733 -0.381127 0.355889 1.09837 1.01045 0.686791 0.0569803 -0.31514 0.942276 0.465288 0.284262 -0.135185 1.42917 0.71729 0.314402 -0.498258 -0.0203212 0.202303 0.00790753 0.339452 0.13295 0.575827 0.748926 -0.16081 -0.113705 0.47116
internal_weight=7716 5527 2189 756 2813 2714 1433 281 222 475 1404 1736 188 567 866 1409 59 439 729 978 257 50 853 642 551 222 389 1152 560 50
internal_count=7716 5527 2189 756 2813 2714 1433 281 222 475 1404 1736 188 567 866 1409 59 439 729 978 257 50 853 642 551 222 389 1152 560 50
is_linear=0
shrinkage=0.03


Tree=19
num_leaves=31
num_cat=0
split_feature=38 38 38 38 38 38 38 38 37 16 19 7 38 64 12 59 12 7 19 64 16 32 16 59 39 59 28 58 5 17
split_gain=874562 155343 133482 31266.3 23746.8 21944 16611.2 8543.95 5964.03 5776.67 5707.69 5220.78 4878.1 4676.02 4662.37 5128.79 4421.43 4352.51 4275.65 4268.58 4151.75 4014.63 3589.26 3659.55 3494.53 3271.73 3124.71 2617.18 3275.03 2448.51
threshold=48.95000000000001 78.850000000000009 28.950000000000003 97.65000000000002 60.250000000000007 17.550000000000004 38.45000000000001 121.50000000000001 147.15000000000001 15.850000000000003 10.727083333333335 13.805000000000001 23.750000000000004 69.904172661870533 7.5500000000000007 44.122607973421928 4.2500000000000009 26.675000000000004 10.177083333333336 66.15000000000002 22.200000000000006 184.50000000000003 17.450000000000003 59.68571428571429 8.1550000000000029 49.350000000000001 34.166666666666679 77.050000000000011 151.50000000000003 1402.5000000000002
decision_type=10 10 10 10 10 8 10 10 10 2 2 2 8 8 2 10 2 2 2 10 2 10 2 10 10 10 2 8 2 2
left_child=2 4 5 10 20 24 14 8 -5 21 16 -9 -7 -10 15 -4 -3 -18 -17 -11 25 26 23 29 -1 -2 -6 28 -12 -8
right_child=1 3 6 7 9 12 22 11 13 19 27 -13 -14 -15 -16 18 17 -19 -20 -21 -22 -23 -24 -25 -26 -27 -28 -29 -30 -31
leaf_value=-0.58755751598212458 0.13392096009463228 0.99280150514382592 -0.12130055934610219 1.3457749439688289 0.20386089740587132 -0.3503383625787958 -0.0073685173672556718 1.0066819511141096 0.49208928738321578 0.21287258716194696 0.27899446404362421 1.5960865838904128 -0.24841740355126618 0.96706382814281722 -0.21171910664535284 0.43800951408938715 0.57637907303394154 0.82057092721869307 -0.0084334054112434383 0.39828861412770566 0.045318493294535862 0.34593015647975017 -0.035853269886553955 0.36902077136508055 -0.45144507912338755 0.26712181272468977 0.58435308092982152 0.6678716024011373 0.64021773538073978 0.11855664154731745
leaf_weight=216 259 52 746 34 21 931 291 21 21 159 58 38 774 167 473 26 141 123 75 376 149 116 533 35 793 462 259 64 37 266
leaf_count=216 259 52 746 34 21 931 291 21 21 159 58 38 774 167 473 26 141 123 75 376 149 116 533 35 793 462 259 64 37 266
internal_value=2.77211e-10 0.453668 -0.224855 0.814577 0.30217 -0.369694 -0.0640817 1.06541 0.980135 0.407475 0.666187 1.3863 -0.30407 0.914008 -0.136271 -0.0941375 0.739954 0.69015 0.106492 0.343184 0.189481 0.494334 0.0206202 0.0714655 -0.480583 0.219273 0.555816 0.519582 0.419681 0.0527681
internal_weight=7716 2557 5159 756 1801 2714 2445 281 222 931 475 59 1705 188 1320 847 316 264 101 535 870 396 1125 592 1009 721 280 159 95 557
internal_count=7716 2557 5159 756 1801 2714 2445 281 222 931 475 59 1705 188 1320 847 316 264 101 535 870 396 1125 592 1009 721 280 159 95 557
is_linear=0
shrinkage=0.03


Tree=20
num_leaves=31
num_cat=0
split_feature=38 38 38 38 38 38 38 38 37 14 59 64 16 16 7 7 19 20 19 16 59 20 17 41 59 19 16 17 19 19
split_gain=823302 165531 108320 30161.3 29946.8 17005 10937.5 7765.22 6384.45 5832.72 5703.34 5302.3 5107.81 5002.9 4912.23 4327.71 4220.81 3672.55 3377.92 3598.25 3225.02 4337.15 3242.15 3172.87 3164.92 3098.54 4795.61 2882.67 2819.11 3259.92
threshold=54.350000000000001 32.050000000000004 92.750000000000014 22.450000000000003 74.350000000000009 41.532558139534892 121.50000000000001 13.350000000000003 147.15000000000001 1.0000000180025095e-35 62.921428571428578 59.725000000000009 19.450000000000003 13.750000000000002 13.805000000000001 9.5850000000000026 19.700000000000006 19999.500000000004 11.104166666666668 12.850000000000003 57.538095238095245 9922.7500000000018 2372.5000000000005 92.200000000000017 50.750000000000007 9.3500000000000032 17.450000000000003 1992.5000000000002 9.1562500000000018 8.5520833333333339
decision_type=10 10 10 8 10 10 10 10 10 2 10 8 2 2 2 2 2 2 2 2 10 2 2 8 10 2 2 2 2 2
left_child=1 3 4 7 10 28 8 25 -4 20 18 -10 15 -13 -8 -7 23 27 -2 -20 22 -22 -6 -5 -17 26 -1 -12 29 -3
right_child=2 5 6 16 9 12 14 -9 11 -11 17 13 -14 -15 -16 24 -18 -19 19 -21 21 -23 -24 -25 -26 -27 -28 -29 -30 -31
leaf_value=0.032858632848314619 0.33623547697832823 -0.052350168633117762 1.2806898340497699 -0.1926269538948554 0.22987340160778591 -0.015300501120969827 0.97648149013519292 -0.37423903798353553 0.39236055115770019 0.31103298850723954 0.38977976701281092 1.0509053064795102 -0.017829776298381363 0.77930691930808516 1.5482040038861726 0.10637841586450243 -0.28108918450151055 0.19696941779021707 0.36983078952133652 0.15233199411527729 0.73551102910935873 0.54421366533264515 0.68258793026208875 0.10885698080062865 0.24585971675309781 -0.53258103257133849 -0.56183128760411183 0.5771309414411846 -0.10328242434374432 0.20496340931472129
leaf_weight=23 327 178 35 655 35 172 21 1182 21 61 333 102 353 152 38 430 749 70 90 286 240 192 24 33 222 504 26 95 1008 59
leaf_count=23 327 178 35 655 35 172 21 1182 21 61 333 102 353 152 38 430 749 70 90 286 240 192 24 33 222 504 26 95 1008 59
internal_value=2.98776e-10 -0.19086 0.503145 -0.333461 0.404806 -0.00410247 0.970321 -0.41765 0.899067 0.587704 0.320743 0.850497 0.0776533 0.888374 1.34471 0.118558 -0.231812 0.398418 0.265719 0.204393 0.622076 0.65049 0.414028 -0.178166 0.153871 -0.510439 -0.282691 0.431365 -0.0813929 0.0117068
internal_weight=7716 5594 2122 3172 1753 2422 369 1735 310 552 1201 275 1177 254 59 824 1437 498 703 376 491 432 59 688 652 553 49 428 1245 237
internal_count=7716 5594 2122 3172 1753 2422 369 1735 310 552 1201 275 1177 254 59 824 1437 498 703 376 491 432 59 688 652 553 49 428 1245 237
is_linear=0
shrinkage=0.03


Tree=21
num_leaves=31
num_cat=0
split_feature=40 40 40 40 40 40 40 16 40 16 18 16 16 11 53 59 11 19 17 33 47 64 16 58 26 16 59 20 47 48
split_gain=728220 136829 102977 30608 20361.5 19394.6 11645.5 8784.54 7485.33 7278.69 6187.3 5681.2 5417.74 5144.78 5052.34 4710.44 4708.29 4600.31 4593.44 3947 3753.3 3690.76 3637.74 4209.4 3419.01 3275.53 4321.29 4342.81 3152.2 2890.45
threshold=46.474612403100785 74.333333333333357 25.533333333333342 96.600000000000023 60.550000000000004 33.883333333333347 15.833333333333341 19.650000000000002 114.05000000000001 18.250000000000004 3303.0000000000005 21.850000000000005 15.850000000000003 63.500000000000007 268468.00000000006 47.714285714285715 21.500000000000004 19.989583333333339 1247.5000000000002 75.550000000000011 79.65000000000002 64.710000000000022 19.450000000000003 58.45000000000001 3.5000000000000004 19.450000000000003 26.224761904761909 12547.500000000002 82.850000000000009 166.85000000000005
decision_type=10 10 10 10 10 10 8 2 10 2 2 2 2 2 2 10 2 2 2 10 10 10 2 8 2 2 8 2 10 8
left_child=2 4 6 7 9 22 -1 10 29 17 -3 15 13 -6 -13 28 -11 19 -12 -2 -14 -22 23 -4 -9 26 -8 -28 -7 -5
right_child=1 3 5 8 12 11 25 24 -10 16 18 14 20 -15 -16 -17 -18 -19 -20 -21 21 -23 -24 -25 -26 -27 27 -29 -30 -31
leaf_value=-0.47718863648411475 0.39705839013946909 0.40078565062623317 -0.16708366804181105 1.0006582525798251 0.5473931596044983 -0.041381310145805858 -0.32430096758536758 0.23945470580210287 1.2254184301275954 0.34727836555364178 0.82532598459833784 -0.18517921693348571 0.1774707870500592 0.3100166425075796 0.17889119705328574 0.15215201630081346 0.035052061784407722 0.042194656247539181 0.61119675588607791 0.21589342845111803 0.154719785295549 0.4185784947688449 -0.26326524391158745 0.17417341752963908 0.52118126511573792 -0.39274642728015463 -0.22597451549680794 0.18430505735533576 0.11546999385338702 0.76139716728167106
leaf_weight=684 140 73 753 84 210 963 839 72 76 49 158 285 156 135 39 159 385 105 210 477 61 219 402 34 84 470 136 28 131 99
leaf_count=684 140 73 753 84 210 963 839 72 76 49 158 285 156 135 39 159 385 105 210 477 61 219 402 34 84 470 136 28 131 99
internal_value=-2.04297e-11 0.386933 -0.219521 0.702799 0.247346 -0.098357 -0.374895 0.58464 0.975156 0.167397 0.653084 -0.0293791 0.365681 0.454507 -0.141356 -0.000424152 0.0703034 0.225761 0.703133 0.257001 0.295395 0.361095 -0.189844 -0.152341 0.391154 -0.327394 -0.29677 -0.155927 -0.0225993 0.871222
internal_weight=7716 2793 4923 856 1937 2766 2157 597 259 1156 441 1577 781 345 324 1253 434 722 368 617 436 280 1189 787 156 1473 1003 164 1094 183
internal_count=7716 2793 4923 856 1937 2766 2157 597 259 1156 441 1577 781 345 324 1253 434 722 368 617 436 280 1189 787 156 1473 1003 164 1094 183
is_linear=0
shrinkage=0.03


Tree=22
num_leaves=31
num_cat=0
split_feature=38 38 38 38 38 38 38 38 37 12 14 12 38 12 9 58 21 37 6 11 38 62 12 65 26 11 16 39 16 39
split_gain=732300 146880 96814.8 26910.3 26624.2 15095.7 9896.75 7408.49 5737.77 5331.43 5323.59 5252.29 5200.7 4669.53 4324.98 3805.37 3454.69 3362.94 3223.14 3063.7 2930.76 2818.63 2706.43 3084.58 2710.71 2649.17 2556.11 4115.45 2234.95 2427.1
threshold=54.350000000000001 32.050000000000004 92.750000000000014 22.950000000000003 74.350000000000009 41.532558139534892 121.50000000000001 13.350000000000003 147.15000000000001 8.8500000000000032 1.0000000180025095e-35 4.9500000000000011 60.750000000000007 4.2500000000000009 19.650000000000002 73.250000000000014 132.50000000000003 367.83333333333343 58.245000000000005 32.500000000000007 47.050000000000004 14.350000000000003 7.5500000000000007 97.262857142857158 8.5000000000000018 68.500000000000014 19.650000000000002 54.350000000000001 19.450000000000003 32.550000000000004
decision_type=10 10 10 8 10 10 10 10 10 2 2 2 10 2 2 8 2 10 2 2 10 8 2 10 2 2 2 10 2 8
left_child=1 3 4 7 12 22 8 19 -4 15 26 -10 -2 17 -15 20 -8 -14 -5 -1 -7 -13 23 25 -25 -3 27 -6 29 -20
right_child=2 5 6 18 10 9 16 -9 11 -11 -12 21 13 14 -16 -17 -18 -19 28 -21 -22 -23 -24 24 -26 -27 -28 -29 -30 -31
leaf_value=-0.17587437106030326 0.22347516462224187 -0.011152975195252369 1.2101933187757221 -0.27196054131787928 0.20595905010402202 0.030323412718093086 1.1016693185505113 -0.34987192275789442 0.98727889724399731 -0.070776367067868259 0.2896872981399542 0.42640275140603379 0.58515662121577794 -0.040527691586778075 0.33488515413963588 0.29568114945328378 1.581126777103969 0.17789603737267579 -0.1817449611406684 -0.49794273373058862 0.13861813630667977 0.75839024961424562 -0.13790653300204581 0.43434136504476717 -0.026683632284402847 -0.12368426591385064 0.46307525409952455 0.64822533925765013 -0.24954696196666123 -0.043400831709431993
leaf_weight=28 463 442 35 524 20 459 38 1257 92 194 61 27 107 29 580 83 21 22 418 525 441 156 429 22 24 328 115 356 263 157
leaf_count=28 463 442 35 524 20 459 38 1257 92 194 61 27 107 29 580 83 21 22 418 525 441 156 429 22 24 328 115 356 263 157
internal_value=2.06749e-10 -0.180004 0.474524 -0.31433 0.381554 -0.00408129 0.916193 -0.390129 0.848413 0.0729481 0.554007 0.802369 0.302292 0.351739 0.317008 0.101313 1.27232 0.515701 -0.213599 -0.481635 0.0833878 0.709408 -0.0769035 -0.044832 0.193807 -0.0590884 0.586845 0.624701 -0.177105 -0.143971
internal_weight=7716 5594 2122 3172 1753 2422 369 1810 310 1177 552 275 1201 738 609 983 59 129 1362 553 900 183 1245 816 46 770 491 376 838 575
internal_count=7716 5594 2122 3172 1753 2422 369 1810 310 1177 552 275 1201 738 609 983 59 129 1362 553 900 183 1245 816 46 770 491 376 838 575
is_linear=0
shrinkage=0.03


Tree=23
num_leaves=31
num_cat=0
split_feature=38 38 38 38 38 38 38 37 19 14 64 16 7 16 59 19 16 5 16 61 20 7 18 40 59 23 16 20 59 16
split_gain=689021 138277 91093 25050.7 23013.7 17594 9311.85 5398.67 5038.8 5008.97 4729.32 4520.2 4424.43 4393.79 4131.02 3907.22 3641.09 3646.42 3510.84 4192.01 3420 3201.33 3055.54 2999.29 2847 4745.61 2770.33 4210.23 2728.45 3868.4
threshold=54.350000000000001 28.950000000000003 92.750000000000014 74.350000000000009 39.050000000000004 17.350000000000005 121.50000000000001 147.15000000000001 10.981250000000001 1.0000000180025095e-35 59.725000000000009 15.850000000000003 13.805000000000001 13.750000000000002 26.224761904761909 9.4416666666666682 20.250000000000004 155.50000000000003 13.050000000000002 32.742857142857154 7638.5000000000009 10.235000000000001 6635.5000000000009 5.1750000000000007 43.192857142857143 388.11000000000007 19.550000000000004 23112.250000000004 57.538095238095245 14.450000000000001
decision_type=10 10 10 10 10 8 10 10 2 2 8 2 2 2 8 2 2 2 2 10 2 2 2 10 10 2 2 2 10 2
left_child=1 5 3 8 15 23 7 -4 26 28 -9 21 -8 -12 -7 24 17 -16 20 -20 -10 -6 -13 -1 -3 -26 27 -2 -5 -30
right_child=2 4 6 9 11 14 12 10 18 -11 13 22 -14 -15 16 -17 -18 -19 19 -21 -22 -23 -24 -25 25 -27 -28 -29 29 -31
leaf_value=-0.6319534174088508 0.42661388522053972 -0.059766062836608159 1.1738875064849854 0.37787866894850286 -0.014666300169413997 -0.3066786655286034 0.88468719482421876 0.34562313778059822 0.26516356819392284 0.28099667706939041 0.96638615580166087 -0.0027569242105135133 1.4272803158509104 0.71185786521258321 -0.19501925176230528 -0.14005777145792611 -0.30597553403592415 0.054385034807266724 0.26852764602257123 0.090639806780491383 0.5727352184057235 0.1565000878979273 0.23207228506300248 -0.4163494911597122 -0.066595785830702095 0.52219612457196818 0.25262424296909908 0.016684153974056242 0.70364505647131326 0.52093926502391696
leaf_weight=62 373 207 35 59 126 1087 21 21 101 61 102 844 38 152 354 1152 233 62 302 197 48 448 53 916 28 22 156 24 176 256
leaf_count=62 373 207 35 59 126 1087 21 21 101 61 102 844 38 152 354 1152 233 62 302 197 48 448 53 916 28 22 156 24 176 256
internal_value=-2.07542e-10 -0.174603 0.460288 0.370108 -0.0298116 -0.328251 0.888707 0.822961 0.293223 0.537387 0.778298 0.0531863 1.23415 0.81407 -0.27092 -0.116462 -0.211028 -0.157848 0.236457 0.198299 0.364247 0.118927 0.0111182 -0.430018 -0.0106924 0.192473 0.359741 0.401832 0.56924 0.595375
internal_weight=7716 5594 2122 1753 2880 2714 369 310 1201 552 275 1471 59 254 1736 1409 649 416 648 499 149 574 897 978 257 50 553 397 491 432
internal_count=7716 5594 2122 1753 2880 2714 369 310 1201 552 275 1471 59 254 1736 1409 649 416 648 499 149 574 897 978 257 50 553 397 491 432
is_linear=0
shrinkage=0.03


Tree=24
num_leaves=31
num_cat=0
split_feature=38 38 38 38 38 38 38 38 19 16 37 7 12 40 64 38 12 7 32 64 16 11 15 39 16 39 0 11 60 5
split_gain=649254 115710 98889 23532.7 17934.4 16562.7 12320.1 6373.41 4784.77 4671.56 4472.86 4162.94 3924.03 4006.51 3759.9 3699.35 3698.19 4008.71 3664.58 3632.99 3412.67 3255.53 3199.38 2899.91 2889.09 2908.93 2806.14 2608.82 2504.38 2405.34
threshold=48.95000000000001 78.850000000000009 28.950000000000003 97.65000000000002 60.250000000000007 17.550000000000004 38.45000000000001 121.50000000000001 10.727083333333335 15.850000000000003 147.15000000000001 13.805000000000001 7.5500000000000007 49.550000000000004 69.904172661870533 23.750000000000004 4.2500000000000009 26.675000000000004 137.50000000000003 50.211162790697678 20.750000000000004 83.500000000000014 985.35000000000002 8.1550000000000029 17.450000000000003 51.250000000000007 28.567144700000004 68.500000000000014 24.450000000000003 105.50000000000001
decision_type=10 10 10 10 10 8 10 10 2 2 10 2 2 10 8 8 2 2 10 10 2 2 2 10 2 10 2 2 10 2
left_child=2 4 5 8 20 23 12 10 16 18 -5 -9 13 27 -12 -7 -3 -18 22 -11 21 26 -6 -1 25 -8 -2 -4 -10 -21
right_child=1 3 6 7 9 15 24 11 28 19 14 -13 -14 -15 -16 -17 17 -19 -20 29 -22 -23 -24 -25 -26 -27 -28 -29 -30 -31
leaf_value=-0.51219104544983962 0.096393515119410078 0.87241871086450717 -0.04026620728373094 1.1629786440905403 0.30617917045354842 -0.30168388744061925 0.031614982044520956 0.85814660651343211 0.59031465280739981 0.11268965545509542 0.41072715827396938 1.3844619090933548 -0.18674314493667846 0.26765663135877071 0.83663986324550144 -0.21292724173097302 0.48643978954629696 0.7207890331454393 0.33278981574600741 0.26115036911913692 0.056203162344172594 -0.027724333736631603 0.58110715126432477 -0.38819838624186859 -0.033077639499965332 0.20319303456864771 0.25025819067243843 -0.14755892354687769 0.34546906018287549 0.39983782116323707
leaf_weight=216 138 52 430 34 50 931 483 21 61 84 21 38 473 29 167 774 141 123 186 235 208 54 160 793 533 109 470 388 98 216
leaf_count=216 138 52 430 34 50 931 483 21 61 84 21 38 473 29 167 774 141 123 186 235 208 54 160 793 533 109 470 388 98 216
internal_value=1.22208e-10 0.390886 -0.193738 0.70237 0.260135 -0.318404 -0.0553567 0.919986 0.573634 0.35165 0.846331 1.19713 -0.117526 -0.0788728 0.789065 -0.261392 0.641174 0.595625 0.42976 0.293834 0.162203 0.195508 0.515648 -0.414742 0.0175891 0.0632062 0.215335 -0.0911581 0.439404 0.327573
internal_weight=7716 2557 5159 756 1801 2714 2445 281 475 931 222 59 1320 847 188 1705 316 264 396 535 870 662 210 1009 1125 592 608 818 159 451
internal_count=7716 2557 5159 756 1801 2714 2445 281 475 931 222 59 1320 847 188 1705 316 264 396 535 870 662 210 1009 1125 592 608 818 159 451
is_linear=0
shrinkage=0.03


Tree=25
num_leaves=31
num_cat=0
split_feature=38 38 38 38 38 38 38 24 65 38 18 13 45 60 14 7 19 19 61 68 13 26 34 13 65 19 51 7 39 35
split_gain=611125 118366 83154.2 22141.9 20418.4 15452.9 10104.2 6151.28 7743.79 4831.04 4598.06 4528.41 4489.59 3995.62 3471.52 3135.17 3087.08 3083.85 3621.93 2947.68 2915.6 2805.75 2770.86 2731.58 2667.15 2530.41 3920.94 2952.66 2505.88 2358.24
threshold=47.050000000000004 78.850000000000009 25.550000000000004 97.65000000000002 60.250000000000007 34.750000000000007 15.450000000000001 1239.24 109.0138129496403 115.50000000000001 3291.5000000000005 156.50000000000003 7.7350000000000012 29.750000000000004 1.0000000180025095e-35 9.8600000000000012 10.887500000000001 17.547916666666669 91.700000000000017 22.500000000000004 291.50000000000006 1.5000000000000002 137.55000000000004 318.50000000000006 102.96785714285717 9.0229166666666689 512.86000000000013 43.770000000000003 7.5450000000000008 190.50000000000003
decision_type=10 10 10 10 10 10 8 2 10 10 2 2 10 10 2 2 2 2 8 2 2 2 10 2 10 2 2 2 10 10
left_child=2 4 6 10 16 25 22 8 -5 -10 -3 12 -6 -9 21 -7 29 18 -8 -14 -13 -12 28 -22 -17 26 -4 -28 -1 -2
right_child=1 3 5 7 11 15 17 13 9 -11 14 20 19 -15 -16 24 -18 -19 -20 -21 23 -23 -24 -25 -26 -27 27 -29 -30 -31
leaf_value=-0.53240259663907086 0.31968449755992379 0.27803377420641479 -0.14660375708416729 0.36608141442825054 -0.16599345227946408 -0.092259889804139211 -0.241196672912491 1.4479691791534424 0.78260742174331532 1.0936034073000369 0.28585583738658737 0.43218116792260436 0.21354158138395862 0.93150003841945095 0.22070466427640481 -0.0072717865586111492 0.10410643203748909 -0.31660599779310455 0.17127825415134429 0.46309588276914182 0.2620501518692519 0.62703117351881488 -0.13361573178192665 0.52329082156336582 0.16784262424050009 -0.17843041557903994 0.44116117238998415 -0.029423041338367123 -0.4017745239830775 0.16360764390390459
leaf_weight=173 124 48 119 29 23 395 456 26 129 69 23 409 178 28 22 990 610 1002 20 56 222 382 29 43 85 1124 21 28 560 293
leaf_count=173 124 48 119 29 23 395 456 26 129 69 23 409 178 28 22 990 610 1002 20 56 222 382 29 43 85 1124 21 28 560 293
internal_value=7.07052e-10 0.362458 -0.196663 0.681299 0.23935 -0.0865084 -0.332488 0.892386 0.823927 0.890985 0.556425 0.341101 0.233953 1.18017 0.587719 -0.0199831 0.147111 -0.286738 -0.223866 0.273264 0.381957 0.607656 -0.421226 0.30444 0.00657447 -0.162199 -0.053603 0.172256 -0.432605 0.210019
internal_weight=7716 2714 5002 756 1958 2762 2240 281 227 198 475 931 257 54 427 1470 1027 1478 476 234 674 405 762 265 1075 1292 168 49 733 417
internal_count=7716 2714 5002 756 1958 2762 2240 281 227 198 475 931 257 54 427 1470 1027 1478 476 234 674 405 762 265 1075 1292 168 49 733 417
is_linear=0
shrinkage=0.03


Tree=26
num_leaves=31
num_cat=0
split_feature=38 38 38 38 38 38 38 58 7 59 16 19 38 13 7 59 25 16 59 7 58 16 44 13 8 13 36 16 19 19
split_gain=575324 115651 76232.3 21467.8 14893.9 11889.3 10957.7 5371.62 4263.82 5941.5 4201.8 4186.86 4142.46 4058.52 3842.75 3798.58 3638.41 3480.72 3775.15 3202.43 2943.77 2721.09 2702.06 2594.06 2474.88 2438.1 2437.64 2386.14 2323.18 2879.2
threshold=54.350000000000001 32.050000000000004 86.250000000000014 20.350000000000005 68.250000000000014 41.532558139534892 121.50000000000001 84.750000000000014 26.675000000000004 61.807142857142857 22.200000000000006 11.104166666666668 10.950000000000001 290.50000000000006 13.805000000000001 32.121428571428574 1.5000000000000002 20.750000000000004 79.621428571428581 9.8600000000000012 74.65000000000002 14.750000000000002 10.850000000000003 180.50000000000003 19.150000000000002 317.50000000000006 266.50000000000006 19.050000000000004 9.1562500000000018 8.5520833333333339
decision_type=10 10 10 8 10 10 10 8 2 10 2 2 10 2 2 10 2 2 10 2 8 2 10 2 2 2 8 2 2 2
left_child=1 3 4 12 17 28 7 8 9 -4 19 13 -1 21 -8 27 -10 18 23 -7 -21 -6 -13 -2 -9 -24 -15 -5 29 -3
right_child=2 5 6 15 11 10 14 24 16 -11 -12 22 -14 26 -16 -17 -18 -19 -20 20 -22 -23 25 -25 -26 -27 -28 -29 -30 -31
leaf_value=-0.4508435257333564 0.17532986375676318 -0.043757004038001715 0.0025379387140274045 -0.20553027418004952 0.68169749893478504 -0.010531616072569574 0.80273888511317115 0.70395537437634026 0.43888127446174618 0.56545874302585919 -0.058146123632933325 0.008644064835139683 -0.33484091078135569 0.47417598344930784 1.3084085843437596 -0.13203006451512717 0.84501107654571528 0.12938931943215429 0.64921355677687598 0.10204572925661759 0.31324502791808201 0.48213677721364151 0.33476648284983729 0.29962872076669317 0.90963100925530538 0.65737602835116182 0.23583253932325807 -0.29062965006836311 -0.087942722083770644 0.19806482658547869
leaf_weight=379 226 178 20 881 97 217 21 110 27 108 206 21 1030 82 38 435 75 200 23 689 65 168 253 456 101 23 73 447 1008 59
leaf_count=379 226 178 20 881 97 217 21 110 27 108 206 21 1030 82 38 435 75 200 23 689 65 168 253 456 101 23 73 447 1008 59
internal_value=7.24925e-11 -0.159549 0.420601 -0.278743 0.320767 -0.00344435 0.744462 0.693092 0.592808 0.477502 0.0649167 0.422899 -0.366044 0.483862 1.12842 -0.208971 0.737506 0.239851 0.271187 0.0910248 0.120253 0.555184 0.336691 0.258439 0.802407 0.361651 0.361924 -0.234174 -0.0680716 0.0164434
internal_weight=7716 5594 2122 3172 1622 2422 500 441 230 128 1177 717 1409 420 59 1763 102 905 705 971 754 265 297 682 211 276 155 1328 1245 237
internal_count=7716 5594 2122 3172 1622 2422 500 441 230 128 1177 717 1409 420 59 1763 102 905 705 971 754 265 297 682 211 276 155 1328 1245 237
is_linear=0
shrinkage=0.03


Tree=27
num_leaves=31
num_cat=0
split_feature=38 38 38 38 38 38 40 38 19 42 16 9 7 20 59 59 16 59 16 58 63 59 20 59 16 20 22 32 39 37
split_gain=541764 105086 73878.1 25706.1 16271.3 12843 7194.36 5338.47 4670.32 4122.45 4106.68 3861.4 3615.64 3441.04 3508.86 3376.11 3545.05 3202.69 3299.07 3115.86 3952.04 2950.68 2859.05 2821.44 3257.69 5018.33 2683.73 2671.31 2633.19 2566.94
threshold=47.050000000000004 74.350000000000009 24.250000000000004 97.65000000000002 34.750000000000007 58.750000000000007 16.036666666666672 121.50000000000001 12.664583333333335 36.050000000000004 22.200000000000006 19.550000000000004 13.805000000000001 14344.000000000002 40.521428571428579 36.150000000000013 19.050000000000004 59.328571428571429 19.650000000000002 61.250000000000007 12.479999999999999 43.93571428571429 8787.2500000000018 26.507142857142863 19.850000000000005 12772.750000000002 46.000000000000007 86.15000000000002 76.050000000000011 220.50000000000003
decision_type=10 10 10 10 10 10 8 10 2 10 2 2 2 2 10 10 2 10 2 8 10 8 2 8 2 2 2 10 8 10
left_child=2 5 6 8 15 10 -1 9 17 29 19 -7 -9 14 -13 -4 -17 22 -19 -2 -21 -6 -3 -8 25 -25 -10 -11 -15 -5
right_child=1 3 4 7 21 11 23 12 26 27 -12 13 -14 28 -16 16 -18 18 -20 20 -22 -23 -24 24 -26 -27 -28 -29 -30 -31
leaf_value=-0.40162867451407025 0.12061007305859722 0.071008842198745065 -0.18380610249261009 1.0384651470702626 -0.049228231089459291 -0.019024623487676893 -0.30877353342880942 0.77865671252565727 0.11373953250321475 0.81427883080073771 -0.010072997327941128 -0.037593730879681451 1.2691563372862966 0.25007289391662502 0.35739862736367756 0.016208080861801179 -0.17682317847284404 0.61242543095892121 0.40822482411066691 0.60274747885190527 0.20747835422881314 0.040663649982269554 0.51558449029922482 -0.21089972308437738 -0.31574289482707779 0.15430170869285409 0.41841925766773336 0.38393506786402531 -0.026435722025732199 0.77518634242459761
leaf_weight=710 551 23 1158 46 974 35 986 21 33 21 158 21 38 223 560 178 165 341 90 26 183 496 30 147 144 44 123 34 36 121
leaf_count=710 551 23 1158 46 974 35 986 21 33 21 158 21 38 223 560 178 165 341 90 26 183 496 30 147 144 44 123 34 36 121
internal_value=-2.07718e-10 0.341269 -0.185167 0.601734 -0.0898409 0.207477 -0.324612 0.840926 0.496714 0.773516 0.12909 0.289717 1.09457 0.302581 0.343122 -0.159319 -0.0766495 0.542723 0.569785 0.158021 0.256651 -0.0188974 0.322655 -0.283218 -0.208 -0.12677 0.353968 0.548248 0.211639 0.847706
internal_weight=7716 2714 5002 921 2971 1793 2031 281 640 222 918 875 59 840 581 1501 343 484 431 760 209 1470 53 1321 335 191 156 55 259 167
internal_count=7716 2714 5002 921 2971 1793 2031 281 640 222 918 875 59 840 581 1501 343 484 431 760 209 1470 53 1321 335 191 156 55 259 167
is_linear=0
shrinkage=0.03


Tree=28
num_leaves=31
num_cat=0
split_feature=40 40 40 40 40 40 40 16 16 12 42 11 53 58 11 16 58 16 16 11 42 64 53 40 19 54 16 47 19 11
split_gain=480416 101947 62309.2 15594.2 14675.6 13722.4 10719 6064.68 5445.15 4371.06 4362.02 4330.51 4023.4 3843.16 3693.79 3524.54 5367.2 5397.49 3393.62 3389.05 3292.34 3215.14 3189.25 3108.39 2870.17 2763.6 3296.89 2754.48 2712.68 2473.41
threshold=53.850000000000009 30.583333333333346 86.116666666666674 19.266666666666676 67.65000000000002 40.983333333333327 109.80000000000004 20.750000000000004 22.950000000000006 7.0500000000000007 39.45000000000001 68.500000000000014 83247.10000000002 77.050000000000011 83.500000000000014 19.450000000000003 56.95000000000001 15.350000000000003 17.550000000000004 80.500000000000014 16.150000000000002 150.95000000000002 268468.00000000006 10.255000000000001 11.893750000000002 55.95000000000001 16.550000000000004 82.850000000000009 11.893750000000002 21.500000000000004
decision_type=10 10 10 8 10 10 10 2 2 2 8 2 2 10 2 2 8 2 2 2 10 10 2 10 2 10 2 10 2 2
left_child=1 3 4 23 7 9 13 14 12 11 -10 -3 27 20 -2 16 -5 -18 19 21 -4 -7 -20 -1 -14 -8 -27 -6 -22 -9
right_child=2 5 6 15 8 18 25 29 10 -11 -12 -13 24 -15 -16 -17 17 -19 22 -21 28 -23 -24 -25 -26 26 -28 -29 -30 -31
leaf_value=-0.44316104099314696 0.2786701664466037 0.028821879798990695 0.11830129194259643 -0.19775604173824987 0.0087613740993233834 0.11575806559341681 1.2704957141876219 0.37656904146723125 0.30685100388615877 -0.13935606795433564 -0.15750536098480225 -0.11040736346346038 0.52559308020268924 0.67508314621210097 0.036888236654021085 -0.27466805341543193 -0.17998154408401912 0.43175840477943417 -0.022344980900503554 -0.044206943946151898 0.62023935865472857 0.41654897467616725 0.20451787481705347 -0.32836796656862921 0.37434454198926687 1.0141614178816476 0.61301323739545688 0.35013446380885743 0.25106554083202198 0.048395780173732958
leaf_weight=279 687 457 20 1104 26 539 20 23 67 595 25 359 303 250 62 574 27 25 486 116 81 34 63 888 180 54 28 117 23 204
leaf_count=279 687 457 20 1104 26 539 20 23 67 595 25 359 303 250 62 574 27 25 486 116 81 34 63 888 180 54 28 117 23 204
internal_value=2.69574e-10 -0.148072 0.378437 -0.271067 0.293223 -0.013563 0.681701 0.217487 0.396172 -0.0775206 0.180667 -0.0324322 0.427844 0.607355 0.258656 -0.2139 -0.183727 0.114124 0.0593322 0.103669 0.470806 0.133606 0.00368846 -0.355812 0.469227 0.954304 0.877184 0.288067 0.538595 0.0816468
internal_weight=7716 5546 2170 2897 1694 2649 476 976 718 1411 92 816 626 374 749 1730 1156 52 1238 689 124 573 549 1167 483 102 82 143 104 227
internal_count=7716 5546 2170 2897 1694 2649 476 976 718 1411 92 816 626 374 749 1730 1156 52 1238 689 124 573 549 1167 483 102 82 143 104 227
is_linear=0
shrinkage=0.03


Tree=29
num_leaves=31
num_cat=0
split_feature=38 38 38 38 38 38 38 24 65 16 1 18 38 64 12 12 19 11 59 16 59 51 49 19 6 33 18 40 8 12
split_gain=481712 83795.5 76262.4 17726.6 12531.8 12154.4 9806.14 5691.5 6738.01 4219.1 4190.57 4080.9 3989.2 3784.01 3479.23 3407.16 3273.75 3272.37 3186.4 3281.99 3154.49 3067.63 2844.17 2752.38 2713.64 2532.48 2470.99 2376.77 2129.16 2069.45
threshold=51.350000000000001 28.950000000000003 78.850000000000009 97.65000000000002 17.350000000000005 39.050000000000004 60.750000000000007 1239.24 109.0138129496403 15.850000000000003 77.288048550000013 3291.5000000000005 115.50000000000001 49.860000000000007 4.2500000000000009 9.0500000000000025 9.4416666666666682 55.500000000000007 23.950000000000006 21.350000000000005 49.350000000000001 631.12500000000011 82.823333333333352 18.137500000000006 512.86000000000013 80.350000000000009 6580.5000000000009 5.1750000000000007 25.250000000000004 4.7500000000000009
decision_type=10 10 10 10 8 10 10 2 10 2 2 2 10 10 2 2 2 2 8 2 10 2 10 2 2 8 2 10 2 2
left_child=1 4 6 11 26 16 20 8 -5 17 -9 -4 -10 -11 -13 23 22 -8 -6 -20 29 -16 24 25 -3 -7 27 -1 -19 -2
right_child=2 5 3 7 18 15 9 10 12 13 -12 14 -14 -15 21 -17 -18 28 19 -21 -22 -23 -24 -25 -26 -27 -28 -29 -30 -31
leaf_value=-0.54847563579434255 0.23975614712635673 -0.12018827595561743 0.23133125998079776 0.30127321442332244 -0.2671310941845525 0.1563386268436317 0.49009947658777236 0.85189561598002905 0.69242078614789382 0.058376149470104444 1.3897544912858442 0.69741854403212833 0.97502428199933922 0.28387344826893368 0.42285641836849125 -0.081896890289707105 -0.11887171502429433 0.347910766011849 -0.14904069659623503 -0.27747030481963281 0.19766117985878146 0.61900906410287415 0.30356641273498536 -0.023760453694578954 0.087823645565466776 0.041520821808746243 -0.030352201581001277 -0.35495106624345912 0.091120589480680567 0.010536374167098612
leaf_weight=61 45 135 48 29 860 277 150 32 129 79 22 83 69 440 242 199 1152 200 625 251 491 102 25 295 97 460 20 897 34 167
leaf_count=61 45 135 48 29 860 277 150 32 129 79 22 83 69 440 242 199 1152 200 625 251 491 102 25 295 97 460 20 897 34 167
internal_value=9.6269e-11 -0.157442 0.356877 0.605332 -0.274496 -0.0371057 0.23992 0.794203 0.728352 0.305328 1.07102 0.4936 0.790904 0.249549 0.523082 0.0317616 -0.0972729 0.380717 -0.226111 -0.18584 0.155904 0.481018 -0.000456667 0.0536783 -0.0332178 0.0846749 -0.360384 -0.367274 0.310599 0.0591915
internal_weight=7716 5354 2362 756 2714 2640 1606 281 227 903 54 475 198 519 427 1231 1409 384 1736 876 703 344 257 1032 232 737 978 958 234 212
internal_count=7716 5354 2362 756 2714 2640 1606 281 227 903 54 475 198 519 427 1231 1409 384 1736 876 703 344 257 1032 232 737 978 958 234 212
is_linear=0
shrinkage=0.03


Tree=30
num_leaves=31
num_cat=0
split_feature=38 38 38 38 38 38 38 24 65 39 16 1 38 16 16 13 18 20 44 59 16 19 58 64 7 16 39 19 16 19
split_gain=453644 88215.3 62127 21637.9 13585.5 10664.3 6038.57 5355.13 6339.8 4161.83 4419.06 3942.91 3753.44 3622.6 3545.67 3415.42 4065.55 3973.84 3278.55 2892.8 3200.89 2818.66 2739.65 2846.47 2626.55 2585.88 2745.43 2569.53 4205.73 2250.83
threshold=47.050000000000004 74.350000000000009 24.250000000000004 97.65000000000002 34.750000000000007 58.750000000000007 13.350000000000003 1239.24 109.0138129496403 54.350000000000001 21.150000000000002 77.288048550000013 115.50000000000001 22.200000000000006 25.450000000000003 160.50000000000003 4116.0000000000009 20039.500000000004 26.350000000000005 36.150000000000013 19.050000000000004 13.525000000000002 61.250000000000007 82.350000000000009 9.8600000000000012 19.450000000000003 48.350000000000001 9.3500000000000032 17.450000000000003 17.818750000000005
decision_type=10 10 10 10 10 10 8 2 10 10 2 2 10 2 2 2 2 2 10 10 2 2 8 10 2 2 10 2 2 2
left_child=2 5 6 9 19 13 27 8 -5 -3 21 -9 -10 22 15 17 -17 -7 -16 -4 -21 -11 -2 -24 -6 26 -26 28 -1 -8
right_child=1 3 4 7 24 14 29 11 12 10 -12 -13 -14 -15 18 16 -18 -19 -20 20 -22 -23 23 -25 25 -27 -28 -29 -30 -31
leaf_value=0.1210199691420016 0.11036468953413114 0.13159863723551524 -0.16817568612015937 0.29223501541491209 -0.083353768347962931 0.24196565190665809 -0.21059896618864782 0.82633873879909514 0.67164816399906258 0.54154567816703447 0.29261558401234011 1.3480618793314154 0.94577355301898458 -0.012431804387111074 0.22949296689033508 0.20931721733680159 0.37506366065762875 -0.082106560489961067 -0.22032183086872101 0.019249697590215404 -0.16417232392863795 0.35381711279523781 0.4654981195628643 0.1840654851613048 0.011031445765012146 -0.060428903107881279 0.1596444934177334 -0.40204712309652851 -0.43589560472048244 -0.29055979179006164
leaf_weight=23 551 34 1158 29 395 180 460 32 129 417 102 22 69 158 35 202 391 42 25 178 165 87 40 169 591 346 138 504 26 1018
leaf_count=23 551 34 1158 29 395 180 460 32 129 417 102 22 69 158 35 202 391 42 25 178 165 87 40 169 591 346 138 504 26 1018
internal_value=-1.1692e-10 0.312284 -0.16944 0.550927 -0.0820236 0.189702 -0.297315 0.770377 0.706501 0.454575 0.472695 1.03889 0.767177 0.118272 0.264642 0.281027 0.318604 0.180655 0.0420701 -0.145509 -0.0689854 0.50914 0.145445 0.237928 -0.0171991 0.00710895 0.039164 -0.381884 -0.174486 -0.265673
internal_weight=7716 2714 5002 921 2971 1793 2031 281 227 640 606 54 198 918 875 815 593 222 60 1501 343 504 760 209 1470 1075 729 553 49 1478
internal_count=7716 2714 5002 921 2971 1793 2031 281 227 640 606 54 198 918 875 815 593 222 60 1501 343 504 760 209 1470 1075 729 553 49 1478
is_linear=0
shrinkage=0.03


Tree=31
num_leaves=31
num_cat=0
split_feature=38 38 38 38 38 38 38 42 12 58 39 5 12 16 7 7 13 38 58 36 13 7 16 39 12 12 10 45 12 65
split_gain=426963 85919.9 57566.5 16225.8 15389 8848.87 5878.78 4306.61 3978.61 3748.13 3703.73 3241.4 3437.46 3213.92 3189.66 3043.69 3022.32 2978.18 2931.32 2893.96 2644.47 2634.36 2471.19 2235.43 2232.75 2152.99 3716.55 2041.56 2034.98 2537.2
threshold=54.350000000000001 32.050000000000004 92.750000000000014 19.850000000000005 74.350000000000009 41.532558139534892 121.50000000000001 34.550000000000004 8.8500000000000032 72.850000000000009 54.350000000000001 102.50000000000001 7.6500000000000012 14.450000000000001 13.805000000000001 12.540000000000001 307.50000000000006 10.950000000000001 73.250000000000014 511.50000000000006 164.50000000000003 14.565000000000003 19.150000000000002 32.550000000000004 3.6500000000000008 6.0500000000000007 20.150000000000002 82.800000000000026 7.5500000000000007 97.262857142857158
decision_type=10 10 10 8 10 10 10 10 2 10 10 2 2 2 2 2 2 10 8 10 2 2 2 8 2 2 2 10 2 10
left_child=1 3 4 17 9 28 7 16 18 19 -6 -11 -13 -12 -8 -5 -4 25 24 20 -2 -9 23 -17 -7 26 -1 -15 29 -3
right_child=2 5 6 15 10 8 14 21 -10 11 13 12 -14 27 -16 22 -18 -19 -20 -21 -22 -23 -24 -25 -26 -27 -28 -29 -30 -31
leaf_value=0.090066454432904716 0.11786370579719908 -0.043769591192164545 0.68626422087045813 -0.22301140174695419 0.10318153287614545 0.22389330620635045 0.68066347122192383 0.23659151081519667 -0.068077126225053339 0.22926359414713907 0.5347252468497895 0.57027222253986309 0.2618133686585673 0.41503523828517369 1.1413630410244588 -0.1405263549514911 1.0571949356252497 -0.29158871487898663 0.25117596246750962 0.54951581290790008 0.22822292485931733 0.58465993086191326 -0.21185479136804741 -0.0036266546265432869 0.050812842512138391 -0.4372913816135921 -0.36115661475645461 0.20963129641344916 -0.1115470681339665 0.18559143660509067
leaf_weight=20 286 770 195 872 31 73 21 28 194 145 201 74 58 268 38 496 22 955 83 21 617 65 333 137 827 267 92 52 429 46
leaf_count=20 286 770 195 872 31 73 21 28 194 145 201 74 58 268 38 496 22 955 83 21 617 65 333 137 827 267 92 52 429 46
internal_value=-8.01143e-11 -0.137446 0.362334 -0.240183 0.290644 -0.00289513 0.702908 0.650669 0.0560808 0.230384 0.421755 0.327179 0.434737 0.44071 0.977385 -0.182378 0.72387 -0.319827 0.080584 0.201366 0.19327 0.479865 -0.145699 -0.110897 0.0648516 -0.390981 -0.280581 0.381657 -0.0586499 -0.0308399
internal_weight=7716 5594 2122 3172 1753 2422 369 310 1177 1201 552 277 132 521 59 1838 217 1334 983 924 903 93 966 633 900 379 112 320 1245 816
internal_count=7716 5594 2122 3172 1753 2422 369 310 1177 1201 552 277 132 521 59 1838 217 1334 983 924 903 93 966 633 900 379 112 320 1245 816
is_linear=0
shrinkage=0.03


Tree=32
num_leaves=31
num_cat=0
split_feature=40 40 40 40 40 40 40 12 19 18 12 18 58 47 13 60 0 7 42 58 0 47 40 6 28 12 23 13 17 40
split_gain=377652 80370.3 48945.9 12430.5 11708.9 10875.9 8578.43 4893.91 4352.66 4043.69 4605.57 3647.56 3490.11 3477.08 3476.24 3408.58 3271.4 3052.96 2994.43 2990.19 2974.58 3350.93 3216.85 2972.8 3646.05 3211.16 2812.03 2668.73 2621.99 2547.44
threshold=53.850000000000009 30.583333333333346 86.116666666666674 19.266666666666676 67.65000000000002 40.983333333333327 109.80000000000004 9.0500000000000025 10.035416666666668 6719.5000000000009 6.0500000000000007 3303.0000000000005 77.050000000000011 176.80000000000004 167.50000000000003 32.45000000000001 28.567144700000004 12.345000000000001 16.150000000000002 57.95000000000001 28.567144700000004 96.77500000000002 47.399999999999999 512.86000000000013 123.66666666666667 5.5500000000000007 393.00500000000005 291.50000000000006 1357.5000000000002 10.255000000000001
decision_type=10 10 10 8 10 10 10 2 2 2 2 2 10 10 2 10 2 2 10 8 2 10 10 2 2 2 2 2 2 10
left_child=1 3 4 29 7 9 12 14 23 10 -3 -10 18 -13 16 26 -2 -5 -4 -19 -7 -22 -23 25 -25 -6 -8 -16 -21 -1
right_child=2 5 6 17 8 20 15 -9 11 -11 -12 13 -14 -15 27 -17 -18 19 -20 28 21 22 -24 24 -26 -27 -28 -29 -30 -31
leaf_value=-0.39522729703095005 -0.14734196231645694 -0.012844191564905228 0.071500041559338562 -0.22958067560838416 0.54003695668918739 -0.026221888136171531 0.78975530646568126 0.033460891985938553 0.11375500823869261 0.35474759137630457 -0.12291547646862454 0.29972881155700742 0.60234626626968379 0.62063715661273278 0.31694938917562226 0.55168091599757851 0.16985849135262623 -0.16591933360312017 0.47232740883357249 -0.18574645039521986 0.058281074172464149 0.48606498934328557 0.13428132226112588 0.86763190555572511 0.46757914069059647 0.26379572806641077 1.15792428038337 0.18764528134410435 0.19686877092719077 -0.29130715872488311
leaf_weight=279 34 607 20 859 56 317 43 148 86 20 784 286 250 34 329 26 210 804 104 27 802 32 87 25 114 117 33 255 40 888
leaf_count=279 34 607 20 859 56 317 43 148 86 20 784 286 250 34 329 26 210 804 104 27 802 32 87 25 114 117 33 255 40 888
internal_value=-8.94841e-12 -0.131284 0.33553 -0.24049 0.260004 -0.0118541 0.604314 0.192355 0.351961 -0.0687932 -0.0748829 0.287209 0.537804 0.333825 0.220757 0.848183 0.125658 -0.18945 0.407678 -0.149873 0.0530417 0.0803235 0.228879 0.436221 0.539531 0.353215 0.949618 0.26049 0.0426805 -0.316152
internal_weight=7716 5546 2170 2897 1694 2649 476 976 718 1411 1391 406 374 320 828 102 244 1730 124 871 1238 921 119 312 139 173 76 584 67 1167
internal_count=7716 5546 2170 2897 1694 2649 476 976 718 1411 1391 406 374 320 828 102 244 1730 124 871 1238 921 119 312 139 173 76 584 67 1167
is_linear=0
shrinkage=0.03


Tree=33
num_leaves=31
num_cat=0
split_feature=38 38 38 38 38 38 38 7 64 7 58 16 38 58 16 19 11 0 59 16 58 34 55 53 61 13 23 41 18 44
split_gain=379869 73893.6 52412.4 14125.5 12857.9 11247.4 5095.76 4370.7 6204.44 3742.87 3875.22 3656.03 3549.25 3459.72 3152.83 2841.04 2705.84 2721.15 2452.58 2847.98 2452.36 2393.97 2385.39 2382.47 3434.86 2291.85 2238.27 2218.6 2190.53 2166.91
threshold=47.050000000000004 78.850000000000009 24.250000000000004 97.65000000000002 60.250000000000007 34.750000000000007 15.450000000000001 68.40000000000002 75.945000000000007 14.065000000000003 84.750000000000014 25.450000000000003 108.50000000000001 70.850000000000009 22.200000000000006 11.893750000000002 83.500000000000014 28.567144700000004 36.150000000000013 19.050000000000004 74.15000000000002 137.55000000000004 224.85000000000005 268468.00000000006 34.550000000000011 164.50000000000003 12260.245000000001 46.150000000000013 3964.5000000000005 23.648848920863315
decision_type=10 10 10 10 10 10 8 2 10 2 8 2 10 10 2 2 2 2 10 2 10 10 10 2 10 2 2 10 2 10
left_child=2 4 6 9 14 18 21 8 -5 10 -3 13 -10 25 16 -11 17 -2 -4 27 26 -1 -15 24 -16 -6 -7 -20 -17 -13
right_child=1 3 5 7 11 20 -8 -9 12 15 -12 29 -14 22 23 28 -18 -19 19 -21 -22 -23 -24 -25 -26 -27 -28 -29 -30 -31
leaf_value=-0.34440370633242728 0.052210670141034948 0.17839065035962196 -0.15339510226467806 0.27855986215174194 0.15042635960504414 -0.029348005624306041 -0.23568107708927516 1.084897093784809 0.59215702784657476 0.53662192272690101 0.53488241350868848 0.23707530302926896 0.83237335115911493 0.40179065638757122 0.12965865969657897 0.10817243119845023 -0.043695156674887707 0.18538895326401322 -0.040441614668186111 -0.15184970374947243 0.16153866510226655 -0.06649163295482767 0.12303359529303928 0.27150535683631899 -0.16128718729898495 0.28198865989722854 0.25707782900333404 0.20324916069706281 0.43784468260407444 -0.10221347081164518
leaf_weight=733 179 83 1158 32 168 1378 1269 25 100 265 41 32 124 254 61 26 67 604 133 165 67 29 31 25 91 410 25 45 60 36
leaf_count=733 179 83 1158 32 168 1378 1269 25 100 265 41 32 124 254 61 26 67 604 133 165 67 29 31 25 91 410 25 45 60 36
internal_value=2.17907e-10 0.285765 -0.155051 0.537686 0.188496 -0.0747596 -0.272504 0.706286 0.669312 0.437946 0.296263 0.26924 0.725134 0.285928 0.1153 0.488 0.139286 0.154943 -0.132524 -0.0620633 -0.0157765 -0.333827 0.37147 0.000111176 -0.044526 0.243749 -0.0242442 0.0211656 0.338176 0.0574518
internal_weight=7716 2714 5002 756 1958 2971 2031 281 256 475 124 931 224 863 1027 351 850 783 1501 343 1470 762 285 177 152 578 1403 178 86 68
internal_count=7716 2714 5002 756 1958 2971 2031 281 256 475 124 931 224 863 1027 351 850 783 1501 343 1470 762 285 177 152 578 1403 178 86 68
is_linear=0
shrinkage=0.03


Tree=34
num_leaves=31
num_cat=0
split_feature=38 38 38 38 38 38 38 39 42 20 11 12 17 54 64 19 13 19 49 6 19 36 54 7 18 19 61 53 49 12
split_gain=357565 72030.2 48489.9 12856.7 11946 9453.05 5162.39 4219.36 3898.2 3622.9 3868.61 3332.58 3082.55 3058.08 2955.74 2935.88 2767.27 2691.2 2513.65 2551.29 2456.46 2444.05 2442.43 2489.87 2268.86 2253.46 2311.08 1969.86 1942.46 1922.91
threshold=54.350000000000001 28.950000000000003 92.750000000000014 69.65000000000002 39.050000000000004 17.350000000000005 121.50000000000001 52.650000000000013 34.550000000000004 9922.7500000000018 68.500000000000014 9.0500000000000025 2147.5000000000005 64.15000000000002 36.205000000000005 9.4416666666666682 307.50000000000006 17.725000000000005 82.823333333333352 512.86000000000013 10.981250000000001 215.50000000000003 68.250000000000014 14.565000000000003 6580.5000000000009 17.818750000000005 85.578571428571436 64959.950000000004 6.9833333333333298 5.3500000000000005
decision_type=10 10 10 10 10 8 10 10 10 2 2 2 2 8 8 2 2 2 10 2 2 8 10 2 2 2 8 2 8 2
left_child=1 5 3 14 15 24 8 -5 16 10 -9 17 -11 -8 -2 18 29 21 19 -3 27 -6 -10 -24 28 26 -7 -16 -1 -4
right_child=2 4 6 7 11 25 13 9 22 12 -12 -13 -14 -15 20 -17 -18 -19 -20 -21 -22 -23 23 -25 -26 -27 -28 -29 -30 -31
leaf_value=-0.56406551190785004 -0.055547698307328107 -0.10715077334559625 0.73945222050678439 0.088083154200291142 0.14018003665344861 -0.16041663360163169 1.1919030870710099 0.49631809567973167 0.14802604954157558 0.18337579750251479 0.28791066520780856 -0.06583171093367754 0.37334532215355376 0.74080561562588332 0.040577431540278826 -0.10416129323521091 0.98379697566682645 -0.010093949230930866 0.29378906922340392 0.094542888592659802 0.16170059655800964 0.039537339915026615 0.24976897484876895 0.6327522070169449 0.0049755735397338866 -0.22012711647657615 0.13984222531318666 0.27892327816759871 -0.31045944348569476 0.54861123118780353
leaf_weight=28 41 135 82 49 409 596 21 282 21 123 112 232 205 38 34 1152 22 367 25 97 527 463 22 50 20 1116 24 380 930 113
leaf_count=28 41 135 82 49 409 596 21 282 21 123 112 232 205 38 34 1152 22 367 25 97 527 463 22 50 20 1116 24 380 930 113
internal_value=4.28846e-10 -0.125781 0.331582 0.265787 -0.0212784 -0.236675 0.644155 0.357477 0.595202 0.37576 0.437075 0.0385194 0.302107 0.901366 0.193798 -0.0837074 0.664846 0.0580589 0.00797678 -0.022822 0.204662 0.0867425 0.4327 0.51573 -0.31127 -0.194651 -0.148794 0.259349 -0.317872 0.628862
internal_weight=7716 5594 2122 1753 2880 2714 369 771 310 722 394 1471 328 59 982 1409 217 1239 257 232 941 872 93 72 978 1736 620 414 958 195
internal_count=7716 5594 2122 1753 2880 2714 369 771 310 722 394 1471 328 59 982 1409 217 1239 257 232 941 872 93 72 978 1736 620 414 958 195
is_linear=0
shrinkage=0.03


Tree=35
num_leaves=31
num_cat=0
split_feature=40 40 40 40 40 40 19 16 40 12 18 12 9 11 0 19 11 16 33 51 0 56 55 32 40 37 37 13 10 30
split_gain=315629 67130.5 40827 12958.5 10526 9144.85 5204.79 4554.06 4523.36 3872.21 3823.36 4602.38 3818.17 3706.61 3166.94 3225.3 3147.69 3006.4 2949.3 2917.75 2743.99 2521.28 2431.03 2393.42 2322.32 2621.12 2091.7 2274.23 2084.46 2041.36
threshold=53.850000000000009 30.583333333333346 91.9166666666667 67.65000000000002 19.266666666666676 42.483333333333341 9.9812500000000011 20.750000000000004 114.05000000000001 4.9500000000000011 6641.5000000000009 6.4500000000000011 19.450000000000003 68.500000000000014 28.567144700000004 15.275000000000002 83.500000000000014 19.450000000000003 78.450000000000017 565.55500000000018 28.643240000000002 1.0000000180025095e-35 149.43571428571428 68.450000000000017 5.1750000000000007 245.16666666666671 152.1166666666667 115.00000000000001 21.350000000000005 439.09166666666675
decision_type=10 10 10 10 8 10 2 2 10 2 2 2 2 2 2 2 2 2 8 2 2 10 10 10 10 10 10 2 2 2
left_child=1 4 3 7 24 10 9 16 -4 22 11 13 -8 -3 -7 18 28 21 -16 -11 -14 -6 -5 -10 -1 -26 -9 -28 -2 -23
right_child=2 5 8 6 17 14 12 26 23 19 -12 -13 20 -15 15 -17 -18 -19 -20 -21 -22 29 -24 -25 25 -27 27 -29 -30 -31
leaf_value=-0.46811347730698122 0.26538244507434672 0.041997904634660951 0.55091380088493747 0.79531300111250447 0.109521055545877 -0.032120413499122313 -0.099758863039314749 0.24163059214254221 0.53219357228279107 0.29466621614757332 0.21045811529806319 -0.11792907937896131 0.21404055178316461 -0.087859780692202696 0.24974209397928471 0.012569575651473696 0.007157721427539664 -0.22898286415293623 0.087640084460679751 0.48937753326028854 0.36303282065375503 -0.17904908035404338 0.47070383302867413 0.91451489382556506 -0.28790615159857902 -0.027647071946412322 -0.14383710594847798 0.084818601354360576 0.15239818817503015 -0.090549529219258143
leaf_weight=62 474 455 261 33 34 264 24 45 20 190 47 745 222 350 145 310 62 574 333 109 223 788 56 56 1069 36 57 125 213 334
leaf_count=62 474 455 261 33 34 264 24 45 20 190 47 745 222 350 145 310 62 574 333 109 223 788 56 56 1069 36 57 125 213 334
internal_value=-2.03319e-12 -0.12002 0.306742 0.250947 -0.219826 -0.0108698 0.336071 0.176202 0.610223 0.417354 -0.0561099 -0.0641929 0.268825 -0.014462 0.0578075 0.0879357 0.211877 -0.172859 0.136813 0.365648 0.288704 -0.144992 0.591065 0.813904 -0.289452 -0.279427 0.0584889 0.0132066 0.230352 -0.152704
internal_weight=7716 5546 2170 1833 2897 2649 857 976 337 388 1597 1550 469 805 1052 788 749 1730 478 299 445 1156 89 76 1167 1105 227 182 687 1122
internal_count=7716 5546 2170 1833 2897 2649 857 976 337 388 1597 1550 469 805 1052 788 749 1730 478 299 445 1156 89 76 1167 1105 227 182 687 1122
is_linear=0
shrinkage=0.03


Tree=36
num_leaves=31
num_cat=0
split_feature=40 40 40 40 40 40 40 16 16 16 18 11 5 47 11 18 60 65 64 42 12 16 58 16 58 16 39 11 49 40
split_gain=296975 63163.1 38421.2 11523.2 9903.96 8742.59 4871.43 4837.96 4356.7 4156.43 3841.53 3698.63 3438.09 4368.95 3415.42 3235.49 3075.94 3271.07 3004.17 2907.51 2861.57 2828.73 4417.88 4819.84 2766.09 2742.02 2437.83 2239.66 2538.3 2185.07
threshold=53.850000000000009 30.583333333333346 90.9166666666667 67.65000000000002 19.266666666666676 38.283333333333339 109.80000000000004 21.150000000000002 17.650000000000002 15.850000000000003 6648.0000000000009 61.500000000000007 96.500000000000014 81.65000000000002 83.500000000000014 6719.5000000000009 32.45000000000001 153.16071428571431 147.15000000000003 41.250000000000007 7.0500000000000007 19.450000000000003 56.95000000000001 15.350000000000003 72.250000000000014 25.450000000000003 69.65000000000002 68.500000000000014 40.521666666666682 5.1750000000000007
decision_type=10 10 10 10 8 10 10 2 2 2 2 2 2 8 2 2 10 10 8 8 2 2 8 2 10 2 8 2 8 10
left_child=1 4 3 8 29 25 -4 12 14 11 26 18 13 -5 20 -11 17 -8 -7 -9 -2 22 -6 -24 -14 27 -10 28 -3 -1
right_child=2 5 6 7 21 9 16 19 10 15 -12 -13 24 -15 -16 -17 -18 -19 -20 -21 -22 -23 23 -25 -26 -27 -28 -29 -30 -31
leaf_value=-0.4540700748658949 0.23531729080760069 0.13522146676294505 0.51000370090791936 0.0071636661683971235 -0.15337020790115827 0.14846302253267402 1.1691188539777484 0.25809983068988435 0.10594701988844793 -0.013806106245944194 0.50409580251574515 0.024986021553150942 0.34670338120859334 0.33224888889528653 -0.00042593902597824735 0.28415352903635188 0.47258131845639301 0.72898757048086682 0.52966383826732633 -0.016279023508541286 0.58524878305467687 -0.22211337794543273 -0.14833577559226088 0.42974350662231442 0.51162831033882961 -0.22052198307131821 -0.1179146356344223 -0.11303804373507757 -0.046958914120468119 -0.27104430763187448
leaf_weight=62 478 80 263 44 1104 267 21 126 352 929 20 305 204 241 54 34 26 55 20 48 22 574 27 25 166 106 50 415 493 1105
leaf_count=62 478 80 263 44 1104 267 21 126 352 929 20 305 204 241 54 34 26 55 20 48 22 574 27 25 166 106 50 415 493 1105
internal_value=2.24267e-10 -0.116419 0.29754 0.240774 -0.213231 -0.0105437 0.578257 0.323021 0.170916 0.0351698 0.0982927 0.0977257 0.360374 0.28206 0.226235 -0.00328624 0.754244 0.850603 0.175028 0.182409 0.250714 -0.167674 -0.140642 0.129587 0.420697 -0.0755202 0.0781035 -0.0599634 -0.0215236 -0.280768
internal_weight=7716 5546 2170 1805 2897 2649 365 829 976 1555 422 592 655 285 554 963 102 76 287 174 500 1730 1156 52 370 1094 402 988 573 1167
internal_count=7716 5546 2170 1805 2897 2649 365 829 976 1555 422 592 655 285 554 963 102 76 287 174 500 1730 1156 52 370 1094 402 988 573 1167
is_linear=0
shrinkage=0.03


Tree=37
num_leaves=31
num_cat=0
split_feature=59 59 59 59 47 16 53 30 12 63 16 19 28 18 47 47 16 14 59 35 0 19 60 12 20 47 32 39 8 12
split_gain=274705 47032.6 40745.6 11616.5 7878.69 7729.95 7523.95 7097.82 5794.15 4840.77 4581.46 4373.9 4372.75 4332.58 4581.11 4306.66 4400.69 4204.21 4150.9 3790.04 3516.84 2946.82 2858.13 2806.66 2623.81 2595.16 2588.38 2581.34 2423.42 2377.39
threshold=46.557142857142864 77.892857142857153 26.050000000000004 61.807142857142857 155.10820143884897 19.450000000000003 268468.00000000006 439.09166666666675 8.6500000000000004 67.792857142857159 26.500000000000004 10.887500000000001 776.33333333333348 4091.5000000000005 125.53773381294965 82.850000000000009 14.550000000000002 1.0000000180025095e-35 13.86292358803987 180.50000000000003 28.643240000000002 17.725000000000005 41.250000000000007 5.3500000000000005 11103.250000000002 61.110000000000007 28.950000000000003 35.350000000000001 13.600000000000003 9.6500000000000004
decision_type=10 10 10 10 10 2 2 2 2 10 2 2 2 2 8 10 2 2 8 10 2 2 8 2 2 10 10 10 2 2
left_child=2 3 12 10 11 7 -7 27 17 -6 13 19 18 28 -15 26 -17 -5 -1 -3 -10 -13 -14 -11 -21 -19 -9 -4 -2 -20
right_child=1 4 5 8 9 6 -8 15 20 23 -12 21 22 14 -16 16 -18 25 29 24 -22 -23 -24 -25 -26 -27 -28 -29 -30 -31
leaf_value=-0.32084570226828674 -0.13637440035217688 0.74165405670801798 -0.10928466526505586 0.32840403937245272 0.77250506671292052 -0.15719805825610819 0.13011990855519587 0.33704140207984234 -0.030453712428609527 0.62625661105304564 -0.099206234120958761 0.19434349934171352 0.31877247310110496 0.13803418725010191 0.34413960855421238 0.066050510508449456 0.42421146898888623 -0.17430097702145575 -0.20091872232285693 0.46369241879781686 0.23550099922281301 0.56361151919902663 -0.17618456346648079 0.37404665527547276 0.20542565357188383 0.1966923996686403 0.0048886032247117588 -0.019443738921147296 0.075897177183112813 -0.29657723019232174
leaf_weight=432 57 36 619 569 89 832 91 22 90 77 86 126 21 688 113 76 52 20 1418 166 89 23 21 82 45 112 525 538 321 280
leaf_count=432 57 36 619 569 89 832 91 22 90 77 86 126 21 688 113 76 52 20 1418 166 89 23 21 82 45 112 525 538 321 280
internal_value=1.50869e-11 0.237917 -0.134676 0.170414 0.462754 -0.0580746 -0.128871 -0.0224059 0.254118 0.595349 0.112184 0.379715 -0.231839 0.127604 0.16711 0.0549041 0.211553 0.293018 -0.237817 0.457152 0.101781 0.251345 0.071294 0.496186 0.408612 0.140481 0.0182476 -0.067509 0.043888 -0.216693
internal_weight=7716 2789 4927 2145 644 2755 923 1832 880 248 1265 396 2172 1179 801 675 128 701 2130 247 179 149 42 159 211 132 547 1157 378 1698
internal_count=7716 2789 4927 2145 644 2755 923 1832 880 248 1265 396 2172 1179 801 675 128 701 2130 247 179 149 42 159 211 132 547 1157 378 1698
is_linear=0
shrinkage=0.03


Tree=38
num_leaves=31
num_cat=0
split_feature=38 38 38 38 38 38 7 65 38 12 18 12 37 40 37 12 12 51 51 10 11 19 35 58 23 60 60 23 16 31
split_gain=284871 56122 39787.5 10922.2 9650.71 8671.5 4116.61 4886.17 3662.67 3576.34 3297.02 3292.02 3001.03 2857.73 3260.54 2754.91 2712.87 2485.96 2425.78 4333.14 2396.19 2395.73 2330.26 2074.73 1987.08 1817.08 1770.51 1708.45 1685.16 1876.87
threshold=47.050000000000004 78.850000000000009 23.750000000000004 97.65000000000002 60.250000000000007 34.750000000000007 68.40000000000002 109.0138129496403 13.350000000000003 5.9500000000000011 3291.5000000000005 4.2500000000000009 367.83333333333343 56.383333333333347 188.83333333333334 4.2500000000000009 8.8500000000000032 631.12500000000011 512.86000000000013 11.550000000000002 32.500000000000007 15.275000000000002 190.50000000000003 74.15000000000002 12260.245000000001 78.550000000000026 37.550000000000004 4680.6650000000018 20.400000000000002 1995.6807142857144
decision_type=10 10 10 10 10 10 2 8 8 2 2 2 10 10 10 2 2 2 2 2 2 2 10 10 2 10 8 2 2 2
left_child=2 4 8 10 16 18 7 -5 20 -9 -3 12 -6 -13 -15 -12 21 -17 27 -20 -1 22 -2 24 25 -7 -18 -4 29 -10
right_child=1 3 5 6 11 23 -8 9 28 -11 15 13 -14 14 -16 17 26 -19 19 -21 -22 -23 -24 -25 -26 -27 -28 -29 -30 -31
leaf_value=-0.034460047142846242 0.2488971960430636 0.14357190653216095 -0.13606958339648084 0.17188901752233504 0.41458252985419619 -0.01884808354003176 0.98270952486991869 0.738315911751527 -0.20241723801465838 0.50273365043427631 0.56094129767762602 0.074222106083137229 0.073089191839098927 0.33449190473556517 0.18767484624987826 0.3160213745794882 0.077920512275749379 0.49260056090486404 0.30471717584517694 -0.07672344153690519 -0.31929029894029454 0.04916874784359735 0.11674421505879583 0.14923914959556911 0.24342431902885436 -0.18254673755960538 -0.11994347525835036 0.085804895404726259 -0.26593492615018038 -0.012087492202693711
leaf_weight=28 170 48 1305 24 134 1314 25 117 964 115 83 123 28 195 451 242 89 102 31 198 525 284 409 67 25 64 75 32 400 49
leaf_count=28 170 48 1305 24 134 1314 25 117 964 115 83 123 28 195 451 242 89 102 31 198 525 284 409 67 25 64 75 32 400 49
internal_value=3.96265e-11 0.247466 -0.134271 0.467014 0.162697 -0.0661841 0.615268 0.579385 -0.239414 0.62154 0.379309 0.23265 0.355559 0.206758 0.231993 0.405809 0.0992833 0.368379 -0.115307 -0.0250874 -0.304869 0.120539 0.155546 -0.0138536 -0.021642 -0.0264509 -0.0125661 -0.130759 -0.213798 -0.193211
internal_weight=7716 2714 5002 756 1958 3036 281 256 1966 232 475 931 162 769 646 427 1027 344 1566 229 553 863 579 1470 1403 1378 164 1337 1413 1013
internal_count=7716 2714 5002 756 1958 3036 281 256 1966 232 475 931 162 769 646 427 1027 344 1566 229 553 863 579 1470 1403 1378 164 1337 1413 1013
is_linear=0
shrinkage=0.03


Tree=39
num_leaves=31
num_cat=0
split_feature=38 38 38 38 38 38 24 65 63 38 1 12 14 37 5 36 12 34 0 35 51 10 59 5 20 11 12 11 64 12
split_gain=268035 52845.6 37436.1 13301.9 8159.02 6376.72 4621.52 4722.76 3753.48 3456.92 3176.07 3141.09 3019.58 2739.96 2725.67 3133.22 2552.54 2336.95 2318.54 2367.38 2282.41 4077.05 2271.05 3026.5 2752.07 2237.07 2001.73 2747 2487.6 1910.6
threshold=47.050000000000004 74.350000000000009 23.750000000000004 97.65000000000002 34.750000000000007 60.250000000000007 1239.24 109.0138129496403 51.628571428571441 10.950000000000001 77.288048550000013 4.2500000000000009 0.95000000000000007 367.83333333333343 57.000000000000007 181.50000000000003 8.8500000000000032 40.649999999999984 28.567144700000004 206.50000000000003 512.86000000000013 11.550000000000002 57.538095238095245 219.50000000000003 9922.7500000000018 83.500000000000014 6.8500000000000005 61.500000000000007 115.55000000000001 6.0500000000000007
decision_type=10 10 10 10 10 10 2 8 8 8 2 2 2 10 2 8 2 10 2 10 2 2 10 2 2 2 2 2 10 2
left_child=2 5 9 12 20 16 7 -5 -9 29 -8 13 22 -7 15 -13 18 -16 19 -2 -4 -22 23 -3 -24 -20 27 28 -6 -1
right_child=1 3 4 6 26 11 10 8 -10 -11 -12 14 -14 -15 17 -17 -18 -19 25 -21 21 -23 24 -25 -26 -27 -28 -29 -30 -31
leaf_value=-0.20963541708354438 0.12529820159134089 0.049774339858974725 -0.1268364238157825 0.13950221091508863 0.047090311226921207 0.40659846360256907 0.65548805773258212 0.74613848968397212 0.48155534430857622 -0.21279159294656128 1.123737255009738 0.21556152828999103 0.11225245304902394 0.046265966892242431 0.52576077363707796 -0.025202952776761614 -0.012189085078880009 0.2085131319341578 0.16004673319289323 -0.087293824859273936 0.29557565723696061 -0.074421737231455287 0.4454815654950095 0.49086475849151606 0.3072818630529634 -0.031878077629953622 -0.053360292409336797 -0.041162832022009259 0.30723877032597863 -0.35726095541809383
leaf_weight=112 99 42 1337 24 408 109 32 79 124 1587 22 93 45 23 22 102 164 417 614 90 31 198 308 21 224 60 639 387 36 267
leaf_count=112 99 42 1337 24 408 109 32 79 124 1587 22 93 45 23 22 102 164 417 614 90 31 198 308 21 224 60 639 387 36 267
internal_value=-2.00712e-11 0.240042 -0.130243 0.424748 -0.0641985 0.145165 0.59681 0.537471 0.584521 -0.232232 0.846256 0.210674 0.349202 0.343813 0.182955 0.0896232 0.0963048 0.224412 0.116922 0.0240639 -0.111847 -0.0243348 0.367123 0.196804 0.387292 0.142961 -0.013438 0.0172604 0.0681834 -0.313635
internal_weight=7716 2714 5002 921 3036 1793 281 227 203 1966 54 766 640 132 634 195 1027 439 863 189 1566 229 595 63 532 674 1470 831 444 379
internal_count=7716 2714 5002 921 3036 1793 281 227 203 1966 54 766 640 132 634 195 1027 439 863 189 1566 229 595 63 532 674 1470 831 444 379
is_linear=0
shrinkage=0.03


Tree=40
num_leaves=31
num_cat=0
split_feature=38 38 38 38 38 38 38 19 37 12 14 54 18 19 68 12 0 59 19 6 6 17 38 51 49 14 12 39 13 35
split_gain=252459 50846.7 35074.4 9097.01 8638.41 6560.18 4118.73 3327.77 3137.7 3607.81 2800.12 2706.02 2637.75 2542.08 2488.59 2530.67 2480.78 2321.68 2253.94 2138.07 3479.68 2394.8 2118.11 2062.47 3045.44 1968.67 2005.41 2336.53 1902.25 2101.01
threshold=54.350000000000001 30.723372093023258 92.750000000000014 74.350000000000009 19.350000000000005 40.150000000000013 121.50000000000001 10.981250000000001 147.15000000000001 4.9500000000000011 1.0000000180025095e-35 64.15000000000002 6635.5000000000009 11.652083333333335 22.500000000000004 4.2500000000000009 28.567144700000004 23.950000000000006 9.8437500000000018 491.66500000000002 578.1350000000001 687.50000000000011 9.9950000000000028 502.56500000000005 103.74833333333333 3.7000000000000006 6.8500000000000005 55.550000000000004 174.50000000000003 206.50000000000003
decision_type=10 10 10 10 8 10 10 2 10 2 2 8 2 2 2 2 2 10 2 2 2 2 10 2 8 2 2 10 2 10
left_child=1 4 3 7 12 25 8 19 -4 -10 -5 -8 22 -11 15 -9 28 -6 -18 21 -21 -2 -1 -19 -25 26 27 -3 -7 -30
right_child=2 5 6 10 17 16 11 14 9 13 -12 -13 -14 -15 -16 -17 18 23 -20 20 -22 -23 -24 24 -26 -27 -28 -29 29 -31
leaf_value=-0.32382103979877835 -0.088983624825874949 -0.017135615243651307 0.76826652605193002 0.34727989211117055 -0.18873200665020959 -0.14028491590334807 1.047504847390311 0.22107397360727191 0.61993595545058655 0.4420828802227974 0.13176706710799796 0.62316735139018609 0.09171261717751622 0.15125312612815336 0.25479259407747595 0.066226862303710776 0.13621638028586114 -0.13475251866224028 0.033928903149877836 0.50667330606707495 0.23360797452607324 0.20591190793631683 -0.23313608471126263 -0.06945527492451066 0.32240155143397192 -0.141145937280126 -0.086431715245080198 0.26859087013536026 0.10122802835141048 -0.075941973935906626
leaf_weight=308 27 560 35 491 697 103 21 124 92 150 61 38 20 33 118 406 264 869 730 56 168 302 937 119 21 213 485 27 122 119
leaf_count=308 27 560 35 491 697 103 21 124 92 150 61 38 20 33 118 406 264 869 730 56 168 302 937 119 21 213 485 27 122 119
internal_value=1.87918e-10 -0.105689 0.278618 0.222659 -0.190674 -0.00942999 0.544458 0.176328 0.500733 0.466683 0.323464 0.774203 -0.25008 0.389638 0.130196 0.102455 0.0370647 -0.146624 0.0610958 0.230385 0.301874 0.181711 -0.255571 -0.117537 -0.0106768 -0.0578424 -0.0412905 -0.00399317 -0.0323739 0.0137457
internal_weight=7716 5594 2122 1753 2971 2623 369 1201 310 275 552 59 1265 183 648 530 1338 1706 994 553 224 329 1245 1009 140 1285 1072 587 344 241
internal_count=7716 5594 2122 1753 2971 2623 369 1201 310 275 552 59 1265 183 648 530 1338 1706 994 553 224 329 1245 1009 140 1285 1072 587 344 241
is_linear=0
shrinkage=0.03


Tree=41
num_leaves=31
num_cat=0
split_feature=38 38 38 38 38 38 24 65 63 16 38 64 7 58 32 1 16 15 11 17 51 10 9 53 61 7 12 39 53 57
split_gain=237699 46841.9 33233.7 9063.41 8095.51 7197.58 4373.22 4379.16 3425.9 3116.96 3096.87 3071.55 3043.95 3183.34 2974.78 2936.33 2449.67 2394.27 2324.72 2191.17 2079.83 4268.08 2012.98 2004.17 2933.64 1931.6 2327.18 2394.34 1897.72 1892.8
threshold=47.050000000000004 78.850000000000009 23.750000000000004 97.65000000000002 60.750000000000007 34.750000000000007 1239.24 109.0138129496403 51.628571428571441 15.850000000000003 13.350000000000003 50.211162790697678 14.065000000000003 84.750000000000014 137.50000000000003 77.288048550000013 22.200000000000006 985.35000000000002 48.500000000000007 3020.0000000000005 523.54000000000008 11.550000000000002 40.600000000000009 268468.00000000006 34.550000000000011 9.8600000000000012 6.4500000000000011 48.350000000000001 269164.20000000007 182.76428571428576
decision_type=10 10 10 10 10 10 2 8 8 2 8 10 2 8 10 2 2 2 2 2 2 2 2 2 10 2 2 10 2 10
left_child=2 4 10 12 16 20 7 -5 -9 14 19 -11 13 -3 17 -8 18 -6 22 -1 -4 -22 -2 24 -18 -7 27 -27 -28 -14
right_child=1 3 5 6 9 25 15 8 -10 11 -12 -13 29 -15 -16 -17 23 -19 -20 -21 21 -23 -24 -25 -26 26 28 -29 -30 -31
leaf_value=-0.2951534592951241 0.23422358782379887 0.11212818524923669 -0.11919203454420857 0.12073647210374473 0.17575678696632385 -0.069479955150120995 0.6209037702530622 0.70366528580460364 0.45089123461996355 -0.0043641710439696908 -0.19519073061955472 0.19775439477710219 0.18892436636460794 0.43523235361750534 0.18904149156632061 1.0711336814273487 0.1100973114419368 0.41413018984162503 0.083674404550143355 -0.05909153300680612 0.32624500454536504 -0.070102332460988376 -0.0047571520742617154 0.24018768943548199 -0.15689296386123674 0.020620646456444864 -0.056914224667826856 0.17927685230970383 0.12787905802517863 0.41578608202943756
leaf_weight=515 192 83 1345 24 50 395 32 79 124 80 1413 439 37 41 177 22 62 157 646 38 28 193 38 25 92 445 468 106 56 314
leaf_count=515 192 83 1345 24 50 395 32 79 124 80 1413 439 37 41 177 22 62 157 646 38 28 193 38 25 92 445 468 106 56 314
internal_value=2.70536e-10 0.226051 -0.122651 0.426627 0.148607 -0.0604242 0.561678 0.503955 0.549261 0.214542 -0.218746 0.166599 0.346733 0.218961 0.27934 0.804331 0.092171 0.356552 0.112835 -0.278932 -0.105178 -0.0198864 0.19474 -0.00895769 -0.0494034 -0.0127481 0.00809759 0.0511425 -0.0371653 0.391872
internal_weight=7716 2714 5002 756 1958 3036 281 227 203 903 1966 519 475 124 384 54 1055 207 876 553 1566 221 230 179 154 1470 1075 551 524 351
internal_count=7716 2714 5002 756 1958 3036 281 227 203 903 1966 519 475 124 384 54 1055 207 876 553 1566 221 230 179 154 1470 1075 551 524 351
is_linear=0
shrinkage=0.03


Tree=42
num_leaves=31
num_cat=0
split_feature=38 38 38 38 38 38 38 24 64 19 16 37 14 35 9 62 19 30 21 51 35 45 48 11 18 41 5 18 20 40
split_gain=223806 43435.7 32521.4 6920.19 6436.28 6204.62 4953.23 4114.76 3433.62 3375.55 2838.77 2799.07 2681.72 2709.02 2596.04 2456.9 2410.05 2432.22 4616.82 2383.69 2824.53 2667.11 3346 2286.88 2033.06 1998.5 1977.19 1930.68 1929.46 1815.76
threshold=53.650000000000013 28.950000000000003 82.050000000000011 39.050000000000004 97.65000000000002 17.350000000000005 66.350000000000009 1239.24 70.950000000000017 10.035416666666668 15.850000000000003 216.16666666666671 0.45000000000000007 180.50000000000003 19.650000000000002 3.9050000000000007 9.1562500000000018 469.45333333333343 135.50000000000003 462.84000000000009 210.50000000000003 11.65 65.920000000000016 61.500000000000007 6635.5000000000009 20.650000000000002 200.00000000000003 6580.5000000000009 9674.5000000000018 35.083333333333336
decision_type=10 10 10 10 10 8 10 2 10 2 2 10 2 10 2 8 2 2 2 2 10 10 8 2 2 10 2 2 2 10
left_child=1 5 6 16 12 27 19 8 -6 -9 23 -10 13 -4 -8 -16 17 -3 -19 20 -2 22 -21 25 -12 -5 -15 -1 -17 -7
right_child=2 3 4 10 7 29 14 9 11 -11 24 -13 -14 26 15 28 -18 18 -20 21 -22 -23 -24 -25 -26 -27 -28 -29 -30 -31
leaf_value=-0.25382578189718091 0.16657433620921799 -0.051137300443745426 0.7030843860762459 0.33578838446310583 0.15717858524322509 -0.15982045516517596 -0.063614947963505988 0.59098851550709119 0.65446056614319481 1.0775345015525819 -0.017777733515198825 0.42977587281327162 0.02372655017035348 0.30223087967796758 -0.044013185091316701 0.31840260823888067 -0.08391054164320183 0.5011402597278356 0.012176933377271607 0.21328289406700057 0.039093188566244753 0.15515402826988561 0.66134529248811302 0.023998210428042659 0.17938655791282651 0.10953478647110074 0.46785247778115063 0.043990470752120016 0.21419890877577144 -0.0098640274472142526
leaf_weight=958 320 155 21 42 25 1660 24 33 90 21 803 112 21 220 24 313 1167 24 63 40 306 176 24 294 50 215 92 20 327 76
leaf_count=958 320 155 21 42 25 1660 24 33 90 21 803 112 21 220 24 313 1167 24 63 40 306 176 24 294 50 215 92 20 327 76
internal_value=6.29285e-11 -0.101681 0.256734 -0.0190732 0.437627 -0.187302 0.182817 0.544828 0.488836 0.780201 0.0280644 0.529883 0.352532 0.373267 0.242907 0.253986 -0.0660436 0.0201167 0.147063 0.135077 0.104259 0.215461 0.381306 0.0811408 -0.00622062 0.14651 0.351068 -0.247735 0.265161 -0.153256
internal_weight=7716 5527 2189 2813 635 2714 1554 281 227 54 1404 202 354 333 688 664 1409 242 87 866 626 240 64 551 853 257 312 978 640 1736
internal_count=7716 5527 2189 2813 635 2714 1554 281 227 54 1404 202 354 333 688 664 1409 242 87 866 626 240 64 551 853 257 312 978 640 1736
is_linear=0
shrinkage=0.03


Tree=43
num_leaves=31
num_cat=0
split_feature=38 38 38 38 59 38 7 38 12 37 16 10 38 12 9 16 37 26 19 51 31 16 19 65 19 38 38 59 32 35
split_gain=210795 41516 29554.1 10366.6 6409.15 5065.92 3570.88 5076.25 3267.76 3072.06 3069.62 3269.86 3387.33 2730.62 2831.92 2728.19 2530.17 2465.18 2546.27 2432.62 2290.99 2243.88 2188.09 2127.02 3396.34 2082.73 1987.28 1794.53 1657.47 1591.56
threshold=47.050000000000004 74.350000000000009 23.750000000000004 97.65000000000002 36.150000000000013 60.250000000000007 13.805000000000001 128.50000000000003 9.0500000000000025 213.83333333333334 20.250000000000004 18.800000000000001 8.115000000000002 4.2500000000000009 19.650000000000002 19.650000000000002 367.83333333333343 1.5000000000000002 14.254166666666668 1037.2 1995.6807142857144 20.750000000000004 11.277083333333335 102.02142857142857 9.2437500000000004 32.350000000000001 8.7200000000000024 61.385714285714293 40.350000000000001 206.50000000000003
decision_type=10 10 10 10 10 10 2 10 2 10 2 2 10 2 2 2 10 2 2 2 2 2 2 10 2 10 10 10 10 10
left_child=2 5 10 15 25 21 9 -8 23 -5 11 12 -1 16 -15 17 -7 -3 -19 27 26 -2 -16 29 -25 -4 -13 -17 -23 -6
right_child=1 3 4 6 8 13 7 -9 -10 -11 -12 20 -14 14 22 19 -18 18 -20 -21 -22 28 -24 24 -26 -27 -28 -29 -30 -31
leaf_value=0.27575348076613049 0.10998399673565024 0.098577679159010154 -0.12358114374993258 0.60459034010767931 0.029118599386682691 0.37163778472589243 0.53599855034634836 0.96657518099094253 -0.098612193580263768 0.23611474011093378 -0.26268177283629779 -0.31277580923090376 -0.11272164091782039 -0.12317156660556791 0.23051096402168178 -0.10249636462756566 0.025374896004796026 0.3955720384216308 0.2051402764061564 0.49254787412556733 -0.0011648676663637159 0.2481644295091214 0.11623525603837573 0.48853503544415749 0.049691709500092725 -0.053360954513081746 -0.19344429791204834 0.19970979640326861 -0.019431149458093357 -0.048983951188346815
leaf_weight=23 783 34 1020 32 665 109 164 29 296 56 600 144 166 30 313 21 23 375 76 22 50 23 291 21 65 606 983 112 221 363
leaf_count=23 783 34 1020 32 665 109 164 29 296 56 600 144 166 30 313 21 23 375 76 22 50 23 291 21 65 606 983 112 221 363
internal_value=1.05262e-10 0.212874 -0.115502 0.376587 -0.0568204 0.12878 0.528483 0.600697 -0.0100123 0.370106 -0.20612 -0.181276 -0.0654469 0.187169 0.161324 0.309895 0.311304 0.344911 0.363482 0.20033 -0.199876 0.0852298 0.175454 0.0135295 0.156851 -0.0974105 -0.208692 0.151993 0.00579302 0.00153959
internal_weight=7716 2714 5002 921 3036 1793 281 193 1410 88 1966 1366 189 766 634 640 132 485 451 155 1177 1027 604 1114 86 1626 1127 133 244 1028
internal_count=7716 2714 5002 921 3036 1793 281 193 1410 88 1966 1366 189 766 634 640 132 485 451 155 1177 1027 604 1114 86 1626 1127 133 244 1028
is_linear=0
shrinkage=0.03


Tree=44
num_leaves=31
num_cat=0
split_feature=40 40 40 19 40 40 16 7 10 58 18 12 40 11 11 39 46 0 19 68 12 7 47 7 58 17 32 65 57 49
split_gain=184607 39237.8 23890.7 8069.05 6486.15 5538.74 4646.7 4930.69 4433.03 3901.82 2992.7 3504.08 2969.91 2848.56 2833.39 2765.67 2671.68 2643.74 2654.15 2602.04 2916.47 2501.71 2362.41 2319.35 2465.91 2239.85 2220.14 1888.15 1877.95 1875.18
threshold=53.850000000000009 30.583333333333346 91.9166666666667 10.887500000000001 19.266666666666676 42.483333333333341 14.850000000000003 26.675000000000004 12.450000000000001 74.65000000000002 6641.5000000000009 6.4500000000000011 114.05000000000001 26.000000000000004 68.500000000000014 69.65000000000002 28.100000000000012 28.567144700000004 15.275000000000002 22.500000000000004 3.9500000000000006 29.300000000000004 152.90000000000003 12.345000000000001 57.95000000000001 1357.5000000000002 68.450000000000017 164.57142857142858 326.21428571428578 222.50000000000003
decision_type=10 10 10 2 8 10 2 2 2 10 2 2 10 2 2 10 10 2 2 2 2 2 10 2 8 2 10 10 10 8
left_child=1 4 3 6 -1 10 8 13 16 19 11 14 29 -8 -3 -10 -2 -7 28 20 -5 -9 -11 -6 -25 -26 -14 -28 -19 -4
right_child=2 5 12 9 23 17 7 21 15 22 -12 -13 26 -15 -16 -17 -18 18 -20 -21 -22 -23 -24 24 25 -27 27 -29 -30 -31
leaf_value=-0.22274790710245274 0.42195808238502758 0.04205706725511086 0.45538674488611935 0.21066400800652516 -0.16620274114525294 -0.037056919032865239 -0.08742031821837791 0.53089567822568551 0.34291517091648915 0.19851625138931736 0.19229146828042698 -0.097587743241711822 0.36046124213933944 0.1590489918901585 -0.071478781138147623 0.63605876904726033 0.19386606932445835 0.14678322561246132 0.0042664922355043306 0.21575616996649366 0.034961457573389032 0.25743146951179313 0.47652783874422311 -0.11130048714692828 -0.13299439330895743 0.22064141461998224 0.94524083571000528 0.58855715863844926 -0.0016426777350716292 0.24250900284449259
leaf_weight=1167 67 455 216 104 859 264 52 34 56 196 47 745 20 224 350 60 149 382 310 130 466 263 32 804 27 40 22 34 96 45
leaf_count=1167 67 455 216 104 859 264 52 34 56 196 47 745 20 224 350 60 149 382 310 130 466 263 32 804 27 40 22 34 96 45
internal_value=-8.95126e-11 -0.0917886 0.23459 0.191908 -0.168093 -0.00834039 0.255646 0.203902 0.344952 0.129749 -0.0435484 -0.0506997 0.466742 0.112613 -0.00730635 0.494541 0.264617 0.0451075 0.0726347 0.094642 0.0670195 0.288737 0.237535 -0.131225 -0.0967288 0.0781315 0.631782 0.728683 0.116974 0.418684
internal_weight=7716 5546 2170 1833 2897 2649 905 573 332 928 1597 1550 337 276 805 116 216 1052 788 700 570 297 228 1730 871 67 76 56 478 261
internal_count=7716 5546 2170 1833 2897 2649 905 573 332 928 1597 1550 337 276 805 116 216 1052 788 700 570 297 228 1730 871 67 76 56 478 261
is_linear=0
shrinkage=0.03


Tree=45
num_leaves=31
num_cat=0
split_feature=38 38 38 38 38 38 7 38 32 19 20 47 64 0 20 7 20 20 18 19 37 30 19 19 13 18 20 13 59 32
split_gain=187721 37728 26410.6 6902.07 6244.97 5361.6 3848.05 4907.13 3187.6 2895.77 3054.21 2483.66 2547.7 2319.12 2560.46 2307.95 2261.08 3457.92 2300.88 2173.6 2137.92 2121.73 4849.73 1912.49 1897.39 1797.99 1744.94 1786.99 1642.87 1613.19
threshold=54.350000000000001 28.950000000000003 92.750000000000014 69.65000000000002 39.050000000000004 17.350000000000005 14.685000000000002 128.50000000000003 86.15000000000002 11.143750000000002 2883.2500000000005 58.350000000000009 36.495000000000012 28.643240000000002 14344.000000000002 9.8600000000000012 11233.250000000002 10481.500000000002 6635.5000000000009 9.2437500000000004 214.83333333333334 469.45333333333343 8.5520833333333339 10.727083333333335 291.50000000000006 6580.5000000000009 22809.750000000004 309.50000000000006 23.950000000000006 187.50000000000003
decision_type=10 10 10 10 10 8 2 10 10 2 2 10 10 2 2 2 2 2 2 2 10 2 2 2 2 2 2 2 10 10
left_child=1 5 3 11 19 25 8 26 -4 10 -5 -2 -13 14 -11 -6 17 -17 -18 21 -12 -3 -23 -14 -10 29 27 -8 -7 -1
right_child=2 4 6 9 15 28 7 -9 24 13 20 12 23 -15 -16 16 18 -19 -20 -21 -22 22 -24 -25 -26 -27 -28 -29 -30 -31
leaf_value=-0.23913394473566571 0.42825344667984888 -0.047565221804524625 0.63037753314971912 0.60850971298558365 -0.040545349077233769 -0.1683300489385646 0.48880984416348594 0.91170678236654823 0.36143385213342577 0.15860189105822772 0.39647934809840957 -0.077389195762574664 0.19340577418333849 0.26907889430316123 -0.16953815604631717 0.07209955845718978 -0.015895377966530077 0.3929638296738267 0.18540447052764264 -0.077822616615888893 0.24692841128957971 0.012192981325622115 0.52283146262168878 0.10520265953037244 0.085777907016147917 0.053950333653017879 0.25936253167115725 0.77567982641133393 -0.10994911987880135 0.033155243217945093
leaf_weight=938 26 155 25 28 342 886 175 28 55 121 116 50 384 147 26 546 494 32 57 1162 333 70 22 522 38 20 26 22 850 20
leaf_count=938 26 155 25 28 342 886 175 28 55 121 116 50 384 147 26 546 494 32 57 1162 333 70 22 522 38 20 26 22 850 20
internal_value=-6.42787e-11 -0.0911367 0.240254 0.191696 -0.0155056 -0.171394 0.470937 0.537362 0.329643 0.258877 0.304522 0.13895 0.131082 0.184821 0.100564 0.0277297 0.0484118 0.0898637 0.00492874 -0.0606435 0.285565 0.0201749 0.134302 0.142587 0.2488 -0.227572 0.490359 0.520846 -0.139745 -0.233449
internal_weight=7716 5594 2122 1753 2880 2714 369 251 118 771 477 982 956 294 147 1471 1129 578 551 1409 449 247 92 906 93 978 223 197 1736 958
internal_count=7716 5594 2122 1753 2880 2714 369 251 118 771 477 982 956 294 147 1471 1129 578 551 1409 449 247 92 906 93 978 223 197 1736 958
is_linear=0
shrinkage=0.03


Tree=46
num_leaves=31
num_cat=0
split_feature=38 38 38 38 38 38 7 64 16 38 19 39 12 14 35 61 12 59 46 36 20 35 16 34 5 58 20 19 61 14
split_gain=176663 32510.5 27274.2 6363.01 5324.82 5034.4 3460.4 4524.17 3401.09 3323.08 3168.07 2539.12 2378.73 2361.06 2528.59 2309.2 2216.77 2695.52 3074.19 2103.1 2036.13 2015.5 2000.69 1933.38 1847.75 1795.8 1739.37 1543.26 2602.44 1534.69
threshold=48.95000000000001 82.050000000000011 25.550000000000004 66.350000000000009 36.95000000000001 97.65000000000002 68.40000000000002 69.904172661870533 13.050000000000002 15.450000000000001 9.9000000000000004 52.650000000000013 5.9500000000000011 0.45000000000000007 180.50000000000003 26.114285714285717 7.5500000000000007 40.035714285714292 55.21666666666669 298.50000000000006 7638.5000000000009 191.50000000000003 18.250000000000004 137.55000000000004 200.00000000000003 73.250000000000014 10127.250000000002 17.547916666666669 91.700000000000017 9.0500000000000025
decision_type=10 10 10 10 10 10 2 8 2 8 2 10 2 2 10 10 2 10 8 10 2 10 2 10 2 8 2 2 8 2
left_child=2 3 9 8 16 13 7 -7 20 23 21 -5 -9 14 -3 -12 17 29 -19 26 -2 -10 -21 -1 -16 -6 -13 28 -11 -4
right_child=1 5 4 11 25 6 -8 12 10 27 15 19 -14 -15 24 -17 -18 18 -20 22 -22 -23 -24 -25 -26 -27 -28 -29 -30 -31
leaf_value=-0.24019689062069011 0.15104769082524669 0.65284540925707135 -0.05828287856701321 0.027338915154085323 -0.0053071144748194398 0.018692407250404358 0.82169903526306154 0.58148218280027719 0.25338979875203221 -0.12377963251667096 0.10900293412349463 0.33824898004415443 0.39093234413343925 0.0062233849934169218 0.2655422084114768 -0.009538739520585952 -0.12617447388042832 0.010959540930425012 0.40236574615750992 0.21794467403697715 0.34793670751154421 0.098638680035678244 0.016991297230124474 0.0095535978777655239 0.42565107767996579 0.14128614777512849 0.21593966282774574 -0.17469464602259066 0.22585786199569702 -0.18778421534508791
leaf_weight=733 199 21 786 59 1256 20 25 121 112 456 239 192 115 21 220 388 555 129 21 142 62 234 65 29 92 80 230 1002 20 92
leaf_count=733 199 21 786 59 1256 20 25 121 112 456 239 192 115 21 220 388 555 129 21 142 62 234 65 29 92 80 230 1002 20 92
internal_value=5.52599e-11 0.203899 -0.10106 0.142413 -0.0406347 0.390004 0.484815 0.451916 0.101655 -0.179803 0.07586 0.215517 0.48863 0.314745 0.334201 0.035647 -0.0778584 -0.0517734 0.0657564 0.233168 0.197818 0.148732 0.154843 -0.230692 0.312754 0.00347093 0.271588 -0.153566 -0.109089 -0.0718525
internal_weight=7716 2557 5159 1922 2919 635 281 256 1234 2240 973 688 236 354 333 627 1583 1028 150 629 261 346 207 762 312 1336 422 1478 476 878
internal_count=7716 2557 5159 1922 2919 635 281 256 1234 2240 973 688 236 354 333 627 1583 1028 150 629 261 346 207 762 312 1336 422 1478 476 878
is_linear=0
shrinkage=0.03


Tree=47
num_leaves=31
num_cat=0
split_feature=38 38 38 59 38 38 16 38 30 34 43 38 19 54 39 16 44 16 49 68 16 23 54 15 5 5 10 45 59 32
split_gain=166463 33442.4 23453.8 6113.53 6070.84 4341.42 3725.59 2999.48 2845.15 3351.11 2654.46 2604.5 2592.97 2340.84 2269.39 2260.92 2121.21 2108.31 2095.2 2086.29 2357.16 1981.21 1971.68 2541.06 1937.06 3433.37 2304.27 1882.03 1854.8 1835.96
threshold=54.350000000000001 30.723372093023258 92.750000000000014 23.950000000000006 74.350000000000009 41.532558139534892 19.050000000000004 121.50000000000001 489.31666666666678 46.566666666666663 34.01666666666668 10.950000000000001 10.981250000000001 64.15000000000002 54.350000000000001 15.850000000000003 19.250000000000004 14.450000000000001 81.200000000000031 22.500000000000004 12.850000000000003 12260.245000000001 68.250000000000014 992.55000000000007 101.50000000000001 132.50000000000003 21.750000000000004 82.800000000000026 42.207142857142863 51.350000000000001
decision_type=10 10 10 8 10 10 2 10 2 10 10 10 2 8 10 2 10 2 8 2 2 2 10 2 2 2 2 10 10 10
left_child=1 3 4 11 12 21 8 10 -5 -10 16 -1 24 -9 -6 -7 -4 -16 28 20 -14 -3 -12 -24 26 -26 -2 -19 -17 -20
right_child=2 5 7 6 14 15 -8 13 9 -11 22 -13 19 -15 17 18 -18 27 29 -21 -22 -23 23 -25 25 -27 -28 -29 -30 -31
leaf_value=-0.26320015443588646 0.15892391386301988 -0.04683963745152088 0.74810962659972058 -0.091288805904036208 0.013461194653664866 0.085660145150179251 -0.16519823075151144 0.89387994459697173 0.41550967812538148 0.00055212554462412563 0.0043686818182468419 -0.17220076269793985 0.18805935332941454 0.49921204814785397 0.35381513406314063 -0.044046444616234692 0.43131334328267834 0.26188754018340538 0.093991706698406022 0.21599473964201948 0.040629074465056085 0.24669101561818801 0.4818229717986528 0.096498614102601993 0.40364720386442016 0.17781987753754119 -0.14980017781257629 0.064672190638688898 0.075100202653613682 -0.13254151906967163
leaf_weight=355 233 1425 21 550 31 474 508 21 20 141 20 1397 129 38 201 183 202 268 41 118 401 21 43 24 85 211 24 52 329 150
leaf_count=355 233 1425 21 550 31 474 508 21 20 141 20 1397 129 38 201 183 202 268 41 118 401 21 43 24 85 211 24 52 329 150
internal_value=-6.12611e-11 -0.0858214 0.226242 -0.154743 0.180483 -0.00775569 -0.103151 0.443628 -0.0588197 0.0520996 0.406314 -0.19064 0.142634 0.639687 0.262831 0.0350236 0.461146 0.277669 0.000881791 0.101912 0.076513 -0.0425767 0.265767 0.343796 0.190351 0.242669 0.130094 0.22984 0.0325146 -0.083914
internal_weight=7716 5594 2122 2971 1753 2623 1219 369 711 161 310 1752 1201 59 552 1177 223 521 703 648 530 1446 87 67 553 296 257 320 512 191
internal_count=7716 5594 2122 2971 1753 2623 1219 369 711 161 310 1752 1201 59 552 1177 223 521 703 648 530 1446 87 67 553 296 257 320 512 191
is_linear=0
shrinkage=0.03


Tree=48
num_leaves=31
num_cat=0
split_feature=59 40 40 16 18 16 40 40 20 39 42 41 59 60 12 68 19 63 59 16 58 5 21 20 17 53 34 16 1 12
split_gain=145662 29236.5 19683 7100.57 6165.71 5681.89 5306.73 5149.62 5122.74 6043.6 3369.87 3120.82 3235.43 2547.2 2616.24 2506.49 2384.07 3005.38 2256.67 2166.21 3421.16 3217.86 1857.12 1851.75 2039.49 1780.36 1746.8 1690.87 1671.22 1659.7
threshold=52.578571428571429 30.583333333333346 91.9166666666667 20.750000000000004 6719.5000000000009 17.550000000000004 67.65000000000002 19.266666666666676 5803.2500000000009 53.350000000000001 32.650000000000013 90.050000000000011 87.871428571428581 35.45000000000001 7.7500000000000009 20.500000000000004 14.254166666666668 30.273571428571433 47.250000000000007 21.350000000000005 56.95000000000001 69.000000000000014 508.50000000000006 23112.250000000004 3347.5000000000005 266093.60000000003 132.41666666666671 14.450000000000001 77.201112150000014 8.9500000000000011
decision_type=10 10 10 2 2 2 10 8 2 10 8 10 10 10 2 2 2 10 10 2 8 2 2 2 2 2 10 2 2 2
left_child=1 7 3 6 5 8 23 22 27 -10 -5 12 -8 16 15 -15 17 -4 28 20 -9 -22 -1 24 -2 -21 -12 -3 -7 -19
right_child=2 4 13 10 -6 18 11 19 9 -11 26 -13 -14 14 -16 -17 -18 29 -20 25 21 -23 -24 -25 -26 -27 -28 -29 -30 -31
leaf_value=-0.20291200511667057 0.1462298267550321 -0.029126961951120293 0.82782315606656276 0.14822769677412401 0.30413964269107041 -0.11479741967791809 0.2229523588635999 -0.10848807835181315 0.034183789870235175 0.25653645804093683 -0.048039199566486682 0.60455056996449186 0.42709380123764273 0.27821466386485011 0.012453476553377899 0.64118721578432158 0.17613973629745569 0.50033160355958073 0.028616183531960764 -0.19372118133469485 -0.036228091952412625 0.40985539093274959 0.088685174077749243 -0.10268863970270523 0.43297771982524708 0.042627559650328856 0.18119698553425923 -0.17415768541272852 -0.032998327921739457 0.23680027624368666
leaf_weight=1146 759 353 23 217 55 607 552 1248 783 128 206 23 80 67 23 23 22 154 190 384 43 22 20 26 23 31 35 91 357 25
leaf_count=1146 759 353 23 217 55 607 552 1248 783 128 206 23 80 67 23 23 22 154 190 384 43 22 20 26 23 31 35 91 357 25
internal_value=1.5626e-11 -0.0838385 0.202653 0.165554 -0.0100723 -0.0169601 0.197826 -0.149193 0.0247029 0.0654254 0.0624699 0.261285 0.248793 0.414125 0.298001 0.370974 0.472706 0.505005 -0.0658799 -0.11632 -0.0974365 0.114754 -0.19791 0.146382 0.154664 -0.176066 -0.0147476 -0.0588517 -0.0845046 0.463526
internal_weight=7716 5458 2258 1921 2564 2509 1463 2894 1355 911 458 655 632 337 113 90 224 202 1154 1728 1313 65 1166 808 782 415 241 444 964 179
internal_count=7716 5458 2258 1921 2564 2509 1463 2894 1355 911 458 655 632 337 113 90 224 202 1154 1728 1313 65 1166 808 782 415 241 444 964 179
is_linear=0
shrinkage=0.03


Tree=49
num_leaves=31
num_cat=0
split_feature=38 38 38 38 59 38 7 43 19 12 16 26 45 12 9 33 21 12 36 7 16 12 11 20 30 0 19 11 65 19
split_gain=148206 29539.4 21093.1 6488.41 4528.62 4484.55 3400.29 3613.82 2942.68 2800.24 2769.37 2840.09 2741.41 2698.99 3231.34 2932.09 2587.89 2495.99 2284.15 2230.86 2126.58 2027.73 2018.65 2371.66 3116.09 1987.79 2224.64 1757.22 1734.4 3049.13
threshold=47.050000000000004 82.050000000000011 23.750000000000004 60.750000000000007 36.346428571428582 121.50000000000001 14.685000000000002 30.133333333333336 15.356250000000001 9.0500000000000025 20.250000000000004 5.5000000000000009 65.550000000000011 4.2500000000000009 19.650000000000002 225.50000000000003 126.00000000000001 5.6500000000000012 216.50000000000003 13.805000000000001 13.750000000000002 8.8500000000000032 68.500000000000014 13553.000000000002 3050.7183333333337 28.496097500000001 15.275000000000002 39.500000000000007 102.02142857142857 9.2437500000000004
decision_type=10 10 10 10 10 10 2 10 2 2 2 2 8 2 2 10 2 2 8 2 2 2 2 2 2 2 2 2 10 2
left_child=2 3 10 21 22 6 20 17 -9 28 11 12 16 15 -15 -5 -1 -8 -16 -7 -3 25 23 24 -4 -2 -27 -25 -6 -30
right_child=1 5 4 13 9 19 7 8 -10 -11 -12 -13 -14 14 18 -17 -18 -19 -20 -21 -22 -23 -24 27 -26 26 -28 -29 29 -31
leaf_value=-0.17484666894416551 -0.16889474386206041 0.3847939940761117 -0.02229769475637905 0.32852163933450357 0.0037785083373219779 0.35853228279522487 0.56996058625813861 0.32530573995717399 -0.059642573408782477 -0.089335128824084495 -0.22712828058637677 -0.17107825614891267 0.18159327313303947 -0.11938541723264229 0.22262435468738195 -0.020832539561390875 0.035250463624734704 0.36451224806385302 0.12097906848005609 0.74381727723012636 0.15465762294453358 -0.024667324028146195 -0.11412957554823409 -0.030854538409989703 0.33542454421520229 0.1314291092502034 0.029281902749256308 -0.16883493075659253 0.45841673171945979 0.042609251920993504
leaf_weight=148 26 51 465 160 1006 21 104 168 20 295 600 1100 36 37 366 25 82 109 436 38 124 166 823 147 23 575 288 191 21 65
leaf_count=148 26 51 465 160 1006 21 104 168 20 295 600 1100 36 37 366 25 82 109 436 38 124 166 823 147 23 575 288 191 21 65
internal_value=-3.80586e-11 0.178495 -0.0968481 0.123796 -0.0472733 0.357579 0.332063 0.380215 0.284354 -0.00732252 -0.173404 -0.149806 -0.0618399 0.177591 0.15472 0.281312 -0.0999425 0.464825 0.167366 0.606682 0.221726 0.0715819 -0.0808765 -0.0477443 -0.00543784 0.0895542 0.0973406 -0.108826 0.0148329 0.144144
internal_weight=7716 2714 5002 2079 3036 635 576 401 188 1387 1966 1366 266 1024 839 185 230 213 802 59 175 1055 1649 826 488 889 863 338 1092 86
internal_count=7716 2714 5002 2079 3036 635 576 401 188 1387 1966 1366 266 1024 839 185 230 213 802 59 175 1055 1649 826 488 889 863 338 1092 86
is_linear=0
shrinkage=0.03


Tree=50
num_leaves=31
num_cat=0
split_feature=38 38 38 38 19 19 15 26 65 58 13 5 68 38 42 20 64 20 18 29 9 20 11 13 35 13 20 13 47 19
split_gain=139595 28073.5 19883.3 5945.52 5312.09 3208.73 3445.32 6421.55 3064.46 2970.94 2925.25 2648.79 2618.2 2560.48 2719.38 2556.06 2488.3 2431.24 2130.14 2057.22 2047.16 2309.14 4123.32 2020.35 1930.1 1903.26 1824.21 1777.85 1721.92 1625.67
threshold=54.350000000000001 32.050000000000004 92.750000000000014 19.350000000000005 11.104166666666668 9.4416666666666682 991.6500000000002 1.5000000000000002 180.07142857142858 75.950000000000017 290.50000000000006 98.500000000000014 22.500000000000004 121.50000000000001 34.550000000000004 2883.2500000000005 66.15000000000002 9922.7500000000018 6635.5000000000009 108.64285714285715 19.450000000000003 14344.000000000002 59.500000000000007 307.50000000000006 329.50000000000006 306.50000000000006 7899.2500000000009 156.50000000000003 152.90000000000003 19.700000000000006
decision_type=10 10 10 8 2 2 2 2 8 10 2 2 2 10 10 2 8 2 2 2 2 2 2 2 10 2 2 2 10 2
left_child=1 3 4 18 8 6 7 -3 10 12 11 -2 27 14 23 -8 -12 -9 -1 -15 -7 22 -22 -4 -10 28 -16 -6 -11 -5
right_child=2 5 13 29 9 20 15 17 24 25 16 -13 -14 19 26 -17 -18 -19 -20 -21 21 -23 -24 -25 -26 -27 -28 -29 -30 -31
leaf_value=-0.19267967436938399 0.15141867082438579 0.6372451644167304 0.40028355022347889 -0.07314014583177407 -0.012644936211158831 -0.2141589352674782 0.2188941494452542 0.21914760719984769 0.46862020828295498 0.14516538080060853 -0.020950895331422737 0.29195005060255164 0.20199994785667852 0.38890652459401348 0.05369003489613533 -0.08623091479529163 0.17388030833129015 0.038415842580569917 0.11940415745973587 0.74572236042131079 0.090468465887451582 -0.068148172806171151 -0.028326635061371824 0.70355823170055043 0.14288883654908699 0.49494274941086763 0.33336925722047928 0.098674991872198511 0.43704113594123295 -0.12883594900277573
leaf_weight=1245 190 20 195 855 225 48 29 90 64 136 79 331 129 26 32 167 233 262 20 33 371 532 903 22 22 20 61 303 21 1052
leaf_count=1245 190 20 195 855 225 48 29 90 64 136 79 331 129 26 32 167 233 262 20 33 371 532 903 22 22 20 61 303 21 1052
internal_value=-1.13091e-11 -0.0785909 0.207181 -0.137317 0.165048 -0.00168006 0.0607051 0.114336 0.214798 0.110229 0.197196 0.240701 0.0808393 0.407338 0.372862 -0.0410849 0.124548 0.0846257 -0.187746 0.588481 -0.0207927 -0.0156534 0.00626754 0.43103 0.385294 0.219318 0.237136 0.0512375 0.184206 -0.103865
internal_weight=7716 5594 2122 3172 1753 2422 568 372 919 834 833 521 657 369 310 196 312 352 1265 59 1854 1806 1274 217 86 177 93 528 157 1907
internal_count=7716 5594 2122 3172 1753 2422 568 372 919 834 833 521 657 369 310 196 312 352 1265 59 1854 1806 1274 217 86 177 93 528 157 1907
is_linear=0
shrinkage=0.03


Tree=51
num_leaves=31
num_cat=0
split_feature=38 38 38 38 59 16 0 24 22 7 13 19 16 26 26 19 44 16 18 0 0 12 22 17 39 16 60 51 23 28
split_gain=131740 26410.5 18722.4 6578.96 4123.95 3562.19 3526.81 3505.3 3540.35 3215.26 3205.81 3034.25 2602.99 2624.32 2591.38 2585.98 2555.43 2549.74 2596.53 2416.54 2364.46 2249.5 2055.49 2028.82 1989.44 2448.85 1764.85 1754.95 3141.9 1854.35
threshold=47.050000000000004 74.350000000000009 23.750000000000004 97.65000000000002 33.050000000000004 22.000000000000004 28.567144700000004 1239.24 161.00000000000003 9.4150000000000009 245.00000000000003 10.035416666666668 20.250000000000004 5.5000000000000009 4.5000000000000009 2.7062500000000003 69.516474820143898 19.450000000000003 6421.0000000000009 28.662761550000003 28.632526500000001 7.4500000000000011 136.50000000000003 745.00000000000011 54.350000000000001 21.150000000000002 36.650000000000013 523.54000000000008 431.37500000000006 776.33333333333348
decision_type=10 10 10 10 10 2 2 2 2 2 2 2 2 2 2 2 8 2 2 2 2 2 2 2 10 2 10 2 2 2
left_child=2 5 12 24 27 6 10 8 20 23 -2 -9 13 16 15 -7 21 18 22 -11 -5 -1 -6 -8 -3 -26 -16 29 -29 -4
right_child=1 3 4 7 17 14 9 11 -10 19 -12 -13 -14 -15 26 -17 -18 -19 -20 -21 -22 -23 -24 -25 25 -27 -28 28 -30 -31
leaf_value=-0.12106541675528715 -0.12472426357229104 0.022431473083355847 -0.10679004895480938 0.14214310865849256 -0.024036582070988691 0.20930902259217368 -0.10984516302496194 0.45772104631770738 0.099712900535480389 0.20369661590554797 0.09382835214581102 0.91901418864727014 -0.21552050280431284 -0.1610051873434335 0.19835249533901367 -0.10823908223998996 0.18689570746001075 -0.063124464722779203 0.23537315412362417 0.10816679720703662 0.4607130103639091 0.20451430725199835 0.066251582837845241 0.094199785968414482 0.28539275270332359 0.12420818942434646 -0.055078323905666672 0.2639553330161355 -0.057372569019287271 0.1546322182416916
leaf_weight=211 89 34 1053 24 763 27 60 33 37 594 188 21 600 1100 79 159 34 633 45 398 166 21 323 163 504 102 36 33 161 25
leaf_count=211 89 34 1053 24 763 27 60 33 37 594 188 21 600 1100 79 159 34 633 45 398 166 21 323 163 504 102 36 33 161 25
internal_value=1.57585e-11 0.168287 -0.0913096 0.298863 -0.0446038 0.101215 0.120207 0.419869 0.36819 0.14223 0.0236075 0.637113 -0.163435 -0.140557 0.00707095 -0.0621434 -0.0559983 -0.0149131 0.01207 0.165369 0.420473 -0.0915948 0.00281708 0.0392998 0.245734 0.258263 0.119018 -0.0857788 -0.0027137 -0.100727
internal_weight=7716 2714 5002 921 3036 1793 1492 281 227 1215 277 54 1966 1366 301 186 266 1764 1131 992 190 232 1086 223 640 606 115 1272 194 1078
internal_count=7716 2714 5002 921 3036 1793 1492 281 227 1215 277 54 1966 1366 301 186 266 1764 1131 992 190 232 1086 223 640 606 115 1272 194 1078
is_linear=0
shrinkage=0.03


Tree=52
num_leaves=31
num_cat=0
split_feature=38 38 38 38 59 16 0 24 65 11 13 19 63 12 16 10 38 26 19 58 19 16 10 32 31 11 20 30 60 59
split_gain=123954 24849.6 17615.9 6190.14 3894.48 3351.66 3318.38 3298.14 3428.63 3217.72 3016.35 2854.92 2637.89 2459.21 2449.15 2476.61 2959.68 2438.23 2433.14 2376.92 1949 1968.33 2421.67 1865.14 1817.36 1759.33 2165.6 2827.01 1669.06 1650.72
threshold=47.050000000000004 74.350000000000009 23.750000000000004 97.65000000000002 36.346428571428582 22.000000000000004 28.567144700000004 1239.24 109.0138129496403 83.500000000000014 245.00000000000003 10.035416666666668 51.628571428571441 9.0500000000000025 20.250000000000004 18.800000000000001 8.115000000000002 4.5000000000000009 2.7062500000000003 84.15000000000002 13.4 13.750000000000002 10.350000000000003 209.50000000000003 1995.6807142857144 68.500000000000014 13553.000000000002 3050.7183333333337 34.350000000000001 8.526428571428573
decision_type=10 10 10 10 10 2 2 2 8 2 2 2 8 2 2 2 10 2 2 8 2 2 2 10 2 2 2 2 10 10
left_child=2 5 14 20 25 6 10 8 -5 19 -2 -9 -10 -6 15 16 -1 18 -7 -8 21 23 -23 -3 29 26 27 -4 -19 -17
right_child=1 3 4 7 13 17 9 11 12 -11 -12 -13 -14 -15 -16 24 -18 28 -20 -21 -22 22 -24 -25 -26 -27 -28 -29 -30 -31
leaf_value=0.28339968992316206 -0.12098253734326093 0.41213833500858116 -0.01912850336502156 0.018057430777698755 0.014545029417540019 0.20302975555260974 0.13810012964875823 0.4439894101836464 0.53272093624442429 -0.025952589549124241 0.091013501972440583 0.89144376294953476 0.31091503301214785 -0.083074097055373552 -0.20905488872546701 -0.28750133985631604 -0.07972548232559698 0.20051864972388422 -0.10499190788926943 0.28557986822491938 0.13262357918102116 -0.0018783744542222275 0.25173256969034741 0.18354109903628174 0.024454804962873458 -0.10547133354478054 -0.1018641361790384 0.32159667686275817 -0.038096669323560671 -0.15000969828287286
leaf_weight=23 89 119 465 24 1092 27 1007 33 79 99 188 21 124 295 600 85 166 74 159 109 126 38 313 44 50 823 338 23 41 1042
leaf_count=23 89 119 465 24 1092 27 1007 33 79 99 188 21 124 295 600 85 166 74 159 109 126 38 313 44 50 823 338 23 41 1042
internal_value=9.28448e-12 0.163238 -0.0885703 0.289897 -0.0432657 0.0981781 0.116601 0.407273 0.357144 0.137964 0.0228993 0.617999 0.397234 -0.00621751 -0.158532 -0.136341 -0.0355356 0.00685883 -0.0602791 0.152505 0.238362 0.264282 0.224276 0.350431 -0.152528 -0.0744275 -0.0434965 -0.00306973 0.115447 -0.16038
internal_weight=7716 2714 5002 921 3036 1793 1492 281 227 1215 277 54 203 1387 1966 1366 189 301 186 1116 640 514 351 163 1177 1649 826 488 115 1127
internal_count=7716 2714 5002 921 3036 1793 1492 281 227 1215 277 54 203 1387 1966 1366 189 301 186 1116 640 514 351 163 1177 1649 826 488 115 1127
is_linear=0
shrinkage=0.03


Tree=53
num_leaves=31
num_cat=0
split_feature=38 38 38 58 38 38 38 37 59 12 51 39 13 35 5 5 64 54 12 58 57 15 38 12 65 18 49 20 46 60
split_gain=116905 23502.4 16673.5 4086.46 4070.33 3678.49 3025.43 2745.56 3835.84 3302.05 2401.31 3567.87 2773.4 2713.47 2260 2788.78 3926.73 2083 1767.49 1815.02 1735.89 2352.02 1719.78 1709.72 3127.9 1573.53 1457.12 1446.16 1439.67 1603.12
threshold=54.350000000000001 28.950000000000003 86.250000000000014 72.850000000000009 39.050000000000004 17.350000000000005 121.50000000000001 147.15000000000001 58.535714285714292 4.9500000000000011 963.88000000000011 33.95000000000001 306.50000000000006 301.50000000000006 102.50000000000001 130.50000000000003 126.95000000000002 64.15000000000002 9.0500000000000025 73.250000000000014 370.64285714285717 984.45000000000016 58.750000000000007 6.0500000000000007 97.262857142857158 6580.5000000000009 6.9833333333333298 7899.2500000000009 18.033333333333346 46.250000000000007
decision_type=10 10 10 10 10 8 10 10 10 2 2 10 2 10 2 2 10 8 2 8 10 2 10 2 10 2 8 2 8 10
left_child=1 5 3 10 23 25 7 -4 -9 -10 11 -2 22 -13 20 16 -16 -8 19 -6 21 -5 -12 24 -3 26 -1 -17 -20 -30
right_child=2 4 6 14 18 -7 17 8 9 -11 12 13 -14 -15 15 27 -18 -19 28 -21 -22 -23 -24 -25 -26 -27 -28 -29 29 -31
leaf_value=-0.40052539382662095 -0.26646491751074791 -0.024563835992358941 0.56141285071501867 -0.050870572712738066 0.026745515379026731 -0.10905000566838048 0.78259721066270549 -0.068511238047480577 0.44138209563016889 0.25303423345805787 0.06332059353590011 0.13394499540481139 -0.064930188902295558 0.019689812355887466 0.78649412155151366 0.33688656942475409 0.2860183287637178 0.41029965689307762 0.017644647455346753 0.16664504452546436 -0.049298604112118484 0.23132370093967883 0.3269088069711803 -0.076716991471171031 0.31198445127560542 0.081566832304000844 -0.1808756757808789 0.15964098245767522 -0.063492971970527265 -0.32342419664407596
leaf_weight=28 24 564 37 32 1149 1736 21 25 125 254 28 710 26 254 21 63 43 38 122 90 34 157 109 819 26 20 930 121 81 29
leaf_count=28 24 564 37 32 1149 1736 21 25 125 254 28 710 26 254 21 63 43 38 122 90 34 157 109 819 26 20 930 121 81 29
internal_value=-3.06224e-11 -0.0719205 0.189596 0.142906 -0.0122273 -0.135265 0.341058 0.314066 0.291413 0.315154 0.112446 0.0948451 0.219128 0.10384 0.217345 0.27966 0.450237 0.542812 0.0226778 0.0369077 0.148044 0.183545 0.273037 -0.0486683 -0.00973289 -0.181797 -0.187296 0.220328 -0.0533172 -0.13202
internal_weight=7716 5594 2122 1622 2880 2714 500 441 404 379 1151 988 163 964 471 248 64 59 1471 1239 223 189 137 1409 590 978 958 184 232 110
internal_count=7716 5594 2122 1622 2880 2714 500 441 404 379 1151 988 163 964 471 248 64 59 1471 1239 223 189 137 1409 590 978 958 184 232 110
is_linear=0
shrinkage=0.03


Tree=54
num_leaves=31
num_cat=0
split_feature=38 38 38 7 38 16 14 53 59 58 21 59 43 16 12 7 12 13 38 18 17 16 32 12 6 23 38 12 22 36
split_gain=110013 21271.1 16415.4 3874.13 4958.94 3771.38 3664.77 3553.67 3531.84 2827.41 2722.89 2591.25 2566.2 2471.54 2949.96 3337.66 2386.91 2369.42 2367.43 2307.75 3594.52 2381.58 2293.8 2196.54 2276.99 2117.06 2104.81 2067.61 2064.43 1866.68
threshold=53.650000000000013 28.950000000000003 82.050000000000011 14.685000000000002 128.50000000000003 15.850000000000003 1.5500000000000003 268468.00000000006 23.950000000000006 72.850000000000009 570.00000000000011 87.871428571428581 30.133333333333336 19.050000000000004 7.4500000000000011 14.770000000000001 5.6500000000000012 314.50000000000006 36.350000000000001 3946.5000000000005 1217.5000000000002 12.850000000000003 69.050000000000011 5.3500000000000005 24.000000000000004 518.75500000000011 9.9950000000000028 7.5500000000000007 67.500000000000014 201.50000000000003
decision_type=10 10 10 2 10 2 2 2 8 10 2 10 10 2 2 2 2 2 10 2 2 2 10 2 2 2 10 2 2 10
left_child=1 8 9 11 12 6 10 18 26 19 -3 23 16 14 -10 -16 -5 -11 -7 21 28 -2 -14 -4 -25 -23 -1 -22 -21 -13
right_child=2 5 3 4 -6 7 -8 -9 13 17 -12 29 22 -15 15 -17 -18 -19 -20 20 27 25 -24 24 -26 -27 -28 -29 -30 -31
leaf_value=-0.23100509103348923 0.13583395635824552 0.046938666210010908 0.30670738435079969 0.50313074531399193 0.74448255364383964 -0.09855916453361073 -0.089243296962928639 0.11927789471470393 -0.064653827380911202 0.17756239599615375 0.33324124663347199 0.51275074907417961 0.53194751994765321 -0.14195652622992738 -0.064765656026346333 0.47674829931557178 0.30542486988997036 0.49749502811242236 -0.024005805585405389 0.13861804507546505 0.13586837175717806 0.039980428530094779 0.21238653264114421 0.22398611187934875 -0.12307186696840368 -0.17814402672462165 -0.14226475378060599 0.02677887258668914 0.37652418087060385 0.22261029217857867
leaf_weight=289 113 840 31 107 28 612 187 117 535 393 31 29 23 414 21 20 113 22 1026 59 493 107 167 27 46 64 1435 229 74 64
leaf_count=289 113 840 31 107 28 612 187 117 535 393 31 29 23 414 21 20 113 22 1026 59 493 107 167 27 46 64 1435 229 74 64
internal_value=-7.27901e-11 -0.0712896 0.179999 0.308516 0.358212 -0.013481 0.0312575 -0.0404517 -0.131207 0.127484 0.0571285 0.198026 0.331833 -0.0860454 -0.0458592 0.199387 0.401582 0.194523 -0.0518609 0.103058 0.127669 0.0289645 0.25107 0.095137 0.00529204 -0.0416568 -0.157141 0.101268 0.270987 0.313084
internal_weight=7716 5527 2189 635 438 2813 1058 1755 2714 1554 871 197 410 990 576 41 220 415 1638 1139 855 284 190 104 73 171 1724 722 133 93
internal_count=7716 5527 2189 635 438 2813 1058 1755 2714 1554 871 197 410 990 576 41 220 415 1638 1139 855 284 190 104 73 171 1724 722 133 93
is_linear=0
shrinkage=0.03


Tree=55
num_leaves=31
num_cat=0
split_feature=38 38 38 38 59 24 65 16 0 11 13 60 12 0 16 26 1 48 38 16 18 64 14 30 51 10 59 28 38 16
split_gain=103708 20905.1 14814.8 5119.9 3387.4 3090.22 3116.55 3016.1 3405.6 3425.37 2764.59 2487.72 2423.55 2331.19 2257.66 2316.57 2482.66 3023.53 2810.43 2133.66 2397.09 1977.9 1797.78 1707.05 1573.08 2881.58 1568.91 1567.97 1521.39 1381.33
threshold=47.050000000000004 74.350000000000009 23.750000000000004 97.65000000000002 33.050000000000004 1239.24 109.0138129496403 20.750000000000004 28.567144700000004 83.500000000000014 245.00000000000003 34.95000000000001 5.9500000000000011 28.662761550000003 20.250000000000004 5.5000000000000009 77.201112150000014 70.950000000000017 12.550000000000002 19.450000000000003 6421.0000000000009 42.805000000000007 0.8500000000000002 489.31666666666678 523.54000000000008 11.550000000000002 42.621428571428574 776.33333333333348 8.7200000000000024 19.650000000000002
decision_type=10 10 10 10 10 2 8 2 2 2 2 10 2 2 2 2 2 8 10 2 2 8 2 2 2 2 10 2 10 2
left_child=2 7 14 22 24 6 -5 8 10 13 -2 -7 -8 -10 15 16 18 -18 -1 20 23 -9 29 -6 27 -26 -22 -4 -17 -3
right_child=1 3 4 5 19 11 12 21 9 -11 -12 -13 -14 -15 -16 28 17 -19 -20 -21 26 -23 -24 -25 25 -27 -28 -29 -30 -31
leaf_value=0.39284720152616498 -0.12651035841814307 0.2580174086347255 -0.09651303623943587 0.00042374182492494578 -0.021886762565084931 0.73238047602422096 0.46207397424748964 -0.18851358608195656 0.18591179144407752 -0.038306201535742733 0.08160997904535662 0.31071884682029488 0.25463636412000168 0.09401494920190917 -0.19368121650638057 -0.24117225020059518 -0.1832295280179152 0.12097758274329336 -0.0057720525376498697 -0.05666157459427483 0.053435169510219406 0.038882141083204112 0.045897633504867551 0.059549251982747617 0.31711879911630048 -0.040545403016894535 0.40780035977336493 0.1438760668337345 -0.13038924084210413 0.14816432699561119
leaf_weight=20 86 457 1053 24 751 34 105 38 619 96 173 20 98 415 600 126 130 38 78 633 23 366 50 335 23 171 22 25 974 133
leaf_count=20 86 457 1053 24 751 34 105 38 619 96 173 20 98 415 600 126 130 38 78 633 23 366 50 335 23 171 22 25 974 133
internal_value=5.58685e-11 0.149313 -0.0810149 0.265486 -0.039468 0.372234 0.323711 0.0896398 0.110624 0.133113 0.0125044 0.57621 0.361932 0.149029 -0.145174 -0.123867 -0.0444209 -0.114421 0.0755788 -0.012559 0.0121244 0.0174934 0.218617 0.00323392 -0.0767853 0.00185808 0.22668 -0.0909381 -0.143079 0.233254
internal_weight=7716 2714 5002 921 3036 281 227 1793 1389 1130 259 54 203 1034 1966 1366 266 168 98 1764 1131 404 640 1086 1272 194 45 1078 1100 590
internal_count=7716 2714 5002 921 3036 281 227 1793 1389 1130 259 54 203 1034 1966 1366 266 168 98 1764 1131 404 640 1086 1272 194 45 1078 1100 590
is_linear=0
shrinkage=0.03


Tree=56
num_leaves=31
num_cat=0
split_feature=38 38 38 38 58 51 39 13 7 38 7 16 16 53 37 59 5 37 29 18 38 5 16 36 35 16 37 16 27 41
split_gain=97761.2 19676.6 13931.7 4331.89 4138.14 2897.63 4188.81 3211.16 2824.16 3381.04 2704.18 2731.27 2663.23 2183.39 2166.28 2156.65 2704.5 2047.92 1990.68 1884.13 1842.59 1770.88 2597.94 2366.4 1750.13 1695.22 1877.41 1684.72 1781.14 1614.54
threshold=54.350000000000001 32.050000000000004 92.750000000000014 19.350000000000005 72.850000000000009 931.24000000000012 33.95000000000001 306.50000000000006 14.685000000000002 128.50000000000003 9.8600000000000012 19.450000000000003 19.450000000000003 268468.00000000006 213.83333333333334 42.421428571428585 200.00000000000003 234.50000000000003 116.78571428571429 6635.5000000000009 58.750000000000007 96.500000000000014 14.050000000000002 361.50000000000006 176.50000000000003 17.450000000000003 249.50000000000003 17.550000000000004 1.0000000180025095e-35 68.750000000000014
decision_type=10 10 10 8 10 2 10 2 2 10 2 2 2 2 10 10 2 10 2 2 10 2 2 10 10 2 10 2 2 10
left_child=1 3 4 19 5 6 -2 20 14 27 17 15 -8 24 -4 -12 -17 -3 -16 25 -7 -6 23 -23 -13 26 -1 28 -10 -24
right_child=2 10 8 -5 21 7 12 -9 9 -11 11 13 -14 -15 18 16 -18 -19 -20 -21 -22 22 29 -25 -26 -27 -28 -29 -30 -31
leaf_value=-0.13876905769806916 -0.28069919109344482 -0.028035839252017195 0.41387329613169033 -0.086379993533032856 0.1467298604575917 0.054851306613002498 0.12964913366993858 -0.065319043062627313 0.53741181454697595 0.70855866449219829 0.0056575822170596311 -0.00056366647929987973 0.022869530684442377 0.10132246353273648 0.031142579580911177 0.1235080507217961 -0.027317986636898002 -0.16408321499097636 0.34567544913954207 0.13089029753208159 0.32449612626033586 0.4828857054906105 0.16564899375538031 0.16229362474381925 -0.11704361117025652 -0.1949445918746226 0.085020179537435375 0.22443613582702934 0.33210530120252385 0.44361914532525198
leaf_weight=537 27 523 36 1907 240 28 708 30 61 28 655 216 299 86 55 425 143 123 27 20 123 67 180 30 251 672 36 61 101 21
leaf_count=537 27 523 36 1907 240 28 708 30 61 28 655 216 299 86 55 425 143 123 27 20 123 67 180 30 251 672 36 61 101 21
internal_value=1.37334e-10 -0.0657688 0.173379 -0.114934 0.138112 0.10744 0.0880568 0.218173 0.340923 0.397829 -0.00137935 0.0177389 0.097944 -0.0375876 0.219877 0.0427557 0.085536 -0.0539396 0.134708 -0.157979 0.274496 0.207379 0.256225 0.383734 -0.0631685 -0.162619 -0.124709 0.358813 0.409412 0.194691
internal_weight=7716 5594 2122 3172 1753 1215 1034 181 369 251 2422 1776 1007 553 118 1223 568 646 82 1265 151 538 298 97 467 1245 573 223 162 201
internal_count=7716 5594 2122 3172 1753 1215 1034 181 369 251 2422 1776 1007 553 118 1223 568 646 82 1265 151 538 298 97 467 1245 573 223 162 201
is_linear=0
shrinkage=0.03


Tree=57
num_leaves=31
num_cat=0
split_feature=38 38 59 38 16 18 7 64 16 11 0 38 39 13 64 26 19 58 11 38 12 19 64 13 35 60 5 13 38 24
split_gain=92181.4 19851.6 12288 4499.17 3365.73 4260.87 2960.57 3647.04 2932.81 3483.03 3104.64 2873.8 2371 2359.59 2334.67 2179.53 2458.57 2045.08 1868.89 1817.07 1760.45 1653.48 1793.43 1711.49 2374.17 1708.68 1540.89 1481.69 2302.05 1106.07
threshold=45.650000000000013 74.350000000000009 26.050000000000004 97.65000000000002 19.450000000000003 6641.5000000000009 68.40000000000002 69.904172661870533 22.000000000000004 83.500000000000014 28.567144700000004 13.350000000000003 65.15000000000002 201.00000000000003 42.110000000000007 4.5000000000000009 10.035416666666668 84.15000000000002 74.500000000000014 36.350000000000001 5.9500000000000011 13.4 111.65000000000002 290.50000000000006 221.50000000000003 54.45000000000001 1727.0000000000002 116.50000000000001 38.45000000000001 70.485000000000014
decision_type=10 10 10 10 2 2 2 8 2 2 2 8 10 2 8 2 2 8 2 10 2 2 8 2 10 10 2 2 8 2
left_child=2 8 11 21 5 12 7 -5 9 10 13 -1 18 -2 -10 16 -16 -12 -4 -6 -9 23 -23 25 -25 -3 27 -13 -29 -11
right_child=1 3 4 6 19 -7 -8 20 14 29 17 26 -14 -15 15 -17 -18 -19 -20 -21 -22 22 -24 24 -26 -27 -28 28 -30 -31
leaf_value=-0.19414100346753016 -0.11590861034486442 0.24568725104782954 0.0024077679001259177 -0.06888633830845356 -0.1129726040644991 0.355221541418827 0.66211691107749937 0.43292310253801669 -0.23628369532963808 0.057853724037475407 0.1193749381711661 -0.15749149818341004 0.21649372780646539 0.075428719051922694 0.10016754182732918 0.12313837738936675 -0.13393100801712046 0.2536064855024977 -0.062215468791976307 -0.02825359949295617 0.2689973490439031 0.17653510941372763 -0.080889338898387814 0.31686140871047969 0.078521410971879951 0.45913708824860416 0.13626694585789334 -0.1026407302701617 0.20741251344030553 -0.12776141136884689
leaf_weight=519 80 302 1019 20 612 28 25 121 34 47 1064 532 38 211 66 122 104 113 666 363 115 93 33 55 119 38 22 1058 22 75
leaf_count=519 80 302 1019 20 612 28 25 121 34 47 1064 532 38 211 66 122 104 113 666 363 115 93 33 55 119 38 22 1058 22 75
internal_value=1.30764e-12 0.135982 -0.0790699 0.250443 -0.0367587 -0.0118841 0.350511 0.320081 0.0809623 0.0977687 0.110569 -0.132642 -0.0178498 0.0228274 -0.00100776 0.0263874 -0.0430457 0.132262 -0.0231347 -0.0814311 0.353044 0.206507 0.109114 0.230382 0.153859 0.269543 -0.113108 -0.116511 -0.0963248 -0.0562539
internal_weight=7716 2837 4879 921 2726 1751 281 256 1916 1590 1468 2153 1723 291 326 292 170 1177 1685 975 236 640 126 514 174 340 1634 1612 1080 122
internal_count=7716 2837 4879 921 2726 1751 281 256 1916 1590 1468 2153 1723 291 326 292 170 1177 1685 975 236 640 126 514 174 340 1634 1612 1080 122
is_linear=0
shrinkage=0.03


Tree=58
num_leaves=31
num_cat=0
split_feature=38 38 38 38 7 59 19 7 12 18 12 37 10 12 41 0 19 30 19 35 19 35 18 45 18 20 24 32 38 12
split_gain=86843.6 17435.2 12397.4 3873.06 3647.17 3964.53 3225.81 2755.04 2809.08 2802.87 2701.92 2837.42 2824.66 2698.4 2677.49 2652.65 2953.45 3308.84 3646.78 2540.41 2461.48 2321.01 2309.57 1822.6 2280.17 2789.2 2090.56 1475.96 1807.65 1438.65
threshold=54.350000000000001 32.050000000000004 86.250000000000014 19.850000000000005 80.700000000000017 60.864285714285721 11.104166666666668 24.925000000000001 4.9500000000000011 3946.5000000000005 6.4500000000000011 325.50000000000006 21.750000000000004 4.9500000000000011 38.45000000000001 28.557231250000005 9.4416666666666682 376.7766666666667 8.5520833333333339 319.50000000000006 8.4437500000000014 208.50000000000003 6641.5000000000009 7.3050000000000006 4191.5000000000009 9969.0000000000018 61.840000000000003 203.25000000000003 8.7200000000000024 10.15
decision_type=10 10 10 8 2 10 2 2 2 2 2 10 2 2 10 2 2 2 2 10 2 10 2 8 2 2 2 10 10 2
left_child=1 3 6 22 5 -4 7 10 14 -10 11 -2 -12 19 -9 21 17 -17 -19 -7 -15 -3 27 -8 26 -26 -25 28 -1 -5
right_child=2 15 4 29 -6 13 23 8 9 -11 12 -13 -14 20 -16 16 -18 18 -20 -21 -22 -23 -24 24 25 -27 -28 -29 -30 -31
leaf_value=-0.23040094865043645 0.23425569592043757 -0.0077964233314120317 -0.069729703239032187 -0.070188901174985247 0.67168859337541187 0.56133020275517509 -0.11999063056248885 0.64391889494199017 -0.012386972132851096 0.22890426609936793 0.07504946589628432 0.019686739391360716 -0.25005300694498522 0.33881025882709459 0.19423493994907898 -0.0081788526184577992 -0.0047951642881079969 0.085958999254593133 0.35004551735304462 0.30246712895351296 0.16883253806804466 -0.13667928083903258 0.17277779763936996 0.2001522609252821 0.2174805395246025 0.072870940221639882 -0.028889009753991033 0.097439083201544624 -0.1391667524024186 -0.15163577441050596
leaf_weight=240 192 301 28 1616 22 57 39 26 51 288 141 78 29 144 22 187 1488 164 66 85 164 216 20 44 189 329 194 21 1053 222
leaf_count=240 192 301 28 1616 22 57 39 26 51 288 141 78 29 144 22 187 1488 164 66 85 164 216 20 44 189 329 194 21 1053 222
internal_value=1.3542e-10 -0.0619877 0.163412 -0.108268 0.294015 0.276632 0.123152 0.164632 0.223017 0.192604 0.11328 0.172269 0.0195908 0.298184 0.437814 -0.00137647 0.0149793 0.0855416 0.16174 0.406377 0.248303 -0.061643 -0.147179 0.0800012 0.0903182 0.125634 0.0134548 -0.152049 -0.156101 -0.0800263
internal_weight=7716 5594 2122 3172 500 478 1622 827 387 339 440 270 170 450 48 2422 1905 417 230 142 308 517 1334 795 756 518 238 1314 1293 1838
internal_count=7716 5594 2122 3172 500 478 1622 827 387 339 440 270 170 450 48 2422 1905 417 230 142 308 517 1334 795 756 518 238 1314 1293 1838
is_linear=0
shrinkage=0.03


Tree=59
num_leaves=31
num_cat=0
split_feature=39 39 58 19 6 6 6 58 12 25 47 11 12 64 35 12 53 28 21 16 35 51 36 19 12 47 26 1 1 64
split_gain=71322.3 14478.7 8792.32 5178.53 5082.93 5004.23 4885.53 4749.43 4400.09 3571.94 3441.51 2957.25 2776.14 2572.42 2527.48 2355.6 2565.15 2345.38 2286.04 2248.84 2579.4 3121.73 2233.58 2163.52 2126.39 2077.91 1980.8 3151.49 2267.04 2232.77
threshold=53.350000000000001 28.250000000000004 74.65000000000002 10.887500000000001 491.66500000000002 578.1350000000001 556.07000000000005 53.45000000000001 6.3500000000000005 5.5000000000000009 155.10820143884897 23.500000000000004 10.15 150.95000000000002 349.50000000000006 6.0500000000000007 268468.00000000006 130.50000000000003 1170.0000000000002 26.500000000000004 179.50000000000003 166.86000000000004 226.50000000000003 8.5937500000000018 4.2500000000000009 125.53773381294965 5.5000000000000009 77.192309650000013 77.232522700000018 121.15000000000002
decision_type=10 10 8 2 2 2 2 10 2 2 10 2 2 8 10 2 2 2 2 2 10 2 10 2 2 10 2 2 2 8
left_child=1 12 3 4 8 6 -6 15 14 -7 19 -9 26 -13 -2 18 -17 -10 23 20 21 -4 25 -3 -24 -5 27 29 -29 -1
right_child=2 7 10 22 5 9 -8 11 17 -11 -12 13 -14 -15 -16 16 -18 -19 -20 -21 -22 -23 24 -25 -26 -27 -28 28 -30 -31
leaf_value=0.0045251259924127506 0.25115510815422826 0.10461567766810285 0.16554439177364111 0.078611814806963692 0.31902222532559843 0.24020191763881998 0.87225308293104176 0.32949670986549273 -0.062422526830627066 -0.079282089965908145 0.32272905534921353 0.017655965559184552 -0.18788385823628179 0.19479409497845301 0.00021544688381254672 -0.067191200825297434 0.08653244961545152 0.22737031167745589 0.2678515574233285 -0.020917259732430631 0.16212716143646308 0.46675096525344995 0.11596069834186035 -0.020870564465544052 -0.042297023121154284 0.32795238903977658 -0.11288140280234535 -0.17693275853289361 -0.016321635958221222 0.33477099104225633
leaf_weight=234 146 145 60 340 51 184 20 37 155 38 234 390 345 91 48 1247 106 30 29 44 356 64 103 840 296 33 1704 191 135 20
leaf_count=234 146 145 60 340 51 184 20 37 155 38 234 390 345 91 48 1247 106 30 29 44 356 64 103 840 296 33 1704 191 135 20
internal_value=1.07525e-10 -0.0576385 0.144332 0.100899 0.161792 0.25563 0.474862 -0.0112325 0.089247 0.185515 0.227072 0.0710492 -0.108563 0.0511686 0.189067 -0.0292392 -0.0551478 -0.0154291 0.00533106 0.184354 0.203171 0.321006 0.0478944 -0.00239797 -0.00144353 0.100671 -0.096582 -0.0486953 -0.110422 0.0305287
internal_weight=7716 5514 2202 1444 672 293 71 2885 379 222 758 518 2629 481 194 2367 1353 185 1014 524 480 124 772 985 399 373 2284 580 326 254
internal_count=7716 5514 2202 1444 672 293 71 2885 379 222 758 518 2629 481 194 2367 1353 185 1014 524 480 124 772 985 399 373 2284 580 326 254
is_linear=0
shrinkage=0.03


Tree=60
num_leaves=31
num_cat=0
split_feature=38 38 38 38 24 22 19 38 59 35 64 0 35 12 9 20 0 12 31 7 12 19 10 18 14 5 40 51 6 28
split_gain=77772.7 16997.1 10457.1 3895.92 2747.24 2954.12 2612.95 2595.07 2521.9 2050.08 2178.27 1990.62 1974.32 2618.73 1978.63 1950.98 1808.13 1783.77 2079.66 1939.5 1689.55 1842.91 1524.89 2500.15 1482.95 1429.86 1323.15 1293.42 3451.45 1975.74
threshold=45.650000000000013 74.350000000000009 22.950000000000003 97.65000000000002 1239.24 161.00000000000003 10.035416666666668 60.250000000000007 36.346428571428582 268.50000000000006 113.95000000000002 28.632526500000001 393.50000000000006 4.2500000000000009 19.650000000000002 12134.000000000002 28.496097500000001 7.6500000000000012 1995.6807142857144 40.605000000000011 8.8500000000000032 15.275000000000002 19.750000000000004 5808.0000000000009 0.95000000000000007 28.500000000000004 7.5766666666666671 556.2650000000001 570.70000000000016 776.33333333333348
decision_type=10 10 10 10 2 2 2 10 10 10 10 2 10 2 2 2 2 2 2 2 2 2 2 2 2 2 10 2 2 2
left_child=2 7 17 24 5 11 -6 16 27 10 -10 -5 13 -9 -15 -12 -2 18 22 -20 21 -18 23 -1 -3 -11 -24 29 -29 -4
right_child=1 3 8 4 6 -7 -8 12 9 25 15 -13 -14 14 -16 -17 20 -19 19 -21 -22 -23 26 -25 -26 -27 -28 28 -30 -31
leaf_value=-0.077481886072737441 -0.15799429032363388 0.2024899714780079 -0.077454621547804872 0.070560566671192648 0.34978462728587062 0.032938873896727693 0.77785721574510847 0.26284383514134779 -0.0037725334613512773 -0.28119636554270983 0.27820919445582798 0.36286344246063601 -0.035097997976200924 -0.14462096237060096 0.11837851640418683 0.023063828989863394 0.099142264617834139 -0.16499494140092733 0.28580773060736447 -0.080359844088554386 -0.02979224515889577 0.0094354953217290084 -0.26182735059410334 0.25784347819245379 0.023878598868846895 -0.059092367537319654 -0.12005629771427581 0.33573757867813109 -0.036074694496252245 0.16847764705121515
leaf_weight=154 38 595 1469 24 33 37 21 115 958 30 49 166 70 27 554 60 615 744 23 30 187 310 64 23 45 200 798 25 222 30
leaf_count=154 38 595 1469 24 33 37 21 115 958 30 49 166 70 27 554 60 615 744 23 30 187 310 64 23 45 200 798 25 222 30
internal_value=3.68987e-11 0.124903 -0.0726278 0.230816 0.323934 0.278183 0.516257 0.0739925 -0.0385127 -0.00682527 0.010686 0.325941 0.116772 0.132046 0.106157 0.137762 0.0454979 -0.129171 -0.104763 0.0785431 0.0524518 0.0690784 -0.114113 -0.0339085 0.189931 -0.0880625 -0.130582 -0.0620513 0.00155813 -0.0725327
internal_weight=7716 2837 4879 921 281 227 54 1916 3043 1297 1067 190 766 696 581 109 1150 1836 1092 53 1112 925 1039 177 640 230 862 1746 247 1499
internal_count=7716 2837 4879 921 281 227 54 1916 3043 1297 1067 190 766 696 581 109 1150 1836 1092 53 1112 925 1039 177 640 230 862 1746 247 1499
is_linear=0
shrinkage=0.03


Tree=61
num_leaves=31
num_cat=0
split_feature=38 38 59 38 16 18 7 64 36 38 16 11 0 64 65 62 26 19 0 38 38 21 5 59 5 20 18 58 11 62
split_gain=73176.4 15992.6 9861.54 3665.67 3013.32 3806.23 2686.63 3250.84 2529.11 2686.84 2509.8 3147.51 2769.46 2141.03 2059.89 2346.31 2052.42 2166.11 1909.59 1653.42 1531.44 1474.05 1471.1 1458.58 2563.31 1829.65 1968.97 1444.52 1338.92 1191.68
threshold=45.650000000000013 74.350000000000009 26.050000000000004 97.65000000000002 19.450000000000003 6641.5000000000009 68.40000000000002 69.904172661870533 361.50000000000006 9.9950000000000028 22.000000000000004 83.500000000000014 28.567144700000004 42.110000000000007 102.02142857142857 39.750000000000007 4.5000000000000009 10.035416666666668 28.662761550000003 108.50000000000001 36.350000000000001 58.500000000000007 1727.0000000000002 58.535714285714292 242.00000000000003 11103.250000000002 4335.5000000000009 73.250000000000014 68.500000000000014 18.097805755395687
decision_type=10 10 10 10 2 2 2 8 10 8 2 2 2 8 10 10 2 2 2 10 10 2 2 10 2 2 2 10 2 10
left_child=2 10 8 23 5 14 7 -5 9 -1 11 12 27 -12 21 -16 17 -15 -14 -9 -6 -4 -11 24 29 28 -27 -2 -25 -3
right_child=1 3 4 6 20 -7 -8 19 -10 22 13 -13 18 16 15 -17 -18 -19 -20 -21 -22 -23 -24 25 -26 26 -28 -29 -30 -31
leaf_value=-0.20645045029229878 -0.011592603164917302 0.059554220695387232 -0.049878094763564217 -0.082003941269824271 -0.10377033067686545 0.33795941026083059 0.61105551323890683 0.22765410233395439 0.20156902463598683 -0.11129920928907872 -0.22936316591851852 -0.059096298834583796 0.15118801609093252 0.089226092489605599 0.40169544198683327 0.041299419086426495 0.11606616358165858 -0.13050800710386773 0.073193022613146697 0.38744019328979135 -0.025994437725344779 0.0072262559407045273 0.13549936790357936 0.27342797764302651 0.34740414100885386 -0.15470283669233323 0.15897514085414002 0.17498275668106295 0.14067282732079767 -0.23391747933626175
leaf_weight=291 247 33 848 20 612 28 25 105 22 1818 34 122 706 66 21 72 122 104 471 131 363 782 22 275 20 20 181 44 91 20
leaf_count=291 247 33 848 20 612 28 25 105 22 1818 34 122 706 66 21 72 122 104 471 131 363 782 22 275 20 20 181 44 91 20
internal_value=7.87366e-11 0.121156 -0.070449 0.223891 -0.0325448 -0.00900838 0.314216 0.285228 -0.118441 -0.121745 0.0717727 0.08732 0.0994881 -0.00405579 -0.0146469 0.122679 0.0221786 -0.0451995 0.119977 0.316349 -0.0748138 -0.022482 -0.108348 0.184233 0.058014 0.200484 0.127763 0.0166181 0.240421 -0.0511898
internal_weight=7716 2837 4879 921 2726 1751 281 256 2153 2131 1916 1590 1468 326 1723 93 292 170 1177 236 975 1630 1840 640 73 567 201 291 366 53
internal_count=7716 2837 4879 921 2726 1751 281 256 2153 2131 1916 1590 1468 326 1723 93 292 170 1177 236 975 1630 1840 640 73 567 201 291 366 53
is_linear=0
shrinkage=0.03


Tree=62
num_leaves=31
num_cat=0
split_feature=59 59 59 31 22 16 11 19 9 40 39 13 7 11 32 64 16 11 20 16 56 23 47 40 31 35 35 33 21 32
split_gain=65940.8 12961.6 8651.2 5859.94 3742.91 3475.57 4421.41 3028.86 3656.47 3129.24 2896.96 2884.41 3228.36 2588.5 2573.77 2540.54 2457.07 2431.34 2417.67 2346.71 2096.31 2002.71 1996.4 1807.51 1675.35 1618.12 1518.31 1429 1403.81 1355.37
threshold=52.578571428571429 26.050000000000004 87.871428571428581 2618.0035714285718 271.00000000000006 22.200000000000006 69.500000000000014 10.035416666666668 19.450000000000003 96.600000000000023 53.350000000000001 291.50000000000006 26.675000000000004 12.000000000000002 209.50000000000003 108.35000000000001 17.250000000000004 54.500000000000007 15244.000000000002 16.650000000000002 34.750000000000007 13669.565000000001 92.050000000000011 10.255000000000001 294.32714285714275 336.50000000000006 315.50000000000006 78.450000000000017 132.50000000000003 51.850000000000001
decision_type=10 10 10 2 2 2 2 2 2 10 10 2 2 2 10 8 2 2 2 2 10 2 10 8 2 10 10 10 2 10
left_child=1 14 7 4 22 6 10 11 -9 18 20 12 16 -7 23 27 -2 -14 -10 -12 -3 29 -4 -1 28 -24 -17 -13 -8 -15
right_child=2 5 3 -5 -6 13 24 8 9 -11 19 15 17 21 -16 26 -18 -19 -20 -21 -22 -23 25 -25 -26 -27 -28 -29 -30 -31
leaf_value=-0.18906693401553415 0.21175033055441944 0.30986909051026612 0.016532959830429819 -0.23530889672040939 0.61909418132284588 0.20243490257965666 -0.034411761793562458 -0.15886222306706688 0.11049452342378505 0.4635862544775009 0.22649727780403367 0.14634164258837698 0.24735095755941061 -0.050398486325517293 0.15378652389161288 0.21847501585911958 0.026567176483139131 0.5325340380705893 0.0070248796265158387 0.021596719304342631 0.007863751438432192 0.18261003372461898 0.33892317121790855 -0.10667906920154686 -0.11016798022319561 0.1987707459453959 -0.031460382054959019 -0.099886040830913972 0.20391157270773597 -0.1404461803390574
leaf_weight=275 152 21 27 20 29 28 677 55 822 20 111 29 169 260 32 100 112 32 270 92 1382 23 194 1865 312 120 28 79 23 357
leaf_count=275 152 21 27 20 29 28 677 55 822 20 111 29 169 260 32 100 112 32 270 92 1382 23 194 1865 312 120 28 79 23 357
internal_value=1.2679e-10 -0.0564089 0.136351 0.264865 0.291902 -0.0188225 -0.00323765 0.109519 0.0799122 0.0917221 0.0277105 0.158808 0.202161 -0.0799022 -0.113273 0.0733878 0.133188 0.292753 0.0849114 0.133636 0.0123841 -0.0922545 0.264076 -0.117266 -0.052351 0.285362 0.163802 -0.0337693 -0.0265811 -0.102501
internal_weight=7716 5458 2258 390 370 3286 2618 1868 1167 1112 1606 701 465 668 2172 236 264 201 1092 203 1403 640 341 2140 1012 314 128 108 700 617
internal_count=7716 5458 2258 390 370 3286 2618 1868 1167 1112 1606 701 465 668 2172 236 264 201 1092 203 1403 640 341 2140 1012 314 128 108 700 617
is_linear=0
shrinkage=0.03


Tree=63
num_leaves=31
num_cat=0
split_feature=59 59 59 31 53 16 22 17 9 12 13 13 36 10 29 35 32 41 39 32 62 40 32 52 12 5 64 32 59 13
split_gain=62043.7 12195.6 8139.91 5513.62 4054.16 5154.46 3521.7 3018.44 5068 2821.85 2867.26 4920.34 2717.88 3195.06 2631.78 2483.84 2421.66 2153.41 2039.99 1818.66 2132.91 1700.69 1520.32 1477.86 1401.17 1392.12 1361.01 1338.13 1300.58 1236.27
threshold=52.578571428571429 26.050000000000004 87.871428571428581 2618.0035714285718 268468.00000000006 22.200000000000006 271.00000000000006 1680.0000000000002 25.150000000000002 4.2500000000000009 156.50000000000003 290.50000000000006 241.50000000000003 15.450000000000001 452.07142857142861 180.50000000000003 209.50000000000003 31.050000000000004 87.15000000000002 268.50000000000006 9.5050000000000008 10.255000000000001 50.350000000000001 22902.500000000004 5.3500000000000005 1727.0000000000002 110.55000000000001 225.50000000000003 43.478571428571435 116.50000000000001
decision_type=10 10 10 2 2 2 2 2 2 2 2 2 8 2 2 10 10 10 10 10 8 8 10 2 2 2 8 10 10 2
left_child=1 16 9 6 5 7 17 14 -9 19 12 18 13 -11 -3 -13 21 24 -12 20 -2 -1 28 -6 -4 29 -19 -14 -7 -23
right_child=2 4 3 -5 23 22 -8 8 -10 10 11 15 27 -15 -16 -17 -18 26 -20 -21 -22 25 -24 -25 -26 -27 -28 -29 -30 -31
leaf_value=-0.18339492596983908 -0.0052770001205958818 -0.040671113870048618 0.403686856634833 -0.22824961790442466 -0.013917569166847636 -0.078384911627351977 0.60052136011164758 0.47597471981106892 0.025052494809312726 0.35375116309288013 0.15717861940826605 0.14743989229586441 -0.03149952967238847 0.044905685431050849 0.13181328460175012 0.0051958766546757774 0.14917293017730116 0.3526617623063234 0.33838794427258628 -0.071468224097853111 0.23483228757478936 -0.14109660942283203 -0.14492156766248601 0.19693231234472477 0.24814218396534685 0.13940046467951367 0.10951391421477584 -0.25361916726827621 0.10648463953195549 -0.088931862595188732
leaf_weight=275 38 1525 91 20 42 208 29 23 909 34 497 160 131 266 84 357 32 26 63 23 269 612 350 104 122 21 102 30 41 1232
leaf_count=275 38 1525 91 20 42 208 29 23 909 34 497 160 131 266 84 357 32 26 63 23 269 612 350 104 122 21 102 30 41 1232
internal_value=2.03953e-10 -0.0547166 0.13226 0.256919 -0.0182579 -0.0254432 0.283145 -0.00678119 0.0361804 0.106234 0.0891541 0.115953 0.0265454 0.0799082 -0.0316663 0.0492172 -0.109875 0.256154 0.177565 0.185835 0.205112 -0.113748 -0.104609 0.136277 0.314596 -0.103479 0.158903 -0.0728883 -0.0479445 -0.106245
internal_weight=7716 5458 2258 390 3286 3140 370 2541 932 1868 1538 1077 461 300 1609 517 2172 341 560 330 307 2140 599 146 213 1865 128 161 249 1844
internal_count=7716 5458 2258 390 3286 3140 370 2541 932 1868 1538 1077 461 300 1609 517 2172 341 560 330 307 2140 599 146 213 1865 128 161 249 1844
is_linear=0
shrinkage=0.03


Tree=64
num_leaves=31
num_cat=0
split_feature=38 38 38 38 19 60 7 18 6 7 38 16 14 15 41 24 32 16 16 0 29 39 31 5 35 19 6 57 10 18
split_gain=61891.7 15054.1 7494.53 3592.43 2440.93 2518.66 2489.55 2448.55 2932.58 2366.62 2996.67 2297.53 2547.63 2261.59 3145.02 2926.26 2080.97 1904.94 1879.64 1869.66 1851.16 1920.88 1746.01 1850.16 1658.48 1938.47 1636.83 2290.89 1566.81 1546.23
threshold=58.45000000000001 34.750000000000007 92.750000000000014 22.450000000000003 10.727083333333335 33.050000000000004 24.925000000000001 6482.5000000000009 528.45500000000015 14.685000000000002 128.50000000000003 15.850000000000003 1.5500000000000003 992.25000000000011 10.65 124.97500000000001 86.15000000000002 20.400000000000002 22.200000000000006 28.545960750000003 116.78571428571429 83.450000000000017 1995.6807142857144 333.50000000000006 208.50000000000003 10.502083333333335 892.40000000000009 187.64285714285717 19.150000000000002 3620.0000000000005
decision_type=10 10 10 10 2 8 2 2 2 2 10 2 2 2 10 2 10 2 2 2 2 10 2 2 10 2 2 10 2 2
left_child=1 3 4 17 6 26 7 8 -2 16 -11 12 13 14 -3 -15 -4 22 -7 -8 21 -18 28 -24 25 -13 -6 -28 -1 -21
right_child=2 11 9 -5 5 18 19 -9 -10 10 -12 24 -14 15 -16 -17 20 -19 -20 29 -22 -23 23 -25 -26 -27 27 -29 -30 -31
leaf_value=-0.019685544571174041 0.16821096677297637 0.40580777406692503 0.40573465118408203 -0.05627789470560951 0.095010788970607871 0.045282733447096317 -0.035393233746290206 -0.13382154343759312 -0.063919033428718297 0.28891567085055225 0.6181813566173826 0.094471234936041357 -0.077149949115811883 0.14888192911148071 0.084862690203332591 -0.07567733328096396 -0.23504723954200743 -0.1649914500441832 -0.18022493357721125 0.062408124873271346 0.30135615476540151 0.1183042410860459 0.29727535238116981 -0.05762382637386998 -0.056685878157342072 -0.011196419784067733 0.44939410516331274 0.1433900190654554 -0.11860095201622275 0.26416583838344748
leaf_weight=168 315 29 25 1771 294 267 24 34 58 223 28 198 126 75 524 172 20 520 38 39 28 45 20 39 497 741 31 76 1014 277
leaf_count=168 315 29 25 1771 294 267 24 34 58 223 28 198 126 75 524 172 20 520 38 39 28 45 20 39 497 741 31 76 1014 277
internal_value=1.5877e-10 -0.0472401 0.152817 -0.0864479 0.122155 0.0821586 0.159957 0.1099 0.132116 0.273554 0.325647 0.0113891 0.0482346 0.0679826 0.101693 -0.00749132 0.162746 -0.116789 0.0171867 0.219878 0.0974271 0.00958071 -0.0965917 0.062681 -0.0123706 0.0110849 0.131576 0.232045 -0.104542 0.239265
internal_weight=7716 5894 1822 3532 1453 706 747 407 373 369 251 2362 926 800 553 247 118 1761 305 340 93 65 1241 59 1436 939 401 107 1182 316
internal_count=7716 5894 1822 3532 1453 706 747 407 373 369 251 2362 926 800 553 247 118 1761 305 340 93 65 1241 59 1436 939 401 107 1182 316
is_linear=0
shrinkage=0.03


Tree=65
num_leaves=31
num_cat=0
split_feature=38 38 38 38 13 0 9 16 16 6 10 43 29 23 59 46 21 35 16 39 64 20 10 16 31 5 28 53 10 18
split_gain=58400.1 12989.5 7883.86 2975.83 2249.14 2826.19 2624.61 2859.13 2189.73 2710.05 2348.58 2110.99 2078.93 2005.83 1969.01 1964.29 2174.1 1927.21 2020.75 3218.51 1863.42 1707.09 2041.39 1634.26 1748.61 1641.36 1613.33 1554.61 1473.65 2368.66
threshold=45.650000000000013 74.350000000000009 22.950000000000003 115.50000000000001 156.50000000000003 28.567144700000004 18.600000000000005 25.450000000000003 13.750000000000002 953.11000000000013 26.150000000000002 67.416666666666671 70.285714285714292 2099.0300000000002 36.346428571428582 35.283333333333339 106.50000000000001 268.50000000000006 14.750000000000002 59.150000000000013 113.95000000000002 20039.500000000004 26.150000000000002 20.400000000000002 1995.6807142857144 333.50000000000006 105.83333333333333 44282.100000000006 19.750000000000004 5808.0000000000009
decision_type=10 10 10 10 2 2 2 2 2 2 2 10 2 2 10 10 2 10 2 10 10 2 2 2 2 2 2 2 2 2
left_child=2 4 23 8 5 -2 -6 11 13 12 -11 -8 -10 26 -4 -5 -17 18 19 -16 -20 27 -23 24 28 -26 -3 -7 29 -1
right_child=1 3 14 15 6 21 7 -9 9 10 -12 -13 -14 -15 17 16 -18 -19 20 -21 -22 22 -24 -25 25 -27 -28 -29 -30 -31
leaf_value=-0.064210434364720001 -0.14670988219923206 0.19771582718872655 -0.054112800942736933 0.13760437130928038 -0.10891426138021051 -0.17313860870897768 0.096209389342164456 -0.077286350154658637 0.22507856540077803 0.30806311586441898 0.021160282026976347 0.2707461371560666 0.065460438690825323 0.020619603663682939 0.053466432078985306 0.30440828631563882 0.64734530504260746 -0.084079706566084336 -0.027134982002391537 0.44123987095696587 0.11978926455152446 -0.17207108014728872 0.089935285638531898 -0.1555930678908363 0.2774863226498876 -0.048663300363028919 0.35269581675300232 0.086659097388843309 -0.11600878743386187 0.25930607510649639
leaf_weight=178 84 113 1746 26 60 22 1133 82 98 130 32 66 293 30 233 41 28 230 726 21 87 64 46 545 21 41 130 359 1028 23
leaf_count=178 84 113 1746 26 60 22 1133 82 98 130 32 66 293 30 233 41 28 230 726 21 87 64 46 545 21 41 130 359 1028 23
internal_value=6.01632e-11 0.108235 -0.0629356 0.200823 0.0637289 0.0140911 0.0850128 0.094096 0.182535 0.148215 0.251391 0.105817 0.105467 0.252055 -0.0333138 0.359833 0.443571 -0.00531453 0.0116639 0.0855264 -0.0114125 0.0416009 -0.0625048 -0.112031 -0.0936409 0.0618067 0.280627 0.0716577 -0.101483 -0.0271911
internal_weight=7716 2837 4879 921 1916 575 1341 1281 826 553 162 1199 391 273 3043 95 69 1297 1067 254 813 491 110 1836 1291 62 243 381 1229 201
internal_count=7716 2837 4879 921 1916 575 1341 1281 826 553 162 1199 391 273 3043 95 69 1297 1067 254 813 491 110 1836 1291 62 243 381 1229 201
is_linear=0
shrinkage=0.03


Tree=66
num_leaves=31
num_cat=0
split_feature=38 38 38 38 53 18 39 19 7 38 16 14 15 59 28 32 29 39 48 35 19 16 10 47 16 59 22 20 0 38
split_gain=55074.1 13358.5 6701.52 3165.68 2349.26 3434.72 3674.68 3091.59 2196.08 2719.17 2088.58 2370.3 2113.93 2127.04 1988.17 1926 1713.36 1792.26 1681.82 1548.08 1788.05 1538.6 2347.02 2903.43 1523.47 1952.49 3479.02 1508.31 1497.09 1361.6
threshold=58.45000000000001 34.750000000000007 92.750000000000014 19.350000000000005 271041.00000000006 6421.0000000000009 35.350000000000001 10.727083333333335 14.685000000000002 128.50000000000003 15.850000000000003 1.5500000000000003 992.25000000000011 58.178571428571438 43.500000000000007 86.15000000000002 116.78571428571429 83.450000000000017 137.70000000000002 208.50000000000003 10.502083333333335 17.450000000000003 18.800000000000001 18.550000000000001 19.050000000000004 40.035714285714292 136.50000000000003 22809.750000000004 28.643240000000002 8.7200000000000024
decision_type=10 10 10 8 2 2 10 2 2 10 2 2 2 10 2 10 2 10 10 10 2 2 2 10 2 8 2 2 2 10
left_child=1 3 4 21 5 6 -2 -8 15 27 11 12 13 -3 -14 -4 17 -17 -7 20 -12 22 23 -1 25 -5 -27 -10 -21 -23
right_child=2 10 8 24 -6 18 7 -9 9 -11 19 -13 14 -15 -16 16 -18 -19 -20 28 -22 29 -24 -25 -26 26 -28 -29 -30 -31
leaf_value=0.37365932643413541 -0.22656712068451773 0.074491567869205022 0.38535041112899776 -0.052351236832607326 0.32853828555345532 -0.0031494963401928542 0.17417379328461369 0.081664917558501166 0.30186168237386013 0.5871667951558317 0.090759977087322058 -0.075145488934414015 0.13429868268508177 0.2483074741324805 -0.058988758098784386 -0.23206435404717921 0.28493718614311159 0.10925195328394571 -0.32081172287464138 -0.11067501680973868 -0.010725068791546983 -0.23338056873423713 -0.1062657391070526 -0.045470655198373337 -0.092980713113296379 -0.018418646224814914 0.35360879604518414 0.05875395767390728 -0.0062806814373996024 -0.12851149657045255
leaf_weight=21 27 480 25 1326 45 60 638 663 197 28 198 126 65 73 182 20 28 45 20 231 741 140 507 51 819 92 30 26 266 546
leaf_count=21 27 480 25 1326 45 60 638 663 197 28 198 126 65 73 182 20 28 45 20 231 741 140 507 51 819 92 30 26 266 546
internal_value=4.50181e-11 -0.0445624 0.144155 -0.0814962 0.115161 0.108341 0.119841 0.127031 0.258325 0.308506 0.0106664 0.0457965 0.0648448 0.0974365 -0.00812364 0.151585 0.0887451 0.00423155 -0.0825651 -0.011987 0.0106743 -0.119517 -0.0835041 0.0767756 -0.0602802 -0.0417845 0.0730635 0.273517 -0.054802 -0.149913
internal_weight=7716 5894 1822 3532 1453 1408 1328 1301 369 251 2362 926 800 553 247 118 93 65 80 1436 939 1265 579 72 2267 1448 122 223 497 686
internal_count=7716 5894 1822 3532 1453 1408 1328 1301 369 251 2362 926 800 553 247 118 93 65 80 1436 939 1265 579 72 2267 1448 122 223 497 686
is_linear=0
shrinkage=0.03


Tree=67
num_leaves=31
num_cat=0
split_feature=38 38 38 38 47 7 38 16 9 19 20 11 26 35 20 16 37 12 18 29 39 18 48 36 62 16 31 5 20 19
split_gain=51853 11619.5 7006.14 3365.84 2115.11 2066.29 2558.46 1952.32 2701.92 2522.6 2159.15 1889.37 6176.87 2449.52 2125.2 1998.6 1653.4 1607.21 1575.36 1555.1 1509.87 1746.23 2361.37 1807.5 1720.19 1438.47 1520.94 1579.99 1419.17 1167.04
threshold=45.650000000000013 69.65000000000002 22.950000000000003 92.750000000000014 51.306046511627912 14.685000000000002 128.50000000000003 13.050000000000002 19.650000000000002 9.4416666666666682 7638.5000000000009 68.500000000000014 1.5000000000000002 137.50000000000003 9486.2500000000018 17.450000000000003 213.83333333333334 4.8500000000000005 6641.5000000000009 116.78571428571429 52.650000000000013 6421.0000000000009 137.70000000000002 226.50000000000003 18.550000000000004 19.350000000000005 1995.6807142857144 333.50000000000006 22809.750000000004 10.325000000000001
decision_type=10 10 10 10 8 2 10 2 2 2 2 2 2 10 2 2 10 2 2 2 10 2 8 10 10 2 2 2 2 2
left_child=2 4 18 20 -2 16 28 10 -9 -10 -6 12 -4 15 -15 -14 -5 29 25 -18 24 23 -23 -22 -3 26 -1 -28 -7 -13
right_child=1 3 11 5 7 6 -8 8 9 -11 -12 17 13 14 -16 -17 19 -19 -20 -21 21 22 -24 -25 -26 -27 27 -29 -30 -31
leaf_value=-0.095773684726132513 0.35891506670415396 0.13970054540369245 0.48822958759286184 0.31652031997839608 0.072053209550272335 0.29280583147096639 0.56955177828669545 -0.1495093625797225 0.10593916673386203 0.013708109684063699 0.25178391928881305 0.13635679836919967 0.11792703112984289 0.021516885825709164 -0.064416524062331407 -0.0077123795906760247 -0.018905718928033655 -0.0790751356532675 0.12627580254696882 0.25909347264717025 0.23349176877264408 0.16182436766162994 -0.23454327881336209 0.12926372325505045 -0.21766648975285616 -0.14384236043018409 0.27178145031843864 -0.072455419935286036 0.056991338672546236 -0.025152711183813754
leaf_weight=1092 20 27 22 36 275 197 28 70 385 870 77 47 183 364 898 302 55 946 26 27 227 31 24 440 22 669 21 28 26 281
leaf_count=1092 20 27 22 36 275 197 28 70 385 870 77 47 183 364 898 302 55 946 26 27 227 31 24 440 22 669 21 28 26 281
internal_value=5.30495e-11 0.101988 -0.059303 0.176063 0.0522259 0.250576 0.299251 0.0485683 0.0318845 0.0420021 0.111369 -0.0313788 -0.0113179 -0.0176087 -0.0396307 0.0396938 0.147038 -0.0592341 -0.105585 0.0726306 0.140401 0.151338 -0.0111361 0.164736 -0.02075 -0.108915 -0.0884366 0.0750747 0.265312 -0.00200958
internal_weight=7716 2837 4879 1140 1697 369 251 1677 1325 1255 352 3043 1769 1747 1262 485 118 1274 1836 82 771 722 55 667 49 1810 1141 49 223 328
internal_count=7716 2837 4879 1140 1697 369 251 1677 1325 1255 352 3043 1769 1747 1262 485 118 1274 1836 82 771 722 55 667 49 1810 1141 49 223 328
is_linear=0
shrinkage=0.03


Tree=68
num_leaves=31
num_cat=0
split_feature=59 40 59 59 5 41 18 16 24 31 12 32 36 36 47 12 47 12 41 13 64 10 6 10 45 40 20 48 37 5
split_gain=46766.1 9441.38 5708.49 3083.41 3884.25 3585.46 2807.1 3242.5 2672.13 2609.3 2470.3 2469.78 2429.89 2636.49 3103.73 2842.72 2260.81 2093.63 2752.58 2020.4 1821.53 1808.69 1699.98 1647.19 1531.69 1389.6 1244.69 1067.92 977.973 937.889
threshold=43.93571428571429 67.65000000000002 25.678571428571434 87.871428571428581 525.50000000000011 94.100000000000009 6641.5000000000009 19.050000000000004 1016.9100000000001 1705.9314285714293 5.3500000000000005 209.50000000000003 511.50000000000006 193.50000000000003 122.85000000000001 4.2500000000000009 92.050000000000011 7.4500000000000011 49.350000000000001 306.50000000000006 74.15000000000002 13.250000000000002 76.27500000000002 13.400000000000002 55.691187050359723 10.255000000000001 40925.500000000007 67.950000000000017 222.16666666666671 1479.5000000000002
decision_type=10 10 10 10 2 10 2 2 2 2 2 10 10 8 10 2 10 2 10 2 8 2 2 2 8 8 2 10 10 2
left_child=2 12 11 5 8 9 7 17 16 10 -3 25 13 14 21 -15 -5 24 -19 -11 -8 -2 -17 -10 -4 27 28 -1 -9 -27
right_child=1 3 6 4 -6 -7 20 26 23 19 -12 -13 -14 15 -16 22 -18 18 -20 -21 -22 -23 -24 -25 -26 29 -28 -29 -30 -31
leaf_value=-0.18061590644991091 0.19359753031283616 0.16431783899664879 -0.0074583679859326806 -0.054956863045692438 -0.15995203321630302 0.52042673917114735 0.062155425329692662 -0.070572131910763836 0.25113536144793031 0.26649806962824529 0.040929247319923541 0.16940137882867165 0.36249890100888227 0.11486506312859782 0.33611275924103595 -0.11821139186556483 0.24241434527142136 0.043591884340752257 0.43860981354117395 -0.043537865281105037 0.39568734222650531 0.05472628680700356 0.0057600604272925121 0.60760248037321218 -0.099605487633697878 -0.093136679902585326 0.15157146343588829 0.037298631532625713 -0.14857317112025714 0.10852739521435328
leaf_weight=253 96 231 1326 25 22 20 56 651 20 135 397 31 22 198 42 116 289 77 20 22 20 699 702 28 185 1784 20 22 186 21
leaf_count=253 96 231 1326 25 22 20 56 651 20 135 397 31 22 198 42 116 289 77 20 22 20 699 702 28 185 1784 20 22 186 21
internal_value=1.23183e-10 0.0910052 -0.0599398 0.157136 0.227085 0.123769 -0.0296494 -0.0351861 0.250606 0.113663 0.0863158 -0.0964001 0.0490694 0.0453481 0.0847739 0.0128684 0.218738 -0.0100672 0.125039 0.223054 0.149927 0.0714956 -0.0118202 0.459075 -0.0187404 -0.100362 -0.082317 -0.163183 -0.0879057 -0.0907904
internal_weight=7716 3064 4652 1189 384 805 2541 2465 362 785 628 2111 1875 1853 837 1016 314 1608 97 157 76 795 818 48 1511 2080 857 275 837 1805
internal_count=7716 3064 4652 1189 384 805 2541 2465 362 785 628 2111 1875 1853 837 1016 314 1608 97 157 76 795 818 48 1511 2080 857 275 837 1805
is_linear=0
shrinkage=0.03


Tree=69
num_leaves=31
num_cat=0
split_feature=59 59 59 30 22 30 29 26 25 22 39 29 12 36 13 13 36 43 30 60 40 7 40 12 64 37 13 47 16 9
split_gain=44182.2 8622.52 5728.34 4731.23 3048.36 2611.15 3023.53 3056.13 3627.6 2494.55 3496.44 2279.02 2256.61 2468.74 3052.86 4740.9 2084.99 2076.47 1860.14 2469.38 1808.99 2640.31 1688.15 1621.71 1515.97 1581.12 1465.56 1406.9 1404.42 1605.48
threshold=52.578571428571429 26.050000000000004 87.871428571428581 2662.9783333333339 271.00000000000006 376.7766666666667 103.71428571428572 5.5000000000000009 4.5000000000000009 113.00000000000001 64.65000000000002 206.50000000000003 4.2500000000000009 226.50000000000003 297.50000000000006 158.00000000000003 361.50000000000006 30.133333333333336 5257.3516666666674 41.050000000000004 80.050000000000026 26.675000000000004 7.0066666666666668 5.3500000000000005 73.050000000000011 331.83333333333343 76.500000000000014 104.15000000000002 22.200000000000006 18.600000000000005
decision_type=10 10 10 2 2 2 2 2 2 2 10 2 2 8 2 2 10 10 2 8 10 2 8 2 8 10 2 8 2 2
left_child=1 16 12 4 17 28 7 8 -7 11 -11 -8 24 20 15 -15 18 23 22 -20 26 -22 -1 -4 -2 27 -14 -26 29 -3
right_child=2 5 3 -5 -6 6 9 -9 -10 10 -12 -13 13 14 -16 -17 -18 -19 19 -21 21 -23 -24 -25 25 -27 -28 -29 -30 -31
leaf_value=-0.20882873224373907 0.040314495857447792 -0.135908797672496 0.36621861929494526 -0.23324434630572796 0.53575752330237414 0.25239371848839293 -0.13400299392747025 -0.0067903214011613916 -0.030358260650316191 0.00036970989758501176 0.30172147025664647 0.11571710247259874 -0.11997713052309476 -0.057849065617043921 -0.073671954070152923 0.12147353435600147 0.19801689359274777 0.11805261248946189 0.34372267895936964 -0.10763553395867347 0.06909943017509898 0.47752082705497739 -0.092957394098960783 0.20020639031534879 0.15977271169926344 0.082506165452874619 0.10975989502133919 0.32798738292790947 -0.10390487608541217 -0.019990216828520046
leaf_weight=120 73 117 93 20 29 138 210 164 58 925 36 39 26 188 172 451 22 125 20 24 28 29 1986 123 89 78 644 90 270 1329
leaf_count=120 73 117 93 20 29 138 210 164 58 925 36 39 26 188 172 451 22 125 20 24 28 29 1986 123 89 78 644 90 270 1329
internal_value=-1.38998e-10 -0.0461736 0.11161 0.216186 0.240479 -0.0155175 0.0124409 0.0887665 0.168722 -0.0102675 0.0116586 -0.0948902 0.0897769 0.0745034 0.0385171 0.0687151 -0.0925531 0.215367 -0.0955263 0.0975273 0.114648 0.276893 -0.0995597 0.271684 0.160961 0.19523 0.100845 0.24435 -0.0410971 -0.0293695
internal_weight=7716 5458 2258 390 370 3286 1570 360 196 1210 961 249 1868 1538 811 639 2172 341 2150 44 727 57 2106 216 330 257 670 179 1716 1446
internal_count=7716 5458 2258 390 370 3286 1570 360 196 1210 961 249 1868 1538 811 639 2172 341 2150 44 727 57 2106 216 330 257 670 179 1716 1446
is_linear=0
shrinkage=0.03


Tree=70
num_leaves=31
num_cat=0
split_feature=59 40 59 19 35 16 16 53 28 44 36 36 47 11 1 61 10 64 16 33 17 64 16 10 9 28 20 25 40 20
split_gain=41595.2 8409.96 5025.09 2898.99 3150.45 2780.13 2729.25 3252.8 2359.68 2312.7 2281.96 2429.66 2887.62 2280.57 2794.52 2509.44 2142.38 1984.02 1839.06 1717.27 1968.82 1705.88 1931.69 1684.14 1657.66 1625.03 1602 1292.66 1241.94 1241.78
threshold=43.93571428571429 67.65000000000002 23.578571428571433 10.887500000000001 195.50000000000003 14.250000000000002 17.550000000000004 268468.00000000006 138.00000000000003 10.850000000000003 511.50000000000006 193.50000000000003 122.85000000000001 76.500000000000014 77.188546500000015 17.08821428571429 12.550000000000002 69.350000000000023 13.050000000000002 61.350000000000001 1992.5000000000002 105.25000000000001 20.550000000000004 13.250000000000002 19.650000000000002 776.33333333333348 2250.0000000000005 4.5000000000000009 3.8750000000000004 7638.5000000000009
decision_type=10 10 10 2 10 2 2 2 2 10 10 8 10 2 2 10 2 8 2 8 2 8 2 2 2 2 2 2 8 2
left_child=2 10 25 4 21 16 13 -8 -7 -5 11 12 23 14 17 -16 -6 -4 29 20 -11 -3 -23 -2 -20 28 -15 -21 -1 -13
right_child=1 3 6 9 5 8 7 -9 -10 19 -12 18 -14 26 15 -17 -18 -19 24 27 -22 22 -24 -25 -26 -27 -28 -29 -30 -31
leaf_value=-0.28715217521113734 0.18550449421978554 0.16374299845471976 0.049245034029277469 -0.11605835291472348 0.16359487816660093 0.035812031426254262 -0.075749807981641687 0.097259853459754075 0.18765413204412584 0.43270383870601653 0.34998726115985351 0.044883975995561251 0.32291969624214939 0.117595146159331 0.15760327881423095 -0.050952404797352489 0.3621736653310707 0.21679657549842407 -0.1488188805213819 0.059796336638725411 0.072229055464267722 0.47619522753086951 0.17497966123951805 0.051499958391952858 0.0024521096177885062 0.17300559738278387 -0.06952164134402404 0.19257681397129509 -0.095585116236336323 0.20196266547603123
leaf_weight=31 96 45 390 44 119 197 1265 106 173 30 22 195 42 45 59 433 83 76 72 295 25 66 27 699 690 20 485 85 1742 59
leaf_count=31 96 45 390 44 119 197 1265 106 173 30 22 195 42 45 59 433 83 76 72 295 25 66 27 699 690 20 485 85 1742 59
internal_value=1.75595e-10 0.0858266 -0.056529 0.148241 0.186717 0.155677 -0.031837 -0.0623734 0.106808 0.0912092 0.0462477 0.0426415 0.0804893 -0.00370155 0.0239231 -0.0259427 0.245189 0.076571 0.0114618 0.112174 0.268852 0.315375 0.388746 0.0676816 -0.0118412 -0.0959012 -0.0536344 0.0894972 -0.0989346 0.0813708
internal_weight=7716 3064 4652 1189 710 572 2859 1371 370 479 1875 1853 837 1488 958 492 202 466 1016 435 55 138 93 795 762 1793 530 380 1773 254
internal_count=7716 3064 4652 1189 710 572 2859 1371 370 479 1875 1853 837 1488 958 492 202 466 1016 435 55 138 93 795 762 1793 530 380 1773 254
is_linear=0
shrinkage=0.03


Tree=71
num_leaves=31
num_cat=0
split_feature=38 38 38 16 18 53 18 39 13 7 64 31 7 58 59 49 7 16 60 0 19 19 24 68 42 54 5 38 39 37
split_gain=41768.8 10962 4593.94 2488.21 2825.95 2263.06 3315.43 3156.38 2112.14 2018.75 2400.03 1871.05 2872.74 1859.46 1784.59 1637.81 2077.36 2490.07 1574.48 1507.34 1680.48 1621.35 1616.29 1452.22 1428.16 1517.98 1342.72 1327.5 1186.1 1156.03
threshold=60.250000000000007 34.750000000000007 92.750000000000014 19.450000000000003 6641.5000000000009 271041.00000000006 6421.0000000000009 35.350000000000001 318.50000000000006 68.40000000000002 69.904172661870533 1995.6807142857144 30.970000000000002 61.250000000000007 23.578571428571433 79.583333333333343 43.110000000000007 20.250000000000004 35.45000000000001 28.496097500000001 9.1562500000000018 8.5520833333333339 584.21500000000003 19.500000000000004 26.250000000000004 87.050000000000011 41.500000000000007 11.450000000000001 80.550000000000011 289.83333333333343
decision_type=10 10 10 2 2 2 2 10 2 2 8 2 2 8 8 10 2 2 8 2 2 2 2 2 8 10 2 10 10 10
left_child=1 3 5 4 11 6 7 -2 -9 10 -4 14 -13 19 -1 16 -15 -18 23 22 21 -21 -3 -12 26 -26 -17 -5 -8 -22
right_child=2 13 9 27 -6 -7 28 8 -10 -11 18 12 -14 15 -16 24 17 -19 -20 20 29 -23 -24 -25 25 -27 -28 -29 -30 -31
leaf_value=-0.088370910491875052 -0.23033975757658481 -0.21219698991626501 -0.062727341556123334 -0.18047693787770375 0.2782990056535472 0.32514656860653945 -0.024079308360815049 0.10858277443253399 0.30412189839837644 0.44577247089322874 0.31647047361358999 0.33270751267671583 -0.021041155051101337 0.062995011922202152 -0.03389540259843319 -0.040319002449512482 0.3662021053567529 -0.016796332353895358 0.13109432338791735 0.027950413865549369 -0.0012786297637526272 0.17618054599687455 0.051814977228641507 0.12035038092455198 -0.23434016073743502 0.0021457772054954576 0.17975752992755067 -0.092476240814097541 -0.29823232148587703 -0.078706947713721498
leaf_weight=1125 24 60 28 181 23 41 49 1132 52 34 162 27 88 215 1043 45 50 22 102 391 1232 80 32 43 36 76 56 1045 20 202
leaf_count=1125 24 60 28 181 23 41 49 1132 52 34 162 27 88 215 1043 45 50 22 102 391 1232 80 32 43 36 76 56 1045 20 202
internal_value=-4.56584e-11 -0.0369221 0.131952 -0.0709348 -0.0525749 0.105757 0.0987137 0.110266 0.117171 0.225514 0.20316 -0.0559083 0.0620129 0.0111889 -0.0621634 0.0629268 0.109702 0.249175 0.22741 -0.00176503 0.00396272 0.0531275 -0.120367 0.275333 -9.90618e-05 -0.0738676 0.0817036 -0.105468 -0.103544 -0.0121855
internal_weight=7716 6029 1687 3532 2306 1318 1277 1208 1184 369 335 2283 115 2497 2168 500 287 72 307 1997 1905 471 92 205 213 112 101 1226 69 1434
internal_count=7716 6029 1687 3532 2306 1318 1277 1208 1184 369 335 2283 115 2497 2168 500 287 72 307 1997 1905 471 92 205 213 112 101 1226 69 1434
is_linear=0
shrinkage=0.03


Tree=72
num_leaves=31
num_cat=0
split_feature=38 38 38 12 18 18 59 51 49 58 18 7 12 64 55 58 60 49 7 12 64 35 19 35 42 54 19 54 48 42
split_gain=39300.3 10314.1 4322.44 2443.05 2100.67 3116.05 2038.44 2593.41 2850.02 1977.53 2605.28 1899.44 2524.87 2646.48 1769.65 1749.56 1747.15 1541.01 1954.59 2820.04 1470.03 1442.32 1526.15 1413.09 1343.75 1428.27 1284 2789.81 1115.12 1239.2
threshold=60.250000000000007 34.750000000000007 92.750000000000014 10.15 6648.0000000000009 6421.0000000000009 25.678571428571434 502.56500000000005 90.228333333333339 75.950000000000017 3922.0000000000005 68.40000000000002 5.3500000000000005 73.65000000000002 228.07142857142858 61.250000000000007 28.050000000000004 79.583333333333343 43.110000000000007 7.5500000000000007 20.165000000000003 296.50000000000006 9.8437500000000018 276.50000000000006 26.250000000000004 87.050000000000011 10.177083333333336 36.050000000000004 137.70000000000002 44.650000000000013
decision_type=10 10 10 2 2 2 8 2 8 10 2 2 2 8 10 8 8 10 2 2 10 10 2 10 8 10 2 10 10 10
left_child=1 3 4 6 5 9 -1 23 -9 10 -2 12 21 -14 -11 20 -15 18 -17 -20 -3 22 -4 -8 -19 -26 27 -22 29 -7
right_child=2 15 11 -5 -6 28 7 8 -10 14 -12 -13 13 16 -16 17 -18 24 19 -21 26 -23 -24 -25 25 -27 -28 -29 -30 -31
leaf_value=-0.080044522444618932 0.00011563835165849546 -0.11688204709165974 0.55102494142949576 -0.13296410541311068 0.32543664935472849 0.12661463527679442 -0.037146411314899153 0.022542647342689286 0.34562278174120803 0.19468424472652496 0.11593248005786799 0.43239930630168494 -0.16485217105597258 0.25601706387589174 0.011209959896015269 0.061105161104957721 0.068343793582625503 0.079252521419289082 0.37033135946003759 -0.032342096942922345 0.38047091130699429 0.21908089083018181 0.21695911431871354 -0.15281895839103632 -0.22730995471278825 0.0020814041773739612 -0.012428182418883101 0.028335598665429441 -0.28778796008974311 -0.17208674626350404
leaf_weight=1770 246 95 32 464 37 25 1003 161 29 305 604 34 24 98 56 215 82 101 49 23 21 79 20 105 36 76 1315 566 20 25
leaf_count=1770 246 95 32 464 37 25 1003 161 29 305 604 34 24 98 56 215 82 101 49 23 21 79 20 105 36 76 1315 566 20 25
internal_value=7.76769e-11 -0.0358144 0.127994 -0.0688068 0.102585 0.096148 -0.0591037 -0.0305481 0.0718549 0.107397 0.0824137 0.218749 0.197065 0.131066 0.166223 0.0108532 0.170521 0.061039 0.106411 0.2417 -0.00171208 0.299843 0.422538 -0.0481082 -9.60891e-05 -0.0716515 0.00404037 0.0409333 -0.0984652 -0.0227361
internal_weight=7716 6029 1687 3532 1318 1281 3068 1298 190 1211 850 369 335 204 361 2497 180 500 287 72 1997 131 52 1108 213 112 1902 587 70 50
internal_count=7716 6029 1687 3532 1318 1281 3068 1298 190 1211 850 369 335 204 361 2497 180 500 287 72 1997 131 52 1108 213 112 1902 587 70 50
is_linear=0
shrinkage=0.03


Tree=73
num_leaves=31
num_cat=0
split_feature=59 59 59 30 18 22 16 31 54 64 19 9 40 6 28 13 12 35 10 16 43 15 15 13 25 35 12 17 64 33
split_gain=35081.7 6848.33 4660.05 4223.62 3675.41 2809.25 2247.02 2934.75 2567.26 2207.29 2184.07 2690.89 2448.74 2314.67 3761.89 2586.85 2187.7 2207.65 1997.27 1940.15 1826.61 1666.84 3234.23 1782.1 1577.36 1562.27 1499.06 1416.37 1402.41 1284.55
threshold=52.578571428571429 32.121428571428574 87.871428571428581 2662.9783333333339 6641.5000000000009 271.00000000000006 19.350000000000005 1995.6807142857144 54.550000000000004 88.450000000000017 10.035416666666668 19.450000000000003 96.600000000000023 512.86000000000013 115.66666666666667 297.50000000000006 6.3500000000000005 361.50000000000006 21.750000000000004 22.200000000000006 27.866666666666681 991.25000000000011 990.80000000000007 121.50000000000001 1.0000000180025095e-35 152.50000000000003 4.2500000000000009 1612.5000000000002 110.55000000000001 250.50000000000003
decision_type=10 10 10 2 2 2 2 2 8 8 2 2 10 2 2 2 2 10 2 2 10 2 2 2 2 10 2 2 8 8
left_child=1 6 10 5 19 20 7 29 -9 -6 13 -12 26 16 -15 -16 17 -2 -18 21 27 22 -3 -23 -10 -21 -13 -4 -22 -1
right_child=2 4 3 -5 9 -7 -8 8 24 -11 11 12 -14 14 15 -17 18 -19 -20 25 28 23 -24 -25 -26 -27 -28 -29 -30 -31
leaf_value=-0.063994191645169576 0.18588039741048526 0.010900651136871733 0.20456916235862116 -0.23086124293506144 0.10199114694531206 0.50018981954147079 -0.10669328450580549 0.32833719206433143 0.22615358849140729 0.44803219480173928 -0.15021562889489259 0.12144523470041652 0.39370617350935933 0.47303848380843794 0.17947466357403707 -0.12127131016089998 0.049886253736235876 -0.088914203374616557 -0.19399192764952375 0.0017691018486212444 0.29381971308897281 0.17319279809151927 0.29148277001945594 -0.062126669426524672 -0.070158522331812329 -0.11439472412178647 0.039027311840793957 0.38848819727897638 0.059080088470267862 0.17195677135671888
leaf_weight=1863 174 1369 153 20 79 29 1046 31 22 21 55 261 20 36 229 29 165 31 37 173 29 31 38 441 61 262 831 50 109 21
leaf_count=1863 174 1369 153 20 79 29 1046 31 22 21 55 261 20 36 229 29 165 31 37 173 29 31 38 441 61 262 831 50 109 21
internal_value=-8.0146e-11 -0.0411444 0.0994535 0.193775 -0.00340884 0.216728 -0.07107 -0.0524204 0.0953874 0.17466 0.0797611 0.0546197 0.0647509 0.121616 0.185756 0.14567 0.0752835 0.144326 0.0052155 -0.0111041 0.192622 0.00211307 0.0184786 -0.0466714 0.00838204 -0.0681962 0.0587261 0.249869 0.108409 -0.0613642
internal_weight=7716 5458 2258 390 2414 370 3044 1998 114 100 1868 1167 1112 701 294 258 407 205 202 2314 341 1879 1407 472 83 435 1092 203 138 1884
internal_count=7716 5458 2258 390 2414 370 3044 1998 114 100 1868 1167 1112 701 294 258 407 205 202 2314 341 1879 1407 472 83 435 1092 203 138 1884
is_linear=0
shrinkage=0.03


Tree=74
num_leaves=31
num_cat=0
split_feature=38 38 38 38 53 18 39 65 7 12 64 23 0 65 60 19 15 12 35 19 20 51 10 35 23 47 9 12 10 1
split_gain=35153.8 9162.7 3816.33 2243.49 1996.2 2835.45 2914.31 2183.55 1809.22 2347.62 2433.46 1746.08 1911.49 2180.17 1591.32 1396.23 1958.54 1381.58 1342.14 1424.01 1279.3 1185.86 3299.87 1091.05 1065.51 1040.74 991.721 953.671 2283.35 845.897
threshold=60.250000000000007 34.750000000000007 92.750000000000014 17.550000000000004 271041.00000000006 6421.0000000000009 35.350000000000001 56.300714285714292 68.40000000000002 5.3500000000000005 73.65000000000002 12260.245000000001 28.496097500000001 48.450714285714291 28.050000000000004 10.035416666666668 991.35000000000002 10.15 296.50000000000006 9.8437500000000018 14344.000000000002 502.56500000000005 10.550000000000002 226.50000000000003 403.12500000000006 5.7550000000000017 33.95000000000001 5.8500000000000005 18.800000000000001 77.239399000000006
decision_type=10 10 10 8 2 2 10 8 2 2 8 2 2 8 8 2 2 2 10 2 2 2 2 10 2 8 2 2 2 2
left_child=1 3 4 25 5 6 -2 -8 9 18 -11 12 13 -3 -12 16 -14 21 19 -4 -17 26 -23 -7 -20 -1 -5 28 -27 -19
right_child=2 11 8 17 -6 23 7 -9 -10 10 14 -13 15 -15 -16 20 -18 29 24 -21 -22 22 -24 -25 -26 27 -28 -29 -30 -31
leaf_value=-0.27682830965518951 -0.22603806890547273 0.092458276033401482 0.52674178272485728 -0.066647474568418283 0.30322639882564545 0.043621800279822841 0.35634350500760537 0.10120057716781511 0.4148446568496087 -0.16223169904202223 0.24095559684141557 0.2092737037401933 0.085178683252505411 -0.21321441260831694 0.061846832144528435 0.01393743614334385 -0.020053249148470235 -0.13546786637835895 0.091923236576350112 0.20404883041977881 -0.04458854046520383 0.37390692881175452 -0.014262069335955883 -0.1980573334246874 0.31243392117139773 0.14246360374533612 -0.020692305827340354 -0.11627722229805562 -0.088581504965737717 -0.0029422096622984785
leaf_weight=30 24 30 32 1252 41 29 31 1153 34 24 98 39 451 70 82 1193 246 238 38 20 468 21 321 40 41 46 638 697 236 53
leaf_count=30 24 30 32 1252 41 29 31 1153 34 24 98 39 451 70 82 1193 246 238 38 20 468 21 321 40 41 46 638 697 236 53
internal_value=6.55963e-11 -0.0338724 0.121053 -0.0649688 0.0971783 0.0905628 0.101247 0.107881 0.20633 0.185168 0.121527 0.0101133 0.00695328 -0.121513 0.159362 0.0124014 0.048038 -0.0498485 0.284272 0.402629 -0.00255272 -0.0418326 0.00957287 -0.096482 0.206365 -0.102777 -0.0511346 -0.0974434 -0.0508933 -0.111331
internal_weight=7716 6029 1687 3532 1318 1277 1208 1184 369 335 204 2497 2458 100 180 2358 697 2523 131 52 1661 2232 342 69 79 1009 1890 979 282 291
internal_count=7716 6029 1687 3532 1318 1277 1208 1184 369 335 204 2497 2458 100 180 2358 697 2523 131 52 1661 2232 342 69 79 1009 1890 979 282 291
is_linear=0
shrinkage=0.03


Tree=75
num_leaves=31
num_cat=0
split_feature=38 38 38 58 30 38 19 47 64 41 62 29 49 11 26 35 56 16 18 12 32 38 23 9 19 21 15 29 64 32
split_gain=33219.2 7608.94 4595.37 2516.93 2470.15 2493.89 2124.16 1943.01 1603.73 1703.36 1898.42 1527.45 1430.07 1427.61 5356.26 2275.85 2121.19 1775.98 1335.89 1325.07 1321.26 1480.04 1234.01 1045.19 972.483 852.787 923.234 787.506 714.095 700.693
threshold=45.650000000000013 69.65000000000002 22.950000000000003 17.850000000000005 4967.9766666666683 115.50000000000001 11.893750000000002 51.306046511627912 36.205000000000005 71.050000000000011 55.95000000000001 779.857142857143 80.516666666666694 68.500000000000014 1.5000000000000002 137.50000000000003 67.850000000000009 17.450000000000003 6641.5000000000009 4.8500000000000005 209.50000000000003 12.550000000000002 560.33500000000015 19.100000000000005 10.325000000000001 28.500000000000004 985.60000000000014 90.071428571428584 37.89500000000001 128.50000000000003
decision_type=10 10 10 8 2 10 2 8 8 10 8 2 8 2 2 10 8 2 2 2 10 8 2 2 2 2 2 2 8 10
left_child=2 7 18 -3 5 6 -5 -2 25 12 -11 -6 -10 14 -4 17 -17 -16 20 24 21 -1 -7 -21 29 -9 -27 -26 -25 -15
right_child=1 3 13 4 11 22 -8 8 9 10 -12 -13 -14 19 15 16 -18 -19 -20 23 -22 -23 -24 28 27 26 -28 -29 -30 -31
leaf_value=-0.1365660790696423 0.33531014557555316 0.4751534317731857 0.45776931621811601 0.15830292796737797 -0.27101368410246707 0.22860895151949739 0.060692054878777907 0.078955686241388323 0.067583748986604061 0.099687522930812233 0.426882726341486 0.090821457590375618 0.0085030535682003774 0.029508740603923798 0.11571041686719924 0.1992466118405847 -0.04096966722865622 -0.0027251194297206517 0.12856323006061407 -0.15491813120639158 0.14305709562518379 -0.074559814799492197 0.47981161415576934 -0.095383901651389894 0.0093192362806924691 -0.22109777505908693 -0.014060548941294352 -0.10978238476526278 -0.036404452587762801 0.26378987145423888
leaf_weight=470 20 20 22 708 21 66 280 24 718 79 20 21 758 27 183 34 1228 302 26 108 22 1318 24 275 216 42 36 65 563 20
leaf_count=470 20 20 22 708 21 66 280 24 718 79 20 21 758 27 183 34 1228 302 26 108 22 1318 24 275 216 42 36 65 563 20
internal_value=-1.0013e-10 0.081631 -0.0474661 0.141575 0.135618 0.144412 0.13064 0.0413626 0.0378569 0.0453228 0.165788 -0.0900961 0.0372428 -0.0248509 -0.0074129 -0.0132709 -0.0344979 0.0419629 -0.0849488 -0.0490642 -0.0880158 -0.090859 0.295596 -0.0670797 0.00289522 -0.077425 -0.125542 -0.018231 -0.0557593 0.129203
internal_weight=7716 2837 4879 1140 1120 1078 988 1697 1677 1575 99 42 1476 3043 1769 1747 1262 485 1836 1274 1810 1788 90 946 328 102 78 281 838 47
internal_count=7716 2837 4879 1140 1120 1078 988 1697 1677 1575 99 42 1476 3043 1769 1747 1262 485 1836 1274 1810 1788 90 946 328 102 78 281 838 47
is_linear=0
shrinkage=0.03


Tree=76
num_leaves=31
num_cat=0
split_feature=38 38 38 38 53 18 13 19 21 7 64 61 58 49 58 28 19 49 41 38 48 35 48 16 31 5 11 7 19 24
split_gain=31299.5 8184.49 3410.67 2268.71 1882.17 2621.66 2089.06 2072.72 1794.66 1706.23 1948.77 1429.28 1660.08 1785.35 1779.35 1422.58 1401.46 1394.77 1761.7 1306.66 2328.93 1297.12 1252.71 1204.74 1266.32 1360.73 1110.03 1068.84 1047.01 1041.41
threshold=60.250000000000007 36.95000000000001 92.750000000000014 22.450000000000003 271041.00000000006 6421.0000000000009 318.50000000000006 10.727083333333335 76.000000000000014 68.40000000000002 67.719748201438861 15.045000000000002 73.250000000000014 81.633333333333368 75.250000000000014 133.00000000000003 10.177083333333336 102.78333333333337 37.850000000000001 108.50000000000001 152.90000000000003 190.50000000000003 90.250000000000014 20.400000000000002 1995.6807142857144 333.50000000000006 65.500000000000014 7.1000000000000005 6.9937500000000012 698.07500000000016
decision_type=10 10 10 8 2 2 2 2 2 2 8 10 10 8 10 2 2 10 10 10 8 10 10 2 2 2 2 2 2 2
left_child=1 3 4 23 5 6 7 -2 -8 10 -4 15 13 16 -14 21 -13 22 -19 20 -12 -3 26 24 28 -26 -5 -15 -1 -21
right_child=2 11 9 17 -6 -7 8 -9 -10 -11 19 12 14 27 -16 -17 -18 18 -20 29 -22 -23 -24 -25 25 -27 -28 -29 -30 -31
leaf_value=0.10338058227095109 0.12744649127804827 0.12254567547004765 -0.070093897812896308 -0.014666807323076014 0.2917308949261177 -0.094624904262954779 0.13645784055994403 0.047103947367800145 0.49564725037131985 0.39733454220435199 0.26038575533915448 0.059857637987119482 0.32154055113975821 -0.18804052188080184 0.053476640951658529 0.2794554018974304 -0.0066300958203458406 0.0039939205670221287 0.31946887318577083 0.22835635659344697 0.041432598971222576 -0.024431311158519802 -0.17421209553522721 -0.12293521225008935 0.26926006382703777 -0.036453568421696357 -0.060110796195937656 -0.039343064782718561 -0.079149007595891538 0.45050402050432953
leaf_weight=29 576 119 27 931 41 69 31 580 21 34 81 412 26 49 156 29 928 66 21 109 95 99 63 504 20 38 1007 388 1144 23
leaf_count=29 576 119 27 931 41 69 31 580 21 34 81 412 26 49 156 29 928 66 21 109 95 99 63 504 20 38 1007 388 1144 23
internal_value=5.12508e-12 -0.0319616 0.114224 -0.0585135 0.0916541 0.0852303 0.0955035 0.0871362 0.281515 0.194842 0.17429 0.0140528 0.00547827 -0.00335986 0.0917715 0.0820585 0.0138124 -0.037447 0.080143 0.195714 0.142201 0.0557992 -0.0425596 -0.0838662 -0.0678704 0.0689649 -0.0382799 -0.0560162 -0.0746363 0.267064
internal_weight=7716 6029 1687 3823 1318 1277 1208 1156 52 369 335 2206 1959 1777 182 247 1340 2088 87 308 176 218 2001 1735 1231 58 1938 437 1173 132
internal_count=7716 6029 1687 3823 1318 1277 1208 1156 52 369 335 2206 1959 1777 182 247 1340 2088 87 308 176 218 2001 1735 1231 58 1938 437 1173 132
is_linear=0
shrinkage=0.03


Tree=77
num_leaves=31
num_cat=0
split_feature=38 38 38 58 28 7 13 20 47 16 9 26 20 11 26 35 16 20 29 12 18 49 16 38 34 60 63 29 59 1
split_gain=29548.5 6764.7 4060.54 2355.78 2389.99 2263.96 2448.35 1860.19 1816.77 1587.81 2209.87 2272.73 1819.33 1330.79 4936.08 2145.99 1843.47 1823.85 1329.82 1262.5 1171.58 1131.9 1032.49 1334.74 988.882 847.213 846.049 736.608 908.906 698.062
threshold=45.650000000000013 69.65000000000002 23.750000000000004 17.850000000000005 754.16666666666686 23.530000000000005 317.50000000000006 2883.2500000000005 51.306046511627912 13.050000000000002 19.650000000000002 1.5000000000000002 7638.5000000000009 68.500000000000014 1.5000000000000002 137.50000000000003 17.450000000000003 9486.2500000000018 779.857142857143 4.8500000000000005 6641.5000000000009 6.9833333333333298 19.350000000000005 4.5250000000000012 153.50000000000003 10.350000000000003 24.686428571428575 117.50000000000001 27.078571428571433 77.288048550000013
decision_type=10 10 10 8 2 2 2 2 8 2 2 2 2 2 2 10 2 2 2 2 2 8 2 10 10 8 8 2 10 2
left_child=2 8 20 -3 5 6 -5 -7 -2 12 -11 -12 25 14 -4 16 -16 -17 -6 27 21 -1 23 -23 29 -10 -14 28 -15 -21
right_child=1 3 13 4 18 7 -8 -9 9 10 11 -13 26 19 15 17 -18 -19 -20 24 -22 22 -24 -25 -26 -27 -28 -29 -30 -31
leaf_value=-0.27017354198864524 0.32325792981684204 0.45623279017210006 0.46336453878879547 0.08384799957353406 -0.26380732008389063 0.46125263755874973 0.36186956490576266 0.17245838301477359 0.20665447559952735 -0.14346287962687868 0.26465671281019842 0.022796694551891754 0.096689118027687065 -0.081108137284878812 0.12174262466716629 0.026040650078445738 -0.0019965789933399907 -0.055027097463263647 0.078002579927444457 -0.06423412203620367 0.1181746200720469 0.13299144825627726 -0.10714145139530513 -0.066422656130703792 -0.16105051798702671 0.037750325535937233 0.30060671225507207 -0.13063094928860663 0.049832016676664349 0.021894396836141822
leaf_weight=28 20 20 20 573 21 21 30 455 30 70 36 1219 30 61 173 351 290 866 20 719 27 31 697 1183 86 245 47 32 219 96
leaf_count=28 20 20 20 573 21 21 30 455 30 70 36 1219 30 61 173 351 290 866 20 719 27 31 697 1183 86 245 47 32 219 96
internal_value=6.21365e-11 0.076989 -0.0447669 0.133509 0.127746 0.136289 0.0976799 0.185199 0.0390202 0.0356303 0.0205845 0.0297345 0.0922661 -0.0222832 -0.00515497 -0.0107326 0.0442386 -0.031646 -0.0970708 -0.046288 -0.0780809 -0.0808137 -0.0780392 -0.0613305 -0.0642984 0.0561762 0.221158 0.00572252 0.0213058 -0.0540889
internal_weight=7716 2837 4879 1140 1120 1079 603 476 1697 1677 1325 1255 352 2913 1700 1680 463 1217 41 1213 1966 1939 1911 1214 901 275 77 312 280 815
internal_count=7716 2837 4879 1140 1120 1079 603 476 1697 1677 1325 1255 352 2913 1700 1680 463 1217 41 1213 1966 1939 1911 1214 901 275 77 312 280 815
is_linear=0
shrinkage=0.03


Tree=78
num_leaves=31
num_cat=0
split_feature=38 38 38 36 36 12 10 37 51 12 24 35 32 9 41 5 12 22 19 5 11 16 39 45 18 32 18 38 16 32
split_gain=27802.2 6397.74 3822.86 2025.51 2004.54 2600.8 2553.27 2359.02 2311.41 2254.09 2221.16 1956.92 2469.6 2979.95 1828.93 1820.25 2989.1 2220.48 2027.78 1555.71 1224.57 1918.23 4126.74 2000.49 1277.5 1197.9 1201.31 1390.45 1165.47 1063.46
threshold=45.650000000000013 82.050000000000011 22.950000000000003 559.50000000000011 216.50000000000003 4.2500000000000009 13.400000000000002 367.83333333333343 172.75500000000002 7.4500000000000011 296.53500000000003 206.50000000000003 60.850000000000001 35.250000000000007 58.850000000000001 213.50000000000003 5.3500000000000005 71.000000000000014 8.5250000000000021 512.00000000000011 83.500000000000014 17.550000000000004 64.15000000000002 64.750000000000014 6658.0000000000009 209.50000000000003 6641.5000000000009 9.9950000000000028 16.850000000000005 49.750000000000007
decision_type=10 10 10 10 8 2 2 10 2 2 2 10 10 2 10 2 2 2 2 2 2 2 10 8 2 10 2 8 2 10
left_child=2 3 25 4 6 7 9 -6 -7 -2 -8 12 -3 14 -14 16 17 -13 -18 -17 21 22 23 -4 29 26 27 -1 -21 -23
right_child=1 11 20 -5 5 8 10 -9 -10 -11 -12 15 13 -15 -16 19 18 -19 -20 28 -22 24 -24 -25 -26 -27 -28 -29 -30 -31
leaf_value=-0.1417913928465678 0.12464986544894054 0.070823077081392197 0.015328880420249002 0.33690246949226343 0.15655121136161071 -0.063833202429870325 0.0044646321745081376 -0.066687487981536162 0.035518195388071154 0.38977652081533481 0.099326385044651064 0.49437534023076296 0.34213303260884043 0.66597270494699479 0.016124004295894077 0.33850961534825502 0.1322663291171193 0.155984123240966 -0.050437275871165151 -0.020556488869090877 -0.069208886483548629 -0.013012158786916158 0.37744874484009211 -0.10749843972314961 0.10168755399503021 0.14242913148619912 0.12217444724761523 -0.071273663441147272 0.27359887808561323 -0.070046936262187803
leaf_weight=303 120 45 1162 22 189 353 396 55 523 38 506 20 59 20 21 61 96 137 127 27 438 488 27 133 54 22 26 1485 22 741
leaf_count=303 120 45 1162 22 189 353 396 55 523 38 506 20 59 20 21 61 96 137 127 27 438 488 27 133 54 22 26 1485 22 741
internal_value=1.04016e-10 0.0746793 -0.0434239 0.0504867 0.0475963 0.0196101 0.0771666 0.106231 -0.00451724 0.188415 0.0576798 0.158573 0.255386 0.338439 0.256556 0.129924 0.0988141 0.199091 0.0282154 0.237393 -0.0227969 -0.0149933 0.0103676 0.00271418 -0.0411252 -0.0776112 -0.0802798 -0.0832238 0.111513 -0.0474001
internal_weight=7716 2837 4879 2202 2180 1120 1060 244 876 158 902 635 145 100 80 490 380 157 223 110 3043 2605 1322 1295 1283 1836 1814 1788 49 1229
internal_count=7716 2837 4879 2202 2180 1120 1060 244 876 158 902 635 145 100 80 490 380 157 223 110 3043 2605 1322 1295 1283 1836 1814 1788 49 1229
is_linear=0
shrinkage=0.03


Tree=79
num_leaves=31
num_cat=0
split_feature=38 59 38 18 64 38 0 16 12 53 18 13 19 21 51 12 48 56 16 33 47 21 16 56 54 32 19 65 56 24
split_gain=26390.4 7029.41 2870.94 2161.51 2270.03 1894.9 1850.39 1737.96 2590.41 1707.61 2401.72 1836.39 1733.51 1666.18 1478.85 2562.59 1717.64 1909.96 1306.63 1211.21 1161.2 1138.69 1169.13 1020.81 990.864 972.218 1182 1114.42 893.738 890.924
threshold=60.750000000000007 33.050000000000004 92.750000000000014 6641.5000000000009 93.250000000000014 13.350000000000003 28.567144700000004 17.550000000000004 7.2500000000000009 271041.00000000006 6421.0000000000009 318.50000000000006 10.727083333333335 76.000000000000014 1956.9300000000003 5.3500000000000005 99.940000000000012 176.50000000000003 19.350000000000005 253.50000000000003 43.295000000000009 89.500000000000014 12.15 235.50000000000003 128.50000000000003 49.250000000000007 9.6625000000000014 43.313571428571429 56.550000000000004 1392.7400000000002
decision_type=10 10 10 2 8 8 2 2 2 2 2 2 2 2 2 2 8 8 2 8 10 2 2 10 10 10 2 8 10 2
left_child=1 5 9 6 -5 24 25 8 -8 10 11 12 -2 -13 15 21 -17 -18 19 28 -9 22 -4 -23 29 26 -3 -27 -7 -1
right_child=2 3 14 4 -6 18 7 20 -10 -11 -12 13 -14 -15 -16 16 17 -19 -20 -21 -22 23 -24 -25 -26 27 -28 -29 -30 -31
leaf_value=-0.12958236646711485 0.1178939463332114 0.20291676143805187 -0.010603877383729685 0.06548129518173243 0.41152560320767489 0.0078725825361559316 0.03359501579531253 -0.076078886720373329 0.35535360718550885 0.27785480220615866 -0.093309122479480242 0.12332400092194157 0.043546260557276131 0.46941712558269499 0.35970334147279326 -0.16498940851007188 0.26506504818404975 0.054438443516404172 -0.079710730291036369 0.19748213168978693 0.0030255452392879741 0.51287854707241054 0.2952994319525632 0.26906086517059624 0.095767855167388907 0.16055205255746841 -0.011672710164275485 -0.067393915035363891 -0.047573443244005691 0.033861544760875405
leaf_weight=484 565 27 23 76 22 321 1077 217 23 40 69 31 564 21 37 21 57 121 864 20 725 20 22 68 20 20 160 554 1415 32
leaf_count=484 565 27 23 76 22 321 1077 217 23 40 69 31 564 21 37 21 57 121 864 20 725 20 22 68 20 20 160 554 1415 32
internal_value=-3.28231e-11 -0.0290364 0.106012 0.00467268 0.143165 -0.0600218 -0.000169355 0.0147108 0.0403227 0.0849045 0.0787301 0.0887815 0.080753 0.263092 0.179801 0.159751 0.091613 0.121886 -0.0495075 -0.0346467 -0.015197 0.261702 0.138949 0.324474 -0.111416 -0.0400973 0.0193108 -0.0594515 -0.037321 -0.119446
internal_weight=7716 6057 1659 2901 98 3156 2803 2042 1100 1290 1250 1181 1129 52 369 332 199 178 2620 1756 942 133 45 88 536 761 187 574 1736 516
internal_count=7716 6057 1659 2901 98 3156 2803 2042 1100 1290 1250 1181 1129 52 369 332 199 178 2620 1756 942 133 45 88 536 761 187 574 1736 516
is_linear=0
shrinkage=0.03


Tree=80
num_leaves=31
num_cat=0
split_feature=40 58 19 40 0 16 7 16 60 58 16 18 1 20 24 37 16 53 61 53 20 41 18 58 18 14 47 7 39 28
split_gain=22528.1 5511.62 3728.53 2617.21 2549.17 2233.51 3676.94 2697.99 2210.79 3791.11 2134.77 2119.22 2397.92 2678.76 2024.6 1974.87 1621.1 1813.87 1588.94 1451.86 2135.46 1449.26 1414.6 1377.88 1734.91 1385.41 1109.02 1143.83 1177.6 990.677
threshold=42.483333333333341 74.65000000000002 10.887500000000001 25.533333333333342 28.496097500000001 14.750000000000002 26.675000000000004 14.550000000000002 36.45000000000001 21.650000000000002 22.000000000000004 3672.5000000000005 77.288048550000013 11975.000000000002 393.00500000000005 351.16666666666669 15.850000000000003 140972.50000000003 81.778571428571453 268468.00000000006 22333.000000000004 54.45000000000001 4335.5000000000009 65.850000000000009 5518.5000000000009 4.1500000000000012 5.7550000000000017 17.130000000000006 28.250000000000004 39.833333333333343
decision_type=10 10 2 10 2 2 2 2 10 8 2 2 2 2 2 10 2 2 10 2 2 10 2 10 2 2 8 2 8 2
left_child=3 2 4 26 -2 7 -7 -6 9 -4 11 14 18 -14 15 -3 17 -10 -13 20 23 -12 -11 25 -25 -5 -1 -28 -29 -18
right_child=1 10 8 19 5 6 -8 -9 16 22 21 12 13 -15 -16 -17 29 -19 -20 -21 -22 -23 -24 24 -26 -27 27 28 -30 -31
leaf_value=-0.24836406755447385 -0.20758498136161099 0.2467186810882743 0.43507954827376771 -0.0096894422253278149 0.12898334422443486 -0.017914772230499195 0.12226421737382655 0.48014160377638682 -0.072147414745076702 -0.032308528254619773 0.067589916922152035 0.14672757106917436 0.56679247817397116 0.13096147623929108 0.0082777908884438898 0.029944600833039129 -0.17361943325744225 0.10397376292069457 0.3996544420719147 0.10105054361546145 -0.11904191690876315 -0.17859806660030569 0.055069303791540035 -0.010427720020214717 0.28123407125473021 -0.074492435723256603 -0.081573706126906675 -0.043927398348963302 0.13408074269337314 -0.052819521498489889
leaf_weight=30 27 97 21 1611 316 318 358 21 95 248 93 326 30 22 149 62 78 118 24 84 202 28 509 45 31 364 1338 754 35 282
leaf_count=30 27 97 21 1611 316 318 358 21 95 248 93 326 30 22 149 62 78 118 24 84 202 28 509 45 31 364 1338 754 35 282
internal_value=4.19334e-11 0.0605398 0.037408 -0.0434043 0.0801064 0.0877743 0.056322 0.150866 0.00453879 0.0374736 0.127096 0.146946 0.192313 0.382402 0.0877327 0.16219 -0.0401789 0.0254221 0.164071 -0.0214096 -0.0259753 0.0106208 0.0264435 -0.0168093 0.10854 -0.0216329 -0.0672346 -0.0646799 -0.036031 -0.0789928
internal_weight=7716 3222 2391 4494 1040 1013 676 337 1351 778 831 710 402 52 308 159 573 213 350 2337 2253 121 757 2051 76 1975 2157 2127 789 360
internal_count=7716 3222 2391 4494 1040 1013 676 337 1351 778 831 710 402 52 308 159 573 213 350 2337 2253 121 757 2051 76 1975 2157 2127 789 360
is_linear=0
shrinkage=0.03


Tree=81
num_leaves=31
num_cat=0
split_feature=38 38 38 36 23 7 38 13 51 38 19 13 46 64 41 18 37 35 0 19 47 54 30 48 30 13 29 29 23 20
split_gain=23616.7 6216.28 2628.38 1947.39 1928.34 1814.87 2096.28 1797.09 2218.72 1776.24 1732.29 1605.42 1843.96 1523.16 1427.02 2548.05 1396.04 1373.35 2415.38 1451.5 1430.09 1389.35 2268.71 1376.99 1362.88 1356.95 1328.07 1313.58 1248.07 1155.98
threshold=60.750000000000007 36.95000000000001 90.050000000000011 219.50000000000003 12260.245000000001 14.685000000000002 128.50000000000003 291.50000000000006 2043.0950000000003 17.050000000000004 11.893750000000002 316.50000000000006 72.88333333333334 37.89500000000001 63.550000000000004 5126.5000000000009 213.83333333333334 208.50000000000003 28.557231250000005 10.981250000000001 43.725000000000001 139.50000000000003 489.31666666666678 123.90000000000002 195.55666666666642 317.50000000000006 480.57142857142861 116.78571428571429 256.88000000000005 23290.250000000004
decision_type=10 10 10 8 2 2 10 2 2 8 2 2 8 8 10 2 10 10 2 2 10 10 2 8 2 2 2 2 2 2
left_child=1 4 3 13 9 16 26 8 10 -1 -5 12 -9 -2 25 -16 24 19 -19 20 -3 23 -23 -20 -4 -15 -7 28 -18 -11
right_child=2 17 5 7 -6 6 -8 11 -10 29 -12 -13 -14 14 15 -17 27 18 21 -21 -22 22 -24 -25 -26 -27 -28 -29 -30 -31
leaf_value=-0.088554568588833066 -0.10788935333490371 0.29864132847207092 0.047123523205518721 0.096934852165809979 0.17422248110832536 0.20315000651323276 0.45546849101249659 -0.1368537546008041 0.30081910101143089 -0.035644270709969318 -0.022062375849148011 0.12576134416017126 0.095678239571196685 0.1018619697380066 0.52957172598351132 0.13838019291573064 0.10980836846611716 -0.12212806506813326 -0.0079393416460929751 0.012958483542230632 0.067419774679782302 -0.0020834871084944714 0.1692581352783101 -0.17136465733154463 0.39735119819641113 0.34428321593187067 -0.040831546133214776 0.16896106697859301 -0.17278500215365336 -0.10975768933949225
leaf_weight=937 24 26 20 358 34 230 28 114 37 2648 159 47 42 375 22 47 22 158 431 931 325 206 105 52 20 22 22 31 39 204
leaf_count=937 24 26 20 358 34 230 28 114 37 2648 159 47 42 375 22 47 22 158 431 931 325 206 105 52 20 22 22 31 39 204
internal_value=-3.2802e-11 -0.0274681 0.100286 0.0785811 -0.0507007 0.16598 0.209212 0.0484188 0.076399 -0.052719 0.060338 -0.0279412 -0.074249 0.125179 0.137182 0.263108 0.0742762 0.0122893 -0.0150065 0.0325589 0.0845473 0.00630993 0.055765 -0.0255338 0.222237 0.115296 0.18185 0.00994524 -0.0708661 -0.0409455
internal_weight=7716 6057 1659 1247 3823 412 280 757 554 3789 517 203 156 490 466 69 132 2234 952 1282 351 794 311 483 40 397 252 92 61 2852
internal_count=7716 6057 1659 1247 3823 412 280 757 554 3789 517 203 156 490 466 69 132 2234 952 1282 351 794 311 483 40 397 252 92 61 2852
is_linear=0
shrinkage=0.03


Tree=82
num_leaves=31
num_cat=0
split_feature=38 59 51 48 12 26 35 8 13 13 59 30 18 47 13 23 38 16 20 61 48 30 16 1 33 47 16 39 24 60
split_gain=22220.9 5931.53 2485.02 5611.27 3429.38 2668.3 2445.27 3123.61 2377.7 2948.96 2267.4 2015.81 1945.72 2217.61 1852.04 1788.36 1782.49 1645.3 1625.26 2650.1 1850.3 1661.45 1618.81 1537.13 1523.43 1407.01 1245.55 1204.3 1162 1135.49
threshold=60.750000000000007 33.050000000000004 882.85500000000013 57.750000000000007 5.3500000000000005 3.5000000000000004 195.50000000000003 17.450000000000003 290.50000000000006 133.50000000000003 61.807142857142857 336.23666666666639 6641.5000000000009 42.335000000000008 299.50000000000006 12260.245000000001 13.350000000000003 15.65 15244.000000000002 72.757142857142881 64.020000000000024 376.7766666666667 15.65 77.288048550000013 162.50000000000003 149.46640287769787 19.350000000000005 45.95000000000001 912.13000000000011 73.850000000000009
decision_type=10 10 2 10 2 2 10 2 2 2 10 2 2 10 2 2 8 2 2 10 8 2 2 2 10 10 2 8 2 8
left_child=1 15 4 -4 5 25 7 -6 9 -8 24 -12 18 -14 23 16 -1 -9 19 21 -21 -3 -20 -5 -7 -2 27 -18 -10 -24
right_child=2 12 3 14 6 10 8 17 28 -11 11 -13 13 -15 -16 -17 26 -19 22 20 -22 -23 29 -25 -26 -27 -28 -29 -30 -31
leaf_value=-0.10686600384367717 0.1920179838369436 -0.014768463796828606 0.65450955527169363 0.14654912430688272 0.43967983818054196 0.038353370997835604 -0.06834569156169891 -0.16603303458009447 -0.096305062960606896 0.10722584424430069 0.025474859494335797 0.19115403697336222 0.40898452963147841 0.061190716583620415 -0.049212228149959909 0.2144295349310745 -0.035351454789983111 0.11102441230670937 0.22165361804621558 0.069568661294049691 0.44503531270793506 0.040657503970804774 -0.028661585607530651 0.39949790360927584 -0.2652479945761817 0.39662463846594787 -0.076473175833283752 0.16657264629999796 0.13007411766311397 -0.12862203178098197
leaf_weight=535 102 1171 21 160 25 51 123 21 181 287 98 203 21 77 38 22 1720 237 21 27 21 833 607 25 21 43 852 27 23 123
leaf_count=535 102 1171 21 160 25 51 123 21 181 287 98 203 21 77 38 22 1720 237 21 27 21 833 607 25 21 43 852 27 23 123
internal_value=8.81579e-11 -0.0266441 0.0972774 0.185696 0.0820305 0.143489 0.0465394 0.119499 0.0129117 0.0545544 0.101037 0.137212 0.0043209 0.135718 0.141548 -0.0551071 -0.0569992 0.0884732 -0.000273079 0.0135467 0.233835 0.00827037 -0.0380338 0.180731 -0.050197 0.252694 -0.0467342 -0.0322307 -0.0707819 -0.0455042
internal_weight=7716 6057 1659 244 1415 518 897 283 614 410 373 301 2901 98 223 3156 3134 258 2803 2052 48 2004 751 185 72 145 2599 1747 204 730
internal_count=7716 6057 1659 244 1415 518 897 283 614 410 373 301 2901 98 223 3156 3134 258 2803 2052 48 2004 751 185 72 145 2599 1747 204 730
is_linear=0
shrinkage=0.03


Tree=83
num_leaves=31
num_cat=0
split_feature=38 38 38 16 26 30 34 7 38 39 13 5 33 35 23 32 35 64 19 47 16 19 45 12 5 48 19 60 11 52
split_gain=20907.7 5599.35 2409.3 1887.71 2549.76 2435.11 2787.56 1625.69 1954.85 1515.6 1499 1484.93 3279.03 2267.34 1712.68 1467.32 1387.76 2003.98 1476.92 1643.55 1362.65 1629.3 1540.98 1335.45 1280.03 1439.25 1392.53 1234.14 1206.38 2634.2
threshold=60.750000000000007 37.95000000000001 90.050000000000011 22.000000000000004 5.5000000000000009 376.7766666666667 137.55000000000004 14.685000000000002 128.50000000000003 35.350000000000001 117.50000000000001 92.500000000000014 39.550000000000004 306.50000000000006 360.85000000000008 48.750000000000007 208.50000000000003 26.855000000000004 10.981250000000001 43.725000000000001 18.050000000000004 8.5250000000000021 18.350000000000005 4.8500000000000005 22.500000000000004 194.40000000000003 9.6625000000000014 36.250000000000007 54.500000000000007 11679.000000000002
decision_type=10 10 10 2 2 2 10 2 10 10 2 2 10 10 2 10 8 10 2 10 2 2 8 2 2 8 2 8 2 2
left_child=1 3 9 4 5 15 -7 24 20 -2 -6 13 -13 23 -14 -1 18 27 19 -3 22 -22 -9 -11 -4 26 -26 -18 29 -20
right_child=2 16 7 -5 10 6 -8 8 -10 11 -12 12 14 -15 -16 -17 17 -19 28 -21 21 -23 -24 -25 25 -27 -28 -29 -30 -31
leaf_value=0.060372140951165297 -0.14874158907267782 0.35328999513387682 0.22906814333270578 -0.086084887904829752 -0.091361534441103204 0.043604410304970503 0.39869077123701568 0.45257276773452759 0.43597686840221284 0.19238141561703134 -0.0371696021430203 0.4766702800137656 0.18881852304364771 -0.070925064988732328 0.071103307139552568 -0.068363703967135564 -0.043958572575024196 -0.0023079260711215046 0.23174631896005435 0.072587711030032989 0.18255977381359445 -0.13851705865859987 0.18043540851272255 0.049932746520477855 0.19682010860068769 -0.19217080157736072 -0.062850069333525257 -0.32318874324190205 -0.0098275024433595246 0.01370421058827025
leaf_weight=103 27 20 34 860 642 379 21 21 28 72 1615 21 141 125 527 352 28 855 66 306 33 25 173 334 41 23 34 29 577 204
leaf_count=103 27 20 34 860 642 379 21 21 28 72 1615 21 141 125 527 352 28 855 66 306 33 25 173 334 41 23 34 29 577 204
internal_value=1.15742e-10 -0.0258447 0.094359 -0.046743 -0.0358709 0.00824899 0.0622464 0.157256 0.198172 0.0735784 -0.0525844 0.0784986 0.107554 0.0407973 0.0959504 -0.0392213 0.0139671 -0.0137901 0.0355482 0.0898087 0.17175 0.0441646 0.209894 0.0751946 0.070463 0.0154367 0.079103 -0.186023 0.014664 0.0670034
internal_weight=7716 6057 1659 3972 3112 855 400 412 280 1247 2257 1220 689 531 668 455 2085 912 1173 326 252 58 194 406 132 98 75 57 847 270
internal_count=7716 6057 1659 3972 3112 855 400 412 280 1247 2257 1220 689 531 668 455 2085 912 1173 326 252 58 194 406 132 98 75 57 847 270
is_linear=0
shrinkage=0.03


Tree=84
num_leaves=31
num_cat=0
split_feature=38 38 38 58 28 13 13 19 47 64 41 32 49 64 30 31 24 64 46 25 32 18 38 58 21 64 48 13 21 18
split_gain=19733.2 4738.19 2850.66 2079.45 2093.35 1863.03 2525.22 2482.25 1662.67 1368.51 1549.18 1404.72 1358.12 1293.17 1077.95 2804.36 3791.59 1989.38 1137.55 1137.11 1063.39 1058.13 1149.62 997.321 1157.47 1096.54 1007.1 914.633 830.997 826.284
threshold=45.650000000000013 69.65000000000002 22.950000000000003 17.850000000000005 754.16666666666686 290.50000000000006 316.50000000000006 11.893750000000002 51.306046511627912 36.205000000000005 71.050000000000011 69.950000000000017 80.516666666666694 91.15000000000002 376.7766666666667 369.97714285714284 512.86000000000013 157.34262589928059 70.066666666666677 4.5000000000000009 209.50000000000003 6641.5000000000009 8.7200000000000024 74.15000000000002 16.500000000000004 165.80000000000004 95.050000000000011 113.50000000000001 28.500000000000004 5781.0000000000009
decision_type=10 10 10 8 2 2 2 2 8 8 10 10 8 10 2 2 2 10 10 2 10 2 8 8 2 8 8 2 2 2
left_child=2 8 20 -3 5 7 -7 -5 -2 28 12 -12 -11 -6 23 16 19 18 -17 -16 21 22 29 26 -25 -26 27 -4 -10 -1
right_child=1 3 14 4 13 6 -8 -9 9 10 11 -13 -14 -15 15 17 -18 -19 -20 -21 -22 -23 -24 24 25 -27 -28 -29 -30 -31
leaf_value=-0.15858218394106413 0.30305498242378232 0.41342395934835074 -0.067058426125667397 0.17880349245762489 -0.27824294695258139 0.021712745413625317 0.2264340757646344 0.057311589040168344 0.075773521512746814 0.056655124842502499 0.26382885724914312 0.037806968709826465 -0.00092020927338632395 0.058824608581406729 0.092845310961592542 -0.027248224987963629 0.3883587701867024 0.22551342630106955 0.1665188183848347 -0.10508405755353825 0.14121298443187366 0.12138669662750684 -0.061888312739989466 0.2567577838897705 0.16769935696944593 -0.11907631629705429 -0.11095630539260852 -0.016279908863584686 -0.12609480819163413 -0.014790062199939381
leaf_weight=197 20 20 452 490 20 304 66 219 24 718 49 50 758 21 103 1043 36 30 28 35 22 26 1547 22 20 30 157 1087 78 44
leaf_count=197 20 20 452 490 20 304 66 219 24 718 49 50 758 21 103 1043 36 30 28 35 22 26 1547 22 20 30 157 1087 78 44
internal_value=8.93082e-11 0.0629159 -0.0365838 0.110219 0.104804 0.112799 0.0582306 0.141276 0.0311391 0.0278962 0.0347929 0.149676 0.0270873 -0.105599 -0.0187717 0.00225417 0.114173 -0.0154332 -0.0221824 0.0426458 -0.0661056 -0.06862 -0.0713829 -0.0339346 0.0754218 -0.00436605 -0.0385771 -0.0311934 -0.0785964 -0.13233
internal_weight=7716 2837 4879 1140 1120 1079 370 709 1697 1677 1575 99 1476 41 3043 1275 174 1101 1071 138 1836 1814 1788 1768 72 50 1696 1539 102 241
internal_count=7716 2837 4879 1140 1120 1079 370 709 1697 1677 1575 99 1476 41 3043 1275 174 1101 1071 138 1836 1814 1788 1768 72 50 1696 1539 102 241
is_linear=0
shrinkage=0.03


Tree=85
num_leaves=31
num_cat=0
split_feature=38 59 51 48 12 26 35 10 59 28 23 38 25 6 0 33 35 12 11 9 12 47 10 53 9 33 10 12 35 51
split_gain=18627.5 5014.55 2284.9 5236.11 3116.85 2456.49 2247.68 2921.15 2073.41 2402.37 1646.74 1585.66 1497.56 1547.35 1443.28 1414.88 1366.97 1365.47 2123.95 2452.05 1348.67 1303.99 1155.69 1799.69 1632.24 1063.61 1036.78 1022.73 1000.83 1000.19
threshold=60.750000000000007 33.050000000000004 882.85500000000013 57.750000000000007 5.3500000000000005 3.5000000000000004 195.50000000000003 12.450000000000001 61.807142857142857 105.83333333333333 12260.245000000001 9.9950000000000028 5.5000000000000009 1875.4150000000002 28.545960750000003 162.50000000000003 247.50000000000003 8.6500000000000004 47.500000000000007 40.600000000000009 5.6500000000000012 149.46640287769787 21.650000000000002 201568.65000000002 41.150000000000013 237.50000000000003 10.250000000000002 8.2500000000000018 368.50000000000006 278.12000000000006
decision_type=10 10 2 10 2 2 10 2 10 2 2 8 2 2 2 10 10 2 2 2 2 10 2 2 2 10 2 2 10 2
left_child=1 10 4 -4 5 21 7 -6 15 -10 11 -1 13 -5 16 -7 -3 18 19 -16 -9 -2 23 -8 -24 27 -20 -13 -14 -18
right_child=2 14 3 12 6 8 22 20 9 -11 -12 25 28 -15 17 -17 29 -19 26 -21 -22 -23 24 -25 -26 -27 -28 -29 -30 -31
leaf_value=-0.11784730107260502 0.17940517814172541 -0.016618399956118954 0.62671939475195748 0.078285041504672595 0.42019040771350263 0.033021905277581774 0.016731033148517944 -0.12007004815153777 0.024236332714313365 0.19686693952236758 0.20807944292371924 -0.036257220617141671 -0.18008865219354631 0.25637435513346091 0.11582103984599298 -0.25956328404801232 -0.23464978336849632 -0.028917479245201032 0.074737245940326991 -0.067613861460238692 0.10400613573198388 0.37637869037514504 -0.1440750698675943 0.30722863974608483 0.1068994422443211 0.15775358980116636 -0.0018317479732751663 -0.077331036656589691 0.09990880934728516 -0.049392801639106539
leaf_weight=301 102 367 21 84 25 51 476 27 122 179 22 2069 20 92 364 21 51 535 182 80 231 43 86 20 32 23 1268 741 27 54
leaf_count=301 102 367 21 84 25 51 476 27 122 179 22 2069 20 92 364 21 51 535 182 80 231 43 86 20 32 23 1268 741 27 54
internal_value=7.93507e-11 -0.0243948 0.0890653 0.173849 0.0744453 0.133037 0.04061 0.110559 0.0923038 0.126897 -0.0505654 -0.052381 0.131202 0.171377 0.00407622 -0.0523154 -0.0439265 0.013404 0.0253586 0.0827697 0.0805563 0.237818 0.0083695 0.0284446 -0.0760142 -0.0454254 0.00777898 -0.0470884 -0.019239 -0.139375
internal_weight=7716 6057 1659 244 1415 518 897 283 373 301 3156 3134 223 176 2901 72 472 2429 1894 444 258 145 614 496 118 2833 1450 2810 47 105
internal_count=7716 6057 1659 244 1415 518 897 283 373 301 3156 3134 223 176 2901 72 472 2429 1894 444 258 145 614 496 118 2833 1450 2810 47 105
is_linear=0
shrinkage=0.03


Tree=86
num_leaves=31
num_cat=0
split_feature=38 38 7 38 59 0 13 16 44 30 30 10 10 61 60 44 56 39 47 56 16 39 45 14 12 53 0 23 47 18
split_gain=17561.1 4275.78 2722.2 2556.86 1865.22 1703.59 3545.14 2001.61 1932.09 1818.36 3042.88 1590.08 1643.69 1528.62 1379.18 1218.79 1280.42 1169.75 1035.48 1018.57 939.202 2848.76 1782.03 1689.8 1509.79 1455.15 996.795 929.006 924.618 883.855
threshold=45.650000000000013 82.050000000000011 80.700000000000017 23.750000000000004 58.535714285714292 28.567144700000004 245.00000000000003 20.750000000000004 17.850000000000005 91.240000000000094 152.8900000000001 9.0500000000000025 10.350000000000003 30.778571428571432 28.550000000000004 8.1350000000000033 198.50000000000003 36.150000000000013 89.350000000000023 96.800000000000026 17.550000000000004 64.15000000000002 64.750000000000014 9.0500000000000025 5.5500000000000007 268468.00000000006 28.496097500000001 205.91000000000003 5.7550000000000017 6641.5000000000009
decision_type=10 10 2 10 10 2 2 2 10 2 2 2 2 10 10 10 10 10 8 10 2 10 8 2 2 2 2 2 8 2
left_child=3 5 4 28 14 6 18 9 27 19 -11 -6 -13 -10 -3 16 -8 -17 -2 -7 21 22 23 -5 -22 26 -26 -9 -1 -30
right_child=1 2 -4 20 11 7 15 8 13 10 -12 12 -14 -15 -16 17 -18 -19 -20 -21 24 -23 -24 -25 25 -27 -28 -29 29 -31
leaf_value=-0.22622046959400174 -0.064645968385739244 0.084929731202057809 0.40211345038106361 0.015232272465286656 0.37255850820437725 0.05419123264062492 0.36346795642375945 -0.045775176995205426 0.01251840218762371 0.2461927479878068 0.068493709151909749 -0.067184563390910626 0.13268465330589091 -0.14710356304951763 -0.25928555998206138 -0.20520123622566461 0.055584141237120473 0.035428500731801607 -0.23738605097302645 -0.089854165722980439 0.2182268337905407 0.29960728174873763 -0.11103063605122522 -0.1010143308814675 -0.1692576231214365 0.072186120137572293 -0.040935949822594617 0.10099611723063322 -0.060796791892225532 0.11205731312433878
leaf_weight=30 64 22 31 1218 23 85 20 53 107 94 1121 40 499 109 20 20 31 200 61 92 21 28 132 124 57 100 1233 145 1909 27
leaf_count=30 64 22 31 1218 23 85 20 53 107 94 1121 40 499 109 20 20 31 200 61 92 21 28 132 124 57 100 1233 145 1909 27
internal_value=1.55973e-10 0.0593523 0.127936 -0.0345117 0.113864 0.0395745 -0.0167771 0.0519307 -0.0059818 0.0691546 0.0822416 0.128276 0.117852 -0.0680316 -0.0789823 0.044185 0.176323 0.0135531 -0.148943 -0.0206798 -0.0166702 -0.000159727 -0.00585408 0.00449116 -0.0342455 -0.0380598 -0.046606 0.0617089 -0.0609472 -0.0583861
internal_weight=7716 2837 635 4879 604 2202 396 1806 414 1392 1215 562 539 216 42 271 51 220 125 177 2913 1502 1474 1342 1411 1390 1290 198 1966 1936
internal_count=7716 2837 635 4879 604 2202 396 1806 414 1392 1215 562 539 216 42 271 51 220 125 177 2913 1502 1474 1342 1411 1390 1290 198 1966 1936
is_linear=0
shrinkage=0.03


Tree=87
num_leaves=31
num_cat=0
split_feature=38 59 38 18 47 23 5 47 35 39 13 0 13 38 20 11 20 21 47 7 48 47 32 32 56 23 33 54 13 21
split_gain=16632.9 4449.7 2037.27 1712.22 2072.67 1526.69 1504.88 2770.36 2117.42 1958.48 1825.82 2466.29 1643.78 1469.74 1459.7 2463.67 2691.3 1767.02 1303.75 1278.11 1763.36 1274.86 1252.9 1212.6 1390.47 1139.26 970.004 954.865 840.829 747.585
threshold=60.750000000000007 33.050000000000004 92.750000000000014 6641.5000000000009 42.335000000000008 12260.245000000001 92.500000000000014 63.710000000000008 346.50000000000006 38.550000000000004 112.00000000000001 28.647228500000001 290.50000000000006 13.350000000000003 15244.000000000002 47.500000000000007 11679.000000000002 1026.5000000000002 139.25575539568348 68.40000000000002 85.450000000000017 43.295000000000009 71.350000000000009 60.250000000000007 178.50000000000003 13669.565000000001 241.50000000000003 128.50000000000003 117.50000000000001 78.500000000000014
decision_type=10 10 10 2 10 2 2 10 10 10 2 2 2 8 2 2 2 2 8 2 8 10 10 10 8 2 10 10 2 2
left_child=1 5 6 14 -5 13 8 -8 10 -9 11 -2 -11 27 15 16 -3 -17 -12 20 -4 22 -16 -22 -25 -23 28 -1 -15 -10
right_child=2 3 19 4 -6 -7 7 9 29 12 18 -13 -14 26 21 17 -18 -19 -20 -21 23 25 -24 24 -26 -27 -28 -29 -30 -31
leaf_value=-0.1026319679446446 -0.26490268318993704 0.20248300827077537 -0.13108156645839864 0.39121458223887851 0.054978116532037782 0.20133421731266107 0.43441651991435459 -0.20787533077597617 0.027015546856241093 0.12302243034437572 0.04616634252507841 0.084140158201518808 0.020871664755418896 -0.066649327330846705 -0.050969111005280864 -0.002845345716427387 -0.0025478210977532647 0.23732982168240208 0.16679278503504713 0.32157784719896665 -0.03800409454723884 -0.020417000259608083 -0.20715929136597191 0.30109999413923783 0.13311848752184335 0.19116012573242189 0.16293421336582731 0.10864416959881783 -0.029979677008082919 -0.16211805592140843
leaf_weight=515 35 121 22 21 77 22 21 20 27 487 288 38 200 830 160 1793 110 28 112 34 29 502 65 55 229 24 21 20 1748 62
leaf_count=515 35 121 22 21 77 22 21 20 27 487 288 38 200 830 160 1793 110 28 112 34 29 502 65 55 229 24 21 20 1748 62
internal_value=1.28833e-10 -0.0230517 0.0841618 0.00376788 0.127029 -0.0477044 0.0663814 0.094851 0.0295027 0.0847649 0.054762 -0.0832091 0.0932842 -0.0494526 -0.00054163 0.0125554 0.104849 0.000847628 0.0799417 0.146321 0.128533 -0.0363274 -0.0960907 0.146781 0.16565 -0.0107633 -0.0401315 -0.0947338 -0.0417857 -0.10474
internal_weight=7716 6057 1659 2901 98 3156 1290 728 562 707 473 73 687 3134 2803 2052 231 1821 400 369 335 751 225 313 284 526 2599 535 2578 89
internal_count=7716 6057 1659 2901 98 3156 1290 728 562 707 473 73 687 3134 2803 2052 231 1821 400 369 335 751 225 313 284 526 2599 535 2578 89
is_linear=0
shrinkage=0.03


Tree=88
num_leaves=31
num_cat=0
split_feature=59 59 16 11 20 17 32 12 16 18 64 60 63 61 16 11 56 36 34 31 29 23 32 37 32 64 59 17 11 7
split_gain=15560.3 2971.79 2690.48 2994.32 2743.88 2557.67 2755.49 3271.06 2957.07 2376 2702.35 1864.26 1812.9 1887.21 1785.15 1731.61 1999.06 1638.12 1479.6 1379.31 1326.25 1312.25 1487.82 1167.34 1153.23 1050.16 991.551 979.601 807.121 770.211
threshold=52.578571428571429 26.050000000000004 19.050000000000004 48.500000000000007 23112.250000000004 3057.5000000000005 115.50000000000001 7.4500000000000011 13.050000000000002 6641.5000000000009 91.15000000000002 36.250000000000007 24.962857142857143 67.257142857142881 22.200000000000006 74.500000000000014 63.850000000000001 361.50000000000006 55.33333333333335 294.32714285714275 56.642857142857146 13669.565000000001 50.350000000000001 231.50000000000003 206.50000000000003 150.95000000000002 7.4314285714285715 947.50000000000011 36.500000000000007 18.225000000000005
decision_type=10 10 2 2 2 2 10 2 2 2 8 8 8 10 2 2 10 10 10 2 2 2 10 10 10 8 8 2 2 2
left_child=1 17 3 4 12 6 7 -5 -8 14 -11 23 -2 -14 15 16 -3 24 -13 -17 -20 22 -16 27 26 -22 -1 -4 -29 -28
right_child=2 9 11 5 -6 -7 8 -9 -10 10 -12 18 13 -15 21 19 -18 -19 20 -21 25 -23 -24 -25 -26 -27 29 28 -30 -31
leaf_value=-0.14268326022295799 0.085777944705479739 0.12474357842860949 0.28484899237104083 0.11081767653255549 -0.11388599695903913 -0.25357006446881725 0.10052908826901923 0.45120865673654609 -0.01833690311575192 0.057940926865646329 0.44026614828407762 0.1745475631713867 0.21258304067713729 0.49103544344902034 -0.012392465959380925 -0.014754950856093805 0.0044848303318064811 0.20292650690471584 -0.24156964636024306 -0.10114823822706163 -0.076525373715766759 0.16246493347313093 -0.1083273031534361 -0.00090761878353389186 0.14530156043171882 0.083582993231248112 -0.067514533405849675 0.17460703393213561 0.045425109983848244 -0.027812274722860943
leaf_weight=122 91 135 23 431 28 22 356 27 400 99 20 25 177 25 249 594 1585 22 34 231 159 23 350 187 25 48 1351 59 166 652
leaf_count=122 91 135 23 431 28 22 356 27 400 99 20 25 177 25 249 594 1585 22 34 231 159 23 350 187 25 48 1351 59 166 652
internal_value=2.61822e-11 -0.0274018 0.0662352 0.0882082 0.169844 0.0670066 0.072816 0.130884 0.037637 -0.00940443 0.122197 0.0174307 0.196959 0.247045 -0.0143494 -0.00321448 0.0139237 -0.0546299 -0.0451324 -0.0389451 -0.0679208 -0.0599093 -0.0684479 0.0556878 -0.0572654 -0.0393988 -0.0596485 0.0983625 0.0792995 -0.054591
internal_weight=7716 5458 2258 1557 321 1236 1214 458 756 3286 119 701 293 202 3167 2545 1720 2172 266 825 241 622 599 435 2150 207 2125 248 225 2003
internal_count=7716 5458 2258 1557 321 1236 1214 458 756 3286 119 701 293 202 3167 2545 1720 2172 266 825 241 622 599 435 2150 207 2125 248 225 2003
is_linear=0
shrinkage=0.03


Tree=89
num_leaves=31
num_cat=0
split_feature=38 38 51 65 59 0 16 36 23 20 13 1 19 16 26 41 22 19 16 13 10 32 54 49 58 10 32 15 10 18
split_gain=14933.6 3988.21 2049.86 5742.6 2210.63 1817.99 1804.57 2648.34 2427.31 2292.53 1659.74 1742.32 1629.31 1572.67 2075.39 2271.46 1579.24 1502.07 1299.62 1285.32 1267.58 2261.85 1214.72 1176.34 1673.3 1524.55 1548.06 1325.86 1811.08 1146.96
threshold=60.750000000000007 37.95000000000001 882.85500000000013 55.937857142857148 61.385714285714293 28.545960750000003 13.950000000000001 192.50000000000003 2099.0300000000002 7638.5000000000009 299.50000000000006 77.288048550000013 8.4437500000000014 22.000000000000004 5.5000000000000009 75.600000000000009 184.50000000000003 9.0229166666666689 15.750000000000002 117.50000000000001 20.650000000000002 118.50000000000001 42.45000000000001 79.583333333333343 61.550000000000004 21.350000000000005 97.350000000000009 993.20000000000016 13.250000000000002 3991.0000000000005
decision_type=10 10 2 10 10 2 2 8 2 2 2 2 2 2 2 8 2 2 2 2 2 10 8 8 8 2 10 2 2 2
left_child=1 13 4 -4 5 -2 8 17 9 -6 11 -5 -9 14 15 16 -1 -8 -17 -16 21 -7 -22 24 -3 29 -27 28 -26 -25
right_child=2 23 3 10 6 20 7 12 -10 -11 -12 -13 -14 -15 19 18 -18 -19 -20 -21 22 -23 -24 25 27 26 -28 -29 -30 -31
leaf_value=-0.026249871294696841 -0.21782705273359051 0.012902070028003382 0.6223752043734897 0.11331048475904389 0.12416750818641499 0.18920789919793604 0.26738315942138435 0.087787875482496225 -0.10828445556488904 0.31612990045677059 -0.072217303651074566 0.37809680590262779 -0.034035144446995749 -0.075388889844470452 -0.080542005275802631 0.36632842591830661 0.081838733161620741 0.093440676342589513 0.09025137006452208 -0.030361144714241256 -0.22681577199035219 -0.019211285176142207 -0.0028393245705988553 -0.03741505565530643 0.3404527638996801 -0.035037483956972905 -0.21860351985692977 -0.081158528916778092 0.09088912694981055 0.055464142270610056
leaf_weight=626 31 1183 22 160 297 84 60 159 33 69 36 26 261 860 642 21 151 175 57 1615 27 106 113 246 31 133 60 31 168 233
leaf_count=626 31 1183 22 160 297 84 60 159 33 69 36 26 261 860 642 21 151 175 57 1615 27 106 113 246 31 133 60 31 168 233
internal_value=-1.60501e-12 -0.0218424 0.0797467 0.160052 0.065899 0.00182703 0.087844 0.0572064 0.138139 0.160357 0.114236 0.150324 0.0120836 -0.0394797 -0.0295562 0.0102485 -0.00524424 0.137852 0.16458 -0.044635 0.0224612 0.0729319 -0.0460348 0.0117571 0.027297 -0.0209184 -0.0921046 0.101337 0.129766 0.00776418
internal_weight=7716 6057 1659 244 1415 361 1054 655 399 366 222 186 420 3972 3112 855 777 235 78 2257 330 190 140 2085 1413 672 193 230 199 479
internal_count=7716 6057 1659 244 1415 361 1054 655 399 366 222 186 420 3972 3112 855 777 235 78 2257 330 190 140 2085 1413 672 193 230 199 479
is_linear=0
shrinkage=0.03


Tree=90
num_leaves=31
num_cat=0
split_feature=38 59 13 58 18 22 9 22 58 18 18 47 23 0 35 24 29 38 20 13 10 11 20 25 33 54 12 35 38 25
split_gain=14051 3765.51 1923.7 1947.43 2136.39 2290.62 2078.26 1921.17 1679.58 1634.16 1499.92 1904.57 1388.32 1382.99 1472.5 1352.38 1419.9 1323.51 1216.12 1181.59 1443.64 917.971 1264.5 907.432 890.47 877.732 805.859 683.785 683.305 667.785
threshold=60.750000000000007 33.050000000000004 65.500000000000014 84.750000000000014 3935.0000000000005 188.00000000000003 24.350000000000005 59.500000000000007 67.350000000000009 6482.5000000000009 6641.5000000000009 42.335000000000008 12260.245000000001 28.567144700000004 206.50000000000003 861.12000000000012 222.50000000000003 13.350000000000003 19443.750000000004 299.50000000000006 10.450000000000001 36.500000000000007 14344.000000000002 1.5000000000000002 241.50000000000003 128.50000000000003 8.2500000000000018 193.50000000000003 88.250000000000014 3.5000000000000004
decision_type=10 10 2 10 2 2 2 2 10 2 2 10 2 2 10 2 2 8 2 2 2 2 2 2 10 10 2 10 10 2
left_child=1 12 -2 4 5 6 -4 18 -7 -9 13 -12 17 14 -3 21 -17 25 -6 20 -15 -5 -23 -21 26 27 -19 -1 -18 -16
right_child=2 10 3 15 7 8 -8 9 -10 -11 11 -13 -14 19 29 16 28 24 -20 23 -22 22 -24 -25 -26 -27 -28 -29 -30 -31
leaf_value=-0.084865143390955966 0.36979721671342847 -0.0013109255589559957 -0.025807601258845871 0.2772369116430099 0.048825155335421463 -0.32983852109601419 0.14633769247803713 0.12544838506768252 -0.0092945798380034295 -0.0040250586474744176 0.37209686436823436 0.049783827806641527 0.19361939970573241 0.11998940480247255 -0.050272281115967259 0.46472794009745116 0.029868817605078219 -0.02835290393165522 -0.10785067486111075 0.054145737614482638 0.015125473659663271 0.11486071245909175 -0.065791820146143432 -0.059648681646275438 0.15787542309079849 0.10648867124319075 -0.066634260622183597 -0.20267824588989722 0.25780456442257454 -0.14153493214771151
leaf_weight=466 20 460 206 26 147 31 91 561 28 104 21 77 22 128 181 20 20 1910 64 80 1536 272 40 298 21 20 668 49 29 120
leaf_count=466 20 460 206 26 147 31 91 561 28 104 21 77 22 128 181 20 20 1910 64 80 1536 272 40 298 21 20 668 49 29 120
internal_value=-1.11995e-10 -0.0211872 0.0773543 0.0737857 0.0549902 -0.00698 0.0269373 0.0801744 -0.177716 0.1052 0.00348453 0.118851 -0.0438654 -0.000548975 -0.0350677 0.13068 0.251714 -0.0455325 0.00130263 0.0123152 0.0231919 0.105972 0.0917001 -0.0355652 -0.0366873 -0.0885021 -0.0382722 -0.0960745 0.16477 -0.0866561
internal_weight=7716 6057 1659 1639 1232 356 297 876 59 665 2901 98 3156 2803 761 407 69 3134 211 2042 1664 338 312 378 2599 535 2578 515 49 301
internal_count=7716 6057 1659 1639 1232 356 297 876 59 665 2901 98 3156 2803 761 407 69 3134 211 2042 1664 338 312 378 2599 535 2578 515 49 301
is_linear=0
shrinkage=0.03


Tree=91
num_leaves=31
num_cat=0
split_feature=59 53 16 11 26 43 16 5 11 59 1 11 20 63 59 60 8 11 34 13 53 37 1 17 45 58 20 11 18 28
split_gain=13116.7 2583.92 3078.83 2719.24 3496.39 3328.29 2384.25 3173.36 2896.09 2518.76 2251.5 2115.98 2099.99 2054.94 1860.6 1694.59 1674.76 1389.12 1470.42 1378.38 1128.65 1056.67 946.656 901.809 835.838 746.062 834.81 716.101 700.374 1677.44
threshold=52.578571428571429 268468.00000000006 19.350000000000005 69.500000000000014 1.5000000000000002 19.203333333333337 19.050000000000004 661.00000000000011 47.500000000000007 87.871428571428581 77.188546500000015 83.500000000000014 19443.750000000004 24.686428571428575 89.042857142857159 36.250000000000007 28.250000000000004 19.500000000000004 55.33333333333335 38.000000000000007 61816.450000000004 231.50000000000003 77.239399000000006 947.50000000000011 14.350000000000003 29.150000000000002 22902.500000000004 36.500000000000007 5441.5000000000009 394.33333333333343
decision_type=10 2 2 2 2 10 2 2 2 10 2 2 2 8 10 8 2 2 10 2 2 10 2 2 8 10 2 2 2 2
left_child=1 2 3 4 5 -1 7 8 12 11 -6 -10 13 -2 -11 21 -9 -17 -19 -5 -21 23 28 -8 -24 -3 -27 -25 29 -4
right_child=6 25 22 19 10 -7 15 16 9 14 -12 -13 -14 -15 -16 17 -18 18 -20 20 -22 -23 24 27 -26 26 -28 -29 -30 -31
leaf_value=0.016736813485622407 0.078051432624255138 0.0038162551064099843 -0.10611831835348828 0.16234891307353974 0.041861829828616776 0.56404446628689764 0.27087403815725575 -0.35128311233087017 0.061397192557452594 0.41760123961091844 -0.026496671477394242 -0.092045240524444683 -0.01482318603856997 0.26903848623149995 0.12870702883155136 0.19565842509269712 0.0043642078282741395 0.15874550312757491 -0.088442896026079659 -0.11001586678325567 -0.034158349651141687 -0.0025019825263855292 0.041963342699286248 0.16342770438073043 -0.054778611549655368 0.0025499349832534789 0.17786072509684439 0.0417475562737918 -0.053092827889127267 0.13987369695535073
leaf_weight=20 73 67 617 30 843 20 23 22 887 22 893 89 44 166 228 20 26 24 222 199 1563 187 131 59 208 34 87 166 720 26
leaf_count=20 73 67 617 30 843 20 23 22 887 22 893 89 44 166 228 20 26 24 222 199 1563 187 131 59 208 34 87 166 720 26
internal_value=2.14739e-11 -0.0251583 -0.029057 -0.0132199 0.0130876 0.290391 0.0608123 0.081497 0.0891356 0.0691678 0.00669815 0.047405 0.175639 0.210704 0.15413 0.0148692 -0.158641 -0.0447792 -0.064327 -0.0392925 -0.0427257 0.0513438 -0.0622573 0.0919453 -0.0173946 0.0841291 0.1286 0.0736548 -0.0734154 -0.0961715
internal_weight=7716 5458 5270 3568 1776 40 2258 1557 1509 1226 1736 976 283 239 250 701 48 266 246 1792 1762 435 1702 248 339 188 121 225 1363 643
internal_count=7716 5458 5270 3568 1776 40 2258 1557 1509 1226 1736 976 283 239 250 701 48 266 246 1792 1762 435 1702 248 339 188 121 225 1363 643
is_linear=0
shrinkage=0.03


Tree=92
num_leaves=31
num_cat=0
split_feature=38 38 7 38 36 48 51 38 15 36 10 24 18 16 53 36 65 64 45 25 16 41 64 55 32 18 38 56 26 16
split_gain=12538.4 3186.67 2531.95 1930.16 1853.82 1800.21 3126.43 2220.45 2072.33 1656.95 2171.58 1733.35 1688.87 1506.05 2088.59 1790.59 938.837 1350.65 1094.34 1005.72 977.871 1703.5 1171.97 975.801 906.298 830.535 875.767 793.45 757.905 1303.61
threshold=45.650000000000013 82.050000000000011 80.700000000000017 22.950000000000003 559.50000000000011 89.350000000000023 172.75500000000002 134.50000000000003 982.25000000000011 216.50000000000003 13.400000000000002 296.53500000000003 4473.0000000000009 13.15 68986.650000000009 393.50000000000006 102.02142857142857 68.790000000000006 35.960215827338139 1.5000000000000002 15.850000000000003 68.750000000000014 117.05000000000001 115.16428571428573 209.50000000000003 6641.5000000000009 8.7200000000000024 210.50000000000003 8.5000000000000018 18.150000000000002
decision_type=10 10 2 10 10 8 2 10 2 8 2 2 2 2 2 10 10 10 8 2 2 10 10 10 10 2 8 8 2 2
left_child=3 4 5 24 9 6 -3 8 -7 10 12 -12 -2 15 -15 -11 18 -18 20 23 21 -5 -22 -20 25 26 -1 -21 29 -19
right_child=1 2 -4 16 -6 7 -8 -9 -10 13 11 -13 -14 14 -16 -17 17 28 19 27 22 -23 -24 -25 -26 -27 -28 -29 -30 -31
leaf_value=-0.11141751356268324 0.084074663406971728 -0.25413198089057748 0.37378257330386871 0.00735211129277368 0.30708516345274717 -0.17832363849100857 0.19587642423808574 0.4077747637575323 0.11289193091101468 0.094085926089755953 -0.0077847205889481829 0.076015420074638143 0.28684472032270186 -0.14877575214913016 0.00093065355808146335 -0.097489931915166236 0.28632580080628395 0.30452861990220842 -0.065107098831007112 -0.047196533461956645 -0.029507751563895276 0.26363056268543 0.12099359513711533 0.11323905544821172 0.13793999864296477 0.11256174101279331 -0.049935839651321055 -0.14812717954169458 -0.029297255475769987 -0.0024167280982841143
leaf_weight=241 99 33 31 853 22 23 24 22 502 256 396 506 59 95 716 53 20 20 65 147 1560 24 48 48 22 26 1547 134 91 33
leaf_count=241 99 33 31 853 22 23 24 22 502 256 396 506 59 95 716 53 20 20 65 147 1560 24 48 48 22 26 1547 134 91 33
internal_value=2.16663e-11 0.0501513 0.10936 -0.0291615 0.0330771 0.0957881 -0.0646548 0.112507 0.100134 0.0303119 0.0571965 0.0392251 0.159793 0.00486757 -0.0166059 0.0612266 -0.0145048 0.0553127 -0.0184819 -0.0649325 -0.0111171 0.0143654 -0.0250152 0.0106506 -0.0534537 -0.055775 -0.0582228 -0.0953272 0.0232276 0.113412
internal_weight=7716 2837 635 4879 2202 604 57 547 525 2180 1060 902 158 1120 811 309 3043 164 2879 394 2485 877 1608 113 1836 1814 1788 281 144 53
internal_count=7716 2837 635 4879 2202 604 57 547 525 2180 1060 902 158 1120 811 309 3043 164 2879 394 2485 877 1608 113 1836 1814 1788 281 144 53
is_linear=0
shrinkage=0.03


Tree=93
num_leaves=31
num_cat=0
split_feature=38 38 51 48 12 26 19 10 35 8 13 13 23 13 12 35 0 10 22 12 29 9 19 47 57 47 25 58 35 56
split_gain=11876.8 3233.13 1836.95 4507.03 2393.9 2102.91 1989.99 3382.19 1875.05 2608.84 2090.41 2275.54 1403.43 1380.21 1273.4 1265.54 1823.12 1366.74 1570.03 1218.81 1213.87 1212.48 1166.97 1493.03 1147.93 1129.31 1052.08 1515.94 1050.6 1040.55
threshold=60.750000000000007 37.95000000000001 882.85500000000013 57.750000000000007 5.3500000000000005 3.5000000000000004 11.893750000000002 12.550000000000002 195.50000000000003 17.450000000000003 290.50000000000006 133.50000000000003 12260.245000000001 299.50000000000006 5.6500000000000012 208.50000000000003 28.557231250000005 21.350000000000005 136.50000000000003 10.15 428.4285714285715 37.550000000000004 10.981250000000001 43.725000000000001 335.71428571428572 149.46640287769787 2.5000000000000004 55.550000000000004 258.50000000000006 160.50000000000003
decision_type=10 10 2 10 2 2 2 2 10 2 2 2 2 2 2 10 2 2 2 2 2 2 2 10 10 10 2 10 8 8
left_child=1 12 4 -4 5 25 7 -7 9 -6 11 -10 19 20 -11 22 -17 18 -18 26 -5 -19 23 -3 -8 -2 27 -1 -28 -12
right_child=2 15 3 13 8 6 24 -9 10 14 29 -13 -14 -15 -16 16 17 21 -20 -21 -22 -23 -24 -25 -26 -27 28 -29 -30 -31
leaf_value=-0.017959035322145326 0.15194566739832652 0.33074029934406279 0.56729803634541376 0.076510851544638478 0.38485681938529015 0.030500076877383084 -0.078183601441535536 0.25999433239249836 -0.07000364121867389 -0.13105654418468476 0.10173299306631087 0.084223735246690523 0.1511018388470014 -0.057106015051862129 0.086677303801036693 -0.11249557955228552 -0.01373923774497964 -0.13258358723492683 0.090032030811356342 -0.081130674127093419 0.23240743731233204 0.0080243793874979017 0.012818017772753083 0.063200308865337979 0.11541815351981383 0.33525190124331516 -0.037682502476571983 0.1302757341830203 -0.11066901642280787 -0.10488602159576042
leaf_weight=1387 102 20 21 108 25 143 94 97 123 27 25 287 36 38 231 147 323 107 221 494 77 114 847 306 39 43 1793 65 197 179
leaf_count=1387 102 20 21 108 25 143 94 97 123 27 25 287 36 38 231 147 323 107 221 494 77 114 847 306 39 43 1793 65 197 179
internal_value=-6.4945e-12 -0.0194791 0.0711181 0.147138 0.0580093 0.109358 0.0716703 0.123254 0.0283566 0.0922451 -0.00109041 0.0379555 -0.0353592 0.107572 0.0638912 0.010773 -0.0157338 0.00285966 0.0284178 -0.0370646 0.141398 -0.0600528 0.0313819 0.0796138 -0.0214132 0.206305 -0.0307402 -0.0113232 -0.0449078 -0.0795651
internal_weight=7716 6057 1659 244 1415 518 373 240 897 283 614 410 3972 223 258 2085 912 765 544 3936 185 221 1173 326 133 145 3442 1452 1990 204
internal_count=7716 6057 1659 244 1415 518 373 240 897 283 614 410 3972 223 258 2085 912 765 544 3936 185 221 1173 326 133 145 3442 1452 1990 204
is_linear=0
shrinkage=0.03


Tree=94
num_leaves=31
num_cat=0
split_feature=58 39 19 20 6 5 63 5 13 11 61 65 39 54 33 12 51 31 24 54 28 51 23 60 49 60 64 55 58 58
split_gain=9555.5 2865.24 2377.2 2433.82 2222.22 4507.22 7343.6 1909.98 2016.84 1788.49 1645.76 1510.79 2161.04 1452.31 2345.75 1372.72 1344.34 2341.17 3601.9 2576.18 1297.19 1831.01 1270.11 3082.49 1215.94 1204.72 1607.38 1194.81 1101.83 1062.78
threshold=53.850000000000001 34.475000000000009 9.8437500000000018 15244.000000000002 512.86000000000013 141.50000000000003 40.550000000000004 486.00000000000006 250.50000000000003 83.500000000000014 13.240714285714288 102.02142857142857 38.95000000000001 54.050000000000004 60.250000000000007 12.050000000000002 462.84000000000009 369.97714285714284 524.57500000000016 37.250000000000007 131.83333333333334 1622.1450000000002 4680.6650000000018 39.45000000000001 81.633333333333368 36.250000000000007 117.05000000000001 73.3857142857143 66.550000000000011 15.750000000000002
decision_type=10 10 2 2 2 2 10 2 2 2 10 10 10 10 10 2 2 2 2 8 2 2 2 10 8 8 10 10 10 8
left_child=1 22 4 7 15 6 -6 9 -9 10 -4 16 -13 14 -14 27 24 18 -18 -19 -7 -22 29 -24 -3 26 -5 -2 -29 -1
right_child=2 11 3 25 5 20 -8 8 -10 -11 -12 12 13 -15 -16 -17 17 19 -20 -21 21 -23 23 -25 -26 -27 -28 28 -30 -31
leaf_value=-0.073732278892592762 0.17460053941017234 -0.0036628320559039845 0.21233443505865962 0.0917291350332754 0.78329040026664731 0.23091064151376484 0.075891099141112403 0.019730506794793264 -0.35791929844021797 -0.053860094877206444 0.065624238966272078 0.35707702456550161 -0.074618249492985858 0.0074292505493899078 0.32235934021102414 -0.16606742501258848 0.066188831180334085 0.25137579602499799 0.50130651774613744 -0.014063696972101769 -0.020236175597304163 0.16085781733542681 0.4032176407277584 -0.03622390759780126 -0.070468816110602434 -0.093665713446045448 -0.093861267829579959 -0.026081398941003361 0.080682513380260293 -0.031911325422307117
leaf_weight=692 77 1132 76 105 25 58 28 35 20 102 728 22 21 193 37 24 67 36 23 383 101 100 20 51 313 176 70 130 263 2608
leaf_count=692 77 1132 76 105 25 58 28 35 20 102 728 22 21 193 37 24 67 36 23 383 101 100 20 51 313 176 70 130 263 2608
internal_value=-6.11945e-11 -0.0205352 0.0542757 0.0293646 0.0948257 0.157506 0.40957 0.0540586 -0.117597 0.0644792 0.0794924 0.00587096 0.0719775 0.0469887 0.178626 0.0552379 -0.00336501 0.0385616 0.177386 0.00874256 0.105926 0.0698603 -0.03798 0.0875624 -0.0181336 -0.0382447 0.017493 0.0665386 0.0453662 -0.0406811
internal_weight=7716 5598 2118 1312 806 312 53 961 55 906 804 2227 273 251 58 494 1954 509 90 419 259 201 3371 71 1445 351 175 470 393 3300
internal_count=7716 5598 2118 1312 806 312 53 961 55 906 804 2227 273 251 58 494 1954 509 90 419 259 201 3371 71 1445 351 175 470 393 3300
is_linear=0
shrinkage=0.03


Tree=95
num_leaves=31
num_cat=0
split_feature=38 38 42 35 22 41 22 13 16 18 19 22 16 31 5 1 11 20 47 1 57 35 64 51 6 20 41 33 19 60
split_gain=10728.1 3415.4 1543.79 1872.93 2105.91 2140.57 2157.65 1935.64 1831.47 1386.08 1348.57 1334.49 1311.27 1341.33 2487.32 1338.03 3298.21 1300.46 1684.09 1278.95 1176.24 1146.46 1751.82 1394.87 2617.66 1856.13 1242.03 3401.92 2235.56 1161.21
threshold=65.550000000000011 37.95000000000001 99.350000000000009 197.50000000000003 76.000000000000014 15.450000000000001 144.50000000000003 290.50000000000006 13.15 3922.0000000000005 17.062500000000004 71.000000000000014 19.050000000000004 1995.6807142857144 333.50000000000006 77.188546500000015 62.500000000000007 9674.5000000000018 114.45000000000002 77.232522700000018 139.0214285714286 208.50000000000003 26.855000000000004 462.84000000000009 578.1350000000001 2250.0000000000005 68.050000000000011 39.150000000000013 13.210416666666669 36.250000000000007
decision_type=10 10 8 10 2 10 2 2 2 2 2 2 2 2 2 2 2 2 10 2 10 10 10 2 2 2 10 10 2 8
left_child=1 12 3 4 17 -6 -7 10 11 -10 -5 -9 13 15 -15 16 -1 18 -2 -17 -19 26 29 25 -25 -24 -3 -28 -29 -23
right_child=2 21 -4 7 5 6 -8 8 9 -11 -12 -13 -14 14 -16 19 -18 20 -20 -21 -22 22 23 24 -26 -27 27 28 -30 -31
leaf_value=0.090491978084583841 0.060376160953726089 0.020979932589566729 -0.14059937793633032 0.1004686450537241 0.42129750529925025 0.28915821439453537 0.048753789747133847 0.27532194983574648 -0.15589104884344598 0.0031374960204295682 -0.073158131763339046 0.033593688045979522 -0.055651489630777935 0.26611904240962936 -0.0083390703155762618 -0.076267821737822997 -0.030456785044394974 0.11164120936523313 0.38438614644787522 -0.013671147822916729 -0.09309586873278021 -0.034188324192474633 0.25775956419110296 0.17667229487635194 -0.0041324441679645068 -0.035641578154333199 -0.20891039382433518 0.33727811672249619 0.069796585493975064 -0.30040941321849823
leaf_weight=264 42 1140 29 632 36 63 72 31 69 173 43 61 1496 41 108 650 877 46 22 536 56 29 20 100 258 653 24 49 66 30
leaf_count=264 42 1140 29 632 36 63 72 31 69 173 43 61 1496 41 108 650 877 46 22 536 56 29 20 100 258 653 24 49 66 30
internal_value=4.64557e-11 -0.0164725 0.075965 0.0806309 0.141865 0.215754 0.160943 0.0601793 0.00110928 -0.0422054 0.089408 0.115046 -0.0334761 -0.0200777 0.067183 -0.025665 -0.00247215 0.0657495 0.171755 -0.0479779 -0.000763461 0.0120367 -0.0105701 -0.00147207 0.0463717 -0.0269224 0.031303 0.115967 0.183767 -0.169555
internal_weight=7716 6341 1375 1346 337 171 135 1009 334 242 675 92 3972 2476 149 2327 1141 166 64 1186 102 2369 1090 1031 358 673 1279 139 115 59
internal_count=7716 6341 1375 1346 337 171 135 1009 334 242 675 92 3972 2476 149 2327 1141 166 64 1186 102 2369 1090 1031 358 673 1279 139 115 59
is_linear=0
shrinkage=0.03


Tree=96
num_leaves=31
num_cat=0
split_feature=38 38 38 42 61 44 29 13 16 38 14 1 19 23 61 28 62 58 58 39 49 11 10 35 15 36 1 41 8 14
split_gain=10094 3213.55 1498.21 1908.31 1801.72 1877.79 1902.62 1404.99 1247.12 1360.49 1334.21 1662.81 3347.25 2250.95 1118.14 1535.18 1274.53 1268.77 1125.03 1187.4 1028.38 1207.26 1042.4 932.808 846.214 825.684 687.857 570.48 544.3 453.146
threshold=65.550000000000011 37.95000000000001 134.50000000000003 96.250000000000014 76.65000000000002 18.950000000000003 553.42857142857144 307.50000000000006 17.450000000000003 8.7200000000000024 9.0500000000000025 77.188546500000015 9.0229166666666689 4544.9700000000012 15.785714285714288 133.00000000000003 13.15 73.250000000000014 75.250000000000014 33.750000000000007 81.633333333333368 74.500000000000014 21.350000000000005 190.50000000000003 975.6500000000002 296.50000000000006 77.146786750000018 14.450000000000001 27.850000000000005 0.95000000000000007
decision_type=10 10 10 8 10 8 2 2 2 8 2 2 2 2 10 2 10 8 8 10 8 2 2 10 2 10 2 10 2 2
left_child=1 8 3 4 5 7 -7 -2 10 -10 11 12 -1 -13 15 23 -17 20 -19 -20 21 -16 -22 29 28 -26 -25 -12 -11 -3
right_child=2 14 -4 -5 -6 6 -8 -9 9 24 27 13 -14 -15 17 16 -18 18 19 -21 22 -23 -24 26 25 -27 -28 -29 -30 -31
leaf_value=0.20117525995347429 0.11850194729690749 0.13487236432102789 0.29088665868554792 -0.16741787189245225 0.29691619698889554 0.058309677388829639 -0.18032111487080973 0.35142763096552632 -0.13932468556293418 0.024570772863667587 0.047959235138683158 -0.042113773832925944 0.0027585535614072518 0.27958516893535851 0.023449535528893294 0.064088943260056624 0.39083396673202514 0.22901977979085023 0.26165080153942111 0.017991507210147879 -0.013550048278684312 -0.050577440412226511 -0.10731287474700268 0.099897997312247758 -0.029651901428712733 -0.12216140686169913 -0.066209077916704523 -0.11549002771180024 -0.11463673216815526 0.028161762097761743
leaf_weight=85 225 83 28 30 32 1003 31 26 140 29 22 922 767 20 1058 21 22 34 20 180 376 244 149 30 1546 92 89 152 197 63
leaf_count=85 225 83 28 30 32 1003 31 26 140 29 22 922 767 20 1058 21 22 34 20 180 376 244 149 30 1546 92 89 152 197 63
internal_value=-6.61196e-11 -0.0159783 0.073686 0.0691711 0.0745604 0.0690231 0.0511554 0.14263 -0.0324718 -0.0491303 -0.0155086 -0.00781577 0.0225536 -0.0352836 0.0116756 0.0649907 0.231261 0.00370812 0.0694793 0.0423574 -0.00471578 0.00957658 -0.0401608 0.0380111 -0.042356 -0.0348478 -0.0243333 -0.094824 -0.0967738 0.088826
internal_weight=7716 6341 1375 1347 1317 1285 1034 251 3972 2004 1968 1794 852 942 2369 308 43 2061 234 200 1827 1302 525 265 1864 1638 119 174 226 146
internal_count=7716 6341 1375 1347 1317 1285 1034 251 3972 2004 1968 1794 852 942 2369 308 43 2061 234 200 1827 1302 525 265 1864 1638 119 174 226 146
is_linear=0
shrinkage=0.03


Tree=97
num_leaves=31
num_cat=0
split_feature=59 53 16 11 26 43 16 5 11 17 32 1 8 63 20 60 34 22 20 53 44 37 1 17 46 45 5 21 22 62
split_gain=9429.31 2248.51 2559.63 2221.22 3108.19 3029.73 2005.4 2692.7 2602.4 2203.51 2570.43 1881.53 1462.6 1444.76 1791.59 1440.05 1239.68 1172.93 1036.26 1658.01 917.314 893.911 867.635 811.638 772.508 734.728 731.343 1181.09 946.685 730.14
threshold=52.578571428571429 268468.00000000006 19.350000000000005 69.500000000000014 1.5000000000000002 19.203333333333337 19.050000000000004 661.00000000000011 48.500000000000007 3027.5000000000005 115.50000000000001 77.188546500000015 28.250000000000004 24.962857142857143 19443.750000000004 36.250000000000007 55.33333333333335 73.500000000000014 2250.0000000000005 61816.450000000004 75.250000000000014 231.50000000000003 77.239399000000006 947.50000000000011 29.531666666666677 14.350000000000003 130.50000000000003 106.50000000000001 191.00000000000003 47.162302158273391
decision_type=10 2 2 2 2 10 2 2 2 2 10 2 2 8 2 8 10 2 2 2 8 10 2 2 8 8 2 2 2 10
left_child=1 2 3 4 5 -1 7 8 13 10 -10 -6 -9 -2 -15 21 -17 29 24 -20 -19 23 26 -8 -5 -24 27 -4 -28 -18
right_child=6 -3 22 18 11 -7 15 12 9 -11 -12 -13 -14 14 -16 16 17 20 19 -21 -22 -23 25 -25 -26 -27 28 -29 -30 -31
leaf_value=0.013613016217947006 0.057787340911144902 0.080616999683862031 -0.065167024634647006 0.14704255859047408 0.039369737593543279 0.53579689067602154 0.25014099698999653 -0.33070128642699931 0.12088366725341711 -0.23978364383632486 0.029257906763052913 -0.023120440334010731 0.0016569060275259497 0.23586055269589024 -0.0077504040836356581 0.15552127561569215 -0.10090335567999216 -0.055811277133517523 -0.12921241124854846 -0.029192825461338671 0.12335790798766538 -0.0064760133488611744 0.043361937071242057 0.063041299914320295 -0.058614419460296628 -0.047340082823469014 -0.15544295928117297 0.030787274592291951 -0.06119007696288746 -0.29977330006659031
leaf_weight=20 94 188 834 48 843 20 23 22 438 22 743 893 26 180 32 25 54 131 165 1554 32 187 131 225 25 208 164 134 231 24
leaf_count=20 94 188 834 48 843 20 23 22 438 22 743 893 26 180 32 25 54 131 165 1554 32 187 131 225 25 208 164 134 231 24
internal_value=-1.88489e-11 -0.021331 -0.0249678 -0.0105277 0.0132491 0.274705 0.0515608 0.0705311 0.0775675 0.0576978 0.0632393 0.00722473 -0.150674 0.155683 0.199089 0.00942566 -0.0455606 -0.0664198 -0.0340921 -0.0387933 -0.020637 0.0430495 -0.0552395 0.0803933 0.0766121 -0.01229 -0.0659218 -0.0518841 -0.100323 -0.162094
internal_weight=7716 5458 5270 3568 1776 40 2258 1557 1509 1203 1181 1736 48 306 212 701 266 241 1792 1719 163 435 1702 248 73 339 1363 968 395 78
internal_count=7716 5458 5270 3568 1776 40 2258 1557 1509 1203 1181 1736 48 306 212 701 266 241 1792 1719 163 435 1702 248 73 339 1363 968 395 78
is_linear=0
shrinkage=0.03


Tree=98
num_leaves=31
num_cat=0
split_feature=38 59 18 64 38 44 29 6 65 17 11 16 15 36 32 32 23 38 13 43 33 16 39 11 18 18 39 35 17 32
split_gain=9093.06 2913.09 1413.98 2076.65 1398.82 1296.54 1951.53 1902.09 1998.64 1849.96 1355.9 1242.3 1535.47 1776.1 1686.13 1341.53 1091.84 1065.51 1001.95 915.454 1172.7 886.519 1003.85 710.002 693.728 1403.46 455.514 312.969 240.098 146.662
threshold=65.550000000000011 33.050000000000004 6641.5000000000009 93.250000000000014 134.50000000000003 18.950000000000003 553.42857142857144 1547.9600000000003 77.133206577595089 2972.5000000000005 45.500000000000007 15.850000000000003 992.25000000000011 487.50000000000006 165.50000000000003 50.350000000000001 12260.245000000001 9.9950000000000028 299.50000000000006 45.016666666666673 232.50000000000003 21.350000000000005 45.95000000000001 54.500000000000007 5781.0000000000009 5987.5000000000009 32.550000000000004 190.50000000000003 2682.5000000000005 65.050000000000011
decision_type=10 10 2 8 10 8 2 2 8 2 2 2 2 10 10 10 2 8 2 10 10 2 10 2 2 2 10 10 2 10
left_child=1 16 11 28 5 9 7 8 -7 19 -9 12 13 -3 -14 23 17 24 -17 20 -2 22 -19 -13 27 -26 -23 -1 -4 -30
right_child=4 2 3 -5 -6 6 -8 10 -10 -11 -12 15 14 -15 -16 18 -18 21 -20 -21 -22 26 -24 -25 25 -27 -28 -29 29 -31
leaf_value=-0.10025826318717973 0.14621405212732846 0.040223824895792133 -0.038773748390376568 0.35807469476014375 0.27980969948428014 -0.13872757169489677 -0.17962546326198206 0.30949738543480637 0.05283981223933102 0.32221250493368886 0.10362448998472908 0.062482506725712712 0.020455366531922689 0.32631924502551557 -0.11831120858507709 -0.020256343770628557 0.17502682045779444 -0.024393257868134528 -0.097029265224681055 -0.077901083198189724 -0.054699013192326784 -0.053541962227633071 0.18401798052447182 -0.0048408257042702576 0.1844981973602072 -0.11892928109449499 -0.13325770228182618 -0.20524837362355197 0.010144129124070917 0.10893234282732009
leaf_weight=215 167 830 24 24 28 52 32 39 854 37 110 249 226 20 121 1128 22 2186 177 25 31 555 21 325 23 34 73 29 21 38
leaf_count=215 167 830 24 24 28 52 32 39 854 37 110 249 226 20 121 1128 22 2186 177 25 31 555 21 325 23 34 73 29 21 38
internal_value=5.58468e-11 -0.0151654 0.00508848 0.112296 0.0699371 0.0655745 0.0511798 0.0581805 0.0418448 0.125755 0.157511 0.00135922 0.025246 0.0469555 -0.027933 -0.0138576 -0.0355795 -0.037057 -0.0306692 0.0931594 0.114758 -0.031359 -0.0224102 0.0243639 -0.0907238 0.00350637 -0.0628083 -0.112737 0.0412275 0.0737704
internal_weight=7716 6341 3183 107 1375 1347 1087 1055 906 260 149 3076 1197 850 347 1879 3158 3136 1305 223 198 2835 2207 574 301 57 628 244 83 59
internal_count=7716 6341 3183 107 1375 1347 1087 1055 906 260 149 3076 1197 850 347 1879 3158 3136 1305 223 198 2835 2207 574 301 57 628 244 83 59
is_linear=0
shrinkage=0.03


Tree=99
num_leaves=31
num_cat=0
split_feature=38 38 7 48 22 36 38 13 13 0 15 19 14 51 31 17 17 65 16 38 9 51 54 41 52 35 57 46 9 24
split_gain=8557.08 2506 2291.25 2276.64 2521.09 1725.32 1720.35 1480.13 1672.38 2661.4 2589.41 1389.56 3697.76 3157.9 4033.82 3538.08 1514.58 1698.08 1365.17 1321.52 1343.85 917.345 887.111 873.674 868.355 789.72 473.189 424.632 370.514 145.357
threshold=44.050000000000004 86.250000000000014 80.700000000000017 94.250000000000014 137.50000000000003 559.50000000000011 134.50000000000003 47.000000000000007 156.50000000000003 28.567144700000004 992.25000000000011 9.1562500000000018 0.60000000000000009 512.86000000000013 402.82142857142873 1052.5000000000002 3385.0000000000005 53.276357142857151 13.750000000000002 14.65 19.100000000000005 386.01000000000005 131.50000000000003 112.50000000000001 14344.000000000002 197.50000000000003 304.9285714285715 44.066666666666684 33.350000000000001 656.8850000000001
decision_type=10 10 2 8 2 10 10 2 2 2 2 2 2 2 2 2 2 8 2 10 2 2 10 10 2 10 10 8 2 2
left_child=11 5 3 4 -3 7 18 -2 9 -9 -10 12 13 16 15 -15 21 -18 -5 22 26 -1 25 24 -22 28 -21 -16 -13 -27
right_child=1 2 -4 6 -6 -7 -8 8 10 -11 -12 19 -14 14 27 -17 17 -19 -20 20 23 -23 -24 -25 -26 29 -28 -29 -30 -31
leaf_value=-0.04192201825724013 0.28200411450862883 0.10866137687649045 0.40030371186408126 0.16796302019316572 -0.35619712318692887 0.28600599253955089 0.36600868365981365 -0.15126527317875141 0.058125821887484691 0.0090739800209051064 -0.028614921462176333 -0.086749955399905973 0.38089892828837035 0.11061033894033993 -0.012397161002186212 0.58074462633132928 -0.020654940534579124 0.31548879763909748 0.053765986509738857 -0.094106999481877965 -0.015591168050635028 -0.16079201087045172 0.12461809489130972 0.12099655381943049 -0.052551335346136908 -0.15092745687650597 -0.27153962783515451 0.13787827938795089 -0.03544230924304767 -0.2615121377706528
leaf_weight=310 20 21 22 145 21 23 22 111 1361 580 401 365 24 34 110 25 38 21 269 31 2619 72 20 38 732 23 24 20 194 20
leaf_count=310 20 21 22 145 21 23 22 111 1361 580 401 365 24 34 110 25 38 21 269 31 2619 72 20 38 732 23 24 20 194 20
internal_value=-2.07067e-11 0.0396541 0.100957 0.0871791 -0.123768 0.0273739 0.1075 0.0249685 0.0228729 -0.0166824 0.0383852 -0.0251703 0.0154164 0.00149329 0.104091 0.30982 -0.0424773 0.0989894 0.0937625 -0.0316985 -0.0244301 -0.0643268 -0.0719433 -0.0220428 -0.0236648 -0.0784736 -0.171532 0.0107221 -0.0689437 -0.202362
internal_weight=7716 2996 500 478 42 2496 436 2473 2453 691 1762 4720 654 630 189 59 441 59 414 4066 3444 382 622 3389 3351 602 55 130 559 43
internal_count=7716 2996 500 478 42 2496 436 2473 2453 691 1762 4720 654 630 189 59 441 59 414 4066 3444 382 622 3389 3351 602 55 130 559 43
is_linear=0
shrinkage=0.03


Tree=100
num_leaves=31
num_cat=0
split_feature=38 38 23 35 12 11 19 42 35 10 30 13 13 16 18 13 13 1 1 47 45 64 57 47 12 25 26 40 46 28
split_gain=8138.05 2641.68 1579.84 2059.35 1544.13 1549.32 1441.7 1350.81 1658.69 1899.99 1823.9 1865.7 1799.51 1681.95 1292.21 1273.87 1264.06 2817.12 2090.41 1152.94 917.196 1669.37 904.554 737.676 697.207 809.604 1036.44 581.036 263.457 242.315
threshold=65.550000000000011 25.550000000000004 12260.245000000001 247.50000000000003 8.8500000000000032 83.500000000000014 15.275000000000002 99.350000000000009 197.50000000000003 12.450000000000001 444.67333333333335 293.50000000000006 290.50000000000006 13.15 3922.0000000000005 307.50000000000006 154.00000000000003 77.232522700000018 77.272782850000013 149.46640287769787 19.661726618705043 42.805000000000007 277.07142857142861 5.7550000000000017 11.65 5.5000000000000009 5.5000000000000009 47.733333333333341 23.550000000000001 101.16666666666667
decision_type=10 10 2 8 2 2 2 8 10 2 2 2 2 2 2 2 2 2 2 10 10 10 10 8 2 2 2 10 10 2
left_child=1 23 4 -4 5 6 -3 8 9 -2 19 -12 16 15 -15 -14 17 -10 -18 -11 27 -22 -7 -1 25 26 -25 -6 -26 -27
right_child=7 2 3 -5 20 22 -8 -9 12 10 11 -13 13 14 -16 -17 18 -19 -20 -21 21 -23 -24 24 28 29 -28 -29 -30 -31
leaf_value=-0.18831002473831177 0.35195348344502908 0.032316297294568593 0.023803942588229592 0.39228920474648477 -0.038656184632476408 -0.034230446917693252 -0.0098942775836902228 -0.13641422861608965 0.09603822737932205 0.0058838423466557382 0.13776587812472946 0.43477605068124825 0.029674539850093423 -0.15695199853052264 -0.0034024875102876924 0.27228421843477657 0.076225185790063474 -0.14431485314938153 0.23881867999146725 0.17715532168111903 -0.2771066340884647 -0.056363642146137566 -0.18168556449668746 0.014900389025671654 -0.10926254442840251 -0.064663057524268194 -0.038891344477552499 0.037126152954507066 -0.018345664169107163 -0.12972404430606474
leaf_weight=30 31 1643 39 21 359 345 1308 29 131 143 92 24 64 69 173 28 391 66 87 47 37 185 42 429 159 223 1297 122 35 67
leaf_count=30 31 1643 39 21 359 345 1308 29 131 143 92 24 64 69 173 28 391 66 87 47 37 185 42 429 159 223 1297 122 35 67
internal_value=8.01012e-12 -0.0143469 -3.61639e-05 0.152774 -0.00230506 0.00620541 0.0136069 0.0661626 0.0705272 0.128152 0.10548 0.199216 0.0512808 -0.00567422 -0.0471831 0.103512 0.079463 0.0155138 0.105819 0.048251 -0.0427146 -0.0931541 -0.0502333 -0.040547 -0.0385412 -0.0333141 -0.0255213 -0.0194349 -0.09286 -0.0796944
internal_weight=7716 6341 4101 60 4041 3338 2951 1375 1346 337 306 116 1009 334 242 92 675 197 478 190 703 222 387 2240 2210 2016 1726 481 194 290
internal_count=7716 6341 4101 60 4041 3338 2951 1375 1346 337 306 116 1009 334 242 92 675 197 478 190 703 222 387 2240 2210 2016 1726 481 194 290
is_linear=0
shrinkage=0.03


Tree=101
num_leaves=31
num_cat=0
split_feature=59 0 38 9 26 7 16 53 43 1 11 1 47 16 64 58 17 45 12 35 11 17 22 38 1 32 45 20 11 60
split_gain=7696.03 2150.76 1955.3 1899.06 2263.21 1617.35 1578.3 1597.69 1528.55 1497.66 3407.92 2646.38 2959.33 2400.06 2373.81 2319.39 2103.17 1264.28 1142.8 1985.43 1290.1 1964.34 1640.27 1017.96 965.878 938.352 929.682 847.149 842.255 830.783
threshold=43.93571428571429 28.496097500000001 86.250000000000014 18.600000000000005 1.5000000000000002 9.8150000000000013 17.450000000000003 268468.00000000006 16.580000000000002 77.188546500000015 61.500000000000007 77.232522700000018 87.850000000000023 14.250000000000002 31.885000000000005 52.850000000000001 2157.5000000000005 68.002553956834547 4.9500000000000011 319.50000000000006 48.500000000000007 1865.0000000000002 63.500000000000007 8.7200000000000024 77.232522700000018 47.650000000000013 36.414856115107916 2250.0000000000005 78.500000000000014 85.250000000000014
decision_type=10 2 10 2 2 2 2 2 10 2 2 2 10 2 8 8 2 8 2 10 2 2 2 8 2 8 8 2 2 10
left_child=6 -2 3 -3 8 -6 9 23 -5 10 15 17 14 -14 -13 16 -1 -11 19 26 22 -22 -20 -8 25 -25 -4 -12 -29 -9
right_child=1 2 18 4 5 -7 7 29 -10 11 27 12 13 -15 -16 -17 -18 -19 20 -21 21 -23 -24 24 -26 -27 -28 28 -30 -31
leaf_value=0.14782261685339798 -0.18737515833424895 -0.085409789384613105 0.46422871738672256 -0.00098752162286213458 -0.020708348706727723 0.042353358550806755 -0.12772762944663529 0.024963129467075379 0.31009958120909603 -0.062026536097561133 0.11872496317327022 0.22228091261707816 0.042926944975148547 0.49700548075139522 -0.021170427526509734 0.40943368881940839 -0.0049238476522364899 -0.24498091388493776 -0.061756377965211863 0.072370754268973367 0.055748344706371425 -0.20914839333501356 0.1983097505230795 -0.033500521175381465 -0.0061643919646507611 -0.081034460386964269 0.21372221275046469 0.0082141604882679017 -0.053312758061776017 0.2264661206440492
leaf_weight=174 38 124 20 21 454 1889 137 113 44 610 40 39 22 20 476 20 152 36 28 86 192 29 99 827 481 682 40 398 403 22
leaf_count=174 38 124 20 21 454 1889 137 113 44 610 40 39 22 20 476 20 152 36 28 86 192 29 99 827 481 682 40 398 403 22
internal_value=2.46726e-11 0.0369177 0.0397343 0.0290824 0.0349782 0.030134 -0.0243155 -0.0422772 0.209595 -0.00731573 0.0165919 -0.0309054 0.0170132 0.259155 -0.00273431 0.0958422 0.0766034 -0.0722221 0.0943304 0.164776 0.0647755 0.0209881 0.140972 -0.0486291 -0.0431837 -0.0549837 0.297224 -0.0160129 -0.0227413 0.0578007
internal_weight=7716 3064 3026 2532 2408 2343 4652 2262 65 2390 1187 1203 557 42 515 346 326 646 494 146 348 221 127 2127 1990 1509 60 841 801 135
internal_count=7716 3064 3026 2532 2408 2343 4652 2262 65 2390 1187 1203 557 42 515 346 326 646 494 146 348 221 127 2127 1990 1509 60 841 801 135
is_linear=0
shrinkage=0.03


Tree=102
num_leaves=31
num_cat=0
split_feature=38 38 23 35 51 51 6 35 15 15 29 64 22 35 42 52 62 15 32 41 38 64 62 12 10 38 35 46 46 61
split_gain=7288.46 2346.6 1461.5 1921.92 1564.13 1438.15 5333.65 1653.35 1286.83 1456.54 1602.56 1393.61 1416.19 1727.81 1396.27 1087.03 1228.68 1051.7 951.687 919.452 896.192 1507.8 793.657 762.622 860.71 1949.54 1065.01 650.024 292.75 386.465
threshold=65.550000000000011 25.550000000000004 12260.245000000001 266.50000000000006 6810.880000000001 523.54000000000008 578.1350000000001 208.50000000000003 994.75000000000011 993.05000000000007 94.357142857142861 182.85000000000005 76.000000000000014 173.50000000000003 75.450000000000017 15367.500000000002 96.350000000000009 993.85000000000002 68.050000000000011 118.50000000000001 90.050000000000011 133.46395683453241 58.750000000000007 10.65 19.900000000000002 4.5250000000000012 217.50000000000003 67.466666666666683 23.550000000000001 24.414285714285722
decision_type=10 10 2 10 2 2 2 10 2 2 2 10 2 10 8 2 10 2 10 10 10 8 10 2 2 10 8 10 10 10
left_child=1 19 4 -4 5 7 -7 -3 9 11 17 12 14 -14 -2 16 -13 -11 -6 23 21 -12 -10 24 25 -1 -26 -22 -25 -30
right_child=8 2 3 -5 18 6 -8 -9 22 10 20 15 13 -15 -16 -17 -18 -19 -20 -21 27 -23 -24 28 26 -27 -28 -29 29 -31
leaf_value=0.27440980538077975 0.02335046184004495 0.0064922649918830889 0.022293490753150902 0.3782710218855313 -0.06094122773871339 0.20222339607071835 -0.0026551674419423585 -0.038669943922867635 0.36068908184766768 0.26912098513841626 -0.23739133339755389 0.3937668214201927 0.20309500629382748 0.064248634184385936 -0.22000702904618302 -0.016623955343080601 0.14875699682107993 0.0036018716466837916 -0.32994123226404187 0.16422829395532609 0.13254119813442228 0.012587922502022524 0.10931820041714951 -0.098683022065892995 -0.036881268676829747 -0.010290572935077565 -0.13908421468740445 -0.054443839056925333 -0.092413341357157772 0.08299631103873252
leaf_weight=23 274 2182 39 21 29 143 571 1096 20 25 49 25 93 608 23 23 70 29 20 20 27 39 26 243 1442 368 98 44 26 20
leaf_count=23 274 2182 39 21 29 143 571 1096 20 25 49 25 93 608 23 23 70 29 20 20 27 39 26 243 1442 368 98 44 26 20
internal_value=-8.58472e-11 -0.0135774 -8.95572e-05 0.146886 -0.00227182 -0.000203981 0.0383779 -0.00860773 0.0626139 0.0572144 -0.0146746 0.0709352 0.0594077 0.0826691 0.0045046 0.168431 0.213233 0.126527 -0.170737 -0.0382709 -0.06263 -0.126605 0.21861 -0.0400952 -0.0332929 0.00645651 -0.0433851 0.0166631 -0.085546 -0.0161483
internal_weight=7716 6341 4101 60 4041 3992 714 3278 1375 1329 213 1116 998 701 297 118 95 54 49 2240 159 88 46 2220 1931 391 1540 71 289 46
internal_count=7716 6341 4101 60 4041 3992 714 3278 1375 1329 213 1116 998 701 297 118 95 54 49 2240 159 88 46 2220 1931 391 1540 71 289 46
is_linear=0
shrinkage=0.03


Tree=103
num_leaves=31
num_cat=0
split_feature=38 38 13 13 1 0 26 24 55 13 34 16 1 65 19 65 23 47 12 11 9 20 41 19 20 40 44 12 10 38
split_gain=6884.96 1962.59 1608.63 1429.29 2907.13 2492.14 2380 2208.51 2550.35 2019.06 2187.86 2070.47 1958.14 1291.3 1287.33 1161.03 1155.23 1707.41 1284.4 1248.11 2016.95 1398.53 865.112 852.971 1623.44 830.695 813.054 717.551 809.842 1834.32
threshold=60.750000000000007 25.550000000000004 65.500000000000014 156.50000000000003 77.272782850000013 28.647228500000001 3.5000000000000004 1016.9100000000001 82.34285714285717 290.50000000000006 97.600000000000009 12.750000000000002 77.13893400000002 118.39285714285717 11.893750000000002 70.723571428571447 12260.245000000001 57.750000000000007 8.8500000000000032 47.500000000000007 40.600000000000009 15244.000000000002 118.50000000000001 13.99791666666667 17412.250000000004 47.733333333333341 22.450000000000003 10.65 19.900000000000002 4.5250000000000012
decision_type=10 10 2 2 2 2 2 2 10 2 10 2 2 10 2 8 2 10 2 2 2 2 10 2 2 10 10 2 2 10
left_child=1 22 -2 5 9 6 14 15 -9 10 -5 -11 -8 26 -4 -6 18 -18 19 20 -3 -21 27 24 -20 -25 -7 28 29 -1
right_child=2 16 3 4 7 13 12 8 -10 11 -12 -13 -14 -15 -16 -17 17 -19 23 21 -22 -23 -24 25 -26 -27 -28 -29 -30 -31
leaf_value=0.2661775127182836 0.32157195818424222 0.068342572549905847 0.1703794245733771 0.17358207876997939 -0.071193747887244585 0.1023690312136622 0.09450597152113914 0.60301132339239127 0.17116117168217898 0.1092544116717028 0.045755599262192845 -0.03826759946841183 -0.206119305772277 0.31338957792520522 -0.06175935202559759 0.14773497872220145 0.002120190879330039 0.33939339075914832 -0.013308614130782067 6.2480553300977516e-05 -0.066124243762493123 -0.10068390312426873 0.1593014531135559 -0.033431735277219952 -0.15313598822683411 0.078946226509036238 -0.053166879862546916 -0.082979623424759369 -0.042083539609230336 -0.0099818559034737641
leaf_weight=23 20 510 43 169 26 102 24 20 32 114 420 344 104 20 43 135 35 22 159 2324 125 131 20 296 141 74 43 289 1540 368
leaf_count=23 20 510 43 169 26 102 24 20 32 114 420 344 104 20 43 135 35 22 159 2324 125 131 20 296 141 74 43 289 1540 368
internal_value=1.5796e-10 -0.014831 0.0541479 0.0508846 0.0662494 -0.00019616 -0.0677458 0.16728 0.337257 0.045696 0.0824325 -0.00154815 -0.149752 0.0874137 0.05431 0.11238 -0.00174911 0.132296 -0.00378118 0.00438343 0.0418727 -0.0053134 -0.0371228 -0.0414358 -0.0790275 -0.0109561 0.0562446 -0.0388923 -0.0322941 0.00626281
internal_weight=7716 6057 1659 1639 1260 379 214 213 52 1047 589 458 128 165 86 161 3817 57 3760 3090 635 2455 2240 670 300 370 145 2220 1931 391
internal_count=7716 6057 1659 1639 1260 379 214 213 52 1047 589 458 128 165 86 161 3817 57 3760 3090 635 2455 2240 670 300 370 145 2220 1931 391
is_linear=0
shrinkage=0.03


Tree=104
num_leaves=31
num_cat=0
split_feature=59 58 35 10 5 24 33 9 44 30 21 5 16 14 1 1 31 10 61 53 59 53 45 16 32 30 24 24 38 30
split_gain=6601.3 1911.08 1751.3 3229.35 4895.63 3547.09 1869.38 1829.18 1488.52 1459.1 2343.72 1804.74 1407.1 1516.84 1775.76 2679.54 2678.3 2030.56 4118.56 1427.01 1230.79 1611 1216.73 1188.57 1104.15 1097.93 1084.72 936.305 933.825 902.195
threshold=43.93571428571429 74.65000000000002 306.50000000000006 12.850000000000003 98.500000000000014 512.86000000000013 67.550000000000011 20.300000000000001 214.50000000000003 491.35999999999973 101.50000000000001 144.50000000000003 17.450000000000003 9.0500000000000025 77.188546500000015 77.232522700000018 2596.5750000000007 21.900000000000002 59.43571428571429 268468.00000000006 83.792857142857159 269164.20000000007 68.002553956834547 18.250000000000004 341.00000000000006 447.67000000000002 298.67000000000002 1305.0400000000002 8.7200000000000024 89.856666666666726
decision_type=10 10 10 2 2 2 10 2 8 2 2 2 2 2 2 2 2 2 8 2 10 2 8 2 10 2 2 2 8 2
left_child=12 2 3 4 6 -6 -2 -4 24 25 -11 23 13 14 17 22 -17 18 -1 28 21 -5 -16 -12 -9 29 -27 -19 -14 -3
right_child=1 9 7 20 5 -7 -8 8 -10 10 11 -13 19 -15 15 16 -18 27 -20 -21 -22 -23 -24 -25 -26 26 -28 -29 -30 -31
leaf_value=0.055114440702183062 0.29632799319245601 -0.09462240867754991 -0.19209183551032435 0.0092118588995913665 0.19625784764935572 0.62120359548113568 0.0042153556774321352 -0.0084770949917017582 -0.25626899983201706 0.38515263983181541 0.28573614817298948 0.044961171460391011 -0.1212418867636771 -0.08449475906625753 -0.057765268782183285 0.010736678222447265 0.35677759347217425 0.00065131738781929014 0.4945526363253594 0.055101747878723677 -0.21989652773737908 0.15518681606588264 -0.23762541683778787 0.065755233739103594 0.20939890944144943 0.05459295434611184 -0.24362407409626505 -0.14808425714693416 -0.040266881916219202 0.065228678112228711
leaf_weight=477 22 34 55 1238 90 22 190 432 21 28 60 193 137 205 567 486 21 537 20 135 20 72 36 35 22 21 23 41 1990 486
leaf_count=477 22 34 55 1238 90 22 190 432 21 28 60 193 137 205 567 486 21 537 20 135 20 72 36 35 22 21 23 41 1990 486
internal_value=1.04532e-10 0.0341913 0.0191518 0.0343589 0.11929 0.279729 0.0345289 -0.0283057 -0.00934101 0.0715164 0.123125 0.0976497 -0.0225198 -0.00646843 0.000852117 -0.0257631 0.0250697 0.0283339 0.0727981 -0.0394794 0.013669 0.0172349 -0.0685032 0.204691 0.00208077 0.0426012 -0.101293 -0.00989913 -0.0454825 0.0547769
internal_weight=7716 3064 2184 1654 324 112 212 530 475 880 316 288 4652 2390 2185 1110 507 1075 497 2262 1330 1310 603 95 454 564 44 578 2127 520
internal_count=7716 3064 2184 1654 324 112 212 530 475 880 316 288 4652 2390 2185 1110 507 1075 497 2262 1330 1310 603 95 454 564 44 578 2127 520
is_linear=0
shrinkage=0.03


Tree=105
num_leaves=31
num_cat=0
split_feature=38 38 36 13 51 56 13 10 7 38 60 48 58 22 35 64 41 33 10 10 8 22 60 41 62 23 61 41 52 52
split_gain=6227.45 2038.27 1213.4 2193.74 1853.82 1789.01 1760.29 1747.18 1853.79 2482.81 1768.62 1698.78 1325.05 1135.17 1132.59 1573.32 1172.21 3206.8 1983.65 1124.18 1536.71 1258.54 1058.52 1035.74 1002.14 966.064 861.962 856.616 1140.52 2141.9
threshold=66.350000000000009 37.95000000000001 226.50000000000003 291.50000000000006 1875.4150000000002 191.50000000000003 316.50000000000006 11.65 70.52500000000002 78.850000000000009 26.250000000000004 72.250000000000014 32.050000000000004 59.500000000000007 208.50000000000003 26.855000000000004 68.050000000000011 39.150000000000013 18.650000000000002 21.350000000000005 31.850000000000005 133.50000000000003 36.250000000000007 8.5600000000000023 36.350000000000001 12260.245000000001 14.828571428571427 118.50000000000001 13641.750000000002 13500.750000000002
decision_type=10 10 8 2 2 10 2 2 2 10 10 10 8 2 10 10 10 10 2 2 2 2 8 10 8 2 10 10 2 2
left_child=1 25 7 4 11 -5 -7 10 12 -10 -2 -4 -9 -13 16 22 26 -18 -19 21 -21 -17 -16 -14 -6 27 -3 28 29 -1
right_child=2 14 3 5 24 6 -8 8 9 -11 -12 13 23 -15 15 19 17 18 -20 20 -22 -23 -24 -25 -26 -27 -28 -29 -30 -31
leaf_value=-0.022919626034957612 0.1224236545288885 0.084639819073793171 -0.17331932742020179 -0.24382262531887081 0.11881683810055255 -0.047858065203675679 0.1992635304096245 -0.13010781512595712 0.049676875706936692 0.49634396050657542 0.46209018555554476 -0.076047630452085277 0.24322551113778149 0.077282953081847308 -0.031863998565180553 -0.018555258993550927 -0.20574801109731194 0.40603627640467427 0.10891101001424121 -0.11949989484889166 0.016827754601836206 0.059321445976935977 -0.28401833993773307 0.056534439029854312 0.37890252351760867 0.12921654545857258 0.0084307908823171712 0.12303048891179702 -0.058240994759428309 0.16435973526144934
leaf_weight=2965 37 154 29 34 30 159 31 32 24 21 22 48 29 459 29 432 24 26 91 154 144 329 31 344 24 36 1007 34 881 56
leaf_count=2965 37 154 29 34 30 159 31 32 24 21 22 48 29 459 29 432 24 26 91 154 144 329 31 344 24 36 1007 34 881 56
internal_value=-9.37252e-12 -0.0122605 0.0592451 0.0365261 0.066872 -0.0434028 -0.00753823 0.0955777 0.075452 0.258122 0.249079 0.0499932 0.0551554 0.0627664 0.00943689 -0.0126966 0.0284595 0.110141 0.174939 -0.00422937 -0.0536234 0.0151129 -0.162144 0.0710493 0.23441 -0.0254854 0.0185395 -0.0269004 -0.0282068 -0.019448
internal_weight=7716 6393 1323 814 590 224 190 509 450 45 59 536 405 507 2421 1119 1302 141 117 1059 298 761 60 373 54 3972 1161 3936 3902 3021
internal_count=7716 6393 1323 814 590 224 190 509 450 45 59 536 405 507 2421 1119 1302 141 117 1059 298 761 60 373 54 3972 1161 3936 3902 3021
is_linear=0
shrinkage=0.03


Tree=106
num_leaves=31
num_cat=0
split_feature=38 38 16 15 19 12 32 53 53 42 35 22 41 10 47 12 16 51 0 15 57 20 47 57 51 29 41 12 10 38
split_gain=5859.41 1923.67 1211.19 1710.91 2320.28 4714.22 1912.67 1225.02 1339.23 1196.28 1545.86 1734.02 2516.9 2458 1185.52 1175.15 2254.03 1296.82 1123.93 1159.74 1103.3 1000.94 1530.43 1055.14 972.439 805.783 763.074 641.801 748.243 1698.67
threshold=66.350000000000009 25.550000000000004 15.850000000000003 992.25000000000011 15.404166666666667 5.9500000000000011 170.50000000000003 268468.00000000006 264348.60000000003 99.350000000000009 197.50000000000003 76.000000000000014 15.450000000000001 13.250000000000002 94.250000000000014 5.9500000000000011 16.050000000000004 859.99000000000012 28.567144700000004 993.35000000000002 227.07142857142858 9674.5000000000018 114.45000000000002 139.0214285714286 14675.535000000002 113.50000000000001 118.50000000000001 10.65 19.900000000000002 4.5250000000000012
decision_type=10 10 2 2 2 2 10 2 2 8 10 2 10 2 10 2 2 2 2 2 10 2 10 10 2 2 10 2 2 10
left_child=1 26 3 4 5 -3 14 8 24 10 11 21 -13 -14 -5 18 -17 -18 25 -20 -6 22 -2 -23 -4 -12 27 28 29 -1
right_child=9 2 7 6 20 -7 -8 -9 -10 -11 15 12 13 -15 -16 16 17 -19 19 -21 -22 23 -24 -25 -26 -27 -28 -29 -30 -31
leaf_value=0.25745943795079768 0.027363707074209261 0.0646529276652799 -0.013357213056235729 -0.012353486228085723 0.015140849366034876 0.50302456700283549 -0.12684795851698358 0.066287833158265461 -0.19983519381533066 -0.13308985837574661 0.12937753942608834 0.42628663464216515 0.41064464166112563 0.068800724665416729 0.1676402741239259 -0.20499032619595525 -0.0020934877425183096 0.10921451634642752 0.12049339154024015 -0.0094936366810610406 -0.097823185126532569 0.094448488812113915 0.34177640700882128 -0.10822530454248189 -0.19444834927717844 -0.094690466591945049 0.15017689472436904 -0.077657314084573395 -0.039131520909692651 -0.008292680278182557
leaf_weight=23 38 551 2307 247 537 23 131 165 36 29 20 32 23 107 38 40 329 132 330 76 91 43 22 50 27 52 20 289 1540 368
leaf_count=23 38 551 2307 247 537 23 131 165 36 29 20 32 23 107 38 40 329 132 330 76 91 43 22 50 27 52 20 289 1540 368
internal_value=9.24334e-11 -0.0118927 0.000193167 0.0204722 0.0386207 0.0822183 -0.0319665 -0.0127502 -0.0182529 0.0574678 0.0617384 0.119545 0.187949 0.129281 0.0116457 0.0431388 0.0110338 0.0297778 0.0767886 0.0961608 -0.00122814 0.0471171 0.142648 -0.0145159 -0.0154521 -0.0324494 -0.0343 -0.035962 -0.0297217 0.0073398
internal_weight=7716 6393 4153 1618 1202 574 416 2535 2370 1323 1294 315 162 130 285 979 501 461 478 406 628 153 60 93 2334 72 2240 2220 1931 391
internal_count=7716 6393 4153 1618 1202 574 416 2535 2370 1323 1294 315 162 130 285 979 501 461 478 406 628 153 60 93 2334 72 2240 2220 1931 391
is_linear=0
shrinkage=0.03


Tree=107
num_leaves=31
num_cat=0
split_feature=59 19 13 7 0 56 37 45 63 47 60 13 55 38 12 41 45 1 23 13 34 37 1 19 6 31 17 33 40 19
split_gain=5621.17 1996.23 1880.22 2064.25 1796.68 1847.57 1576.97 1529.84 1660.96 1498.18 1806.53 2141.91 2043.77 1487.44 1404.35 1291.59 1282.11 1180.04 2041.13 1381.8 1444.5 1459.14 1340.22 1582.5 2015.22 2311.5 1140.22 1111.79 1142.59 1065.61
threshold=43.93571428571429 10.887500000000001 290.50000000000006 10.235000000000001 28.567144700000004 180.50000000000003 315.83333333333343 82.800000000000026 30.273571428571433 152.90000000000003 36.45000000000001 315.50000000000006 104.54285714285716 80.550000000000011 3.9500000000000006 50.350000000000001 44.650000000000013 77.232522700000018 4680.6650000000018 237.00000000000003 217.83333333333334 302.50000000000006 77.201158150000012 8.5937500000000018 512.86000000000013 400.6157142857142 3042.5000000000005 232.50000000000003 70.283333333333346 14.254166666666668
decision_type=10 2 2 2 2 10 10 10 8 10 10 2 10 10 2 10 10 2 2 2 8 10 2 2 2 2 2 10 10 2
left_child=17 2 3 27 -5 -6 7 8 -4 10 11 16 -13 14 -12 29 -3 22 19 -19 21 -21 23 24 26 -26 -1 28 -2 -11
right_child=1 9 6 4 5 -7 -8 -9 -10 15 13 12 -14 -15 -16 -17 -18 18 -20 20 -22 -23 -24 -25 25 -27 -28 -29 -30 -31
leaf_value=-0.060945531506505279 -0.07978226384561922 0.028091758066174644 -0.0065182831486099921 -0.0029616212639957664 0.2140168028155511 0.094472773570211277 -0.069475847135240923 -0.13596563958204708 0.11452745445105186 0.1000735000239928 0.09222619353919416 0.33622298953500956 -0.034321943798235478 -0.21247059792280196 -0.048626636450451399 0.29680422794073819 -0.084443632466452451 -0.031893397143605451 0.29258103091608395 0.045275215239718905 0.2863512450456619 -0.11502412303479323 -0.085237451633623521 -0.030557305273958821 0.31864287883043291 0.047615577956162315 0.092148881196975702 -0.22330879634330894 0.12616473017091101 -0.10342183390568042
leaf_weight=162 54 689 184 120 154 476 147 39 229 115 74 37 21 43 458 24 105 559 22 430 20 58 346 2858 40 97 60 22 44 29
leaf_count=162 54 689 184 120 154 476 147 39 229 115 74 37 21 43 458 24 105 559 22 430 20 58 346 2858 40 97 60 22 44 29
internal_value=1.29214e-10 0.031551 0.056783 0.0849453 0.10343 0.123695 0.0158795 0.0436389 0.0605991 0.00831232 -0.00166389 0.0260659 0.20206 -0.0427522 -0.0290343 0.0930507 0.0132099 -0.0207808 0.00654944 0.000651883 0.0364645 0.0262232 -0.0291341 -0.0231 0.0362679 0.126748 -0.0195687 -0.0305816 0.0126837 0.0590918
internal_weight=7716 3064 1469 870 750 630 599 452 413 1595 1427 852 58 575 532 168 794 4652 1089 1067 508 488 3563 3217 359 137 222 120 98 144
internal_count=7716 3064 1469 870 750 630 599 452 413 1595 1427 852 58 575 532 168 794 4652 1089 1067 508 488 3563 3217 359 137 222 120 98 144
is_linear=0
shrinkage=0.03


Tree=108
num_leaves=31
num_cat=0
split_feature=59 16 61 5 59 61 0 13 53 16 24 26 23 16 35 7 19 31 48 32 35 32 59 53 5 60 18 0 20 65
split_gain=5294.24 1619.37 2495.7 2494.13 2037.1 1639.36 1513.05 1775.12 1500.76 1748.94 1565.48 3064.29 6693.13 1605.14 1380.95 1367.32 1317.15 1266.66 1118.21 1330.08 1015.94 1053.21 974.768 1147.21 1002.78 819.724 814.12 643.763 528.018 607.072
threshold=52.578571428571429 19.050000000000004 76.65000000000002 661.00000000000011 74.51428571428572 31.289285714285718 28.567144700000004 245.00000000000003 268468.00000000006 19.350000000000005 524.57500000000016 2.5000000000000004 388.11000000000007 18.950000000000003 136.50000000000003 9.5850000000000026 4.7166666666666677 289.71714285714279 169.95000000000002 91.600000000000009 243.50000000000003 110.50000000000001 66.350000000000009 268468.00000000006 14.500000000000002 41.95000000000001 5441.5000000000009 28.662761550000003 22902.500000000004 54.582840531561466
decision_type=10 2 10 2 10 10 2 2 2 2 2 2 2 2 10 2 2 2 10 10 10 10 10 2 2 10 2 2 2 8
left_child=8 2 3 6 -4 -5 7 -2 9 10 16 12 -12 -13 -3 -8 -1 -18 22 -20 21 26 23 -16 -24 -22 -11 -27 -10 -30
right_child=1 14 4 5 -6 -7 15 -9 28 20 11 13 -14 -15 18 -17 17 -19 19 -21 25 -23 24 -25 -26 27 -28 -29 29 -31
leaf_value=0.20115170344710351 -0.15130174137186259 0.098371683747930955 0.03739746201038361 0.02695369863510132 0.43381567571844376 -0.3408063416555524 -0.010085718396306037 0.040072333420606426 -0.0052389712918732984 -0.063121618235721655 0.039708748917085132 -0.0014951202606566657 0.56307621587967049 0.22907045104673929 -0.059262631353429136 0.080257843274433291 -0.0079027009326956468 -0.054467542400758087 -0.25712844317158062 -0.0042522992308323196 -0.058149603514133813 0.12927508066682253 0.23197279727977255 0.13986524527442865 0.023268702073004896 -0.26647018293055091 -0.018552682399427787 -0.091298071110887183 0.056043787295327469 0.19545864863055093
leaf_weight=24 64 110 20 20 28 24 175 137 61 699 91 922 29 28 255 1089 1716 758 36 39 112 34 23 29 209 41 781 35 85 42
leaf_count=24 64 110 20 20 28 24 175 137 61 699 91 922 29 28 255 1089 1716 758 36 39 112 34 23 29 209 41 781 35 85 42
internal_value=8.0839e-11 0.0386351 0.055682 0.048908 0.268641 -0.173643 0.0555921 -0.0208627 -0.0159835 -0.0189547 -0.00701839 0.0233441 0.166189 0.0053005 0.000771863 0.0677498 -0.0200239 -0.0221695 -0.0173939 -0.125633 -0.0439775 -0.03581 -0.00166152 -0.0389292 0.0439592 -0.109752 -0.0396025 -0.185799 0.0673054 0.102149
internal_weight=7716 2258 1557 1509 48 44 1465 201 5458 5270 3568 1070 120 950 701 1264 2498 2474 591 75 1702 1514 516 284 232 188 1480 76 188 127
internal_count=7716 2258 1557 1509 48 44 1465 201 5458 5270 3568 1070 120 950 701 1264 2498 2474 591 75 1702 1514 516 284 232 188 1480 76 188 127
is_linear=0
shrinkage=0.03


Tree=109
num_leaves=31
num_cat=0
split_feature=59 0 19 13 37 5 13 54 47 56 37 16 29 41 16 14 1 1 48 43 19 53 45 11 38 1 47 27 59 14
split_gain=5025.81 1829.88 1756.2 1792.24 1959.61 2605 1617.31 1749.04 1530.31 1640.71 1470.16 1577.39 1347.97 1289.21 1212.95 1405.6 1651.07 2422.6 2706.55 2164.52 3486.09 1171.61 1128 1081.56 862.836 829.277 744.031 650.353 629.386 548.388
threshold=43.93571428571429 28.496097500000001 10.887500000000001 290.50000000000006 202.50000000000003 158.50000000000003 322.50000000000006 81.65000000000002 152.90000000000003 47.650000000000013 315.83333333333343 22.200000000000006 114.85714285714286 50.350000000000001 17.450000000000003 9.0500000000000025 77.188546500000015 77.232522700000018 69.904172661870533 64.666666666666671 16.458333333333339 268468.00000000006 68.002553956834547 62.500000000000007 8.7200000000000024 77.232522700000018 57.150000000000013 1.0000000180025095e-35 40.778571428571432 13.450000000000001
decision_type=10 2 2 2 10 2 2 10 10 8 10 2 2 10 2 2 2 2 10 8 2 2 8 2 8 2 8 2 8 2
left_child=14 -2 3 4 5 -3 8 -8 9 -4 11 -5 -6 -10 15 16 19 22 -19 23 -21 24 -18 -1 -16 28 -23 -12 -26 -17
right_child=1 2 6 10 12 -7 7 -9 13 -11 27 -13 -14 -15 21 29 17 18 -20 20 -22 26 -24 -25 25 -27 -28 -29 -30 -31
leaf_value=0.065364840523204903 -0.17705245468177291 0.23091286223738977 0.2159279701987217 0.068156405861154193 0.013486982301705622 -0.021881713622382708 0.30529470684883347 0.015851314541484626 0.055934687887734556 -0.012234302015416755 -0.13731102819769428 -0.081727896207257317 0.098884724726936768 0.29816699406375052 -0.11365801210712342 -0.17799115131540996 -0.053663765477341786 -0.00042416812287918572 0.214163096293807 0.52808643239736563 0.0055186522006988523 0.0070297863418046303 -0.22684099574883779 -0.0010370645541934852 -0.040657772800679802 -0.001519901229156009 0.1649252536580772 -0.0099099545346366027 -0.10831587169428959 -0.055324036779120657
leaf_weight=321 38 146 29 375 310 49 34 42 141 1296 65 76 359 23 137 41 567 447 60 20 27 98 36 707 1373 481 37 81 136 164
leaf_count=321 38 146 29 375 310 49 34 42 141 1296 65 76 359 23 137 41 567 447 60 20 27 98 36 707 1373 481 37 81 136 164
internal_value=-3.5527e-11 0.0298335 0.0324315 0.0560856 0.0837056 0.16739 0.0103493 0.145339 0.00345929 -0.00724056 0.0161129 0.0428987 0.0593133 0.0899063 -0.0196496 -0.00474669 0.00230032 -0.0233635 0.0249708 0.0287997 0.227888 -0.0353957 -0.0640027 0.0196974 -0.0408351 -0.0358217 0.0503048 -0.0666296 -0.0467555 -0.0798575
internal_weight=7716 3064 3026 1461 864 195 1565 76 1489 1325 597 451 669 164 4652 2390 2185 1110 507 1075 47 2262 603 1028 2127 1990 135 146 1509 205
internal_count=7716 3064 3026 1461 864 195 1565 76 1489 1325 597 451 669 164 4652 2390 2185 1110 507 1075 47 2262 603 1028 2127 1990 135 146 1509 205
is_linear=0
shrinkage=0.03


Tree=110
num_leaves=31
num_cat=0
split_feature=59 19 35 28 12 35 21 36 41 47 35 60 21 41 16 14 1 1 47 43 10 12 45 47 40 19 19 11 56 58
split_gain=4728.79 1716.57 1665.01 1937.49 1911.52 1729.34 1600.77 1520.18 1415.71 1288.69 1686.36 1324.93 1350.99 1185.02 1141.26 1322.53 1553.49 2279.42 2527.75 2036.6 3833.08 1120.07 1061.33 1045.07 1032.38 1024.66 1338.64 1017.64 954.762 910.096
threshold=43.93571428571429 10.887500000000001 197.50000000000003 105.83333333333333 4.4500000000000011 304.50000000000006 101.50000000000001 511.50000000000006 81.750000000000014 155.10820143884897 317.50000000000006 36.45000000000001 76.000000000000014 50.350000000000001 17.450000000000003 9.0500000000000025 77.188546500000015 77.232522700000018 85.450000000000017 64.666666666666671 23.950000000000003 10.15 68.002553956834547 109.75000000000001 84.950000000000031 14.254166666666668 12.377083333333337 62.500000000000007 47.650000000000013 15.750000000000002
decision_type=10 2 10 2 2 10 2 10 10 10 10 10 2 10 2 2 2 2 10 8 2 2 8 8 10 2 2 2 8 10
left_child=14 2 8 6 5 -5 23 -6 21 10 11 28 -13 25 15 16 19 22 -19 27 -21 24 -18 -4 -2 26 -11 -1 -3 -16
right_child=1 9 3 4 7 -7 -8 -9 -10 13 -12 12 -14 -15 29 -17 17 18 -20 20 -22 -23 -24 -25 -26 -27 -28 -29 -30 -31
leaf_value=0.063403895753479309 0.082405256245741867 0.20278407823620365 -0.058900040909392784 0.36248038955032824 0.030124742540889062 0.10288570364735213 -0.18227374229580165 0.28472261725162917 0.33212590662033659 0.037385656173091107 -0.083141529306693732 -0.087179620111728029 0.01345548485127873 0.29262670414014297 -0.071096096811855067 -0.077461735053215075 -0.052053852545777483 0.0040898757363789741 0.24710917969899515 0.50985638042742554 -0.033097199124097823 -0.096497108671400267 -0.22003576633830865 0.046125419168210606 0.22350904802571642 -0.10293627163459515 0.28092947069141599 -0.0010059527669015013 0.02997869722196396 -0.024483889629947561
leaf_weight=321 308 30 146 32 520 83 48 22 23 82 197 198 305 22 478 205 567 465 42 22 25 27 36 205 55 29 27 707 705 1784
leaf_count=321 308 30 146 32 520 83 48 22 23 82 197 198 305 22 478 205 567 465 42 22 25 27 36 205 55 29 27 707 705 1784
internal_value=3.41384e-11 0.0289385 0.0523364 0.0323625 0.0640299 0.175121 -0.0197815 0.040459 0.103407 0.00738893 -0.00161534 0.0113577 -0.0261583 0.088146 -0.0190601 -0.00460429 0.00223131 -0.0226626 0.0242217 0.0279357 0.221051 0.089919 -0.0620826 0.00243962 0.103785 0.0555476 0.097713 0.0191065 0.037032 -0.0343339
internal_weight=7716 3064 1469 1056 657 115 399 542 413 1595 1435 1238 503 160 4652 2390 2185 1110 507 1075 47 390 603 351 363 138 109 1028 735 2262
internal_count=7716 3064 1469 1056 657 115 399 542 413 1595 1435 1238 503 160 4652 2390 2185 1110 507 1075 47 390 603 351 363 138 109 1028 735 2262
is_linear=0
shrinkage=0.03


Tree=111
num_leaves=30
num_cat=0
split_feature=38 59 42 15 15 61 65 31 18 9 26 10 43 16 54 18 16 64 41 33 16 46 32 38 23 61 15 41 63
split_gain=4522.32 1574.1 1139.99 1251.99 1369.03 1384.98 1435.89 1298.83 1131.24 1074.52 2114.2 2061.61 1556.37 1329.24 1129.97 1063.53 968.543 938.573 803.648 774.063 669.373 1222.02 1560.74 685.826 739.247 602.085 350.539 317.543 177.716
threshold=66.350000000000009 33.050000000000004 99.350000000000009 994.75000000000011 993.05000000000007 76.65000000000002 58.917142857142863 384.19571428571419 4473.0000000000009 18.600000000000005 1.5000000000000002 10.100000000000001 13.766666666666671 13.050000000000002 244.50000000000003 6641.5000000000009 13.300000000000002 161.85000000000005 25.350000000000005 241.50000000000003 10.550000000000002 22.650000000000016 71.950000000000017 50.95000000000001 12260.245000000001 19.973571428571436 994.35000000000014 26.450000000000003 50.933571428571447
decision_type=10 10 8 2 2 10 8 2 2 2 2 2 10 2 8 2 2 8 10 10 2 8 10 10 2 10 2 8 10
left_child=1 19 3 4 5 6 -2 8 -6 13 11 25 16 14 -3 -14 -12 -9 -5 20 21 22 -1 24 -22 -11 -15 -23 -28
right_child=2 9 -4 18 7 -7 -8 17 -10 10 12 -13 15 26 -16 -17 -18 -19 -20 -21 23 27 -24 -25 -26 -27 28 -29 -30
leaf_value=0.019884292916818098 0.24051642044170482 0.24004771073162556 -0.13553345906323397 0.081075093639748436 0.0055692142369442206 0.25755025192484027 0.050108396137178227 -0.16172783753451178 0.25605773878097532 -0.07375453935563564 0.20063770860185226 0.38537492980957028 -0.0063946511095846472 -0.2002141920734635 -0.078852799236774448 0.089672793652862307 0.047706797827670379 0.029471055967467172 0.3405332845720378 0.15602619000843593 -0.029582342179008549 0.051425477926220209 0.35072341454880579 -0.20456332021951673 0.14496089779517868 0.12960157218046095 -0.11155679815813252 -0.090363795567642555 -0.015264784428088561
leaf_weight=33 37 20 29 21 86 32 973 68 20 20 45 25 2614 34 20 108 217 35 22 21 2978 21 21 20 22 38 69 44 23
leaf_count=33 37 20 29 21 86 32 973 68 20 20 45 25 2614 34 20 108 217 35 22 21 2978 21 21 20 22 38 69 44 23
internal_value=-7.42709e-11 -0.010448 0.0504869 0.0546558 0.0491849 0.0632401 0.0570837 -0.0208895 0.0528312 0.00426921 0.00829288 0.15764 0.00413878 -0.0700716 0.0805975 -0.00258301 0.0739736 -0.0967573 0.213821 -0.0255052 -0.0267197 0.0430698 0.148544 -0.0294696 -0.0283024 0.0594788 -0.117903 -0.044555 -0.0874838
internal_weight=7716 6393 1323 1294 1251 1042 1010 209 106 3233 3067 83 2984 166 40 2722 262 103 43 3160 3139 119 54 3020 3000 58 126 65 92
internal_count=7716 6393 1323 1294 1251 1042 1010 209 106 3233 3067 83 2984 166 40 2722 262 103 43 3160 3139 119 54 3020 3000 58 126 65 92
is_linear=0
shrinkage=0.03


Tree=112
num_leaves=31
num_cat=0
split_feature=59 16 61 5 56 42 59 59 11 53 16 11 26 8 61 37 44 32 13 22 19 13 59 36 13 53 61 47 55 20
split_gain=4262.62 1444.68 2289.56 2300.23 1839.99 1775.25 1395.12 1891.48 1671.37 1289.29 1504.12 1583.09 1443.64 3057.25 1261.02 1099.95 1046.11 1008.05 977.069 1116.66 840.317 864.504 813.904 792.125 745.102 592.239 573.995 817.416 569.706 485.105
threshold=52.578571428571429 19.050000000000004 76.65000000000002 661.00000000000011 201.50000000000003 34.350000000000001 87.871428571428581 89.042857142857159 83.500000000000014 268468.00000000006 22.200000000000006 69.500000000000014 1.5000000000000002 17.100000000000005 28.642857142857142 277.83333333333343 20.950000000000003 53.850000000000001 38.000000000000007 39.500000000000007 12.664583333333335 289.50000000000006 43.478571428571435 333.50000000000006 109.00000000000001 183244.70000000004 21.450000000000003 97.605000000000004 83.071428571428584 22902.500000000004
decision_type=10 2 10 2 10 10 10 10 2 2 2 2 2 2 10 10 10 8 2 2 2 2 10 8 2 2 10 10 8 2
left_child=9 2 3 6 -4 -5 8 -8 -2 10 11 12 13 -1 23 -14 24 22 -13 -20 21 -18 -12 26 28 -26 -3 -28 -16 -11
right_child=1 14 4 5 -6 -7 7 -9 -10 29 17 18 15 -15 16 -17 20 -19 19 -21 -22 -23 -24 -25 25 -27 27 -29 -30 -31
leaf_value=-0.10039208097117287 0.046740974240675061 0.040341348272491369 0.44048480205237867 0.0045092124491930008 0.069002165545243771 -0.37818898690491914 0.37869476657276124 0.088542807231545451 -0.089107661218043754 -0.0066780055268499689 -0.033943339063032395 0.14180144584178925 0.014013668341904784 0.38223968903223671 -0.14003832443576791 -0.044861262441340796 0.010423500792433817 -0.083676312197681638 -0.017939562446055376 -0.069316487927877854 -0.21239102626719125 -0.1549869682667579 0.099227141221364334 -0.055981181518706895 -0.011390380739149723 0.10418890274040501 0.050713917722827503 0.26019502443075176 0.019301108956957854 0.096254243387246696
leaf_weight=21 1105 174 24 24 24 20 22 250 88 61 503 30 1813 27 46 339 72 448 1538 506 41 47 45 56 88 73 38 30 36 127
leaf_count=21 1105 174 24 24 24 20 22 250 88 61 503 30 1813 27 46 339 72 448 1538 506 41 47 45 56 88 73 38 30 36 127
internal_value=1.37616e-11 0.0346672 0.0507684 0.0442801 0.254743 -0.169445 0.0506992 0.112011 0.0367203 -0.014342 -0.0170959 -0.00935894 0.00836866 0.171088 -0.00109556 0.00473923 -0.0356958 -0.0502965 -0.0281635 -0.0306581 -0.095262 -0.0549067 -0.0230078 0.0456961 0.00352475 0.0410151 0.0692247 0.143132 -0.0700844 0.062856
internal_weight=7716 2258 1557 1509 48 44 1465 272 1193 5458 5270 4274 2200 48 701 2152 403 996 2074 2044 160 119 548 298 243 161 242 68 82 188
internal_count=7716 2258 1557 1509 48 44 1465 272 1193 5458 5270 4274 2200 48 701 2152 403 996 2074 2044 160 119 548 298 243 161 242 68 82 188
is_linear=0
shrinkage=0.03


Tree=113
num_leaves=31
num_cat=0
split_feature=38 59 44 17 47 37 37 13 48 45 43 34 9 26 10 12 43 20 39 17 64 64 18 51 16 47 10 38 6 37
split_gain=4028.97 1432.76 1108.69 2187.61 1419.46 1273.96 1298.36 1013.81 1965.16 1639.03 994.212 1449.03 989.824 1929.66 1897.5 1612.97 1462.2 971.383 1500.4 1276.9 1115.99 1002.22 960.476 943.27 909.357 719.612 695.721 1582.26 1502.34 710.328
threshold=66.350000000000009 33.050000000000004 17.650000000000002 2972.5000000000005 139.25575539568348 156.81666666666669 138.78333333333339 290.50000000000006 99.940000000000012 50.850000000000001 45.016666666666673 210.08333333333334 18.600000000000005 1.5000000000000002 10.100000000000001 4.9500000000000011 13.766666666666671 11103.250000000002 85.450000000000017 755.00000000000011 56.750465116279074 111.65000000000002 6641.5000000000009 385.48500000000007 13.300000000000002 5.7550000000000017 20.150000000000002 5.330000000000001 502.56500000000005 229.83333333333334
decision_type=10 10 8 2 8 10 10 2 10 10 10 10 2 2 2 2 10 2 8 2 10 10 2 2 2 8 2 10 2 8
left_child=1 25 3 10 17 6 -6 8 -7 -9 11 23 15 14 -14 -3 24 19 20 -4 -19 -21 -18 -2 -15 -1 27 -27 -29 -28
right_child=2 12 4 -5 5 7 -8 9 -10 -11 -12 -13 13 16 -16 -17 22 18 -20 21 -22 -23 -24 -25 -26 26 29 28 -30 -31
leaf_value=-0.17045763301849365 0.093522422907766523 0.13193677921389463 -0.10969178585411639 0.34755037523061039 0.089291156739927824 -0.078533799828667386 0.39741856393218039 0.12452158366716823 0.11347115614479131 -0.057364428328796166 -0.11788902217691594 -0.099643442598836757 0.056548377622946587 0.19449451617896554 0.36920467665195467 -0.11109270890106392 -0.0060650152784512837 -0.18658631488680838 -0.23364958648170742 0.0069238807321811207 0.023263828543628136 0.12794202106600663 0.085229349285364145 0.2797812910925131 0.046309915599220083 0.25479730367660519 -0.026086863860574239 -0.044868801608314392 0.048351417145412745 -0.094520715417019244
leaf_weight=30 104 30 49 30 32 57 20 65 303 142 22 28 58 45 25 136 2614 28 35 147 123 106 108 32 217 22 2331 355 277 145
leaf_count=30 104 30 49 30 32 57 20 65 303 142 22 28 58 45 25 136 2614 28 35 147 123 106 108 32 217 22 2331 355 277 145
internal_value=4.18274e-11 -0.00986165 0.0476534 0.109825 0.0355224 0.0656853 0.207802 0.0526517 0.0830704 -0.000250463 0.0714826 0.0968861 0.00417932 0.00804116 0.150722 -0.0671717 0.00407249 -0.00273757 -0.0566704 0.0304794 -0.0156488 0.0576271 -0.00244276 0.137348 0.0717615 -0.024227 -0.0228254 0.00469489 -0.00401121 -0.0300945
internal_weight=7716 6393 1323 216 1107 619 52 567 360 207 186 164 3233 3067 83 166 2984 488 186 302 151 253 2722 136 262 3160 3130 654 632 2476
internal_count=7716 6393 1323 216 1107 619 52 567 360 207 186 164 3233 3067 83 166 2984 488 186 302 151 253 2722 136 262 3160 3130 654 632 2476
is_linear=0
shrinkage=0.03


Tree=114
num_leaves=27
num_cat=0
split_feature=38 38 68 44 51 47 45 48 18 7 10 23 47 51 51 51 48 20 39 46 32 32 47 44 18 64
split_gain=3791.86 1325.13 1030.44 1253.25 1425.27 1378.41 1239.5 1221.8 1348.55 983.698 964.718 936.964 1817.66 1517.7 1206.88 4087.39 1338.39 859.461 1444.57 1179.89 820.236 635.182 586.115 602.262 468.874 468.061
threshold=65.550000000000011 22.450000000000003 1.0000000180025095e-35 18.950000000000003 882.85500000000013 139.25575539568348 82.800000000000026 68.790000000000006 3171.0000000000005 70.52500000000002 14.450000000000001 12260.245000000001 57.750000000000007 6810.880000000001 523.54000000000008 594.3950000000001 83.535000000000011 11103.250000000002 85.450000000000017 39.509364508393297 68.050000000000011 209.50000000000003 5.7550000000000017 4.8850000000000007 6575.0000000000009 54.080000000000005
decision_type=10 10 2 8 2 8 8 10 2 2 2 2 10 2 2 2 8 2 8 10 10 10 8 8 2 10
left_child=1 21 -2 4 7 17 9 -4 -9 -7 -8 13 -13 14 16 -16 -3 19 -19 -5 -15 22 -1 25 -25 -24
right_child=2 11 3 5 -6 6 10 8 -10 -11 -12 12 -14 20 15 -17 -18 18 -20 -21 -22 -23 23 24 -26 -27
leaf_value=-0.16534390640258789 -0.16337307278599056 0.0015662840611880024 -0.070348618213947001 0.083755492814350879 0.299248251914978 0.087890067253320006 0.067213424584877335 -0.1055404045331207 0.1449658007347025 0.28328651629686358 -0.045795655997651744 -0.019552962354531411 0.30597537122093715 -0.061313843582756815 0.16303074986925897 -0.0034913344207583674 -0.041841054892988998 -0.013868323124013839 -0.22664009530203683 -0.03871224237910259 -0.29618682124692458 0.13209442960364479 -0.0076638486319546683 -0.043087490573817784 0.10326317542791366 0.11598145284503698
leaf_weight=30 21 2864 39 160 31 320 152 22 160 25 123 38 26 32 170 604 823 160 35 127 23 21 338 1322 20 30
leaf_count=30 21 2864 39 160 31 320 152 22 160 25 123 38 26 32 170 604 823 160 35 127 23 21 338 1322 20 30
internal_value=3.97826e-11 -0.00979318 0.0451626 0.0483969 0.108753 0.034595 0.0641783 0.0820319 0.114685 0.102049 0.0166675 -0.00128928 0.112693 -0.00290461 -0.000973524 0.0330833 -0.00812296 -0.00345832 -0.0520581 0.0295625 -0.159533 -0.0319101 -0.0338895 -0.0315832 -0.0409064 0.00241593
internal_weight=7716 6341 1375 1354 252 1102 620 221 182 345 275 4580 64 4516 4461 774 3687 482 195 287 55 1761 1740 1710 1342 368
internal_count=7716 6341 1375 1354 252 1102 620 221 182 345 275 4580 64 4516 4461 774 3687 482 195 287 55 1761 1740 1710 1342 368
is_linear=0
shrinkage=0.03


Tree=115
num_leaves=31
num_cat=0
split_feature=59 0 19 13 37 10 13 54 37 16 47 56 1 60 16 14 1 1 58 43 10 61 53 40 58 1 15 26 60 38
split_gain=3669.59 1646.78 1415.62 1528.99 1721.56 3387.46 1518.18 1610.26 1297.56 1355.89 1208.17 1433.57 1192.12 1104.32 1025.01 1205.57 1429.39 2101.76 2424.74 1904.32 3552.4 984.044 959.783 853.915 769.822 729.188 844.201 724.167 715.18 713.914
threshold=43.93571428571429 28.496097500000001 10.887500000000001 290.50000000000006 202.50000000000003 13.400000000000002 322.50000000000006 87.050000000000011 315.83333333333343 22.200000000000006 152.90000000000003 47.650000000000013 77.288048550000013 54.150000000000013 17.450000000000003 9.0500000000000025 77.188546500000015 77.232522700000018 4.7550000000000008 64.666666666666671 23.950000000000003 51.521428571428579 268468.00000000006 44.50779069767443 15.350000000000003 77.197765150000009 975.35000000000014 10.500000000000002 89.250000000000014 11.450000000000001
decision_type=10 2 2 2 10 2 2 10 10 2 10 8 2 10 2 2 2 2 10 8 2 10 2 8 8 2 2 2 10 8
left_child=14 -2 3 4 5 -3 10 -8 9 -5 11 -4 -6 -12 15 16 19 23 -19 21 -21 -1 24 -18 -16 26 -26 -10 -24 -27
right_child=1 2 6 8 12 -7 7 -9 27 -11 13 -13 -14 -15 22 -17 17 18 -20 20 -22 -23 28 -25 25 29 -28 -29 -30 -31
leaf_value=0.027304534807428862 -0.17077039005725006 0.327950951280919 0.20055455361460817 0.06085501758188009 0.036667090331132593 0.063704826360525088 0.28837711260361326 0.011332426540008404 -0.16242950935154521 -0.078108256156311215 0.043707235841502025 -0.012719258959213794 0.15752570361963342 0.25362424731254579 -0.076855451201574346 -0.072651920136155151 -0.051348775216552997 0.32553679168224331 0.010275120842539943 0.49286121877926314 -0.029835610569454728 -0.091607526172953299 0.017506243084111941 -0.24175796859643672 -0.11692968129515648 -0.09813630581240762 -0.034021102748728348 -0.019424739931568954 0.2118774297237396 0.0055625370253473755
leaf_weight=961 38 66 29 375 585 129 35 41 47 76 137 1296 84 27 350 205 581 23 484 22 25 67 115 22 125 66 955 99 20 631
leaf_count=961 38 66 29 375 585 129 35 41 47 76 137 1296 84 27 350 205 581 23 484 22 25 67 115 22 125 66 955 99 20 631
internal_value=-9.22542e-12 0.0254923 0.027957 0.0491939 0.074705 0.153142 0.00813131 0.138919 0.0122733 0.0374377 0.00145579 -0.00805138 0.0518422 0.0782667 -0.0167903 -0.00309056 0.00343579 -0.0204431 0.0245769 0.0280921 0.214831 0.0195544 -0.0312653 -0.0582957 -0.0361884 -0.0281786 -0.043617 -0.0654605 0.046302 -0.00425687
internal_weight=7716 3064 3026 1461 864 195 1565 76 597 451 1489 1325 669 164 4652 2390 2185 1110 507 1075 47 1028 2262 603 2127 1777 1080 146 135 697
internal_count=7716 3064 3026 1461 864 195 1565 76 597 451 1489 1325 669 164 4652 2390 2185 1110 507 1075 47 1028 2262 603 2127 1777 1080 146 135 697
is_linear=0
shrinkage=0.03


Tree=116
num_leaves=31
num_cat=0
split_feature=59 20 18 16 61 59 35 12 51 35 49 56 10 61 63 11 16 0 0 10 56 8 32 18 14 40 32 12 24 38
split_gain=3457.25 1322.78 1255.6 2215.82 2034.42 2113.43 1534.8 1456.89 1449.58 1334.84 1386.11 1208.63 1144.48 1431.44 1331.65 1063.12 1376.51 1449.64 2309.65 3658.99 1339.41 2261.77 1177.7 1401.28 1323.37 1084.09 929.299 911.253 878.767 861.9
threshold=52.578571428571429 3088.2500000000005 3672.5000000000005 19.050000000000004 76.65000000000002 74.51428571428572 352.50000000000006 7.0500000000000007 160.95000000000002 136.50000000000003 183.85000000000005 294.50000000000006 10.550000000000002 18.907857142857146 44.707142857142863 69.500000000000014 17.450000000000003 28.592996750000005 28.662761550000003 18.800000000000001 135.50000000000003 23.150000000000002 47.650000000000013 6658.0000000000009 1.7500000000000002 48.441434108527154 49.250000000000007 5.1500000000000012 172.88000000000002 32.050000000000004
decision_type=10 2 2 2 10 10 10 2 2 10 10 10 2 10 10 2 2 2 2 2 10 2 10 2 2 8 10 2 2 8
left_child=15 12 6 4 7 -6 11 -4 -8 -5 -11 -3 14 -14 -2 16 17 20 19 -19 21 -1 24 -24 29 27 -22 -17 -13 -18
right_child=1 2 3 9 5 -7 8 -9 -10 10 -12 28 13 -15 -16 25 22 18 -20 -21 26 -23 23 -25 -26 -27 -28 -29 -30 -31
leaf_value=0.33432730871698124 0.43270623949170112 -0.041493024817159906 0.043769320597650291 0.092507977202162139 0.029582805085927245 0.43978016620358595 -0.2482104748258224 0.15889244439679065 -0.040038760172372512 -0.015766960114520865 -0.24102415983493508 0.17629211917519569 -0.14977986995662959 0.14625907645845901 0.094473839456384837 0.0048535299223820254 -0.022146507551467343 0.28627453946667469 0.0087930567006478822 0.04742871583034642 0.071206538988084614 0.015654049192985089 -0.046921895899670732 0.066591503202087343 0.23557676352560519 -0.11890985497007413 -0.05764954723816549 -0.035951883818479795 0.033773696247318928 0.059813131211706283
leaf_weight=23 20 165 848 100 20 26 39 112 132 452 26 50 21 49 22 713 319 82 467 195 58 156 1044 108 24 112 383 1593 176 181
leaf_count=23 20 165 848 100 20 26 39 112 132 452 26 50 21 49 22 713 319 82 467 195 58 156 1044 108 24 112 383 1593 176 181
internal_value=1.32916e-10 0.0312209 0.0259752 0.0396438 0.066539 0.261433 -0.0125496 0.0572004 -0.0875165 -0.00716695 -0.0280194 0.0202364 0.131731 0.0574474 0.255537 -0.0129162 -0.00110792 0.0212692 0.049502 0.118134 -0.0126101 0.0566009 -0.0193194 -0.03628 0.0179681 -0.0277621 -0.0407025 -0.0233351 0.0653043 0.00752288
internal_weight=7716 2258 2146 1584 1006 46 562 960 171 578 478 391 112 70 42 5458 3040 1364 744 277 620 179 1676 1152 524 2418 441 2306 226 500
internal_count=7716 2258 2146 1584 1006 46 562 960 171 578 478 391 112 70 42 5458 3040 1364 744 277 620 179 1676 1152 524 2418 441 2306 226 500
is_linear=0
shrinkage=0.03


Tree=117
num_leaves=31
num_cat=0
split_feature=58 20 23 11 16 26 24 35 15 22 8 20 30 21 5 16 62 30 24 22 58 20 28 30 65 5 55 11 22 17
split_gain=3353.28 1664.18 2180.32 2029.39 1857.78 1956.81 3808.96 1717.81 1656.89 1601.65 2035.97 1777.17 1245.45 2047.57 1419.44 1048.99 1013.29 971.705 877.499 863.145 781.295 770.307 879.422 1522.32 767.135 731.221 729.45 1438.91 672.238 577.679
threshold=74.65000000000002 2656.5000000000005 560.33500000000015 74.500000000000014 17.450000000000003 3.5000000000000004 524.57500000000016 272.50000000000006 993.05000000000007 170.50000000000003 31.450000000000003 16356.750000000002 491.35999999999973 101.50000000000001 144.50000000000003 18.250000000000004 34.346294964028786 447.67000000000002 298.67000000000002 53.500000000000007 15.005465116279071 20619.750000000004 25.833333333333339 173.79666666666643 111.18000000000002 271.00000000000006 146.35714285714286 48.500000000000007 92.500000000000014 992.50000000000011
decision_type=10 2 2 2 2 2 2 8 2 2 2 2 2 2 2 2 10 2 2 2 8 2 2 2 10 2 8 2 2 2
left_child=1 2 24 4 5 6 -3 20 -7 10 -6 -11 17 -14 15 16 -15 21 -19 29 -5 22 -2 -24 28 -22 -16 -28 -1 -9
right_child=12 3 -4 7 9 8 -8 19 -10 11 -12 -13 13 14 26 -17 -18 18 -20 -21 25 -23 23 -25 -26 -27 27 -29 -30 -31
leaf_value=0.054236323015675651 -0.091925004422664644 0.012659665548802894 0.30054359848884976 -0.071433955570150698 -0.053715246869599789 0.010929365976126745 0.16270776392466482 0.0060764794600637329 -0.11849803676416999 0.089059294634558611 0.020442162352468082 -0.012634610525283673 0.34719804071954313 0.40095475628972049 -0.016739799729303308 0.045121409321824707 0.1492995581186066 0.032957191893032617 -0.23526658516863116 -0.18193308694614577 -0.014463664681974686 -0.10313348318450152 0.17468397936049629 0.033965283256144285 0.16273658941349675 -0.15927418462000786 0.27510587479387011 0.010091769066121843 -0.1018400791632693 -0.14157853771273682
leaf_weight=63 37 443 34 280 1182 1414 232 57 95 233 464 460 28 24 114 36 36 21 23 97 1627 32 85 372 31 32 28 54 41 41
leaf_count=63 37 443 34 280 1182 1414 232 57 95 233 464 460 28 24 114 36 36 21 23 97 1627 32 85 372 31 32 28 54 41 41
internal_value=7.91818e-11 -0.00714121 0.085827 -0.00950138 0.00187616 0.0217735 0.0642318 -0.033616 0.00278119 -0.0167026 -0.0328106 0.0215568 0.0547707 0.102135 0.0786358 0.173147 0.249962 0.0281802 -0.107251 -0.118492 -0.0250803 0.039509 0.048749 0.0601383 0.0317502 -0.0172569 0.0323448 0.100584 -0.0072938 -0.0556976
internal_weight=7716 6826 169 6657 4523 2184 675 2134 1509 2339 1646 693 890 320 292 96 60 570 44 195 1939 526 494 457 135 1659 196 82 104 98
internal_count=7716 6826 169 6657 4523 2184 675 2134 1509 2339 1646 693 890 320 292 96 60 570 44 195 1939 526 494 457 135 1659 196 82 104 98
is_linear=0
shrinkage=0.03


Tree=118
num_leaves=31
num_cat=0
split_feature=59 19 30 28 33 11 22 1 18 47 18 22 56 16 33 13 15 14 48 1 23 34 41 13 45 1 19 12 17 38
split_gain=3171.75 1326.96 1820.5 2135.61 2508.52 2506.11 1745.3 2105.84 1673.62 2104.44 1572.73 1461.39 1261.33 1218.18 1176.81 1120.91 1053.43 1016.08 984.734 948.208 1825.45 1197.91 1150.29 1122.8 1033.17 1007.09 1089.51 1220.42 935.707 969.786
threshold=43.93571428571429 10.035416666666668 363.9099999999998 119.83333333333336 165.50000000000003 56.500000000000007 101.50000000000001 77.309166200000007 3672.5000000000005 141.30000000000004 5601.5000000000009 188.00000000000003 47.650000000000013 18.450000000000003 77.15000000000002 322.50000000000006 993.45000000000016 8.1500000000000004 105.31643884892087 77.232522700000018 4680.6650000000018 217.83333333333334 118.50000000000001 324.00000000000006 39.750000000000007 77.201158150000012 8.5937500000000018 6.0500000000000007 1272.5000000000002 88.250000000000014
decision_type=10 2 2 2 10 2 2 2 2 10 2 2 8 2 10 2 2 2 10 2 2 10 10 2 8 2 2 2 2 10
left_child=19 2 14 4 5 -4 16 -8 11 12 13 17 -10 -11 -2 -14 -5 -3 -13 22 21 23 25 24 -21 26 27 -1 29 -16
right_child=1 8 3 6 -6 -7 7 -9 9 10 -12 18 15 -15 28 -17 -18 -19 -20 20 -22 -23 -24 -25 -26 -27 -28 -29 -30 -31
leaf_value=0.10354093079820562 0.075451625143177811 -0.043201431842053675 0.16520369171886376 -0.090641229491537578 0.024994253651453899 0.48850803229116618 0.057826791712762532 0.29339355125620559 0.21610417003814988 0.13453601721048103 0.36318378862525735 -0.32849382669925692 -0.0019121863295341549 -0.058660416052891656 -0.023308699035032347 0.12427703769126934 0.12285591272207408 0.10509524969384074 -0.073557699799537649 0.017429295059316865 0.27938620277426457 0.21286137945950032 0.19827920317649839 0.21563308285815375 -0.04485197747901111 -0.073263183160150097 -0.025367551293324051 -0.01182415369931048 -0.099585670217489583 0.15341165106086169
leaf_weight=130 128 311 71 104 65 31 444 37 26 119 21 25 1164 39 157 67 26 48 30 638 22 24 21 21 384 343 2843 226 117 34
leaf_count=130 128 311 71 104 65 31 444 37 26 119 21 25 1164 39 157 67 26 48 30 638 22 24 21 21 384 343 2843 226 117 34
internal_value=5.4669e-11 0.0237001 0.0480716 0.0755733 0.170646 0.263463 0.0495879 0.0759473 0.00770715 0.0230281 0.119268 -0.0454351 0.00932338 0.0868483 -0.00100272 0.00495595 -0.0479418 -0.0233735 -0.189438 -0.0156099 0.00888907 0.00331181 -0.0230978 -0.00151004 -0.00597189 -0.0244103 -0.0191722 0.0303035 -0.032776 0.00814937
internal_weight=7716 3064 1214 778 167 102 611 481 1850 1436 179 414 1257 158 436 1231 130 359 55 4652 1089 1067 3563 1043 1022 3542 3199 356 308 191
internal_count=7716 3064 1214 778 167 102 611 481 1850 1436 179 414 1257 158 436 1231 130 359 55 4652 1089 1067 3563 1043 1022 3542 3199 356 308 191
is_linear=0
shrinkage=0.03


Tree=119
num_leaves=31
num_cat=0
split_feature=58 20 20 28 34 17 22 30 11 55 38 7 24 19 20 15 42 64 28 45 15 64 20 22 23 35 51 51 0 38
split_gain=3048.55 1358.6 1950.24 2045.78 2193.27 1288.33 2071.15 1854.4 1284.87 1189.8 1438.3 1969.47 1301.59 1550.97 1150.78 1328.5 1689.64 1163.72 1155.93 1105.65 987.329 986 951.73 1022.06 918.411 1544.36 1535.14 1125.75 848.092 760.099
threshold=61.250000000000007 9674.5000000000018 7621.0000000000009 123.66666666666667 79.633333333333354 1317.5000000000002 271.00000000000006 452.77333333333337 33.500000000000007 258.07142857142861 79.450000000000017 70.52500000000002 321.60500000000008 11.652083333333335 20039.500000000004 988.75000000000011 35.750000000000007 117.05000000000001 29.166666666666668 47.95000000000001 984.85000000000002 75.945000000000007 7799.0000000000009 570.00000000000011 12260.245000000001 266.50000000000006 6810.880000000001 523.54000000000008 28.647228500000001 56.550000000000004
decision_type=10 2 2 2 10 2 2 2 2 10 10 2 2 2 2 2 10 8 2 10 2 8 2 2 2 10 2 2 2 10
left_child=9 2 5 4 -4 6 21 -7 19 10 24 12 13 -12 15 18 -17 -16 -10 29 -14 -2 -5 -24 26 -26 27 -1 -11 -3
right_child=1 8 3 22 -6 7 -8 -9 14 28 11 -13 20 -15 17 16 -18 -19 -20 -21 -22 -23 23 -25 25 -27 -28 -29 -30 -31
leaf_value=-0.016333830713840498 -0.16180892007691519 0.29855980085378342 0.12709588741262753 0.2507677017735398 0.47766531873365925 0.033009821737216692 0.26877300286371458 -0.250614013611339 -0.080136467110915252 -0.30074037520587443 0.33607575431466102 0.30425311074193034 -0.2044134690931865 -0.01695579962405775 -0.00096218943176135205 -0.20869480555057524 0.037936699658632271 -0.17272569348904449 0.063537088465170352 -0.051175468911727265 0.020923932542226142 0.047766988474533215 -0.0090639860213296598 0.22984021523594855 -0.00275246834688005 0.29198466587811711 -0.16201928028928453 0.02083150254937613 -0.06427705336448758 0.098020168900489799
leaf_weight=4857 21 22 36 23 29 59 38 32 61 20 24 28 21 21 71 50 50 71 290 36 105 533 83 20 48 24 61 864 43 75
leaf_count=4857 21 22 36 23 29 59 38 32 61 20 24 28 21 21 71 50 50 71 290 36 105 533 83 20 48 24 61 864 43 75
internal_value=-5.4521e-11 0.0368676 0.062063 0.146806 0.283504 0.0383647 0.0545189 -0.066726 0.00653608 -0.0096449 -0.00829498 0.0710209 0.0328309 0.171328 -0.0123648 0.0110854 -0.0853791 -0.0868439 0.0385682 0.0908084 -0.0166323 0.0398228 0.0762869 0.0373252 -0.0109912 0.0954932 -0.0123172 -0.010721 -0.139345 0.143503
internal_weight=7716 1600 874 191 65 683 592 91 726 6116 6053 199 171 45 593 451 100 142 351 133 126 554 126 103 5854 72 5782 5721 63 97
internal_count=7716 1600 874 191 65 683 592 91 726 6116 6053 199 171 45 593 451 100 142 351 133 126 554 126 103 5854 72 5782 5721 63 97
is_linear=0
shrinkage=0.03


Tree=120
num_leaves=31
num_cat=0
split_feature=58 20 53 10 20 6 19 0 39 38 30 21 5 32 16 62 53 30 36 16 10 6 47 24 30 30 42 41 56 25
split_gain=2897.12 1529.37 1914.09 1979.59 6664.74 3835.38 1473.59 1289.3 1619.85 1203.33 1127.34 1783.04 1291.8 1012.18 949.215 964.304 887.504 877.083 831.346 896.069 808.383 790.924 892.615 780.854 709.861 1492.3 1108.35 978.494 606.431 448.098
threshold=74.65000000000002 2656.5000000000005 72017.85000000002 11.450000000000001 7899.2500000000009 556.07000000000005 10.325000000000001 28.647228500000001 38.550000000000004 21.150000000000002 491.35999999999973 101.50000000000001 144.50000000000003 172.50000000000003 18.250000000000004 34.346294964028786 268468.00000000006 447.67000000000002 212.50000000000003 13.750000000000002 11.300000000000002 912.13000000000011 121.05000000000001 298.67000000000002 89.856666666666726 173.79666666666643 47.050000000000004 47.550000000000004 310.50000000000006 1.0000000180025095e-35
decision_type=10 2 2 2 2 2 2 2 10 10 2 2 2 10 2 10 2 2 10 2 2 2 8 2 2 2 10 10 10 2
left_child=1 6 18 4 13 -6 7 8 -1 28 17 -12 14 -4 15 -13 -11 24 29 -20 -8 -14 -23 -19 -2 26 -26 -27 -5 -3
right_child=10 2 3 9 5 -7 20 -9 -10 16 11 12 21 -15 -16 -17 -18 23 19 -21 -22 22 -24 -25 25 27 -28 -29 -30 -31
leaf_value=0.10308417254024081 -0.096199926348293524 -0.14052349654527813 0.037118077770523401 -0.035032698154280249 0.10498569759300776 0.54911208182573312 -0.093430720085108818 0.014548187209614392 0.43821064181327818 -0.0035925074107803069 0.32465766676834645 0.3845733754802495 -0.080510918833315376 -0.089610591656187677 0.042419630549848077 0.13907593630875151 0.059328642433052352 0.029204482521329605 -0.033826911718045409 -0.14266711398650556 0.08842140922153538 0.013747152333649305 0.17128180428705317 -0.22381782799959182 0.097881980919662645 0.043152377228330437 0.34722127335412162 -0.077584258005325063 0.11404790722131729 -0.0086310995143846925
leaf_weight=27 34 26 184 1387 35 35 44 29 25 4174 28 24 45 82 36 36 212 21 114 169 44 104 47 23 68 329 21 74 25 214
leaf_count=27 34 26 184 1387 35 35 44 29 25 4174 28 24 45 82 36 36 212 21 114 169 44 104 47 23 68 329 21 74 25 214
internal_value=2.11257e-11 -0.00663773 -0.00890029 -0.00420305 0.0665925 0.327049 0.0824854 0.17482 0.264203 -0.00830573 0.0509092 0.0959718 0.074043 -0.00194865 0.164204 0.237275 -0.000551175 0.0256109 -0.0639917 -0.0988234 -0.00250466 0.0298824 0.0627811 -0.103057 0.036374 0.0455356 0.156715 0.0209824 -0.0323932 -0.0229194
internal_weight=7716 6826 6657 6134 336 70 169 81 52 5798 890 320 292 266 96 60 4386 570 523 283 88 196 151 44 526 492 89 403 1412 240
internal_count=7716 6826 6657 6134 336 70 169 81 52 5798 890 320 292 266 96 60 4386 570 523 283 88 196 151 44 526 492 89 403 1412 240
is_linear=0
shrinkage=0.03


Tree=121
num_leaves=29
num_cat=0
split_feature=59 0 12 36 10 54 36 20 63 24 19 1 23 34 41 37 33 1 16 1 53 44 43 37 63 1 34 49
split_gain=2758.04 1479.8 1197.83 1659.41 1677.43 2366.83 1317.11 1128.16 1224.33 983.25 934.485 879.204 1709.92 1121.12 1072.82 1052.89 1652.45 945.658 1038.92 1302.28 894.308 854.017 840.992 808.357 707.67 669.614 470.138 334.566
threshold=43.93571428571429 28.496097500000001 4.2500000000000009 193.50000000000003 13.250000000000002 77.050000000000011 559.50000000000011 7638.5000000000009 24.686428571428575 181.68500000000003 10.727083333333335 77.232522700000018 4680.6650000000018 217.83333333333334 118.50000000000001 302.50000000000006 160.50000000000003 77.201158150000012 17.450000000000003 77.188546500000015 268468.00000000006 59.650000000000013 46.033333333333353 370.83333333333343 3.5214285714285718 77.128061500000015 36.595000000000006 116.20522781774579
decision_type=10 2 2 8 2 10 10 2 8 2 2 2 2 10 10 10 10 2 2 2 2 10 10 10 10 2 10 8
left_child=11 -2 7 4 5 -4 9 10 -9 -5 23 14 13 15 17 16 -13 18 19 -1 -20 -6 -10 -3 -19 -12 -26 -17
right_child=1 2 3 6 21 -7 -8 8 22 -11 25 12 -14 -15 -16 27 -18 24 20 -21 -22 -23 -24 -25 26 -27 -28 -29
leaf_value=0.015337876009679195 -0.16394577766327481 0.13310085566980498 0.34844601353278032 -0.061062087636964857 0.021797002504667585 0.067219932368307395 0.22119062990598054 0.0015815503394084149 0.14528574882255446 0.0035795078831721973 0.12269985689178986 0.0013472571827542897 0.27083247607404537 0.20635889917612074 0.1920258867740631 -0.046504833864611246 0.24848513613939285 -0.19820310191171511 -0.041239710446391305 -0.044486069820623919 0.053271775762186738 0.13489722316998701 0.34855696403063258 -0.0094628508388996113 0.021930657138949945 -0.021915890768406884 -0.073510354349901719 -0.167844422688851
leaf_weight=1182 38 126 37 256 795 99 23 38 62 1226 34 936 22 24 21 43 25 35 1468 453 96 65 26 50 57 189 251 39
leaf_count=1182 38 126 37 256 795 99 23 38 62 1226 34 936 22 24 21 43 25 35 1468 453 96 65 26 50 57 189 251 39
internal_value=8.90837e-11 0.0221005 0.0244368 0.015789 0.0458275 0.14373 -0.00409039 0.0656334 0.143891 -0.00758665 0.0409204 -0.0145563 0.00903439 0.00363649 -0.0217666 -0.00102826 0.00777644 -0.0230341 -0.0179583 -0.0012372 -0.0354385 0.0303453 0.205343 0.0925998 -0.0703736 0.000133147 -0.0558476 -0.104215
internal_weight=7716 3064 3026 2501 996 136 1505 525 126 1482 399 4652 1089 1067 3563 1043 961 3542 3199 1635 1564 860 88 176 343 223 308 82
internal_count=7716 3064 3026 2501 996 136 1505 525 126 1482 399 4652 1089 1067 3563 1043 961 3542 3199 1635 1564 860 88 176 343 223 308 82
is_linear=0
shrinkage=0.03


Tree=122
num_leaves=31
num_cat=0
split_feature=38 58 16 41 65 28 31 39 44 64 26 35 51 29 31 51 23 15 16 65 7 32 1 35 64 9 0 9 36 44
split_gain=2661.53 1310.81 1162.73 1939.94 1218.1 1113.29 1295.84 1365.49 1374.9 1112.87 1078.87 1502.32 1083.31 969.191 928.197 927.811 1285.95 853.037 852.677 775.275 718.57 657.804 682.42 759.224 631.634 630.08 538.676 450.278 449.127 448.406
threshold=68.250000000000014 17.550000000000004 22.200000000000006 68.750000000000014 22.41500000000001 754.16666666666686 2294.5457142857149 41.95000000000001 16.450000000000003 29.885000000000005 5.5000000000000009 112.50000000000001 620.02500000000009 653.00000000000011 1995.6807142857144 2752.0400000000004 4680.6650000000018 987.25000000000011 16.850000000000005 136.45000000000002 9.4700000000000006 147.50000000000003 77.239399000000006 185.50000000000003 86.050000000000011 36.550000000000004 28.514958500000002 27.350000000000005 209.50000000000003 15.850000000000003
decision_type=10 8 2 10 10 2 2 10 8 8 2 10 2 2 2 2 2 2 2 8 2 10 2 8 10 2 2 2 10 10
left_child=2 -2 3 4 14 6 7 -3 -9 25 11 -11 -12 -7 26 16 -6 21 -17 27 -19 22 23 -4 28 -5 -1 -8 -22 -24
right_child=1 5 17 9 15 13 19 8 -10 10 12 -13 -14 -15 -16 18 -18 20 -20 -21 24 -23 29 -25 -26 -27 -28 -29 -30 -31
leaf_value=-0.21107362139225005 0.28158383935689923 -0.16701118854433297 -0.020814302482420634 0.050776939275674518 -0.001090853176826415 -0.26592515230178831 0.19580208432727625 0.13198113747868656 0.025426087788911537 0.33237839609384534 -0.033803403378347863 0.098730202218858712 0.21304880869388582 0.019624243093573527 0.14992847084999084 -0.21718097138133916 0.1250608863087522 0.045144548554777758 -0.027325845720712096 0.29832263293473615 -0.038799968920648097 0.13350760374380194 0.041188471709346315 -0.078802924140050079 -0.26802225642734107 -0.16238603449784791 -0.052038829352730916 0.044992123456025608 -0.19606846223155466 -0.051540686809457836
leaf_weight=20 20 30 601 24 4219 20 28 124 900 30 80 142 20 23 20 33 74 22 60 23 44 23 176 307 27 26 461 49 26 64
leaf_count=20 20 30 601 24 4219 20 28 124 900 30 80 142 20 23 20 33 74 22 60 23 44 23 176 307 27 26 461 49 26 64
internal_value=2.18167e-10 0.0407164 -0.00762453 -0.00130981 -0.00600923 0.0366919 0.0422767 0.0324846 0.0383292 0.0700135 0.0939255 0.139483 0.015567 -0.113189 -0.050325 -0.000947179 0.00108367 -0.0331233 -0.0946938 0.145485 -0.10965 -0.0253464 -0.028529 -0.0404206 -0.144759 -0.0600678 -0.0586515 0.0998321 -0.097214 0.0164607
internal_weight=7716 1217 6499 5209 4887 1197 1154 1054 1024 322 272 172 100 43 501 4386 4293 1290 93 100 119 1171 1148 908 97 50 481 77 70 240
internal_count=7716 1217 6499 5209 4887 1197 1154 1054 1024 322 272 172 100 43 501 4386 4293 1290 93 100 119 1171 1148 908 97 50 481 77 70 240
is_linear=0
shrinkage=0.03


Tree=123
num_leaves=25
num_cat=0
split_feature=38 23 35 51 51 51 25 41 9 8 15 0 26 65 16 18 12 17 12 59 32 63 35 38
split_gain=2507.55 1071.02 1962.51 1230.68 1142.03 3524.93 3524.98 1785.99 1233.91 1577.77 1073.24 1006.79 1951.8 1378.64 1079.85 1145.92 2041.47 1147.64 1133.92 959.665 705.734 687.792 554.621 143.041
threshold=65.550000000000011 12260.245000000001 266.50000000000006 6810.880000000001 523.54000000000008 594.3950000000001 1.5000000000000002 78.950000000000017 33.95000000000001 28.450000000000003 975.95000000000016 28.545960750000003 9.5000000000000018 58.917142857142863 14.350000000000003 3946.5000000000005 6.6500000000000012 1085.0000000000002 5.4500000000000011 52.578571428571429 68.050000000000011 35.662857142857156 346.50000000000006 39.549069767441871
decision_type=10 2 10 2 2 2 2 8 2 2 2 2 2 8 2 2 2 2 2 10 10 8 10 10
left_child=1 3 23 4 8 6 -6 -7 10 -10 -1 12 -2 -13 18 16 -16 -17 19 -15 -5 -20 -14 -3
right_child=11 2 -4 20 5 7 -8 -9 9 -11 -12 13 22 14 15 17 -18 -19 21 -21 -22 -23 -24 -25
leaf_value=-0.066389728980342247 -0.32351171033084392 -0.051974400576935809 0.31541514316430458 -0.061244580163072576 0.38656396919488906 -0.015309217354514012 0.071097941134765641 0.2424539495944977 0.099892815144389469 -0.0014975121953737488 -0.017205629702491315 0.2210533712098473 0.087472698249314959 -0.14295214113593102 -0.2113376299381256 0.22856432348489761 0.010575167989852476 0.028595396176249337 0.35001306085288519 0.070327259869053957 -0.27641167752120804 0.11180559542961419 -0.10770334868878126 0.053071287363767622
leaf_weight=458 20 28 26 34 40 749 157 25 152 1514 3115 38 38 20 50 27 147 596 20 375 23 24 20 20
leaf_count=458 20 28 26 34 40 749 157 25 152 1514 3115 38 38 20 50 27 147 596 20 375 23 24 20 20
internal_value=1.31389e-11 -0.00796384 0.105499 -0.0093036 -0.00802993 0.0218534 0.135152 -0.00698353 -0.0135685 0.00775299 -0.0235102 0.0367263 -0.0679531 0.0430216 0.0376482 0.0173192 -0.0457479 0.0372618 0.0756202 0.0595283 -0.148066 0.220082 0.0201706 -0.00820536
internal_weight=7716 6341 74 6267 6210 971 197 774 5239 1666 3573 1375 78 1297 1259 820 197 623 439 395 57 44 58 48
internal_count=7716 6341 74 6267 6210 971 197 774 5239 1666 3573 1375 78 1297 1259 820 197 623 439 395 57 44 58 48
is_linear=0
shrinkage=0.03


Tree=124
num_leaves=31
num_cat=0
split_feature=58 20 23 8 13 12 38 22 12 23 38 30 12 32 37 30 6 18 19 24 30 30 63 41 32 47 63 61 58 47
split_gain=2457.29 1375.82 1910.67 1672.99 1471.45 1586.91 1287.92 1279.98 1646 1209.46 1121.1 1046.11 1599.95 1710.27 945.301 835.174 778.727 1015.91 735.243 725.958 656.388 1405.95 938.364 914.498 603.187 500.19 439.016 385.8 345.374 536.38
threshold=74.65000000000002 2883.2500000000005 560.33500000000015 13.600000000000003 113.50000000000001 10.750000000000002 72.950000000000017 202.00000000000003 7.7500000000000009 1072.7500000000002 22.950000000000003 491.35999999999973 7.4500000000000011 68.450000000000017 340.50000000000006 447.67000000000002 570.70000000000016 3946.5000000000005 14.131250000000003 298.67000000000002 89.856666666666726 173.79666666666643 72.907142857142873 47.550000000000004 97.350000000000009 172.90000000000003 11.525 30.937857142857141 64.750000000000014 96.77500000000002
decision_type=10 2 2 2 2 2 10 2 2 2 8 2 2 10 10 2 2 2 2 2 2 2 8 10 10 10 10 10 10 8
left_child=1 2 6 24 7 10 14 9 -9 -5 -6 15 13 -13 26 20 25 -18 -7 -17 -2 22 -22 -23 -3 -15 -1 -14 29 -26
right_child=11 3 -4 4 5 18 -8 8 -10 -11 -12 12 27 16 -16 19 17 -19 -20 -21 21 23 -24 -25 28 -27 -28 -29 -30 -31
leaf_value=-0.041575343666598201 -0.094464014137492461 0.0036864020274235652 0.2764862761558855 -0.037496769707814924 -0.020021022921952965 -0.12561279181094295 0.2549640379697084 0.1054418228188251 -0.029011068521188451 -0.15296784786676818 0.014779443045029613 0.33486492207821678 0.053340820103883739 0.12253357079412254 -0.14870361626628906 0.024487412486757551 -0.089895822584629054 0.11087413768614492 -0.027768823450975373 -0.21947882183382045 0.095609692982397965 0.039429126205715412 0.32503312494073594 -0.077292521565749839 -0.11612088516851266 0.31896702361106871 0.082078971348396715 -0.056659570281309156 -0.015195053100585935 -0.27319878829121585
leaf_weight=40 34 39 34 1129 1094 113 20 127 231 88 3494 34 60 28 31 21 30 93 178 23 68 329 21 74 90 20 73 55 20 25
leaf_count=40 34 39 34 1129 1094 113 20 127 231 88 3494 34 60 28 31 21 30 93 178 23 68 329 21 74 90 20 73 55 20 25
internal_value=1.38305e-11 -0.00611316 0.0718119 -0.00844103 -0.00596625 0.00217243 0.0293794 -0.0311781 0.0186859 -0.0458464 0.00648134 0.0468859 0.0902946 0.140537 -0.00195181 0.022516 0.101899 0.0619059 -0.0657632 -0.10304 0.0330188 0.0418286 0.149743 0.0179964 -0.100236 0.204381 0.0383075 0.000731938 -0.130257 -0.150268
internal_weight=7716 6826 198 6628 6454 4879 164 1575 358 1217 4588 890 320 205 144 570 171 123 291 44 526 492 89 403 174 48 113 115 135 115
internal_count=7716 6826 198 6628 6454 4879 164 1575 358 1217 4588 890 320 205 144 570 171 123 291 44 526 492 89 403 174 48 113 115 135 115
is_linear=0
shrinkage=0.03


Tree=125
num_leaves=31
num_cat=0
split_feature=58 13 9 26 12 12 20 20 21 43 11 17 22 5 61 56 1 13 1 20 45 20 11 64 8 64 43 17 22 62
split_gain=2322.8 1241.05 1469.1 2158.68 3519.87 1238.22 1194.63 1643.52 1945.67 1563.31 1172.49 1159.86 1829.38 1673.18 1079.68 1076.74 1071.64 1500.47 1074.79 1050.6 1011.34 992.868 1194.53 1092.74 1018.83 939.888 847.789 712.299 1112.87 709.165
threshold=61.250000000000007 32.500000000000007 19.450000000000003 1.5000000000000002 5.9500000000000011 4.9500000000000011 9674.5000000000018 7621.0000000000009 118.50000000000001 36.350000000000009 33.500000000000007 1317.5000000000002 271.00000000000006 133.50000000000003 19.864285714285717 286.50000000000006 77.232522700000018 237.00000000000003 77.128061500000015 7799.0000000000009 47.95000000000001 20039.500000000004 52.500000000000007 117.05000000000001 27.150000000000002 75.945000000000007 53.533333333333353 3145.0000000000005 138.50000000000003 54.550000000000004
decision_type=10 2 2 2 2 2 2 2 2 10 2 2 2 2 10 8 2 2 2 2 10 2 2 8 2 8 10 2 2 8
left_child=1 15 5 4 14 -3 7 11 9 29 20 12 25 -13 -4 -1 18 -18 -5 -10 27 22 26 -23 -24 -2 -12 -8 -29 -9
right_child=6 2 3 16 -6 -7 10 8 19 -11 21 13 -14 -15 -16 -17 17 -19 -20 -21 -22 23 24 -25 -26 -27 -28 28 -30 -31
leaf_value=0.3137861321121454 -0.16129223040172033 0.054356647395463878 -0.10610752683261344 0.022152806146938712 0.46910018449479884 -0.12685577209298471 0.033340915033691805 0.037196995301379099 0.2339286453374054 0.4093442429602146 0.023494059201160614 0.02907644884313567 0.25074117177411132 -0.24033292547799645 0.13695384264580512 0.0024885530769824982 -0.017504175129942276 0.043241301846598475 -0.022329326425022122 0.0064766047200125248 -0.051551929041743279 -0.00027538732323848024 -0.064522147294300711 -0.16671822300915357 0.12289961180090904 0.043324374167552637 0.15949851049076427 0.38182465830445289 0.10657761789285219 0.27289021003246305
leaf_weight=20 21 43 29 562 22 161 38 27 23 32 165 59 38 32 38 20 725 739 3757 89 36 71 201 71 30 533 55 20 39 20
leaf_count=20 21 43 29 562 22 161 38 27 23 32 165 59 38 32 38 20 725 739 3757 89 36 71 201 71 30 533 55 20 39 20
internal_value=2.00273e-11 -0.00841894 -0.00951542 -0.00676588 0.139858 -0.088659 0.0321814 0.0558074 0.133602 0.247609 0.00373903 0.0340524 0.0493799 -0.0656609 0.0317482 0.158137 -0.00902241 0.013159 -0.0165412 0.0531855 0.0842414 -0.0143163 0.00746558 -0.0834968 -0.0401817 0.0355681 0.0574952 0.134639 0.199882 0.137492
internal_weight=7716 6116 6076 5872 89 204 1600 874 191 79 726 683 592 91 67 40 5783 1464 4319 112 133 593 451 142 231 554 220 97 59 47
internal_count=7716 6116 6076 5872 89 204 1600 874 191 79 726 683 592 91 67 40 5783 1464 4319 112 133 593 451 142 231 554 220 97 59 47
is_linear=0
shrinkage=0.03


Tree=126
num_leaves=26
num_cat=0
split_feature=58 20 9 26 10 23 13 12 38 22 58 61 37 44 13 39 24 32 12 63 35 44 23 63 49
split_gain=2213.09 1253.68 2250.56 1982.74 3579.78 1730.59 1240.82 1295.81 1209.39 1198.32 1014.23 935.741 886.728 824.589 1241.08 1053.83 1017.16 623.349 468.475 409.755 409.251 484.98 398.645 251.041 153.494
threshold=74.65000000000002 2883.2500000000005 19.450000000000003 1.5000000000000002 10.100000000000001 560.33500000000015 113.50000000000001 10.750000000000002 72.950000000000017 202.00000000000003 75.250000000000014 19.864285714285717 340.50000000000006 11.15 317.50000000000006 34.750000000000007 1239.24 97.350000000000009 10.050000000000002 11.525 364.50000000000006 52.208705035971235 251.58000000000001 15.157857142857145 62.718333333333341
decision_type=10 2 2 2 2 2 2 2 10 2 10 10 10 8 2 10 2 10 2 10 10 10 2 10 8
left_child=1 5 17 4 11 8 9 -8 12 -5 -2 -4 19 18 15 -15 -17 24 22 -1 21 -19 -12 -24 -3
right_child=10 2 3 6 -6 -7 7 -9 -10 -11 13 -13 -14 14 -16 16 -18 20 -20 -21 -22 -23 23 -25 -26
leaf_value=-0.040342919550603255 0.22910883919550823 -0.052927020594477653 -0.10058749735355377 -0.04404024126333389 0.45746473299420398 0.26337505655691906 0.0047792577578242429 -0.062434371797585458 0.24679995417594908 0.018399545370871666 -0.10873812721967696 0.12105724633857606 -0.14429274807053227 0.25537223839759826 0.21434672007193931 0.017194499101926185 0.1092850946046804 -0.12752774842241976 -0.17223167717456817 0.079119475522678187 -0.24320242964622119 0.030332047998905178 -0.0481781949698925 0.085769716448643632 0.06460784657299519
leaf_weight=40 26 20 30 1217 23 34 4462 274 20 358 25 40 31 20 39 573 133 141 20 73 23 20 20 34 20
leaf_count=40 26 20 30 1217 23 34 4462 274 20 358 25 40 31 20 39 573 133 141 20 73 23 20 20 34 20
internal_value=-7.11464e-11 -0.00580145 -0.00802359 -0.00475415 0.132756 0.0685842 -0.00678053 0.000890631 0.0282008 -0.0298476 0.0444951 0.0260666 -0.00216021 0.0389396 0.0494828 0.0406265 0.034543 -0.101495 -0.0425301 0.0368319 -0.124828 -0.107918 -0.00969426 0.0361594 0.00584041
internal_weight=7716 6826 6628 6404 93 198 6311 4736 164 1575 890 70 144 864 765 726 706 224 99 113 184 161 79 54 40
internal_count=7716 6826 6628 6404 93 198 6311 4736 164 1575 890 70 144 864 765 726 706 224 99 113 184 161 79 54 40
is_linear=0
shrinkage=0.03


Tree=127
num_leaves=31
num_cat=0
split_feature=38 13 35 10 11 62 22 15 43 38 58 13 68 57 8 20 41 20 20 23 20 18 54 18 58 21 12 8 22 42
split_gain=2130.39 1453.56 1381.57 1529.5 2461.42 1805.06 1330.57 1543.05 1506.55 1284.01 1211.98 1181.9 1078.04 998.867 850.929 1288.05 773.235 1081.53 896.689 1934.66 1949.74 1642.75 920.167 809.362 728.962 562.357 701.263 593.214 496.581 298.742
threshold=41.050000000000004 47.000000000000007 208.50000000000003 21.250000000000004 47.500000000000007 27.550000000000004 76.000000000000014 985.60000000000014 63.616666666666667 96.350000000000009 29.150000000000002 291.50000000000006 19.500000000000004 196.92857142857147 33.050000000000004 19874.000000000004 118.50000000000001 19734.000000000004 13641.750000000002 3154.3500000000004 13500.750000000002 5808.0000000000009 75.850000000000009 5441.5000000000009 15.750000000000002 170.50000000000003 8.4500000000000011 31.450000000000003 154.00000000000003 36.550000000000004
decision_type=10 2 10 2 2 8 2 2 10 10 10 2 2 10 2 2 10 2 2 2 2 2 10 2 8 2 2 2 2 10
left_child=16 -2 6 4 13 10 14 9 -9 -8 -5 -6 -7 -4 15 -3 18 -18 19 20 24 -22 -21 28 -1 27 -27 -25 29 -20
right_child=1 2 3 5 11 12 7 8 -10 -11 -12 -13 -14 -15 -16 -17 17 -19 23 22 21 -23 -24 25 -26 26 -28 -29 -30 -31
leaf_value=-0.044477846556704947 0.22585412269830701 0.017635845164656189 0.26349855393962934 -0.16182214708230458 0.016974104442178027 -0.089051260163909504 0.015695517172490986 0.09195143279608016 0.27918344212291035 0.26288231813907625 0.014714433826672445 -0.047221700609649156 -0.2793981815406254 0.078760989045517302 0.19951745033264159 -0.1297845171308466 0.27372412401437757 -0.034529459306171961 -0.090379256950691336 0.32191720725401585 -0.00030299431085586547 0.31110503819680979 0.043683462504297492 -0.034486412682650694 -0.006666291524190987 -0.12777228161621756 -0.028935796848116313 0.03045126606462472 -0.016175710966302589 -0.17966107565623063
leaf_weight=556 30 664 30 40 838 114 348 243 46 20 280 373 35 216 21 58 20 21 96 23 30 31 20 302 2627 92 217 218 55 52
leaf_count=556 30 664 30 40 838 114 348 243 46 20 280 373 35 216 21 58 20 21 96 23 30 31 20 302 2627 92 217 218 55 52
internal_value=9.48631e-11 0.0179675 0.0160924 -0.000392362 0.0147755 -0.0475131 0.0387706 0.0698726 0.121753 0.0291296 -0.00735264 -0.00279884 -0.133764 0.10129 0.0112686 0.00579321 -0.01383 0.115838 -0.0150609 -0.00740161 -0.0100514 0.157954 0.192506 -0.0394565 -0.0132711 -0.0263096 -0.0583628 -0.00726254 -0.0931451 -0.121749
internal_weight=7716 3356 3326 1926 1457 469 1400 657 289 368 320 1211 149 246 743 722 4360 41 4319 3287 3244 61 43 1032 3183 829 309 520 203 148
internal_count=7716 3356 3326 1926 1457 469 1400 657 289 368 320 1211 149 246 743 722 4360 41 4319 3287 3244 61 43 1032 3183 829 309 520 203 148
is_linear=0
shrinkage=0.03


Tree=128
num_leaves=29
num_cat=0
split_feature=38 58 28 31 44 17 65 16 18 63 23 16 1 29 53 18 18 22 57 32 0 65 59 32 58 12 43 32
split_gain=2026.58 1218.63 1038.18 1159.34 1233.48 1614.84 1376.99 944.403 1888.76 1982.65 1751.83 1252.48 1163.37 916.415 842.949 1253.64 1627.76 1637.67 1236.41 921.711 1014.22 740.884 574.222 530.945 524.328 392.96 328.741 331.297
threshold=68.250000000000014 17.550000000000004 754.16666666666686 2294.5457142857149 16.450000000000003 1782.5000000000002 101.08571428571429 15.850000000000003 6421.0000000000009 23.745714285714289 3154.3500000000004 15.750000000000002 77.184301000000019 653.00000000000011 268468.00000000006 6133.5000000000009 5686.0000000000009 440.50000000000006 113.60714285714286 50.850000000000001 28.643240000000002 136.45000000000002 28.821428571428573 28.150000000000002 60.250000000000007 6.7500000000000009 35.81666666666667 71.350000000000009
decision_type=10 8 2 2 8 2 8 2 2 8 2 2 2 2 2 2 2 2 8 10 2 8 10 10 10 2 10 10
left_child=7 -2 3 4 5 -3 -6 8 10 -10 11 12 -1 -4 15 16 17 -9 -18 23 -21 25 -13 -17 26 -5 -16 -28
right_child=1 2 13 21 6 -7 -8 14 9 -11 -12 22 -14 -15 24 19 18 -19 -20 20 -22 -23 -24 -25 -26 -27 27 -29
leaf_value=0.020253701781515178 0.26777257758378981 0.069211331282124339 -0.26160701572895051 0.20070543284927095 -0.063985627951181442 0.36289551253616809 0.03253025940500201 -0.027957927171649605 0.029833619037065013 0.41258876129984851 0.20635125828416725 0.030198185162788087 -0.022499531394793187 0.01605896620646767 -0.056304604871308096 -0.085831639384208555 -0.034425076176894123 0.063826151253170066 0.06044984967097753 -0.13936106243597868 -0.036848066043844836 0.2840724325698355 0.23198406688310202 0.021889949554288891 0.18612437427043912 0.048532653307276116 0.015847213965784195 0.11188676906283945
leaf_weight=1087 20 107 20 21 161 20 766 2522 29 21 38 22 1211 23 34 58 174 188 427 181 167 23 30 142 21 56 99 48
leaf_count=1087 20 107 20 21 161 20 766 2522 29 21 38 22 1211 23 34 58 174 188 427 181 167 23 30 142 21 56 99 48
internal_value=1.31538e-10 0.0355292 0.0316487 0.0370419 0.0277799 0.115461 0.0157675 -0.00665318 0.00810648 0.190591 0.00428562 0.00101818 -0.0022764 -0.113088 -0.0155141 -0.0186412 -0.0116848 -0.0215906 0.0329819 -0.0606712 -0.0901666 0.134663 0.146613 -0.00934931 0.0442262 0.0900343 0.0277629 0.0472071
internal_weight=7716 1217 1197 1154 1054 127 927 6499 2438 50 2388 2350 2298 43 4061 3859 3311 2710 601 548 348 100 52 200 202 77 181 147
internal_count=7716 1217 1197 1154 1054 127 927 6499 2438 50 2388 2350 2298 43 4061 3859 3311 2710 601 548 348 100 52 200 202 77 181 147
is_linear=0
shrinkage=0.03


Tree=129
num_leaves=22
num_cat=0
split_feature=58 36 55 38 15 62 19 6 37 58 30 21 5 20 62 59 39 22 1 6 22
split_gain=1940.14 1210.33 1207.87 1257.4 1422.58 1713.83 1089.5 3236.32 1088.35 953.069 813.918 1549.23 907.911 835.75 1120.89 840.575 800.707 758.606 721.03 637.638 328.849
threshold=74.65000000000002 559.50000000000011 258.07142857142861 93.850000000000009 992.75000000000011 16.650000000000002 9.3500000000000032 512.86000000000013 289.83333333333343 75.250000000000014 491.35999999999973 101.50000000000001 144.50000000000003 20619.750000000004 70.850000000000009 62.521428571428579 91.350000000000009 136.50000000000003 77.197765150000009 912.13000000000011 149.50000000000003
decision_type=10 10 10 10 2 8 2 2 8 10 2 2 2 2 8 10 10 2 2 2 2
left_child=1 2 3 6 5 -5 7 -1 -8 -2 13 -12 16 14 17 -16 -13 -11 20 -14 -4
right_child=9 -3 18 4 -6 -7 8 -9 -10 10 11 12 19 -15 15 -17 -18 -19 -20 -21 -22
leaf_value=-0.020684775531745098 0.22062213156085747 0.18159488473628316 -0.11515578873847659 -0.16453401295691727 0.32555857837200164 0.13039642612953653 -0.0080450074838752939 0.075819198412902605 -0.053745846178208011 0.0030683198895498339 0.28809985489451462 0.080286968503471307 -0.082100374296307566 -0.12956020987866554 0.2539218006848491 0.054941653998674088 0.28467884131099863 -0.14244007152480048 -0.24963620546345527 0.047275076246005486 0.028568076167417605
leaf_weight=778 26 31 38 25 20 61 4781 523 520 251 28 69 45 34 21 212 23 37 26 144 23
leaf_count=778 26 31 38 25 20 61 4781 523 520 251 28 69 45 34 21 212 23 37 26 144 23
internal_value=4.63782e-11 -0.00543192 -0.00628517 -0.00484471 0.0976604 0.0446608 -0.00649051 0.0181097 -0.012528 0.041661 0.0362756 0.0752987 0.0540943 0.0145492 0.0239537 0.0728755 0.131385 -0.0156255 -0.117349 0.0164714 -0.0609648
internal_weight=7716 6826 6795 6708 106 86 6602 1301 5301 890 864 309 281 555 521 233 92 288 87 189 61
internal_count=7716 6826 6795 6708 106 86 6602 1301 5301 890 864 309 281 555 521 233 92 288 87 189 61
is_linear=0
shrinkage=0.03


Tree=130
num_leaves=31
num_cat=0
split_feature=59 0 13 13 41 10 54 35 60 21 25 1 10 60 1 1 23 13 34 1 41 57 43 54 35 20 38 23 9 41
split_gain=1874.81 1362.96 1826.54 1128.48 1736.88 1412.82 2473.8 1190.53 1275.14 1114.72 1063.96 1053.72 883.44 834.967 803.877 783.766 1500.26 1048.36 1044.08 950.945 956.904 890.132 763.78 704.307 680.917 656.537 649.042 636.332 627.211 521.383
threshold=43.93571428571429 28.567144700000004 245.00000000000003 290.50000000000006 101.50000000000001 14.450000000000001 72.550000000000011 344.50000000000006 18.150000000000002 37.500000000000007 1.5000000000000002 77.184301000000019 19.050000000000004 75.350000000000009 77.201112150000014 77.232522700000018 4680.6650000000018 324.00000000000006 217.83333333333334 77.201158150000012 118.50000000000001 285.50000000000006 64.666666666666671 45.050000000000004 254.50000000000003 2399.7500000000005 5.330000000000001 1638.6500000000003 19.100000000000005 34.650000000000013
decision_type=10 2 2 2 10 2 10 10 10 2 2 2 2 10 2 2 2 2 10 2 8 10 10 8 10 2 10 2 2 10
left_child=15 2 12 4 5 6 -3 8 23 -10 -7 -4 29 24 27 19 17 18 21 20 25 -17 -13 -5 -14 -1 -21 -9 -27 -2
right_child=1 3 11 7 -6 10 -8 14 9 -11 -12 22 13 -15 -16 16 -18 -19 -20 26 -22 -23 -24 -25 -26 28 -28 -29 -30 -31
leaf_value=0.087333405503495179 -0.10039292593844808 0.30340848872867909 -0.19038707002997396 0.24021142850375984 0.31192287462098262 -0.031300075116266979 0.05713610688626021 -0.17412054557042816 -0.08770849107474088 0.014746493918627954 0.035224080410850137 0.014125321423744452 0.04652965834736824 -0.23071351285278796 0.023857924240700743 0.0051561384934683905 0.25549532305110584 0.2101631758632985 0.20079114947630008 -0.22374884832989084 0.14458392798900604 -0.09314950713417032 0.18481282549408765 0.059998761231585734 -0.13520888047958057 -0.10412774460109538 -0.055360580733804787 -0.0076802521918354367 -0.015147307423118702 -0.27885631242219139
leaf_weight=55 26 39 21 22 21 307 625 72 125 406 733 255 55 20 47 931 22 22 23 22 34 91 26 173 28 73 324 29 3055 34
leaf_count=55 26 39 21 22 21 307 625 72 125 406 733 255 55 20 47 931 22 22 23 22 34 91 26 173 28 73 324 29 3055 34
internal_value=-6.70687e-11 0.0182213 -0.0290825 0.0266846 0.0407557 0.0374138 0.0716009 -0.00108711 0.0147217 -0.00937191 0.0155867 0.0145992 -0.110014 -0.0567086 -0.0786357 -0.0120013 0.0102722 0.00521607 0.000901394 -0.018809 -0.0137262 -0.0035971 0.0299185 0.0803304 -0.0147797 -0.0154172 -0.0660673 -0.126331 -0.0172239 -0.201522
internal_weight=7716 3064 465 2599 1725 1704 664 874 726 531 1040 302 163 103 148 4652 1089 1067 1045 3563 3217 1022 281 195 83 3183 346 101 3128 60
internal_count=7716 3064 465 2599 1725 1704 664 874 726 531 1040 302 163 103 148 4652 1089 1067 1045 3563 3217 1022 281 195 83 3183 346 101 3128 60
is_linear=0
shrinkage=0.03


Tree=131
num_leaves=31
num_cat=0
split_feature=58 20 18 17 64 64 15 16 8 42 35 55 38 7 36 56 15 25 26 42 35 16 12 41 11 18 20 16 0 53
split_gain=1784.25 1098 2356.88 3409.64 1948.43 1264.79 1072.48 1946.13 1317.03 1194.36 1159 1043.81 1020.55 1804.35 1352.44 1318.26 948.289 1104.39 947.14 827.285 815.545 813.308 1252.37 2306.91 1436.06 1158.51 984.175 770.189 737.506 731.627
threshold=61.250000000000007 9674.5000000000018 4369.5000000000009 1102.5000000000002 74.15000000000002 147.15000000000003 988.75000000000011 16.250000000000004 33.550000000000004 35.750000000000007 230.50000000000003 258.07142857142861 79.450000000000017 70.52500000000002 176.50000000000003 140.50000000000003 992.85000000000002 1.5000000000000002 2.5000000000000004 46.250000000000007 371.50000000000006 19.350000000000005 7.4500000000000011 49.350000000000001 61.500000000000007 5441.5000000000009 13246.500000000002 16.850000000000005 28.647228500000001 268468.00000000006
decision_type=10 2 2 2 10 8 2 2 2 10 10 10 10 2 10 10 2 2 2 10 10 2 2 10 2 2 2 2 2 2
left_child=11 2 4 -4 -2 -5 7 10 27 18 19 12 21 14 -14 -16 17 -6 -8 -3 -18 22 24 -24 -1 26 -23 -9 -13 -10
right_child=1 6 3 5 16 -7 9 8 29 -11 -12 28 13 -15 15 -17 20 -19 -20 -21 -22 25 23 -25 -26 -27 -28 -29 -30 -31
leaf_value=0.016755589779912865 -0.2571552278314318 0.13454253783351497 0.46229361482792425 0.043674209863663868 0.13955896983759139 0.26772196782046354 -0.30107823000688633 -0.15151224911212921 0.03612791562550946 0.018499638532337388 -0.0082023820222208374 -0.27936706379055976 -0.15169547507772221 0.28393852817160742 0.28998234571516512 0.02674875755332598 0.024035941111830484 0.032092357672792803 -0.066986823141574864 0.35480935058423452 -0.091300130026185353 -0.031647537392317335 0.020619236524624284 0.22933784107012409 -0.022360216649707453 -0.0040330875340329761 -0.10567735575901907 -0.014755688446762108 -0.058858658404544344 0.24509339582920076
leaf_weight=1456 21 57 27 104 127 29 28 41 38 57 38 20 32 28 20 119 226 267 35 21 73 651 320 56 2012 1144 215 386 43 25
leaf_count=1456 21 57 27 104 127 29 28 41 38 57 38 20 32 28 20 119 226 267 35 21 73 651 320 56 2012 1144 215 386 43 25
internal_value=-1.08819e-10 0.028205 0.0508554 0.154925 0.0275345 0.0925267 0.000937298 0.0171629 -0.0089949 -0.0810021 0.127657 -0.00737869 -0.00611429 0.0606973 0.0241432 0.0646241 0.0361614 0.0667326 -0.171027 0.193845 -0.00412303 -0.00838548 -0.000299569 0.051705 -0.00593789 -0.0238493 -0.0500268 -0.0278869 -0.128861 0.119051
internal_weight=7716 1600 874 160 714 133 726 606 490 120 116 6116 6053 199 171 139 693 394 63 78 299 5854 3844 376 3468 2010 866 427 63 63
internal_count=7716 1600 874 160 714 133 726 606 490 120 116 6116 6053 199 171 139 693 394 63 78 299 5854 3844 376 3468 2010 866 427 63 63
is_linear=0
shrinkage=0.03


Tree=132
num_leaves=29
num_cat=0
split_feature=58 20 23 53 26 6 35 38 38 35 58 37 41 7 62 20 17 48 38 55 68 39 5 37 12 63 37 33
split_gain=1688.91 1120.01 1584.16 1421.88 1487.65 1838.64 1858.61 1100.57 924.357 1240.93 892.403 835.97 764.322 1234.25 825.556 1100.51 929.063 778.74 860.227 851.26 720.907 586.533 529.46 431.328 386.496 383.743 373.579 365.751
threshold=74.65000000000002 2883.2500000000005 560.33500000000015 72017.85000000002 1.5000000000000002 578.1350000000001 235.50000000000003 72.950000000000017 21.150000000000002 199.50000000000003 75.250000000000014 340.50000000000006 8.5600000000000023 25.175000000000001 70.850000000000009 20619.750000000004 1612.5000000000002 194.40000000000003 108.50000000000001 54.850000000000001 11.500000000000002 34.475000000000009 223.50000000000003 337.16666666666669 4.9500000000000011 11.525 160.8333333333334 170.50000000000003
decision_type=10 2 2 2 2 2 10 10 10 10 10 10 10 2 10 2 2 10 10 10 2 10 2 10 2 10 10 10
left_child=1 2 7 20 5 6 -5 11 21 -10 -2 25 13 27 17 16 -16 19 -19 -14 23 -6 26 24 -3 -1 -22 -12
right_child=10 3 -4 4 8 -7 -8 -9 9 -11 12 -13 14 -15 15 -17 -18 18 -20 -21 22 -23 -24 -25 -26 -27 -28 -29
leaf_value=-0.039184932840988042 0.2120418895422839 0.0010148450679012707 0.25160833623479389 0.068911452753276647 -0.023203968800344438 -0.052124099063084399 0.42581335023045541 0.23513606643676757 0.014147118541072756 -0.017716906003202467 0.13322764778137205 -0.14036415534634744 -0.16643918699838897 0.32205843303884779 0.050763711257183805 -0.12710265018045902 0.17947212563908618 -0.19971133817325937 0.049629637554287911 0.024730722042742403 0.019172823144191945 -0.15312658698298037 0.12434442094713448 -0.19994555642527917 -0.10233410757934225 0.076423496527418699 -0.05697847752296023 -0.044033003341067918
leaf_weight=40 26 42 34 29 1376 34 24 20 2797 1813 20 31 22 21 188 24 69 33 20 445 81 32 20 31 145 73 204 22
leaf_count=40 26 42 34 29 1376 34 24 20 2797 1813 20 31 22 21 188 24 69 33 20 445 81 32 20 31 145 73 204 22
internal_value=2.11381e-11 -0.00506804 0.0652406 -0.00716839 -0.00310143 0.120066 0.230527 0.0266034 -0.00488202 0.00161578 0.0388702 -0.00235952 0.033659 0.134271 0.0257457 0.0671768 0.0853197 0.00335698 -0.10562 0.0157249 -0.0546422 -0.0261568 -0.0248647 -0.0963034 -0.079122 0.0355002 -0.0353355 0.0403768
internal_weight=7716 6826 198 6628 6105 87 53 164 6018 4610 890 144 864 63 801 281 257 520 53 467 523 1408 305 218 187 113 285 42
internal_count=7716 6826 198 6628 6105 87 53 164 6018 4610 890 144 864 63 801 281 257 520 53 467 523 1408 305 218 187 113 285 42
is_linear=0
shrinkage=0.03


Tree=133
num_leaves=31
num_cat=0
split_feature=59 0 13 13 19 56 18 37 60 25 21 24 16 1 28 47 15 1 23 13 33 45 1 41 16 1 15 41 64 1
split_gain=1630.65 1266.84 1706.39 1028.67 1749.27 1923.07 2300.63 1321.77 1372.86 1281.74 1182.21 1163.02 980.474 978.077 889.289 856.163 835.094 729.674 1407.38 984.562 933.146 932.398 896.419 910.633 767.262 1067.06 828.625 641.221 605.204 524.861
threshold=43.93571428571429 28.567144700000004 223.50000000000003 290.50000000000006 12.991666666666669 180.50000000000003 4994.0000000000009 318.16666666666669 37.250000000000007 1.5000000000000002 453.50000000000006 859.99000000000012 22.200000000000006 77.184301000000019 152.16666666666669 159.95000000000002 984.05000000000007 77.232522700000018 4680.6650000000018 324.00000000000006 225.50000000000003 39.750000000000007 77.201158150000012 118.50000000000001 17.450000000000003 77.188546500000015 975.35000000000014 69.550000000000011 11.600000000000003 77.201112150000014
decision_type=10 2 2 2 2 8 2 10 10 2 2 2 2 2 2 8 2 2 2 2 10 8 2 8 2 2 2 10 10 2
left_child=17 2 16 4 5 6 -3 8 11 10 -6 -5 -10 -4 -7 -11 -2 22 19 20 21 -19 23 24 25 -1 -26 -15 -24 -9
right_child=1 3 13 7 9 14 -8 29 12 15 -12 -13 -14 27 -16 -17 -18 18 -20 -21 -22 -23 28 -25 26 -27 -28 -29 -30 -31
leaf_value=0.01491362026513623 -0.028130657391055771 0.32139014216030343 -0.18410597788436073 0.025948162875174412 -0.021542796904194941 0.024679739352510738 0.087946766604913157 -0.10830996622000971 -0.010341099799792889 0.017951664620039685 -0.1965374685726736 0.15364094981705986 -0.16135270244004776 0.015286374936929378 0.096535129849399839 0.19131714331607025 -0.16587709928352024 0.019380809034225246 0.24780989739027889 0.2040143015912988 0.1991805111510413 -0.039719693401030126 -0.18583841941573401 0.14160899078144745 -0.089710375449369453 -0.039344496380232123 -0.021581424274471642 0.1876000827550888 -0.050761565290415249 0.0037487115193572309
leaf_weight=1179 69 51 21 386 142 592 149 124 184 508 46 77 49 261 210 27 93 639 22 22 21 385 33 34 182 451 1371 21 313 54
leaf_count=1179 69 51 21 386 142 592 149 124 184 508 46 77 49 261 210 27 93 639 22 22 21 385 33 34 182 451 1371 21 313 54
internal_value=-3.80992e-12 0.0169934 -0.0286118 0.0251528 0.0385872 0.0642492 0.147475 -0.00136236 0.017295 0.00302242 -0.0643606 0.0471843 -0.0420989 0.0134096 0.0434947 0.026701 -0.107207 -0.0111926 0.0102986 0.00540146 0.00122014 -0.00283959 -0.0177611 -0.0128262 -0.0144759 -9.89016e-05 -0.0295656 0.0281182 -0.0636446 -0.0743146
internal_weight=7716 3064 465 2599 1725 1002 200 874 696 723 188 463 233 303 802 535 162 4652 1089 1067 1045 1024 3563 3217 3183 1630 1553 282 346 178
internal_count=7716 3064 465 2599 1725 1002 200 874 696 723 188 463 233 303 802 535 162 4652 1089 1067 1045 1024 3563 3217 3183 1630 1553 282 346 178
is_linear=0
shrinkage=0.03


Tree=134
num_leaves=31
num_cat=0
split_feature=58 20 18 64 8 16 29 37 7 8 35 35 20 65 28 16 22 57 1 1 58 15 7 64 15 56 58 56 57 41
split_gain=1552.59 1039.21 1889.75 1802.48 1467.33 1404.76 1362.13 3803.66 2084.85 1300.98 927.44 920.989 1001.94 915.188 848.909 948.56 816.843 796.23 784.919 933.284 1199.24 3030.72 944.691 1366.44 854.479 822.884 741.44 836.698 1517.75 868.731
threshold=61.250000000000007 11103.250000000002 4369.5000000000009 74.15000000000002 21.500000000000004 16.250000000000004 99.785714285714292 170.50000000000003 48.115000000000002 33.550000000000004 193.50000000000003 230.50000000000003 13893.250000000002 119.70714285714287 105.83333333333333 12.050000000000002 248.50000000000003 370.64285714285717 77.128061500000015 77.232522700000018 4.7550000000000008 984.45000000000016 81.220000000000013 42.110000000000007 985.25000000000011 160.50000000000003 14.350000000000003 63.850000000000001 138.01428571428576 112.50000000000001
decision_type=10 2 2 10 2 2 2 10 2 2 10 10 2 8 2 2 2 10 2 2 10 2 2 10 2 10 10 10 10 10
left_child=18 2 3 -2 13 11 7 -4 -8 10 -7 12 -6 -3 17 -16 -10 -5 24 26 21 -21 25 -24 -1 -22 -20 28 -28 -29
right_child=1 4 6 14 5 9 8 -9 16 -11 -12 -13 -14 -15 15 -17 -18 -19 19 20 22 -23 23 -25 -26 -27 27 29 -30 -31
leaf_value=0.0016300809743087282 -0.23776709862377332 -0.26074943709373477 0.10417590275651119 0.023734767954600486 0.040157458405486644 0.0096609932101816617 -0.026759543921344164 0.58091942095756532 0.11759125902982695 0.11473607934656598 -0.082586676300758249 -0.013820796348154543 0.25883501590144903 -0.03180548207326369 0.14292601029078164 0.034837444496331034 0.368616372987628 -0.082213543982111975 -0.048714720873204477 -0.008031548107179199 0.017333265158103395 0.44242391060292718 0.26028568931164281 -0.0010010685615761336 0.079155977432345676 -0.029179106172012245 0.014517235614128352 -0.019899867388318143 0.28252538743615146 0.13726506968960164
leaf_weight=410 23 30 61 266 33 217 82 20 28 63 179 39 44 33 99 279 20 84 605 41 846 20 31 43 186 575 387 2920 20 32
leaf_count=410 23 30 61 266 33 217 82 20 28 63 179 39 44 33 99 279 20 84 605 41 846 20 31 43 186 575 387 2920 20 32
internal_value=1.11031e-10 0.0263104 0.0459999 0.0237126 -0.00337828 0.0116813 0.125326 0.22189 0.0651585 -0.0118915 -0.0320368 0.104956 0.165116 -0.140826 0.0319737 0.0631464 0.222185 -0.00169283 -0.00688302 -0.0104145 0.00927439 0.139659 0.00395436 0.108457 0.0258244 -0.00148772 -0.018143 -0.0126366 0.0276872 -0.0181962
internal_weight=7716 1600 962 751 638 575 211 81 130 459 396 116 77 63 728 378 48 350 6116 5520 1556 61 1495 74 596 1421 3964 3359 407 2952
internal_count=7716 1600 962 751 638 575 211 81 130 459 396 116 77 63 728 378 48 350 6116 5520 1556 61 1495 74 596 1421 3964 3359 407 2952
is_linear=0
shrinkage=0.03


Tree=135
num_leaves=22
num_cat=0
split_feature=38 58 28 31 39 35 43 23 35 28 35 59 25 10 30 1 1 56 56 68 39
split_gain=1493.92 1123.87 968.36 1027.24 1184.41 1135.25 859.296 831 1566.54 1119.08 934.236 1399 1333.84 2168.35 1175.2 950.835 811.37 591.174 1154.82 311.089 127.428
threshold=68.250000000000014 17.550000000000004 754.16666666666686 2294.5457142857149 41.95000000000001 352.50000000000006 31.333333333333339 12260.245000000001 266.50000000000006 1671.6666666666667 199.50000000000003 26.224761904761909 1.5000000000000002 10.450000000000001 376.7766666666667 77.100837000000013 77.309166200000007 331.50000000000006 266.50000000000006 14.500000000000002 41.95000000000001
decision_type=10 8 2 2 10 10 10 2 10 2 10 10 2 2 2 2 2 10 10 2 10
left_child=7 -2 3 4 -3 -6 -4 9 20 10 11 16 13 -12 -13 -14 -1 18 -5 -11 -9
right_child=1 2 6 17 5 -7 -8 8 -10 19 12 14 15 -15 -16 -17 -18 -19 -20 -21 -22
leaf_value=-0.019784980469133431 0.25353661100193858 -0.16252928008139134 0.012050378944562828 0.16219358265962242 0.047756634824741857 -0.023679006205728419 -0.25682313680648805 -0.050572277669395718 0.27637981673081713 -0.066841961826596935 0.17453696336049368 0.0023582741259023723 0.021463375212489696 -0.0052390358155180311 0.046452064791365578 -0.047981017854667192 0.14586970107422934 0.25734097620715263 -0.088637089394032961 -0.22208634873995411 0.048575028173625467
leaf_weight=1845 20 30 23 53 751 273 20 28 27 21 68 1632 207 539 816 1243 27 23 24 26 20
leaf_count=1845 20 30 23 53 751 273 20 28 27 21 68 1632 207 539 816 1243 27 23 24 26 20
internal_value=-6.40481e-11 0.0305047 0.0267782 0.0319868 0.0232685 0.0287118 -0.113007 -0.0057123 0.0935698 -0.00687141 -0.00579646 0.00212703 -0.022437 0.0149006 0.0170562 -0.0380672 -0.0173957 0.123878 0.0840126 -0.152722 -0.0092609
internal_weight=7716 1217 1197 1154 1054 1024 43 6499 75 6424 6377 4320 2057 607 2448 1450 1872 100 77 47 48
internal_count=7716 1217 1197 1154 1054 1024 43 6499 75 6424 6377 4320 2057 607 2448 1450 1872 100 77 47 48
is_linear=0
shrinkage=0.03


Tree=136
num_leaves=31
num_cat=0
split_feature=38 35 10 11 62 30 30 34 61 20 37 58 41 9 58 57 68 30 18 6 44 61 20 20 23 18 18 16 16 47
split_gain=1420.36 1153.67 1461.58 2050.11 1705.74 1387.65 3536.27 1201.98 1255.03 1197.96 1251.65 1109.03 1073.19 1018.89 993.328 953.598 941.666 966.952 853.398 829.393 1191.57 742.467 724.086 1695.32 1562.91 1491.96 973.446 911.529 845.461 823.187
threshold=41.050000000000004 208.50000000000003 21.250000000000004 47.500000000000007 27.550000000000004 376.7766666666667 398.02000000000004 36.595000000000006 15.335000000000003 2883.2500000000005 325.50000000000006 26.650000000000002 84.550000000000011 32.550000000000004 84.15000000000002 196.92857142857147 19.500000000000004 391.97916666666669 4569.5000000000009 230.01500000000001 55.691187050359723 25.918571428571429 13641.750000000002 13500.750000000002 3154.3500000000004 5808.0000000000009 5441.5000000000009 15.850000000000003 16.850000000000005 42.015000000000008
decision_type=10 10 2 2 8 2 2 10 10 2 10 10 10 2 10 10 2 2 2 2 8 10 2 2 2 2 2 2 2 8
left_child=22 5 3 15 11 12 -7 -8 -9 10 -5 -4 19 -13 -11 -3 17 -6 -17 20 -2 -21 23 24 -1 -25 -24 -28 -29 -26
right_child=1 2 4 9 16 6 7 8 -10 14 -12 13 -14 -15 -16 18 -18 -19 -20 21 -22 -23 26 25 29 -27 27 28 -30 -31
leaf_value=-0.0098326435303782572 0.02361967394391315 0.2519155261218548 -0.18103191702067853 0.21828391280804954 -0.2253702673586932 0.46236492086201902 0.25196119283636409 0.20655423082229565 0.033980684554643314 -0.027489135541546039 0.016226631069144647 -0.12606897880057139 -0.16320103172092668 0.033714795508412568 0.037981954648045539 0.13808186180307527 -0.26638515306530253 -0.032716885068350368 0.018077321200398729 0.04495272183604538 0.18166866840834311 -0.066980859250877989 -0.091372318377410888 0.0015192557275295257 0.051599942227968799 0.29829184447565382 0.16756271938266962 -0.17510128506459294 -0.017855680497342333 0.30413582078048157
leaf_weight=3188 496 30 30 43 33 20 27 41 506 835 77 42 31 248 278 96 35 81 120 80 47 160 206 30 26 31 23 32 803 21
leaf_count=3188 496 30 30 43 33 20 27 41 506 835 77 42 31 248 278 96 35 81 120 80 47 160 206 30 26 31 23 32 803 21
internal_value=-2.98554e-11 0.0146709 -0.000283129 0.0143501 -0.0464293 0.0353601 0.0702242 0.0565608 0.0469158 -0.00142643 0.0886305 -0.00738933 0.00991871 0.0105737 -0.0111361 0.0934252 -0.130274 -0.088485 0.0714127 0.0167728 0.0372998 -0.0296697 -0.0112925 -0.0043463 -0.00730078 0.152338 -0.0328103 -0.0187499 -0.0238819 0.164435
internal_weight=7716 3356 1948 1479 469 1408 594 574 547 1233 120 320 814 290 1113 246 149 114 216 783 543 240 4360 3296 3235 61 1064 858 835 47
internal_count=7716 3356 1948 1479 469 1408 594 574 547 1233 120 320 814 290 1113 246 149 114 216 783 543 240 4360 3296 3235 61 1064 858 835 47
is_linear=0
shrinkage=0.03


Tree=137
num_leaves=23
num_cat=0
split_feature=58 36 13 9 26 10 13 12 56 58 47 48 41 41 13 39 43 54 54 35 21 47
split_gain=1353.03 1121.37 1050.89 1253.35 1446.49 3388.56 1054.56 933.221 849.682 838.603 718.699 1207.02 1022.95 957.773 947.195 754.411 750.094 698.419 697.027 461.654 399.155 382.505
threshold=74.65000000000002 559.50000000000011 32.500000000000007 19.450000000000003 1.5000000000000002 10.100000000000001 113.50000000000001 4.9500000000000011 290.50000000000006 75.250000000000014 155.10820143884897 166.85000000000005 8.0550000000000015 17.950000000000003 279.50000000000006 33.750000000000007 28.650000000000002 264.50000000000006 59.45000000000001 364.50000000000006 122.00000000000001 55.45000000000001
decision_type=10 10 2 2 2 2 2 2 8 10 10 10 10 10 2 10 10 10 10 10 2 8
left_child=1 2 8 7 5 -5 -6 21 -1 -2 12 13 -11 -12 -15 -14 17 -13 -17 -9 -18 -4
right_child=9 -3 3 4 6 -7 -8 19 -10 10 11 16 15 14 -16 18 20 -19 -20 -21 -22 -23
leaf_value=0.27897620069129125 0.2026615783600853 0.17548583833440659 -0.027387731360785407 0.0071232938745313069 -0.02671598399328115 0.42997517007848485 0.001566106328063713 -0.083283223806999637 0.012190357406031001 0.22402033129334448 0.050109387779314264 0.0252404699118241 0.15263732343167066 0.40310219849858964 0.13656955271560164 -0.12763072651785773 -0.13359729886986316 0.21031589927673341 0.0069665427744233363 -0.22575613761725633 0.028249903917312622 0.13850000499324364
leaf_weight=21 26 31 29 66 1573 23 4830 186 22 20 38 69 30 21 28 37 32 25 540 23 24 22
leaf_count=21 26 31 29 66 1573 23 4830 186 22 20 38 69 30 21 28 37 32 25 540 23 24 22
internal_value=-1.00714e-10 -0.00453618 -0.00535747 -0.00629898 -0.00371232 0.1164 -0.00538184 -0.0708858 0.142481 0.034791 0.0297393 0.0742431 0.0129173 0.163141 0.250798 0.00596164 0.0226825 0.0744627 -0.00166448 -0.0989621 -0.0642342 0.0441717
internal_weight=7716 6826 6795 6752 6492 89 6403 260 43 890 864 237 627 87 49 607 150 94 577 209 56 51
internal_count=7716 6826 6795 6752 6492 89 6403 260 43 890 864 237 627 87 49 607 150 94 577 209 56 51
is_linear=0
shrinkage=0.03


Tree=138
num_leaves=31
num_cat=0
split_feature=59 35 16 47 55 28 24 15 31 10 40 40 41 23 16 16 51 60 6 61 31 64 1 23 13 58 41 56 1 16
split_gain=1298.67 1027.9 1266.89 1967.54 1301.62 1180.94 1199.57 1137.62 1208.97 1350.69 1047.6 1034.72 993.809 964.413 938.358 1529.58 2264.78 1074.64 863.735 857.796 844.296 725.84 631.681 1265.48 962.669 1161.18 823.138 796.064 742.816 801.479
threshold=43.93571428571429 317.50000000000006 15.850000000000003 163.05000000000004 111.92142857142859 352.00000000000006 1668.7900000000002 993.05000000000007 355.42571428571415 21.350000000000005 71.40000000000002 87.466666666666683 10.250000000000002 1593.2650000000001 16.750000000000004 17.550000000000004 565.55500000000018 36.45000000000001 88.90000000000002 12.970714285714289 2596.5750000000007 86.050000000000011 77.232522700000018 4680.6650000000018 255.50000000000003 4.7550000000000008 118.50000000000001 201.50000000000003 77.201158150000012 29.000000000000004
decision_type=10 10 2 8 10 2 2 2 2 2 10 10 10 2 2 2 2 8 2 10 2 8 2 2 2 10 10 10 2 2
left_child=22 2 3 5 10 13 -7 8 12 19 -5 -9 -3 -2 18 16 -16 -17 -4 -10 -20 -11 26 24 -24 -26 28 -27 29 -1
right_child=1 7 14 4 -6 6 -8 11 9 21 -12 -13 -14 -15 15 17 -18 -19 20 -21 -22 -23 23 -25 25 27 -28 -29 -30 -31
leaf_value=-0.0099049027060890398 0.040699587311529742 -0.25582574199075281 -0.15017538291544225 0.45313484175503249 0.068433922988176354 -0.22878355884346468 0.064987224055962134 -0.14615974420625152 0.23407313687218861 -0.010367899307949019 0.17635780136100948 0.00789656276657031 -0.03827996648426326 0.23043376407623292 0.054915626113933899 0.031028181437267176 0.36791725371479989 -0.028154284935534402 0.045513192939537539 0.040931362833555543 -0.12294367785193025 -0.18336359662669044 -0.020112589715385057 0.23522687380964105 0.24055755977518853 0.056607944743864075 0.17116820335388183 -0.026300085979689865 -0.05916673108902773 -0.093045489274793197
leaf_weight=3091 678 23 59 20 50 29 22 99 22 58 32 65 106 25 124 631 25 491 81 349 40 35 593 22 24 286 21 164 343 108
leaf_count=3091 678 23 59 20 50 29 22 99 22 58 32 65 106 25 124 631 25 491 81 349 40 35 593 22 24 286 21 164 343 108
internal_value=-5.45498e-11 0.0151653 0.0251188 0.0540631 0.177724 0.0373344 -0.102059 -0.0151686 0.00417188 0.0267577 0.282811 -0.0851008 -0.0770672 0.0474469 0.0080434 0.0171223 0.107433 0.00512926 -0.056064 0.0523845 -0.010175 -0.0754738 -0.00998847 0.0100076 0.00536389 0.0372364 -0.0161001 0.0263926 -0.0172104 -0.0127118
internal_weight=7716 3064 2307 856 102 754 51 757 593 464 52 164 129 703 1451 1271 149 1122 180 371 121 93 4652 1089 1067 474 3563 450 3542 3199
internal_count=7716 3064 2307 856 102 754 51 757 593 464 52 164 129 703 1451 1271 149 1122 180 371 121 93 4652 1089 1067 474 3563 450 3542 3199
is_linear=0
shrinkage=0.03


Tree=139
num_leaves=23
num_cat=0
split_feature=38 42 35 52 10 15 0 61 44 40 23 35 28 9 8 41 15 52 35 17 68 38
split_gain=1251.28 908.504 978.217 1205.93 1011.18 1072.98 1006.54 984.157 1010.49 891.294 829.108 1622.89 969.915 831.685 1564.73 3271.66 1171.07 1241.97 868.633 771.524 256.735 103.657
threshold=65.550000000000011 96.250000000000014 317.50000000000006 3332.0000000000005 9.6000000000000014 993.05000000000007 28.557231250000005 76.65000000000002 17.650000000000002 87.466666666666683 12260.245000000001 266.50000000000006 1671.6666666666667 33.95000000000001 28.450000000000003 80.050000000000011 975.95000000000016 14344.000000000002 157.50000000000003 1047.5000000000002 15.500000000000002 39.549069767441871
decision_type=10 8 10 2 2 2 2 10 8 10 2 10 2 2 2 10 2 2 10 2 2 10
left_child=10 2 3 -2 -4 6 -6 8 -5 -7 12 21 13 16 15 -15 19 -18 -16 -1 -14 -12
right_child=1 -3 4 7 5 9 -8 -9 -10 -11 11 -13 20 14 18 -17 17 -19 -20 -21 -22 -23
leaf_value=-0.013726938793887243 0.22966796591877936 -0.1272033220704864 -0.21331374744325876 0.099469518058547937 -0.14827176624765764 -0.16656827818888884 0.045869023040670656 0.20782505405826435 0.017713070573979799 0.00064438523550052189 -0.046453920421855789 0.28509487722928706 -0.074694165912541466 0.046520896412824329 0.021068992574784659 0.42349565047284826 -0.00086011349349699535 -0.049790666812817769 -0.022932285468435586 -0.092324575071724549 -0.21962730141187253 0.042968786537647248
leaf_weight=198 32 34 20 174 26 52 318 31 624 64 28 26 22 209 868 23 3368 542 755 260 22 20
leaf_count=198 32 34 20 174 26 52 318 31 624 64 28 26 22 209 868 23 3368 542 755 260 22 20
internal_value=2.91242e-11 0.0259436 0.0298265 0.0489577 -0.00449021 0.00458907 0.0311956 0.0419822 0.0355397 -0.074313 -0.00562567 0.0942045 -0.00680446 -0.00581206 0.0110174 0.0838934 -0.0129592 -0.00764281 0.000600129 -0.0583457 -0.147161 -0.00919446
internal_weight=7716 1375 1341 861 480 460 344 829 798 116 6341 74 6267 6223 1855 232 4368 3910 1623 458 44 48
internal_count=7716 1375 1341 861 480 460 344 829 798 116 6341 74 6267 6223 1855 232 4368 3910 1623 458 44 48
is_linear=0
shrinkage=0.03


Tree=140
num_leaves=29
num_cat=0
split_feature=1 13 33 15 38 38 36 58 5 51 63 16 60 31 41 40 52 17 43 38 40 10 34 49 15 44 26 55
split_gain=1215.38 1903.5 1347.44 2774 1186.53 1119.33 1111.15 977.694 989.593 1483.86 1044.33 963.041 901.752 842.206 783.634 734.536 928.26 521.172 486.189 379.327 353.038 344.282 303.492 290.812 332.604 272.193 242.353 106.523
threshold=77.309166200000007 154.00000000000003 178.50000000000003 990.95000000000016 134.50000000000003 67.350000000000009 304.50000000000006 15.750000000000002 549.50000000000011 1875.4150000000002 45.171428571428585 22.200000000000006 18.550000000000004 2452.7735714285723 62.95000000000001 51.45000000000001 10127.250000000002 1907.5000000000002 42.800000000000018 6.1950000000000012 94.850000000000009 25.550000000000004 117.73333333333336 65.950000000000003 978.30000000000007 3.1700000000000004 7.5000000000000009 58.792857142857152
decision_type=2 2 8 2 10 10 10 8 2 2 10 2 10 2 10 10 2 2 10 10 10 2 10 10 2 8 2 10
left_child=4 5 6 -4 7 17 15 13 9 11 12 -9 -10 19 -11 21 -17 23 -12 27 -5 -3 -8 26 -25 -21 -2 -1
right_child=1 2 3 20 -6 -7 22 8 10 14 18 -13 -14 -15 -16 16 -18 -19 -20 25 -22 -23 -24 24 -26 -27 -28 -29
leaf_value=-0.084199416629494511 0.084464181125164031 -0.03909701800346374 0.48494005400201551 -0.014705927576869726 0.22803482765704394 -0.22626160927197855 0.0033211960064040286 0.0063896467221164887 0.16763595584034918 0.064219927478711608 -0.29411041375994684 -0.025414225875962027 -0.039150126193004148 0.10209569626732876 0.25834544607571192 0.34812464922666547 0.099804357258336876 0.12107757987884374 -0.084928574860095973 0.028770301940126548 0.1559564132988453 0.10132360642606561 -0.14874203854373522 -0.17354589423963002 -0.0066298214549368071 -0.041554102804947125 -0.046355752910558996 -0.16418417605486785
leaf_weight=47 25 30 23 20 20 23 27 4889 20 172 20 1039 372 38 21 20 42 26 20 54 24 33 21 21 22 599 26 22
leaf_count=47 25 30 23 20 20 23 27 4889 20 172 20 1039 372 38 21 20 42 26 20 54 24 33 21 21 22 599 26 22
internal_value=-7.33887e-11 0.0520982 0.103723 0.217947 -0.00272107 -0.0345452 0.0594863 -0.00335216 0.000383454 0.00348059 -0.0434998 0.000815385 -0.0285998 -0.035562 0.0853424 0.1066 0.179908 0.00220043 -0.189519 -0.0428071 0.0783826 0.0344566 -0.0632065 -0.0306805 -0.088147 -0.0357386 0.0177717 -0.109702
internal_weight=7716 383 240 67 7333 143 173 7313 6553 6121 432 5928 392 760 193 125 62 120 40 722 44 63 48 94 43 653 51 69
internal_count=7716 383 240 67 7333 143 173 7313 6553 6121 432 5928 392 760 193 125 62 120 40 722 44 63 48 94 43 653 51 69
is_linear=0
shrinkage=0.03


Tree=141
num_leaves=30
num_cat=0
split_feature=58 20 18 12 64 62 8 16 9 16 16 35 55 38 39 38 7 36 56 39 31 39 0 19 62 24 25 18 55
split_gain=1154.04 938.827 1986.41 2088.54 1685.66 964.372 958.266 1134.1 1968.08 1074.18 1076.46 955.562 924.767 842.555 942.745 790.583 1639.27 1297.49 1186.47 804.812 782.738 777.536 656.817 629.276 581.539 472.237 453.635 179.799 156.983
threshold=61.250000000000007 9674.5000000000018 4369.5000000000009 6.6500000000000012 74.15000000000002 64.750000000000014 33.550000000000004 16.450000000000003 28.350000000000005 16.850000000000005 17.350000000000005 230.50000000000003 258.07142857142861 108.50000000000001 103.50000000000001 79.450000000000017 70.52500000000002 176.50000000000003 140.50000000000003 87.15000000000002 259.08285714285705 79.450000000000017 28.647228500000001 25.377083333333335 31.550000000000004 491.66500000000002 5.5000000000000009 3672.5000000000005 85.800000000000026
decision_type=10 2 2 2 10 10 2 2 2 2 2 10 10 10 10 10 2 10 10 10 2 10 2 2 8 2 2 2 10
left_child=12 2 4 5 -2 20 7 8 -3 26 -11 -10 15 14 -6 19 17 -17 -19 21 -4 23 -14 -1 28 -15 -9 -24 -8
right_child=1 6 3 -5 13 -7 24 9 11 10 -12 -13 22 25 -16 16 -18 18 -20 -21 -22 -23 27 -25 -26 -27 -28 -29 -30
leaf_value=-0.0032711709868768475 -0.2425797368798937 -0.20418338849463244 0.17497089641059146 0.40370138075040735 0.030460401433132625 0.25541435652308991 -0.015129743090697697 -0.26381805144250392 0.16307302404710622 0.12963933523457782 -0.035044991048513094 -0.0058534691086474886 -0.26231367677450179 0.25332127988338465 -0.11055567375991655 -0.15301136109279467 0.26684399511132917 0.27266516592353579 0.022936324346967102 -0.15919559946944636 0.0017980936855862015 0.12757117197490656 -0.11142204624155293 -0.034332635891560583 0.23326869737018238 0.075204503914794399 -0.072891799248754982 0.011568225927650928 0.1008690573487963
leaf_weight=5121 21 22 34 23 589 27 21 24 84 39 425 47 20 21 46 32 28 20 119 31 76 39 23 663 22 37 21 20 21
leaf_count=5121 21 22 34 23 589 27 21 24 84 39 425 47 20 21 46 32 28 20 119 31 76 39 23 663 22 37 21 20 21
internal_value=9.76839e-11 0.0226835 0.0436278 0.139169 0.0222181 0.0947581 -0.00253047 -0.0132471 0.0583725 -0.0347751 -0.021203 0.102466 -0.00593421 0.0302423 0.0202451 -0.00474409 0.0540603 0.0192185 0.0588685 -0.00674308 0.0553242 -0.00593147 -0.12028 -0.00683164 0.108319 0.139695 -0.174719 -0.0542173 0.0428697
internal_weight=7716 1600 874 160 714 137 726 662 153 509 464 131 6116 693 635 6053 199 171 139 5854 110 5823 63 5784 64 58 45 43 42
internal_count=7716 1600 874 160 714 137 726 662 153 509 464 131 6116 693 635 6053 199 171 139 5854 110 5823 63 5784 64 58 45 43 42
is_linear=0
shrinkage=0.03


Tree=142
num_leaves=30
num_cat=0
split_feature=1 13 33 15 37 13 38 13 12 41 15 68 39 0 33 19 33 18 42 8 17 58 58 32 62 11 8 56 36
split_gain=1124.41 1775.37 1265.42 2605.26 1177.69 1136.01 1059.1 987.042 1199.43 1197.97 1544.82 1120.89 1115.67 1030.77 922.553 918.291 871.84 927.058 680.953 632.282 484.369 444.264 727.293 387.433 368.059 322.602 287.082 200.324 191.905
threshold=77.309166200000007 154.00000000000003 178.50000000000003 990.95000000000016 304.50000000000006 32.500000000000007 67.350000000000009 113.50000000000001 10.750000000000002 69.550000000000011 985.1500000000002 6.5000000000000009 62.050000000000004 28.545960750000003 126.50000000000001 12.247916666666669 126.50000000000001 6543.0000000000009 50.350000000000001 25.850000000000005 1907.5000000000002 59.45000000000001 72.850000000000009 110.50000000000001 11.050000000000002 59.500000000000007 29.250000000000004 215.50000000000003 186.50000000000003
decision_type=2 2 8 2 10 2 10 2 2 8 2 2 8 2 10 2 10 2 10 2 2 8 10 10 10 2 2 8 10
left_child=5 6 4 -4 21 14 20 11 9 13 -11 12 23 -9 -1 18 17 -13 -10 -6 26 28 -23 -7 -17 -5 27 -2 -3
right_child=1 2 3 25 19 7 -8 8 15 10 -12 16 -14 -15 -16 24 -18 -19 -20 -21 -22 22 -24 -25 -26 -27 -28 -29 -30
leaf_value=0.00027056470756297522 0.044786938812051501 0.022006716908455442 0.46940528620844302 0.16439320805668831 0.044764520632369173 -0.058817293005122333 -0.2200526265314092 -0.02939843179900959 -0.081632855261092652 0.0088973845921799712 0.13172348424792288 -0.0089433584738688801 -0.23595957158133388 0.0075917697030039848 0.25882752057164909 -0.053627232360438655 0.13429066613920637 -0.17036861427805641 -0.25319378760125899 -0.15684570250766616 0.11678033400040405 0.30846988645466888 0.069667842797935003 0.073516863541943686 0.028748181235920205 0.0012530719814822077 -0.10609683944284916 -0.066961606280370178 0.12185510954260827
leaf_weight=23 42 41 23 20 28 384 23 809 91 239 150 1077 32 4187 27 104 37 33 27 28 26 22 24 21 92 24 30 22 30
leaf_count=23 42 41 23 20 28 384 23 809 91 239 150 1077 32 4187 27 104 37 33 27 28 26 22 24 21 92 24 30 22 30
internal_value=1.33911e-10 0.0501106 0.0999678 0.210661 0.0570984 -0.00261726 -0.0335659 -0.00359562 0.00222691 0.00555031 0.0562596 -0.0245443 -0.0654295 0.00160196 0.139891 -0.0547682 -0.00896722 -0.0137425 -0.120888 -0.0560406 0.00217733 0.11125 0.183878 -0.0519555 -0.0149612 0.0754077 -0.0295214 0.00637338 0.0641962
internal_weight=7716 383 240 67 173 7333 143 7283 5699 5385 389 1584 437 4996 50 314 1147 1110 118 56 120 117 46 405 196 44 94 64 71
internal_count=7716 383 240 67 173 7333 143 7283 5699 5385 389 1584 437 4996 50 314 1147 1110 118 56 120 117 46 405 196 44 94 64 71
is_linear=0
shrinkage=0.03


Tree=143
num_leaves=31
num_cat=0
split_feature=19 14 16 15 17 7 1 64 13 25 20 17 17 10 16 5 25 31 36 6 9 38 22 15 32 59 65 34 47 23
split_gain=1089.65 2096.06 1375.21 1331.85 1766.51 1798.58 1258.64 2788.73 1266.58 1043.86 840.765 1798.71 1822.08 1309.81 1544.16 1542.45 1107.3 1001.78 985.716 967.871 966.81 849.689 838.376 1026.74 770.331 713.37 705.877 692.508 673.522 593.246
threshold=11.104166666666668 0.60000000000000009 28.400000000000002 992.1500000000002 1872.5000000000002 12.305000000000001 77.288048550000013 38.515000000000008 315.50000000000006 5.5000000000000009 14344.000000000002 1782.5000000000002 1880.0000000000002 25.850000000000005 27.100000000000005 157.50000000000003 3.5000000000000004 2815.3142857142861 223.50000000000003 1072.7500000000002 30.050000000000004 41.95000000000001 101.50000000000001 989.30000000000007 92.350000000000009 27.078571428571433 148.69778520041112 79.016666666666694 81.65000000000002 620.02500000000009
decision_type=2 2 2 2 2 2 2 8 2 2 2 2 2 2 2 2 2 2 10 2 2 10 2 2 10 10 10 10 8 2
left_child=1 2 3 4 5 -1 10 -8 22 -6 11 17 25 14 16 21 -12 18 -2 -17 -14 -15 29 -24 -5 -13 -26 -16 -19 -9
right_child=6 -3 -4 24 9 -7 7 8 -10 -11 13 12 20 15 27 19 -18 28 -20 -21 -22 -23 23 -25 26 -27 -28 -29 -30 -31
leaf_value=-0.030609961499206046 -0.011502161933614117 0.23708793842331749 -0.10900628414418963 0.047161127328282405 0.019143039831445167 0.092703321851959286 0.37476395606994628 0.029750296083182609 0.23460789632052181 -0.066454391980309363 -0.060135581566314947 0.071017709791660305 -0.080132486568216019 0.020705573425225957 -0.027745167424902319 -0.20131780783043188 -0.16061719226373347 0.13097788811387384 -0.061624874865546388 -0.02824591826369513 0.040975986036802491 0.14979229569435118 -0.012359192053953262 -0.22409506004303692 -0.045314975206573502 0.29941469608806071 0.036329350929993842 0.11088060479611157 -0.041697089528215346 0.19867985976208002
leaf_weight=132 2471 38 81 142 850 550 21 290 24 151 285 20 68 169 100 34 151 68 412 201 465 63 146 24 514 32 117 48 29 20
leaf_count=132 2471 38 81 142 850 550 21 290 24 151 285 20 68 169 100 34 151 68 412 201 465 63 146 24 514 32 117 48 29 20
internal_value=7.48455e-11 0.0159296 0.012617 0.0166282 0.0316003 0.0688362 -0.00797873 0.0360364 0.0219227 0.00623074 -0.0129848 -0.00603298 0.0420623 -0.0365653 -0.0665138 0.000886342 -0.0949354 -0.0154745 -0.018665 -0.0532861 0.025525 0.0557593 0.0112885 -0.0422513 -0.0159696 0.21157 -0.0301765 0.0172145 0.0793534 0.040649
internal_weight=7716 2575 2537 2456 1683 682 5141 525 504 1001 4616 3565 585 1051 584 467 436 2980 2883 235 533 232 480 170 773 52 631 148 97 310
internal_count=7716 2575 2537 2456 1683 682 5141 525 504 1001 4616 3565 585 1051 584 467 436 2980 2883 235 533 232 480 170 773 52 631 148 97 310
is_linear=0
shrinkage=0.03


Tree=144
num_leaves=16
num_cat=0
split_feature=36 64 13 13 18 52 18 61 34 35 29 55 61 13 32
split_gain=1073.21 1147.31 1083.57 1072.28 1132.08 1509.35 998.45 896.357 882.533 981.561 824.037 674.707 479.339 675.466 428.545
threshold=559.50000000000011 182.85000000000005 32.500000000000007 113.50000000000001 5594.5000000000009 20039.500000000004 5821.5000000000009 55.335714285714296 135.83333333333337 210.50000000000003 428.4285714285715 127.25000000000001 27.278571428571432 141.50000000000003 192.50000000000003
decision_type=10 10 2 2 2 2 2 10 10 8 2 10 10 2 10
left_child=1 2 11 8 5 -5 -6 10 9 -4 12 -1 13 -3 -14
right_child=-2 7 3 4 6 -7 -8 -9 -10 -11 -12 -13 14 -15 -16
leaf_value=0.027152836413487143 0.15903761956252549 -0.090339263856410973 -0.018958484477384071 -0.0037738550073988385 0.055202515567710574 -0.12670745251781265 0.0064234782865586178 0.24151876533573322 0.12354683697223663 -0.08535677451109315 0.20656354908943175 0.25694219963706055 0.015844223050246995 0.10064546359665692 -0.11389608579874039
leaf_weight=23 38 20 1360 3912 565 92 1139 22 35 235 25 23 97 100 30
leaf_count=23 38 20 1360 3912 565 92 1139 22 35 235 25 23 97 100 30
internal_value=1.5533e-11 -0.00078711 -0.00310112 -0.00401102 0.00211727 -0.0065985 0.0225973 0.0573308 -0.0254713 -0.0287413 0.0424333 0.142048 0.0258209 0.0688147 -0.0148031
internal_weight=7716 7678 7384 7338 5708 4004 1704 294 1630 1595 272 46 247 120 127
internal_count=7716 7678 7384 7338 5708 4004 1704 294 1630 1595 272 46 247 120 127
is_linear=0
shrinkage=0.03


Tree=145
num_leaves=21
num_cat=0
split_feature=58 36 55 38 10 41 40 63 53 58 44 39 44 61 62 1 30 22 31 63
split_gain=1026.52 941.482 967.746 893.358 1405.99 1795.2 899.226 1128.14 817.578 785.055 684.757 850.81 777.551 967.833 710.657 637.053 319.413 272.506 229.228 223.862
threshold=74.65000000000002 559.50000000000011 258.07142857142861 93.850000000000009 11.550000000000002 15.450000000000001 84.950000000000031 58.255714285714298 268468.00000000006 75.250000000000014 11.15 34.750000000000007 15.250000000000002 28.092857142857145 70.850000000000009 77.197765150000009 334.4933333333334 149.50000000000003 369.97714285714284 18.035714285714288
decision_type=10 10 10 10 2 10 10 8 2 10 8 10 8 10 10 2 2 2 2 10
left_child=1 2 3 6 -5 -6 8 -8 -1 -2 16 -12 13 -13 -14 17 -11 -4 -18 -20
right_child=9 -3 15 4 5 -7 7 -9 -10 10 11 12 14 -15 -16 -17 18 -19 19 -21
leaf_value=-0.0057910581149508396 0.19272631696783579 0.16100106744035597 -0.10044806656084562 0.30280334449240137 0.25504044553507926 -0.055292553994203769 0.0029087311774492262 -0.27435465078949928 0.052782008619979025 -0.13254550883482241 0.22811823740601539 0.028847753691176571 -0.0043420687535383404 0.26645435518688626 0.058238279187426356 -0.22846166755144412 0.071696048274636257 0.03038533102559007 -0.11725334988340087 0.010111840135521358
leaf_weight=6327 26 31 38 21 23 62 28 25 222 29 20 36 411 27 271 26 20 23 23 27
leaf_count=6327 26 31 38 21 23 62 28 25 222 29 20 36 411 27 271 26 20 23 23 27
internal_value=4.3558e-11 -0.00395112 -0.00470366 -0.00341431 0.0829874 0.0286799 -0.00480155 -0.127876 -0.00380553 0.0303037 0.025416 0.0350237 0.02984 0.130679 0.0205249 -0.104117 -0.0488253 -0.0511174 -0.0141412 -0.0484761
internal_weight=7716 6826 6795 6708 106 85 6602 53 6549 890 864 765 745 63 682 87 99 61 70 50
internal_count=7716 6826 6795 6708 106 85 6602 53 6549 890 864 765 745 63 682 87 99 61 70 50
is_linear=0
shrinkage=0.03


Tree=146
num_leaves=31
num_cat=0
split_feature=59 0 35 16 64 28 15 5 61 56 12 35 21 40 45 55 16 14 45 41 60 38 39 22 56 20 15 47 20 9
split_gain=994.494 1040.62 942.609 1159.52 1717.15 1597.47 1033.15 1116.38 1451.54 1254.9 1027.51 1027.87 894.262 861.292 675.099 594.371 541.109 868.886 796.683 810.449 798.001 660.887 680.961 1412.2 760.468 661.855 846.478 609.414 604.605 1306.64
threshold=43.93571428571429 28.496097500000001 317.50000000000006 15.850000000000003 43.115000000000002 352.00000000000006 993.05000000000007 55.500000000000007 16.495714285714289 358.50000000000006 5.2500000000000009 182.50000000000003 120.50000000000001 87.466666666666683 71.03039568345325 69.000000000000014 17.450000000000003 8.6000000000000032 68.002553956834547 82.750000000000014 56.050000000000004 8.7200000000000024 46.650000000000013 108.50000000000001 204.50000000000003 6343.0000000000009 975.35000000000014 70.950000000000017 8426.0000000000018 30.200000000000006
decision_type=10 2 10 2 10 2 2 2 10 10 2 10 2 10 10 10 2 2 8 10 10 8 10 2 10 2 2 8 2 2
left_child=16 -2 3 4 12 -6 7 8 -4 -9 15 -12 -3 -8 -15 -5 17 18 19 20 -1 -18 25 27 -25 -23 -27 -24 -20 -30
right_child=1 2 6 10 5 -7 13 9 -10 -11 11 -13 -14 14 -16 -17 21 -19 28 -21 -22 22 23 24 -26 26 -28 -29 29 -31
leaf_value=0.018459869526038619 -0.14274376541964318 0.1196541519165039 -0.307587003393897 -0.24371193205768413 0.053716040737825863 -0.11248969422653317 -0.13772600084696848 -0.012851422577607827 -0.028051161770595284 0.088113077352273056 0.040941974903564382 -0.010762579660525823 0.37863217954337597 0.12976867265999315 -0.070569639518493557 -0.027832108438014983 -0.082389559987932445 -0.055314044125025733 -0.076051614331746731 0.19467545289207588 -0.04330982933365652 0.056763287292884997 -0.096872359130244987 0.13951180794342818 -0.09329932357953942 -0.071216961037005408 -0.0080936991201906658 -0.27846592870251885 0.19469669885105556 -0.056608308181166647
leaf_weight=1679 38 30 21 22 737 56 97 305 82 174 641 752 20 24 41 24 140 222 168 22 212 122 39 28 23 216 1665 29 27 60
leaf_count=1679 38 30 21 22 737 56 97 305 82 174 641 752 20 24 41 24 140 222 168 22 212 122 39 28 23 216 1665 29 27 60
internal_value=-1.08917e-11 0.0132709 0.0152301 0.0247907 0.0527302 0.0419789 -0.0140939 0.00455751 -0.0850439 0.0238246 0.00842301 0.0130297 0.223245 -0.0811008 0.00340143 -0.131079 -0.00874079 0.00121306 0.00700136 0.013641 0.0115349 -0.0192579 -0.0150928 -0.0848159 0.0345186 -0.0109505 -0.0153423 -0.174317 -0.0428093 0.0213829
internal_weight=7716 3064 3026 2282 843 793 744 582 103 479 1439 1393 50 162 65 46 4652 2390 2168 1913 1891 2262 2122 119 51 2003 1881 68 255 87
internal_count=7716 3064 3026 2282 843 793 744 582 103 479 1439 1393 50 162 65 46 4652 2390 2168 1913 1891 2262 2122 119 51 2003 1881 68 255 87
is_linear=0
shrinkage=0.03


Tree=147
num_leaves=29
num_cat=0
split_feature=1 13 33 15 37 35 13 33 13 12 18 23 15 68 39 19 33 18 42 8 64 24 32 62 11 33 64 56
split_gain=998.756 1628.69 1173.03 2400.93 1082.39 973.289 973.242 844.365 817.487 1024.11 1070.82 1945.86 1420.12 1023.34 1037 833.028 777.741 851.006 637.794 581.724 517.015 488.728 356.291 339.555 280.444 264.284 246.166 184.561
threshold=77.309166200000007 154.00000000000003 178.50000000000003 990.95000000000016 304.50000000000006 264.50000000000006 32.500000000000007 126.50000000000001 113.50000000000001 10.750000000000002 5594.5000000000009 3154.3500000000004 984.45000000000016 6.5000000000000009 62.050000000000004 12.247916666666669 126.50000000000001 6543.0000000000009 50.350000000000001 25.850000000000005 90.250000000000014 249.82000000000002 110.50000000000001 11.050000000000002 59.500000000000007 58.95000000000001 65.725000000000009 262.50000000000006
decision_type=2 2 8 2 10 10 2 10 2 2 2 2 2 2 8 2 10 2 10 2 10 2 10 10 2 10 8 10
left_child=6 5 4 -4 21 20 7 -1 13 10 11 -10 -12 14 22 18 17 -15 -11 -6 26 25 -8 -17 -5 -3 -2 -23
right_child=1 2 3 24 19 -7 8 -9 9 15 12 -13 -14 16 -16 23 -18 -19 -20 -21 -22 27 -24 -25 -26 -27 -28 -29
leaf_value=-0.0041349598506222598 0.0161623328649684 0.0017727336172874157 0.4499471259635428 0.15468284872546789 0.041932195483573846 -0.1678496113543709 -0.055092434708112703 0.24322281228171452 -0.0057995416939925042 -0.075723117226530079 0.0070728361727296647 0.18446112031839332 0.070011357877223235 -0.0074652840295147595 -0.2259098629374057 -0.049963142032770871 0.12775307428595181 -0.16212748215957121 -0.24175823754734463 -0.15144965309117522 0.10318460404872894 0.2212112934166385 0.071811828357832772 0.029158263995676583 0.0025755716860294338 0.12387246363692812 -0.096769872922450303 0.10432032410055399
leaf_weight=23 38 39 23 20 28 36 384 27 3817 91 1054 49 465 1077 32 104 37 33 27 28 37 31 21 92 24 27 32 20
leaf_count=23 38 39 23 20 28 36 384 27 3817 91 1054 49 465 1077 32 104 37 33 27 28 37 31 21 92 24 27 32 20
internal_value=7.93529e-11 0.0472277 0.0949809 0.201556 0.0537061 -0.0329176 -0.00246668 0.129438 -0.00337225 0.00192664 0.00499755 -0.00338806 0.0263397 -0.0224369 -0.0615024 -0.0507385 -0.00755314 -0.0120633 -0.113714 -0.0547587 0.01248 0.105621 -0.0485122 -0.0128245 0.0717152 0.0517226 -0.0354638 0.175372
internal_weight=7716 383 240 67 173 143 7333 50 7283 5699 5385 3866 1519 1584 437 314 1147 1110 118 56 107 117 405 196 44 66 70 51
internal_count=7716 383 240 67 173 143 7333 50 7283 5699 5385 3866 1519 1584 437 314 1147 1110 118 56 107 117 405 196 44 66 70 51
is_linear=0
shrinkage=0.03


Tree=148
num_leaves=18
num_cat=0
split_feature=36 64 13 33 13 9 65 59 33 61 53 61 60 13 28 17 49
split_gain=941.96 997.803 967.726 977.403 912.786 1043.1 1024.64 931.039 883.177 834.98 797.732 696.108 520.049 770.24 275.286 250.35 203.217
threshold=559.50000000000011 182.85000000000005 32.500000000000007 126.50000000000001 113.50000000000001 19.450000000000003 105.5714285714286 117.44285714285716 172.50000000000003 51.078571428571436 264348.60000000003 27.439999999999998 24.650000000000002 141.50000000000003 98.500000000000014 1612.5000000000002 130.15000000000003
decision_type=10 10 2 10 2 2 10 10 10 10 2 10 10 2 2 2 10
left_child=1 2 3 -1 8 6 -6 -7 10 11 -4 12 13 -3 16 -16 -13
right_child=-2 9 4 -5 5 7 -8 -9 -10 -11 -12 14 -14 -15 15 -17 -18
leaf_value=-0.0040109159246734952 0.14899566310408868 -0.097222498733064391 -0.022273228401421773 0.27256162451661148 -0.086944707914246855 0.0056250277838197586 0.043215699102984714 -0.1945169787960393 0.15708664573729039 0.20629194768338369 -0.13853456871863454 -0.12625038206577299 0.22058190563959734 0.096263487393722716 -0.014451818709310733 0.11271305124529382 -0.016818648399452546
leaf_weight=23 38 23 1551 23 214 5400 73 21 24 29 55 24 21 95 38 22 42
leaf_count=23 38 23 1551 23 214 5400 73 21 24 29 55 24 21 95 38 22 42
internal_value=5.5572e-11 -0.00073741 -0.00289539 0.134275 -0.00375528 0.00189889 -0.0538377 0.00484971 -0.0235553 0.0534617 -0.0262548 0.0367368 0.0830297 0.0585501 -0.0143323 0.0321753 -0.056612
internal_weight=7716 7678 7384 46 7338 5708 287 5421 1630 294 1606 265 139 118 126 60 66
internal_count=7716 7678 7384 46 7338 5708 287 5421 1630 294 1606 265 139 118 126 60 66
is_linear=0
shrinkage=0.03


Tree=149
num_leaves=27
num_cat=0
split_feature=1 38 64 7 55 1 35 19 38 59 25 51 19 45 16 32 19 30 58 60 47 19 37 6 19 25
split_gain=924.411 1043.04 920.012 845.874 1365.53 843.647 821.496 1457.96 1386.24 1753.77 1261.59 797.142 1317.46 916.017 801.018 755.052 738.534 717.864 714.298 706.115 546.906 405.28 520.928 307.152 371.578 257.231
threshold=77.309166200000007 134.50000000000003 32.515000000000008 9.8600000000000012 109.65000000000002 77.128061500000015 199.50000000000003 15.356250000000001 41.050000000000004 29.00714285714286 5.5000000000000009 1.0000000180025095e-35 19.91041666666667 52.208705035971235 12.65 237.50000000000003 9.5750000000000011 491.35999999999973 16.450000000000003 15.950000000000001 125.53773381294965 22.039583333333336 265.16666666666669 1.3600000000000003 25.147916666666671 1.0000000180025095e-35
decision_type=2 10 10 2 10 2 8 2 10 10 2 2 2 10 2 10 2 2 8 8 8 2 10 2 2 2
left_child=1 5 -2 4 23 11 8 10 18 -10 -8 12 14 20 -1 21 -15 -17 -7 -9 -13 22 -5 -4 -25 -14
right_child=2 -3 3 15 -6 6 7 19 9 -11 -12 13 25 16 -16 17 -18 -19 -20 -21 -22 -23 -24 24 -26 -27
leaf_value=0.22002420648932455 0.24352337001264093 0.2139803638011217 0.097320872102763731 0.11355852095028722 -0.25144307138664379 -0.03717626388223591 -0.00040287472029968378 0.067218400269746778 0.27330537887719963 0.024019392378199455 -0.071355603439626339 0.0032191339043504373 0.075450296220369639 -0.012337458291305944 0.076949154778763101 0.057983850806951516 -0.18147665304797037 0.31216449844837185 -0.0016129204059493595 -0.08406681914943652 0.12130011057821896 -0.073198310844600198 0.012116221550225032 0.038476273325773386 -0.10793819785691225 -0.0075563866951103712
leaf_weight=45 20 20 29 83 21 647 1660 30 26 1099 261 254 40 52 162 20 42 20 2371 373 41 24 101 39 26 210
leaf_count=45 20 20 29 83 21 647 1660 30 26 1099 261 254 40 52 162 20 42 20 2371 373 41 24 101 39 26 210
internal_value=-7.63138e-11 -0.0023731 0.0454359 0.034522 -0.0327288 -0.0029648 -0.00665022 -0.0209264 0.00135795 0.0297807 -0.010043 0.0252074 0.0520744 -0.00635631 0.108052 0.0657069 -0.0879103 0.185074 -0.009237 -0.0728049 0.0196304 0.0427516 0.0578755 0.0161328 -0.0200895 0.00572468
internal_weight=7716 7333 383 363 115 7313 6467 2324 4143 1125 1921 846 457 389 207 248 94 40 3018 403 295 208 184 94 65 250
internal_count=7716 7333 383 363 115 7313 6467 2324 4143 1125 1921 846 457 389 207 248 94 40 3018 403 295 208 184 94 65 250
is_linear=0
shrinkage=0.03


Tree=150
num_leaves=31
num_cat=0
split_feature=0 10 23 41 0 63 12 34 45 1 58 17 35 24 42 25 61 32 43 12 7 56 0 38 17 9 32 34 51 39
split_gain=883.008 1270.5 1427.15 1373.57 1507.04 2053.93 1161.26 2128.76 1008.92 1052.6 1931.54 837.962 1133.4 741.326 710.068 694.569 660.482 908.498 842.73 1111.08 1204.63 827.136 759.216 839.607 646.56 637.427 622.379 568.018 451.028 403.975
threshold=28.592996750000005 21.350000000000005 3154.3500000000004 63.550000000000004 28.647228500000001 41.75714285714286 6.0500000000000007 39.483333333333341 82.800000000000026 77.288048550000013 18.350000000000005 3105.0000000000005 179.50000000000003 892.40000000000009 27.450000000000003 5.5000000000000009 110.20000000000003 70.850000000000009 64.666666666666671 6.3500000000000005 44.725000000000001 149.50000000000003 28.496097500000001 39.549069767441871 3517.5000000000005 40.600000000000009 262.50000000000006 87.283333333333346 614.28000000000009 59.150000000000013
decision_type=2 2 2 8 2 10 2 10 10 2 10 2 10 2 10 2 8 8 10 2 2 10 2 10 2 2 10 8 2 10
left_child=15 2 3 6 5 -5 7 -2 9 11 -11 12 -3 -8 -12 16 18 -18 22 20 -20 -21 23 -1 -10 -13 -24 -6 29 -17
right_child=1 8 -4 4 27 -7 13 -9 24 10 14 25 -14 -15 -16 28 17 -19 19 21 -22 -23 26 -25 -26 -27 -28 -29 -30 -31
leaf_value=-0.032650044604178967 0.28596377322822808 -0.0090770962363019899 0.22579691163955196 0.39758636528048025 0.10304247023188508 0.083547082855454022 -0.01901751731694612 0.029751220156720212 -0.27709091520309442 0.30106744522228834 0.0088646383367546166 0.089417196747239511 -0.069466380678441214 0.044608751376861419 0.14119658659144146 -0.044928970982904319 -0.0082171703726053227 -0.26549249785287038 0.068409739111860587 -0.096005718537940168 0.3262648207694292 0.047638021835529828 -0.0012225413923058347 -0.16786415631280224 -0.035863998770713806 -0.0023640366175217541 -0.10107158867256909 -0.090027893213555213 -0.11231312077088527 0.069125909305387936
leaf_weight=218 30 1478 31 29 24 53 876 1075 20 24 332 115 345 203 41 284 30 21 63 53 22 113 1794 51 20 167 58 32 83 31
leaf_count=218 30 1478 31 29 24 53 876 1075 20 24 332 115 345 203 41 284 30 21 63 53 22 113 1794 51 20 167 58 32 83 31
internal_value=3.17871e-11 0.00770429 0.0235901 0.0208905 0.112682 0.19461 0.0150905 0.0367072 -0.0070004 -0.00461068 0.0401958 -0.0130611 -0.0205057 -0.00704705 0.0234105 -0.0133685 -0.00733537 -0.114154 -0.00503868 0.046942 0.135149 0.00177586 -0.0111901 -0.0582854 -0.156477 0.0350645 -0.00434956 -0.00728345 -0.0500978 -0.0337045
internal_weight=7716 4895 2353 2322 138 82 2184 1105 2542 2502 397 2105 1823 1079 373 2821 2423 51 2372 251 85 166 2121 269 40 282 1852 56 398 315
internal_count=7716 4895 2353 2322 138 82 2184 1105 2542 2502 397 2105 1823 1079 373 2821 2423 51 2372 251 85 166 2121 269 40 282 1852 56 398 315
is_linear=0
shrinkage=0.03


Tree=151
num_leaves=25
num_cat=0
split_feature=19 14 41 12 58 8 1 58 13 10 56 55 35 60 9 18 47 13 22 26 51 13 39 1
split_gain=862.298 1751.31 1345.17 1088.02 1084.86 1062.56 1026.18 3776.52 1070.69 856.5 826.415 957.135 865.62 947.253 893.458 1413.1 889.188 878.476 734.485 998.263 652.183 509.757 403.71 176.072
threshold=11.104166666666668 0.60000000000000009 99.500000000000014 12.050000000000002 13.65 14.15 77.288048550000013 18.150000000000002 315.50000000000006 21.250000000000004 493.50000000000006 228.07142857142858 212.50000000000003 73.850000000000009 33.800000000000004 6133.5000000000009 108.85000000000001 296.50000000000006 101.50000000000001 3.5000000000000004 313.25500000000005 245.00000000000003 66.950000000000017 77.201112150000014
decision_type=2 2 10 2 10 2 2 10 2 2 10 10 8 10 2 2 10 2 2 2 2 2 10 2
left_child=1 2 3 4 9 -6 10 -8 18 -1 12 -12 14 17 16 -16 -2 -14 20 -20 -9 -15 23 -5
right_child=6 -3 -4 22 5 -7 7 8 -10 -11 11 -13 13 21 15 -17 -18 -19 19 -21 -22 -23 -24 -25
leaf_value=-0.036570815239101648 -0.02278769051302507 0.2163245619500154 0.21083691829442977 -0.10128982203232276 -0.038834098698198795 0.023966832311306058 0.38513867923846612 0.020142952905947802 0.21890026473186233 -0.24429863932340043 0.27105337536334989 -0.015698369362137535 -0.014065739262980118 -0.19044752041123947 0.032322320427555951 -0.038219965377967451 0.048577247588183076 -0.086371884842648322 -0.23316038141873749 -0.01694564743188063 0.18311742161167785 -0.030297119948599072 -0.21729303056001661 0.0058818338269537142
leaf_weight=80 2076 38 30 37 275 2050 26 279 22 23 20 22 741 53 970 347 170 190 22 152 24 27 20 22
leaf_count=80 2076 38 30 37 275 2050 26 279 22 23 20 22 741 53 970 347 170 190 22 152 24 27 20 22
internal_value=1.512e-11 0.0141706 0.0111427 0.00875306 0.012318 0.0165388 -0.00709771 0.0326454 0.014279 -0.0829566 -0.0116179 0.12085 -0.0128343 -0.0373344 -0.00588234 0.013736 -0.0173861 -0.0288221 0.00484158 -0.0442831 0.0330518 -0.136397 -0.100812 -0.0613275
internal_weight=7716 2575 2537 2507 2428 2325 5141 525 499 103 4616 42 4574 1011 3563 1317 2246 931 477 174 303 80 79 59
internal_count=7716 2575 2537 2507 2428 2325 5141 525 499 103 4616 42 4574 1011 3563 1317 2246 931 477 174 303 80 79 59
is_linear=0
shrinkage=0.03


Tree=152
num_leaves=31
num_cat=0
split_feature=58 55 52 18 17 9 47 9 17 41 9 16 8 35 63 41 52 6 1 1 29 28 41 10 21 1 41 34 7 42
split_gain=834.968 843.638 822.016 1766.31 2902.03 1099.01 1031.86 892.847 1026.13 926.587 870.699 1544.97 1003.72 949.222 1313.13 783.52 781.08 719.218 644.234 705.851 967.543 1965.92 690.799 711.87 703.563 677.296 869.047 717.437 635.741 629.296
threshold=61.250000000000007 258.07142857142861 9674.5000000000018 4369.5000000000009 1102.5000000000002 29.100000000000005 141.30000000000004 24.250000000000004 560.00000000000011 38.650000000000013 29.650000000000002 16.450000000000003 33.550000000000004 232.50000000000003 28.359285714285722 23.650000000000002 14344.000000000002 124.97500000000001 77.128061500000015 77.232522700000018 1717.8571428571433 917.00000000000011 54.45000000000001 17.450000000000003 31.500000000000004 77.201158150000012 112.50000000000001 35.416666666666671 69.000000000000014 31.450000000000003
decision_type=10 10 2 2 2 2 8 2 2 10 2 2 2 10 10 10 2 2 2 2 2 2 10 2 2 2 8 8 2 10
left_child=1 18 3 5 -5 7 28 8 -2 -9 17 13 16 14 -12 -7 -13 -4 22 25 21 -21 23 24 -1 26 -20 -27 -6 -19
right_child=2 -3 10 4 6 15 -8 9 -10 -11 11 12 -14 -15 -16 -17 -18 29 19 20 -22 -23 -24 -25 -26 27 -28 -29 -30 -31
leaf_value=-0.049683390706777575 0.13363014932383191 -0.11426220629896437 0.10516407737000422 0.4125522110859553 -0.008935265951767201 -0.0013036122154444457 0.25416098900463269 0.10526387568601628 -0.020439782515251342 -0.0071544882148504262 0.35997544739842413 0.05395103236177453 0.10173973658964747 -0.0084485030987045979 0.084117861473705702 -0.26685358252376318 -0.051870876973675137 -0.14013430880170455 -0.011625270304786574 0.0089091000099511923 -0.19218718017850603 0.30831745532155036 0.12139119825646524 -0.001124851265033199 0.13889153112049984 0.040815268064864345 0.11962251805578884 -0.072013355134800686 0.15663094981440476 -0.027582537162262329
leaf_weight=24 44 63 22 27 82 20 23 194 336 100 25 81 63 33 41 20 279 79 3509 1501 21 20 61 440 69 61 46 301 28 103
leaf_count=24 44 63 22 27 82 20 23 194 336 100 25 81 63 33 41 20 279 79 3509 1501 21 20 61 440 69 61 46 301 28 103
internal_value=-8.89373e-11 -0.00504762 0.0192945 0.0388926 0.128985 0.0187039 0.0714186 0.0277711 -0.00260011 0.0670263 -0.00429879 0.0162396 -0.00872893 0.122923 0.188609 -0.134079 -0.0280609 -0.056853 -0.0039109 -0.00713936 0.0100538 0.0128461 0.0257593 0.0148146 0.090227 -0.0139078 -0.00992699 -0.0530008 0.0332089 -0.0764374
internal_weight=7716 6116 1600 874 160 714 133 674 380 294 726 522 423 99 66 40 360 204 6053 5459 1542 1521 594 533 93 3917 3555 362 110 182
internal_count=7716 6116 1600 874 160 714 133 674 380 294 726 522 423 99 66 40 360 204 6053 5459 1542 1521 594 533 93 3917 3555 362 110 182
is_linear=0
shrinkage=0.03


Tree=153
num_leaves=16
num_cat=0
split_feature=36 64 13 33 13 18 20 32 33 29 18 61 28 62 60
split_gain=851.953 867.209 851.781 886.916 825.826 966.738 1368.62 969.43 788.254 785.066 766.726 579.669 432.83 465.31 375.972
threshold=559.50000000000011 182.85000000000005 32.500000000000007 126.50000000000001 113.50000000000001 5594.5000000000009 20039.500000000004 172.50000000000003 172.50000000000003 443.21428571428584 6543.0000000000009 54.71428571428573 92.000000000000014 98.200000000000003 10.65
decision_type=10 10 2 10 2 2 2 10 10 2 2 10 2 10 10
left_child=1 2 3 -1 8 6 -6 -7 10 11 -4 12 14 -14 -3
right_child=-2 9 4 -5 5 7 -8 -9 -10 -11 -12 -13 13 -15 -16
leaf_value=-0.0057513968452163359 0.14169853186528933 0.068604788944639006 -0.021074073281398424 0.25770794275014297 -0.0035061819588950659 0.018256075539349773 -0.12056848125370301 0.22335462365831646 0.14830537207424641 0.21810233598170073 -0.13710944481334594 0.19097974085435271 0.13811210839458826 0.021392826606136034 -0.058361374647111483
leaf_weight=23 38 29 1553 23 3912 1683 92 21 24 23 53 20 44 102 76
leaf_count=23 38 29 1553 23 3912 1683 92 21 24 23 53 20 44 102 76
internal_value=-6.73358e-11 -0.000701295 -0.00271311 0.125978 -0.00351984 0.00185826 -0.00619593 0.0207837 -0.0223531 0.0498266 -0.0249034 0.0355449 0.0231597 0.0565685 -0.0232945
internal_weight=7716 7678 7384 46 7338 5708 4004 1704 1630 294 1606 271 251 146 105
internal_count=7716 7678 7384 46 7338 5708 4004 1704 1630 294 1606 271 251 146 105
is_linear=0
shrinkage=0.03


Tree=154
num_leaves=31
num_cat=0
split_feature=0 16 16 38 37 41 0 18 8 17 16 10 60 62 1 34 37 55 53 41 32 12 38 49 32 22 7 38 39 38
split_gain=813.415 1029.27 1606.26 876.098 1002.7 851.706 835.656 713.164 709.168 1490.17 757.222 940.342 850.191 702.013 575.299 556.265 540.061 924.399 890.206 901.071 848.539 719.576 1042.08 658.963 538.539 495.573 704.744 668.576 522.227 370.624
threshold=28.557231250000005 19.050000000000004 18.850000000000005 134.50000000000003 514.33333333333337 50.95000000000001 28.710515700000006 6635.5000000000009 31.350000000000005 1447.5000000000002 22.200000000000006 23.650000000000002 47.650000000000013 101.50000000000001 77.201112150000014 60.500000000000021 287.50000000000006 137.03571428571431 64959.950000000004 28.750000000000004 195.50000000000003 3.5500000000000003 29.650000000000002 93.083333333333357 75.050000000000011 60.500000000000007 21.065000000000001 42.45000000000001 39.549069767441871 43.45000000000001
decision_type=2 2 2 10 10 10 2 2 2 2 2 2 10 10 2 10 8 8 2 8 10 2 10 8 10 2 2 10 10 10
left_child=7 2 3 4 6 29 -2 16 9 13 11 -11 -12 14 -3 -9 20 23 -19 -20 21 22 -1 -18 -23 27 -27 -10 -28 -4
right_child=1 8 5 -5 -6 -7 -8 15 25 10 12 -13 -14 -15 -16 -17 17 18 19 -21 -22 24 -24 -25 -26 26 28 -29 -30 -31
leaf_value=-0.025552122037519106 0.014449792874481258 -0.022450471030775056 0.025029158986666623 0.20941389003396033 0.18608360829024478 0.31171883766140257 -0.027108586375980809 0.0062829808518290514 0.019823851853393571 0.0057755150312547524 -0.072879754032474001 -0.1321372881001335 -0.20572946552453297 0.12989086673089434 0.027932668823685686 0.21672829940915106 -0.071128662407398222 -0.20184947766065597 0.097076504540686698 -0.059702427421908566 0.16167829819023607 -0.011218771502584077 0.23122638856172562 -0.31174166168485368 -0.054759291033353918 -0.088382821692232508 -0.023127510914964049 0.14932786163161782 0.046767812063738416 0.17900663912296294
leaf_weight=33 3329 661 34 20 29 21 501 26 121 181 192 59 56 35 295 20 20 25 49 101 24 956 25 21 349 71 179 51 208 24
leaf_count=33 3329 661 34 20 29 21 501 26 121 181 192 59 56 35 295 20 20 25 49 101 24 956 25 21 349 71 179 51 208 24
internal_value=-1.35451e-10 0.00507814 0.014098 0.0113706 0.0103442 0.148016 0.00901357 -0.0186835 -0.0118496 -0.0232035 -0.0661158 -0.028128 -0.102878 -0.00207209 -0.00690337 0.0977809 -0.0220256 -0.0661508 -0.036111 -0.00848798 -0.0151539 -0.0182676 0.0851283 -0.194369 -0.0228629 0.0148049 -0.00150065 0.0582233 0.014439 0.088744
internal_weight=7716 6067 3958 3879 3859 79 3830 1649 2109 1479 488 240 248 991 956 46 1603 216 175 150 1387 1363 58 41 1305 630 458 172 387 58
internal_count=7716 6067 3958 3879 3859 79 3830 1649 2109 1479 488 240 248 991 956 46 1603 216 175 150 1387 1363 58 41 1305 630 458 172 387 58
is_linear=0
shrinkage=0.03


Tree=155
num_leaves=31
num_cat=0
split_feature=1 13 33 59 37 38 38 11 1 13 39 35 38 59 19 28 60 58 45 19 8 13 17 19 58 58 12 8 49 56
split_gain=773.307 1468.05 1019.15 1315.72 954.408 944.617 922.195 846.362 743.994 901.366 1002.11 759.33 1407.34 1621.26 1378.93 1295.04 805.909 615.456 567.756 671.946 522.398 472.528 445.406 418.296 366.405 704.476 318.281 255.119 237.825 178.649
threshold=77.309166200000007 154.00000000000003 178.50000000000003 58.535714285714292 304.50000000000006 67.350000000000009 134.50000000000003 59.500000000000007 77.128061500000015 220.00000000000003 69.65000000000002 208.50000000000003 41.050000000000004 29.00714285714286 15.356250000000001 105.83333333333333 15.950000000000001 16.710000000000004 52.208705035971235 11.104166666666668 25.850000000000005 109.00000000000001 1907.5000000000002 9.0937500000000018 62.150000000000013 73.250000000000014 4.6500000000000012 29.250000000000004 69.776666666666699 215.50000000000003
decision_type=2 2 8 10 10 10 10 2 2 2 10 8 10 10 2 2 8 8 10 2 2 2 2 2 8 10 2 2 10 8
left_child=6 5 4 -4 24 22 8 -5 9 10 21 12 17 -14 15 -13 -16 -10 19 -11 -6 -1 27 -20 28 -26 -12 29 -3 -2
right_child=1 2 3 7 20 -7 -8 -9 11 18 26 14 13 -15 16 -17 -18 -19 23 -21 -22 -23 -24 -25 25 -27 -28 -29 -30 -31
leaf_value=0.0044830602203944211 0.038939185397965564 -0.014256658554077147 0.39003072590567173 0.20907850275437037 0.038198904232787233 -0.2106532064784804 0.20126402565836904 -0.048406189955770972 -0.034393446464341712 0.060039555676281456 0.28405708537995816 -0.042216042406730471 0.26294776260852815 0.023447811415317304 0.086441810268622174 0.010212526777111501 -0.086979559402921236 -0.0024131174060606441 0.0055707742224136991 -0.022172165915571852 -0.14505699104496411 0.075881157087616974 0.10911976048382571 -0.11418555480206297 0.29703330539166928 0.053583390664147287 0.116834788109575 -0.10336114154756068 0.097464394175566418 -0.066590851091525766
leaf_weight=162 42 27 20 27 28 23 20 20 698 160 20 690 26 1177 26 1100 333 2417 45 203 28 172 26 63 20 23 21 30 47 22
leaf_count=162 42 27 20 27 28 23 20 20 698 160 20 690 26 1177 26 1100 333 2417 45 203 28 172 26 63 20 23 21 30 47 22
internal_value=-1.75918e-10 0.0415568 0.086894 0.186233 0.0484217 -0.0345335 -0.0021705 0.0995105 -0.00272686 0.0237292 0.0584333 -0.00618779 0.00106429 0.028624 -0.0207594 -0.00999737 -0.0744198 -0.00957918 -0.00390154 0.0140644 -0.053429 0.0412509 -0.000777278 -0.0642871 0.0971708 0.166816 0.198407 -0.0311743 0.0567013 0.00266324
internal_weight=7716 383 240 67 173 143 7333 47 7313 846 375 6467 4318 1203 2149 1790 359 3115 471 363 56 334 120 108 117 43 41 94 74 64
internal_count=7716 383 240 67 173 143 7333 47 7313 846 375 6467 4318 1203 2149 1790 359 3115 471 363 56 334 120 108 117 43 41 94 74 64
is_linear=0
shrinkage=0.03


Tree=156
num_leaves=31
num_cat=0
split_feature=16 14 51 43 10 38 60 36 16 56 23 6 30 21 47 29 21 22 64 35 56 23 21 43 39 38 20 64 29 29
split_gain=758.015 1456.71 1165.12 1433.13 2249.52 2285.9 1167.33 1159.24 1047.75 1587.46 1482.62 894.232 790.462 1989.33 1554.68 1085.14 1612.69 835.028 1526.25 765.04 764.212 716.002 681.342 677.071 615.887 554.865 689.911 547.51 499.849 476.585
threshold=17.550000000000004 4.4000000000000012 2997.6200000000003 67.416666666666671 18.800000000000001 79.950000000000017 33.050000000000004 117.50000000000001 17.050000000000004 374.50000000000006 3154.3500000000004 53.150000000000013 1064.3966666666668 184.50000000000003 172.90000000000003 91.714285714285722 106.50000000000001 157.50000000000003 125.53773381294965 82.450000000000017 390.50000000000006 450.67500000000001 110.50000000000001 27.866666666666681 79.450000000000017 27.650000000000002 9922.7500000000018 95.15000000000002 1.7857142857142858 158.00000000000003
decision_type=2 2 2 10 2 10 10 10 2 8 2 2 2 2 10 2 2 2 8 10 10 2 2 10 8 10 2 8 2 2
left_child=1 2 3 8 5 -5 -4 -6 10 -10 -1 28 15 19 25 16 20 18 29 -14 21 -2 -18 -19 -20 -15 -27 -21 -3 -17
right_child=12 11 6 4 7 -7 -8 -9 9 -11 -12 -13 13 14 -16 17 22 23 24 27 -22 -23 -24 -25 -26 26 -28 -29 -30 -31
leaf_value=0.0050739217735960565 -0.013426306767363016 0.0029746528830326777 0.060220245269055547 0.5144239630869456 -0.13407445351282757 0.066280783116817468 -0.18847325129624531 0.086990884757217238 0.048803430827220481 0.32058512330055239 0.1366639432226178 0.030169498119997765 0.29948269021298202 -0.060909604298717834 0.25727505373209714 -0.082411499580368391 0.19411328871955016 -0.061301808147437194 -0.03035731452384165 0.049049497429953244 0.12288071831067403 -0.12431087601515982 0.05019237461736175 0.036017553491938498 0.105261171260809 0.13517736354623647 -0.0054135116749188302 0.21574789180755613 -0.086838271574618722 -0.16303520771773422
leaf_weight=3137 1780 71 26 21 27 20 49 102 245 21 79 113 21 153 20 295 38 110 84 61 36 54 134 155 47 34 413 25 260 85
leaf_count=3137 1780 71 26 21 27 20 49 102 245 21 79 113 21 153 20 295 38 110 84 61 36 54 134 155 47 34 413 25 260 85
internal_value=-1.03229e-10 0.00866866 0.0147879 0.0171917 0.102245 0.295818 -0.10226 0.0407214 0.0130392 0.0702599 0.00830639 -0.0426973 -0.0101994 0.0176911 -0.00292487 -0.0173948 -0.00591862 -0.0475936 -0.0700042 0.137148 -0.0140042 -0.0166912 0.0819889 -0.00437916 0.0182997 -0.0115982 0.0052802 0.0975083 -0.0675733 -0.100446
internal_weight=7716 4171 3727 3652 170 41 75 129 3482 266 3216 444 3545 727 620 2818 2042 776 511 107 1870 1834 172 265 131 600 447 86 331 380
internal_count=7716 4171 3727 3652 170 41 75 129 3482 266 3216 444 3545 727 620 2818 2042 776 511 107 1870 1834 172 265 131 600 447 86 331 380
is_linear=0
shrinkage=0.03


Tree=157
num_leaves=31
num_cat=0
split_feature=0 19 16 12 34 0 1 51 32 13 15 8 15 6 63 59 45 51 34 25 59 51 29 56 18 20 35 34 35 40
split_gain=747.046 1128.22 1591.59 2217.83 2279.53 1933 969.121 2779.03 867.809 800.236 1033.48 791.148 1381.42 1039.73 878.313 869.172 811.888 761.724 668.7 640.249 600.018 548.451 1614.33 2109.7 854.243 765.948 832.727 490.552 416.158 545.772
threshold=28.592996750000005 15.275000000000002 17.650000000000002 7.2500000000000009 41.08333333333335 28.647228500000001 77.239399000000006 882.85500000000013 181.50000000000003 75.500000000000014 987.25000000000011 31.750000000000004 984.75000000000011 1.4650000000000001 30.273571428571433 45.592857142857149 52.208705035971235 2997.6200000000003 153.50000000000003 5.5000000000000009 6.3564285714285722 556.2650000000001 99.000000000000014 187.50000000000003 4011.5000000000005 2656.5000000000005 276.50000000000006 137.55000000000004 148.50000000000003 39.033333333333339
decision_type=2 2 2 2 8 2 2 2 8 2 2 2 2 2 10 10 10 2 8 2 10 2 2 8 2 2 10 10 10 10
left_child=19 2 3 4 -2 -6 8 9 17 -8 -11 12 16 -14 15 -13 -4 18 -3 20 -1 25 23 -23 -24 27 -27 -22 29 -21
right_child=1 6 11 -5 5 -7 7 -9 -10 10 -12 14 13 -15 -16 -17 -18 -19 -20 28 21 22 24 -25 -26 26 -28 -29 -30 -31
leaf_value=-0.11502796808878581 0.3398196237331087 -0.013654544458222057 -0.065681066660033732 0.32763675838708878 0.073945053315175507 0.0023472088829512893 0.16552735733985899 0.37891151000373069 -0.15838614498510173 0.01851653422163636 -0.17427644954373439 0.0068039363199794613 0.18480112831179912 -0.0088926586270982582 -0.092505368151162809 0.12939894505377325 -0.23351406823843718 -0.19780843958817421 0.14908435318619012 -0.037906039995039352 -0.0060398064404726028 0.029206783881580285 -0.11596755109043146 0.36606898784637448 0.01977555673552869 -0.0060012593820830554 -0.063169081112846054 0.18849185158099446 -0.07391337181159853 0.099699155883863563
leaf_weight=45 22 1896 137 24 580 818 30 20 38 342 27 111 26 613 38 98 32 20 23 137 20 44 49 27 281 1663 266 28 229 32
leaf_count=45 22 1896 137 24 580 818 30 20 38 342 27 111 26 613 38 98 32 20 23 137 20 44 49 27 281 1663 266 28 229 32
internal_value=9.79636e-11 0.00708637 0.0211891 0.0416534 0.0368198 0.0320516 -0.00762257 0.0338216 -0.0164061 0.0165238 0.00440973 -0.00682085 -0.0211846 -0.00101153 0.0401665 0.0642887 -0.0974601 -0.0136236 -0.0117041 -0.0122963 -0.00650387 -0.00445022 0.0275399 0.157309 -0.000380238 -0.0109388 -0.0138844 0.107437 -0.0475601 -0.0118506
internal_weight=7716 4895 2499 1444 1420 1398 2396 419 1977 399 369 1055 808 639 247 209 169 1939 1919 2821 2423 2378 401 71 330 1977 1929 48 398 169
internal_count=7716 4895 2499 1444 1420 1398 2396 419 1977 399 369 1055 808 639 247 209 169 1939 1919 2821 2423 2378 401 71 330 1977 1929 48 398 169
is_linear=0
shrinkage=0.03


Tree=158
num_leaves=21
num_cat=0
split_feature=36 58 55 61 9 43 61 65 53 45 47 19 56 24 17 1 1 13 60 46
split_gain=751.491 652.081 881.793 739.418 1103.71 898.628 1791.36 930.939 669.227 637.301 1030.64 844.393 798.275 1351.44 836.133 691.725 611.304 533.083 223.141 102.623
threshold=559.50000000000011 74.65000000000002 258.07142857142861 81.778571428571453 33.050000000000004 25.233333333333345 27.60166666666667 114.7441829393628 63555.000000000007 68.002553956834547 125.53773381294965 14.131250000000003 165.50000000000003 997.5200000000001 2817.5000000000005 77.232522700000018 77.197765150000009 314.50000000000006 39.050000000000004 33.31666666666667
decision_type=10 10 10 10 2 10 10 8 2 8 10 2 8 2 2 2 2 2 10 10
left_child=1 2 9 5 -5 6 7 -3 -7 10 15 -12 13 -11 -14 -1 18 -10 19 -4
right_child=-2 3 16 4 -6 8 -8 -9 17 12 11 -13 14 -15 -16 -17 -18 -19 -20 -21
leaf_value=-0.0073164787844931991 0.13308198279063951 -0.047818534370730907 -0.040544550887175963 -0.016769786796399525 0.28104047667235132 0.14254637746587395 0.33000450968742367 0.067778293477521359 -0.023503696372637106 -0.0082995885166690323 0.089850508313253516 -0.027065289120201938 -0.033776898198463405 0.20897155759149585 -0.14469071868487768 0.018641580826019601 -0.22051194617381464 0.13479121810197831 0.035364162191748622 -0.13549802817776799
leaf_weight=4450 38 85 21 21 24 25 20 239 449 231 200 77 485 29 70 1166 26 20 20 20
leaf_count=4450 38 85 21 21 24 25 20 239 449 231 200 77 485 29 70 1166 26 20 20 20
internal_value=2.02784e-11 -0.00065865 -0.00381027 0.0235942 0.142062 0.0172325 0.0544608 0.037452 -0.00869165 -0.00257951 0.000859295 0.0573504 -0.0274444 0.0159345 -0.047766 -0.00192704 -0.098706 -0.0167534 -0.0467887 -0.0868633
internal_weight=7716 7678 6795 883 45 838 344 324 494 6708 5893 277 815 260 555 5616 87 469 61 41
internal_count=7716 7678 6795 883 45 838 344 324 494 6708 5893 277 815 260 555 5616 87 469 61 41
is_linear=0
shrinkage=0.03


Tree=159
num_leaves=25
num_cat=0
split_feature=52 9 26 49 63 35 23 58 24 29 30 10 5 61 24 37 0 40 28 32 39 38 35 62
split_gain=706.863 1136.59 1105.44 1721.85 1704.51 1256.64 1050.3 1015.19 747.443 1479.12 1730.3 1055.58 1129.38 1057.29 959.423 693.467 713.955 675.966 410.027 399.834 374.646 398.401 251.501 209.646
threshold=2883.2500000000005 19.450000000000003 1.5000000000000002 96.200000000000017 47.391428571428577 232.50000000000003 560.33500000000015 70.250000000000014 698.07500000000016 96.000000000000014 376.7766666666667 22.650000000000002 610.00000000000011 15.335000000000003 666.79500000000019 367.83333333333343 28.662761550000003 69.183333333333351 34.166666666666679 97.350000000000009 50.050000000000004 39.850000000000001 349.50000000000006 73.750000000000014
decision_type=2 2 2 8 10 10 2 10 2 2 2 2 2 10 2 10 2 10 2 10 10 10 10 8
left_child=6 7 3 5 -5 -3 15 19 9 10 -4 12 -10 -13 -11 17 -17 20 -9 -2 21 -1 23 -21
right_child=1 2 8 4 -6 -7 -8 18 11 14 -12 13 -14 -15 -16 16 -18 -19 -20 22 -22 -23 -24 -25
leaf_value=0.0080908899014065783 -0.0047158224566986682 0.07143007753088193 -0.0054649587977771245 -0.20032704211849098 0.1511200362962225 0.33781945049762724 0.19511485454283262 -0.047356722995638846 0.045981919660118532 -0.027398772165436167 0.052292652124624452 0.16044953262264078 -0.099230218989678709 -0.012265329984580284 -0.13704939159809759 -0.20300294254652479 0.0386880178343166 0.16286032774338596 0.12800593259930609 -0.080260240638612951 -0.094005942805246878 0.14391229537244027 -0.19823045745921822 -0.17582589948177335
leaf_weight=77 38 34 3254 27 23 30 38 20 879 1305 545 33 51 956 76 22 22 38 30 119 22 26 26 25
leaf_count=77 38 34 3254 27 23 30 38 20 879 1305 545 33 51 956 76 22 22 38 30 119 22 26 26 25
internal_value=6.56522e-11 -0.00164432 0.000568702 0.0932468 -0.0386614 0.1963 0.0501417 -0.0635146 -0.000919578 -0.00684452 0.00282088 0.0150738 0.0380187 -0.00650235 -0.0334331 0.0235283 -0.0821575 0.0520569 0.0578609 -0.0926914 0.0183727 0.0423759 -0.112357 -0.0968515
internal_weight=7716 7471 7213 114 50 64 245 258 7099 5180 3799 1919 930 989 1381 207 44 163 50 208 125 103 170 144
internal_count=7716 7471 7213 114 50 64 245 258 7099 5180 3799 1919 930 989 1381 207 44 163 50 208 125 103 170 144
is_linear=0
shrinkage=0.03


Tree=160
num_leaves=17
num_cat=0
split_feature=36 64 29 13 33 13 35 25 58 68 39 64 60 60 65 13
split_gain=706.824 706.71 731.776 726.725 801.562 705.825 924.231 904.013 898.346 748.586 866.07 859.131 385.727 307.139 508.821 233.321
threshold=559.50000000000011 182.85000000000005 443.21428571428584 32.500000000000007 126.50000000000001 113.50000000000001 199.50000000000003 5.5000000000000009 16.450000000000003 6.5000000000000009 63.45000000000001 110.55000000000001 46.250000000000007 10.350000000000003 180.07142857142858 286.50000000000006
decision_type=10 10 2 2 10 2 10 2 8 2 8 10 10 10 10 2
left_child=1 3 12 4 -1 9 8 -8 -7 10 -5 -11 13 15 -15 -3
right_child=-2 2 -4 5 -6 6 7 -9 -10 11 -12 -13 -14 14 -16 -17
leaf_value=-0.0088161349296569814 0.12906638802819592 0.16235389269981532 0.20743850337422412 -0.038300951439252294 0.24164525414290633 -0.025932113665347371 -0.0043900540220668102 -0.055113906474904183 0.018900342772756443 -0.00023774582222687806 -0.17347293924778068 -0.11026117687812075 0.11848068530742938 -0.053224977921398187 0.046645135655999183 0.028193374361310686
leaf_weight=23 38 20 23 462 23 471 2109 372 2756 1053 47 68 39 88 96 28
leaf_count=23 38 20 23 462 23 471 2109 372 2756 1053 47 68 39 88 96 28
internal_value=1.2463e-12 -0.000638776 0.0449744 -0.0024549 0.116415 -0.00320006 0.00177196 -0.0119956 0.0123568 -0.0206113 -0.0507825 -0.00691178 0.0311859 0.0165113 -0.00111883 0.0840936
internal_weight=7716 7678 294 7384 46 7338 5708 2481 3227 1630 509 1121 271 232 184 48
internal_count=7716 7678 294 7384 46 7338 5708 2481 3227 1630 509 1121 271 232 184 48
is_linear=0
shrinkage=0.03


Tree=161
num_leaves=11
num_cat=0
split_feature=55 37 38 64 61 54 18 16 61 64
split_gain=704.743 1450.35 1111.73 631.286 709.217 607.803 600.124 764.154 538.031 337.447
threshold=300.50000000000006 514.33333333333337 134.50000000000003 182.85000000000005 51.078571428571436 256.50000000000006 6719.5000000000009 17.550000000000004 27.60166666666667 78.050000000000026
decision_type=10 10 10 10 10 10 2 2 10 8
left_child=1 2 3 6 8 -2 7 -1 -5 -8
right_child=5 -3 -4 4 -6 -7 9 -9 -10 -11
leaf_value=0.0056263808610293115 -0.23416688812630518 0.2055451362075344 0.21288205415010453 0.070486590784248404 0.18414824121471107 -0.027708360010927375 0.042461414312663141 -0.013936366654689987 -0.017914191351449196 0.17892512781279429
leaf_weight=3919 21 31 22 127 29 33 73 3319 121 21
leaf_count=3919 21 31 22 127 29 33 73 3319 121 21
internal_value=-8.4192e-11 0.000761143 -7.07665e-05 -0.00068648 0.0437707 -0.107998 -0.00236605 -0.00334416 0.0273556 0.072948
internal_weight=7716 7662 7631 7609 277 54 7332 7238 248 94
internal_count=7716 7662 7631 7609 277 54 7332 7238 248 94
is_linear=0
shrinkage=0.03


Tree=162
num_leaves=31
num_cat=0
split_feature=0 16 12 26 6 11 23 13 26 12 43 16 13 35 1 56 10 64 40 29 32 39 5 17 60 5 45 44 54 56
split_gain=683.947 832.054 885.241 2477.49 1961.67 1019.86 1702.8 1252.43 1242.23 1015.75 952.535 943.359 806.046 1635.56 1420.44 1276 1192.89 1394.86 1154.35 1241.63 1008.09 1286.15 809.752 766.712 1192.97 869.707 693.579 899.114 666.128 649.791
threshold=28.557231250000005 19.350000000000005 7.4500000000000011 6.5000000000000009 565.55500000000018 61.500000000000007 78.085000000000022 301.50000000000006 1.5000000000000002 6.0500000000000007 34.316666666666684 10.800000000000002 258.50000000000006 253.50000000000003 77.252950000000013 201.50000000000003 19.900000000000002 39.665000000000013 40.983333333333327 132.71428571428575 95.450000000000017 62.550000000000004 59.500000000000007 3105.0000000000005 36.95000000000001 55.500000000000007 82.800000000000026 68.002553956834547 200.50000000000003 225.50000000000003
decision_type=2 2 2 2 2 2 2 2 2 2 10 2 2 10 2 10 2 10 8 2 10 10 2 2 10 2 10 8 10 10
left_child=12 2 5 4 -4 6 9 11 -8 -2 -9 -7 13 20 18 16 17 -16 -14 -20 21 -1 -15 24 28 -25 27 -26 -3 -17
right_child=1 23 3 -5 -6 7 8 10 -10 -11 -12 -13 14 22 15 29 -18 -19 19 -21 -22 -23 -24 25 26 -27 -28 -29 -30 -31
leaf_value=-0.022857256177442657 0.22657271292060613 -0.0063313682969872659 0.061679299533367156 0.02244366032414211 0.40475434562563894 0.064717255573555385 0.20742117641866206 -0.031135669745775786 0.012559921016556829 0.058223456188749807 -0.14818739070936487 -0.0043897470275299734 -0.013882895887486243 -0.27689361890477521 0.30302276763805119 -0.13150022548708049 0.038983684238933385 0.049909225739538668 -0.27226516950130458 -0.011545598526154796 0.13270777339115739 -0.26722753384709358 -0.09530735472753922 0.18692896295724243 -0.057646426816667574 0.015197620317458917 -0.20979774205684659 0.11142572335898876 0.11151203720271587 0.01383262209767519
leaf_weight=629 55 1062 30 307 30 204 30 275 1588 78 81 1383 380 31 43 33 126 36 35 31 36 20 77 29 502 313 25 30 45 172
leaf_count=629 55 1062 30 307 30 204 30 275 1588 78 81 1383 380 31 43 33 126 36 35 31 36 20 77 29 502 313 25 30 45 172
internal_value=-8.508e-12 0.0046565 0.0124648 0.0569025 0.233217 0.00804995 0.0246549 -0.00691415 0.0161729 0.127842 -0.0577682 0.00449357 -0.0171322 -0.0389239 0.00305568 0.0433619 0.0962861 0.18768 -0.0339971 -0.149806 -0.0218165 -0.0303879 -0.147429 -0.0111509 -0.0195592 0.0297596 -0.0553693 -0.0481123 -0.00154099 -0.00956242
internal_weight=7716 6067 4061 367 60 3694 1751 1943 1618 133 356 1587 1649 793 856 410 205 79 446 66 685 649 108 2006 1664 342 557 532 1107 205
internal_count=7716 6067 4061 367 60 3694 1751 1943 1618 133 356 1587 1649 793 856 410 205 79 446 66 685 649 108 2006 1664 342 557 532 1107 205
is_linear=0
shrinkage=0.03


Tree=163
num_leaves=12
num_cat=0
split_feature=55 37 38 1 13 15 13 35 1 7 11
split_gain=664.107 1354.5 1045.42 665.975 827.91 981.435 754.964 1597.86 1223.65 575.179 519.531
threshold=300.50000000000006 514.33333333333337 134.50000000000003 77.128061500000015 220.00000000000003 992.05000000000007 156.50000000000003 301.50000000000006 77.232522700000018 22.985000000000003 78.500000000000014
decision_type=10 10 10 2 2 2 2 10 2 2 2
left_child=1 2 3 4 5 -1 7 -5 -8 -2 -6
right_child=9 -3 -4 6 10 -7 8 -9 -10 -11 -12
leaf_value=0.045731447929143902 -0.22292149803855202 0.19864046354447643 0.20643845818259499 -0.0099621836944238252 0.0098664121821988374 0.25230660328810861 -0.0064818914720607594 -0.10083795445657859 0.028832797750587436 -0.023655443396419285 -0.086209777115747843
leaf_weight=350 22 31 22 2361 400 22 2974 188 1256 32 58
leaf_count=350 22 31 22 2361 400 22 2974 188 1256 32 58
internal_value=9.70094e-11 0.000738873 -6.50775e-05 -0.000662144 0.0247026 0.0579483 -0.00376772 -0.0166647 0.00400398 -0.104838 -0.00230044
internal_weight=7716 7662 7631 7609 830 372 6779 2549 4230 54 458
internal_count=7716 7662 7631 7609 830 372 6779 2549 4230 54 458
is_linear=0
shrinkage=0.03


Tree=164
num_leaves=31
num_cat=0
split_feature=0 16 14 13 25 60 12 0 57 13 40 41 25 49 20 15 8 7 49 22 21 42 31 64 39 19 60 25 20 39
split_gain=645.81 791.576 1176.13 958.317 1336.83 1434.8 1293.16 955.407 823.42 735.51 1292.81 1112.73 766.118 854.637 1104.98 1369.84 677.474 652.581 643.559 636.104 1084.89 1209.71 1042.04 943.51 941.663 755.099 668.726 717.249 629.079 624.936
threshold=28.557231250000005 17.550000000000004 4.4000000000000012 299.50000000000006 1.5000000000000002 35.45000000000001 7.4500000000000011 28.710515700000006 304.9285714285715 258.50000000000006 56.983333333333341 118.50000000000001 4.5000000000000009 106.51666666666669 12294.000000000002 984.75000000000011 29.350000000000005 16.195000000000004 80.03833333333337 170.50000000000003 157.50000000000003 29.550000000000004 800.81642857142879 55.320000000000007 44.350000000000001 11.104166666666668 29.950000000000003 1.0000000180025095e-35 7362.7500000000009 67.750000000000014
decision_type=2 2 2 2 2 10 2 2 10 2 10 10 2 8 2 2 2 2 10 2 2 10 2 8 10 2 10 2 2 10
left_child=9 2 3 6 8 -6 7 -2 -5 10 11 -1 13 18 29 -16 -4 -12 28 22 21 -21 26 -23 -22 -24 -3 -28 -11 -15
right_child=1 19 16 4 5 -7 -8 -9 -10 12 17 -13 -14 14 15 -17 -18 -19 -20 20 24 23 25 -25 -26 -27 27 -29 -30 -31
leaf_value=-0.034322530087240982 0.035215104678719959 0.0047171801945194601 -0.059448769587588352 0.032652237798576636 -0.0016736284167149929 -0.10923894210951403 0.20175968275047265 -0.023725237598446639 0.2105123202006022 0.061791750703420897 -0.29522185216890645 0.1584905943274498 -0.043230674787176938 -0.0094936321739186626 0.057966839382424945 0.35779287047684194 0.042310626146942379 -0.086852774093708673 -0.12712594634908086 -0.018631417614928748 -0.040213676373266595 0.2839140220121904 0.007904687920666259 0.085348701933699256 0.040902214042842389 -0.13896114495769141 0.037496532815962262 -0.043015644763984756 -0.017141435374807328 0.16812679995190011
leaf_weight=710 1882 1175 274 177 369 160 39 285 27 135 24 28 237 94 32 24 75 31 34 59 278 33 46 62 240 100 117 669 278 22
leaf_count=710 1882 1175 274 177 369 160 39 285 27 135 24 28 237 94 32 24 75 31 34 59 278 33 46 62 240 100 117 669 278 22
internal_value=-1.22517e-11 0.00452481 0.0144871 0.02067 -0.00904846 -0.0342076 0.0305448 0.0274634 0.0561925 -0.0166477 -0.0374641 -0.0270071 0.00263665 0.0201981 0.0770253 0.186464 -0.0375807 -0.177777 -0.00166827 -0.00726215 0.0181528 0.0880619 -0.0153679 0.154324 -0.00263102 -0.0926883 -0.00961126 -0.031031 0.00865997 0.024193
internal_weight=7716 6067 3288 2939 733 529 2206 2167 204 1649 793 738 856 619 172 56 349 55 447 2779 672 154 2107 95 518 146 1961 786 413 116
internal_count=7716 6067 3288 2939 733 529 2206 2167 204 1649 793 738 856 619 172 56 349 55 447 2779 672 154 2107 95 518 146 1961 786 413 116
is_linear=0
shrinkage=0.03


Tree=165
num_leaves=28
num_cat=0
split_feature=20 23 65 22 0 53 10 15 23 47 43 10 20 38 32 29 47 32 5 34 38 38 46 37 46 68 41
split_gain=624.937 945.312 932.277 740.327 952.399 730.505 783.478 2141.82 1383.73 1570.25 1305.59 1531.84 951.937 764.692 792.557 662.945 983.669 614.93 546.672 589.849 553.056 709.8 504.543 455.372 348.527 345.942 301.348
threshold=2883.2500000000005 560.33500000000015 153.16071428571431 92.500000000000014 28.662761550000003 74416.250000000015 21.350000000000005 984.05000000000007 3154.3500000000004 85.450000000000017 63.616666666666667 13.250000000000002 11233.250000000002 97.65000000000002 172.50000000000003 109.85714285714288 95.050000000000011 96.450000000000017 175.00000000000003 261.83333333333337 89.250000000000014 79.450000000000017 10.501666666666674 334.16666666666669 7.73166666666667 11.500000000000002 24.950000000000003
decision_type=2 2 10 2 2 2 2 2 2 8 8 2 2 10 10 2 10 10 2 10 10 10 10 10 8 2 10
left_child=1 2 3 22 23 18 8 13 10 -10 12 -12 -7 14 -8 16 -9 -17 19 20 21 -2 24 -5 -1 -20 -24
right_child=5 -3 -4 4 -6 6 7 15 9 -11 11 -13 -14 -15 -16 17 -18 -19 25 -21 -22 -23 26 -25 -26 -27 -28
leaf_value=0.043280862325429915 -0.030802903471646898 0.18468338003284054 0.21137470473136219 -0.048061285905539992 0.088143425328390937 0.01960499900639262 -0.0033994663647028103 -0.08989635140945515 0.0229335689750211 0.35904301415790207 0.32894439961229049 0.056620337804434477 -0.016519639669427665 0.15813758704397413 0.15977189984586501 0.012678391217411338 -0.31230255274772645 -0.092606672689722003 -0.031521576377563178 -0.168526837348938 0.1004676212535964 -0.18309174542797022 0.16539898362371228 -0.23846778648403974 -0.12250163393361227 0.12617935676728526 0.042085217663219994
leaf_weight=25 549 38 21 20 21 1635 3457 63 29 22 21 162 1097 27 27 77 25 142 21 30 27 29 31 26 21 31 42
leaf_count=25 549 38 21 20 21 1635 3457 63 29 22 21 162 1097 27 27 77 25 142 21 30 27 29 31 26 21 31 42
internal_value=3.2391e-12 0.0471465 0.0218982 0.000505692 -0.0792593 -0.0015461 0.00143914 -0.00754671 0.0130062 0.167922 0.0102959 0.0878706 0.00509961 -0.000902421 -0.00213494 -0.083534 -0.15308 -0.0555886 -0.0310248 -0.0386829 -0.0322443 -0.0384437 0.0454154 -0.155682 -0.0324025 0.0624924 0.0944513
internal_weight=7716 245 207 186 67 7471 6784 3818 2966 51 2915 183 2732 3511 3484 307 88 219 687 635 605 578 119 46 46 52 73
internal_count=7716 245 207 186 67 7471 6784 3818 2966 51 2915 183 2732 3511 3484 307 88 219 687 635 605 578 119 46 46 52 73
is_linear=0
shrinkage=0.03


Tree=166
num_leaves=12
num_cat=0
split_feature=55 37 38 1 35 19 56 51 19 45 54
split_gain=622.555 1268.23 954.363 621.185 686.889 1141.32 1093.47 654.923 1112.13 757.676 563.692
threshold=300.50000000000006 514.33333333333337 134.50000000000003 77.128061500000015 199.50000000000003 15.356250000000001 396.50000000000006 1.0000000180025095e-35 19.91041666666667 52.208705035971235 256.50000000000006
decision_type=10 10 10 2 10 2 10 2 2 10 10
left_child=1 2 3 7 6 -6 -5 8 -1 -9 -2
right_child=10 -3 -4 4 5 -7 -8 9 -10 -11 -12
leaf_value=0.10009448551956344 -0.22300975697381156 0.19221086130507531 0.19724319853565908 0.0024452852329439555 -0.0067122359581315095 -0.059864866073988582 0.20142942352294921 0.018121624550161263 0.0057009729655086994 -0.082460188177329571 -0.024184032461859965
leaf_weight=204 21 31 22 4283 2028 443 25 288 250 88 33
leaf_count=204 21 31 22 4283 2028 443 25 288 250 88 33
internal_value=9.66388e-11 0.000715385 -6.2542e-05 -0.000633015 -0.00363234 -0.0162414 0.00360002 0.0238639 0.0481157 -0.0054188 -0.101505
internal_weight=7716 7662 7631 7609 6779 2471 4308 830 454 376 54
internal_count=7716 7662 7631 7609 6779 2471 4308 830 454 376 54
is_linear=0
shrinkage=0.03


Tree=167
num_leaves=31
num_cat=0
split_feature=1 13 33 59 35 36 41 38 1 13 39 35 38 59 10 22 45 9 33 14 45 55 55 8 13 59 40 45 11 13
split_gain=616.248 1281.13 921.434 1194.08 887.651 804.489 690.007 652.259 619.644 767.315 860.743 679.96 1161.38 1508.21 867.024 1448.93 1329.17 510.52 498.455 498.197 611.188 447.355 421.712 474.11 416.807 395.771 374.708 347.36 318.106 270.17
threshold=77.309166200000007 167.50000000000003 178.50000000000003 58.535714285714292 251.50000000000003 276.50000000000006 15.450000000000001 134.50000000000003 77.128061500000015 220.00000000000003 69.65000000000002 208.50000000000003 41.050000000000004 29.00714285714286 21.250000000000004 423.50000000000006 22.350000000000005 33.95000000000001 73.950000000000017 0.25000000000000006 52.208705035971235 70.214285714285737 85.052380952380972 25.150000000000002 109.00000000000001 31.450000000000003 68.266666666666694 13.750000000000002 84.500000000000014 288.50000000000006
decision_type=2 2 8 10 10 10 10 10 2 2 10 8 10 10 2 2 8 2 10 2 10 10 10 2 2 10 10 10 2 2
left_child=7 4 5 -4 21 18 -5 8 9 10 24 12 17 -14 15 -13 -16 -10 29 20 -11 27 -7 -24 -1 -21 -6 -2 -29 -3
right_child=1 2 3 6 26 22 -8 -9 11 19 -12 14 13 -15 16 -17 -18 -19 -20 25 -22 -23 23 -25 -26 -27 -28 28 -30 -31
leaf_value=0.0033019579210560078 0.081112169495650685 0.093230843055755533 0.36938084873557087 -0.014770360243320464 -0.06309856165539135 0.075548253955319528 0.21849338921053069 0.16915188771486284 -0.01673968569829578 0.028592839170834258 0.18348331817403071 -0.018811310313850919 0.25234132331151227 0.021342009937153499 -0.010752705713451096 0.068119487696552405 -0.10385638139024377 0.00925347859955266 0.19402199459262193 -0.017800955109057888 -0.055117774638214274 0.11481492672565168 -0.0029189712524414061 -0.19888561999797821 0.070358378167756905 -0.18007091909646986 -0.24251662033796309 -0.11780496182186262 0.027774253120137884 -0.03048194195143878
leaf_weight=162 21 47 20 25 22 20 21 20 2112 311 41 1391 26 1177 316 197 245 1003 32 31 105 29 25 20 172 24 20 35 22 24
leaf_count=162 21 47 20 25 22 20 21 20 2112 311 41 1391 26 1177 316 197 245 1003 32 31 105 29 25 20 172 24 20 35 22 24
internal_value=-1.39995e-11 0.0370975 0.0808803 0.175859 -0.0316621 0.0435671 0.0917196 -0.00193759 -0.00240549 0.0217386 0.0537583 -0.00556397 0.00129862 0.0263345 -0.019353 -0.00802707 -0.051413 -0.00837014 0.0957183 -0.00375483 0.00746396 0.0142135 -0.0390726 -0.0900153 0.037834 -0.0886097 -0.148536 -0.0231895 -0.0616165 0.0514124
internal_weight=7716 383 234 66 149 168 46 7333 7313 846 375 6467 4318 1203 2149 1588 561 3115 103 471 416 107 65 45 334 55 42 78 57 71
internal_count=7716 383 234 66 149 168 46 7333 7313 846 375 6467 4318 1203 2149 1588 561 3115 103 471 416 107 65 45 334 55 42 78 57 71
is_linear=0
shrinkage=0.03


Tree=168
num_leaves=31
num_cat=0
split_feature=0 19 54 16 12 0 44 39 39 41 1 42 8 15 63 35 39 65 41 11 17 36 25 65 44 40 46 10 10 10
split_gain=595.613 911.946 1565.75 1267.68 1973.43 1666.54 814.886 787.053 1095.58 1230.52 792.835 654.803 619.553 1180.89 1154.12 611.651 916.083 641.056 771.06 582.946 583.558 576.881 697.04 561.957 553.046 520.432 618.307 517.992 1170.56 718.515
threshold=28.592996750000005 14.254166666666668 29.250000000000004 17.650000000000002 7.2500000000000009 28.647228500000001 68.002553956834547 84.750000000000014 72.350000000000009 20.450000000000003 77.239399000000006 21.450000000000003 31.750000000000004 984.75000000000011 30.273571428571433 135.50000000000003 59.150000000000013 79.000714285714295 27.850000000000005 61.500000000000007 1297.5000000000002 133.50000000000003 5.5000000000000009 81.571428571428569 18.950000000000003 58.916666666666679 29.804532374100727 19.050000000000004 18.100000000000005 19.900000000000002
decision_type=2 2 8 2 2 2 10 10 10 10 2 10 2 2 10 8 8 10 10 2 2 10 2 10 10 8 8 2 2 2
left_child=15 2 -2 4 5 -4 7 8 10 -10 -3 -8 13 -5 -14 16 17 19 -19 20 -1 25 27 24 -24 26 -17 28 -23 -29
right_child=1 6 3 12 -6 -7 11 -9 9 -11 -12 -13 14 -15 -16 21 -18 18 -20 -21 -22 22 23 -25 -26 -27 -28 29 -30 -31
leaf_value=0.18265601074242074 0.22195245460552326 -0.012804299139857825 0.070488433897643463 -0.097117524635515456 0.3052497038245201 0.0022229286464560149 0.011045053482055664 -0.13734139116910787 0.31319198580086233 0.037725288379523485 0.033392175069398511 -0.20777552066836505 0.067901604180304984 -0.0032884359060232821 -0.12329065745367723 -0.092537883457473727 0.19846583637324247 0.010843956249512053 0.24013041054660625 -0.015227489315128573 0.023331197935102271 -0.014905305792866594 -0.053590365295507467 0.00828208049902549 -0.17111187742728937 -0.21794121909141539 0.042770330480166846 0.13685773268342019 -0.1651839127779007 0.003780080569830006
leaf_weight=23 34 1987 553 151 24 770 20 39 20 54 402 32 173 602 34 110 22 33 22 765 206 696 98 65 57 20 42 39 50 573
leaf_count=23 34 1987 553 151 24 770 20 39 20 54 402 32 173 602 34 110 22 33 22 765 206 696 98 65 57 20 42 39 50 573
internal_value=1.30478e-10 0.0063275 0.0198526 0.0168741 0.0356479 0.0307572 -0.00606958 -0.00362662 -0.00150933 0.112176 -0.00503076 -0.123614 -0.00946801 -0.0221041 0.036498 -0.0109795 0.00687699 0.00285892 0.102559 -0.00265766 0.0393333 -0.0219076 -0.016221 -0.0657586 -0.096808 -0.0740793 -0.0551501 -0.00819577 -0.0249776 0.0122605
internal_weight=7716 4895 2341 2307 1347 1323 2554 2502 2463 74 2389 52 960 753 207 2821 1071 1049 55 994 229 1750 1578 220 155 172 152 1358 746 612
internal_count=7716 4895 2341 2307 1347 1323 2554 2502 2463 74 2389 52 960 753 207 2821 1071 1049 55 994 229 1750 1578 220 155 172 152 1358 746 612
is_linear=0
shrinkage=0.03


Tree=169
num_leaves=12
num_cat=0
split_feature=55 37 61 41 54 10 1 10 13 34 7
split_gain=586.658 1167.39 568.027 649.036 1175.74 980.433 583.759 973.138 598.897 557.142 531.973
threshold=300.50000000000006 514.33333333333337 110.20000000000003 71.850000000000009 26.250000000000004 14.550000000000002 77.309166200000007 18.100000000000005 32.500000000000007 60.983333333333341 22.985000000000003
decision_type=10 10 10 10 10 2 2 2 2 10 2
left_child=1 2 3 6 -5 -6 8 -8 -1 -4 -2
right_child=10 -3 9 4 5 -7 7 -9 -10 -11 -12
leaf_value=0.09980411689281464 -0.21209725596688009 0.1844190994193477 0.0029938240349292756 -0.18053449561650101 0.18592785443365573 0.03069385803960625 0.10951877003485286 0.0018088444606775924 -0.0044109539626394001 -0.1898631737274783 -0.020461510755121707
leaf_weight=50 22 31 26 22 40 433 111 236 6685 28 32
leaf_count=50 22 31 26 22 40 433 111 236 6685 28 32
internal_value=-2.03446e-11 0.000694454 -5.19046e-05 0.000639072 0.0338501 0.0438215 -0.00168223 0.0362636 -0.00363727 -0.0970061 -0.0985353
internal_weight=7716 7662 7631 7577 495 473 7082 347 6735 54 54
internal_count=7716 7662 7631 7577 495 473 7082 347 6735 54 54
is_linear=0
shrinkage=0.03


Tree=170
num_leaves=31
num_cat=0
split_feature=24 24 35 10 51 24 13 29 24 53 21 28 32 61 32 58 13 0 48 55 56 64 33 32 9 54 54 49 60 51
split_gain=576.198 1178.17 1000.84 1163.14 2386.59 2848.26 1184.95 1052.59 1364.72 1032.92 957.378 1482.29 1608.19 1279.99 2151.97 2193.63 1278.52 1044.95 852.175 1074.65 895.418 764.898 676.604 798.082 651.337 650.906 1375.2 617.085 550.927 745.402
threshold=698.07500000000016 666.79500000000019 352.50000000000006 12.950000000000001 523.54000000000008 524.57500000000016 292.50000000000006 96.000000000000014 633.28000000000009 236361.30000000002 157.50000000000003 112.50000000000001 28.550000000000004 18.364285714285717 52.350000000000001 36.150000000000013 306.50000000000006 28.557231250000005 50.415000000000006 258.07142857142861 86.15000000000002 172.00000000000003 58.550000000000004 172.50000000000003 41.550000000000004 264.50000000000006 293.50000000000006 131.7166666666667 24.950000000000003 169.33000000000001
decision_type=2 2 10 2 2 2 2 2 2 2 2 2 10 10 10 8 2 2 8 10 10 8 10 10 2 10 10 8 10 2
left_child=1 2 3 4 6 -6 -1 9 -9 -5 11 27 -13 14 -12 -16 18 -14 20 -20 -15 -19 -3 -24 -18 28 -27 -2 29 -4
right_child=10 22 25 7 5 -7 -8 8 -10 -11 13 12 17 16 15 -17 24 21 19 -21 -22 -23 23 -25 -26 26 -28 -29 -30 -31
leaf_value=0.034292550739282043 -0.032786281736699667 -0.21835355985164642 -0.22327036492918667 -0.0031557429698414116 0.067246433671372119 0.35744160090622146 -0.037956362550851892 -0.047925831562838181 0.10830273588498433 0.065559703535267286 -0.11472747476914753 0.29452109575271601 -0.035046382928139538 -0.22509287672383443 0.42619397778511048 0.056008388297152975 -0.18422126250446966 0.078124579987865178 0.027340076676338677 -0.150359971197322 -0.023898565953222952 0.26709737603153499 -0.015465634301843414 -0.22657606759294865 -0.017460694862263544 0.18341845074668525 -0.068436753040552148 0.10370903489419392 -0.0331443284768876 -0.068210971995123784
leaf_weight=562 201 30 38 3151 153 38 321 739 54 210 26 30 73 21 25 34 53 235 715 32 383 21 83 20 35 32 50 35 211 105
leaf_count=562 201 30 38 3151 153 38 321 739 54 210 26 30 73 21 25 34 53 235 715 32 383 21 83 20 35 32 50 35 211 105
internal_value=-9.45128e-11 -0.00471679 -0.00264433 0.000997486 0.0288267 0.124982 0.00802766 -0.00619765 -0.0372873 0.00113769 0.0142487 0.0458577 0.0842495 4.37339e-05 0.112661 0.212867 -0.00768226 0.0650758 0.000744166 0.0197278 -0.0343567 0.0936263 -0.0929758 -0.056458 -0.117896 -0.0463127 0.0298482 -0.0125433 -0.0639545 -0.109416
internal_weight=7716 5797 5664 5228 1074 191 883 4154 793 3361 1919 595 359 1324 85 59 1239 329 1151 747 404 256 133 103 88 436 82 236 354 143
internal_count=7716 5797 5664 5228 1074 191 883 4154 793 3361 1919 595 359 1324 85 59 1239 329 1151 747 404 256 133 103 88 436 82 236 354 143
is_linear=0
shrinkage=0.03


Tree=171
num_leaves=24
num_cat=0
split_feature=20 9 58 26 48 12 23 13 38 5 39 22 60 37 44 42 40 56 32 54 37 43 0
split_gain=563.827 961.732 914.775 895.875 2401.7 1808.23 859.929 686.425 1166.85 940.449 861.85 870.755 631.306 652.534 558.475 556.68 527.518 483.442 356.281 327.679 302.589 241.338 221.561
threshold=2883.2500000000005 19.450000000000003 70.250000000000014 1.5000000000000002 106.35000000000001 5.7500000000000009 560.33500000000015 113.50000000000001 144.00000000000003 610.00000000000011 88.250000000000014 206.00000000000003 23.150000000000002 327.83333333333343 14.350000000000003 20.450000000000003 69.183333333333351 387.50000000000006 97.350000000000009 157.50000000000003 228.16666666666671 9.9150000000000027 28.581425950000003
decision_type=2 2 10 2 8 2 2 2 8 2 10 2 10 10 10 10 10 10 10 10 8 10 2
left_child=6 2 18 4 5 20 12 10 9 -9 11 -5 13 14 -1 -4 17 19 -2 -14 -3 -20 -23
right_child=1 3 15 7 -6 -7 -8 8 -10 -11 -12 -13 16 -15 -16 -17 -18 -19 21 -21 -22 22 -24
leaf_value=-0.083219651966355737 -0.0030313671850844431 0.1139622473054462 -0.056093651618469846 -0.026511453322807861 -0.13642543296329676 0.33326981123490257 0.17596063212736657 0.0065198802287347903 0.23310182851552963 -0.048741382185732089 -0.17185265398118643 0.025953003711512556 0.012895241618156432 -0.17116749823093413 0.1260397577218034 0.14556588119694164 0.15920148665990147 -0.10032411012459884 -0.19735096231780269 0.1410776836318629 -0.03999502507969737 -0.13469527888004898 -0.060123561458854842
leaf_weight=24 38 27 22 1258 32 35 38 5128 20 293 32 368 50 26 22 28 35 22 22 28 20 61 87
leaf_count=24 38 27 22 1258 32 35 38 5128 20 293 32 368 50 26 22 28 35 22 22 28 20 61 87
internal_value=-5.7932e-11 -0.00146856 -0.058381 0.000567126 0.0839992 0.170019 0.0447821 -0.000772676 0.00437691 0.00353306 -0.0176719 -0.0146376 0.020701 -0.0510382 0.0168609 0.0568357 0.0589619 0.0238781 -0.0860773 0.0589095 0.0484485 -0.10464 -0.0908592
internal_weight=7716 7471 258 7213 114 82 245 7099 5441 5421 1658 1626 207 72 46 50 135 100 208 78 47 170 148
internal_count=7716 7471 258 7213 114 82 245 7099 5441 5421 1658 1626 207 72 46 50 135 100 208 78 47 170 148
is_linear=0
shrinkage=0.03


Tree=172
num_leaves=31
num_cat=0
split_feature=24 24 35 10 51 24 38 29 24 53 10 61 9 23 48 60 44 29 29 40 61 25 13 41 37 25 61 46 33 55
split_gain=542.907 1104.45 939.672 1068.61 2214.57 2635.05 1096.39 998.646 1288.56 965.923 878.39 1204.29 1138.44 1235.04 1301.22 1133.51 946.314 949.763 885.651 960.44 937.6 743.123 751.406 720.961 683.929 660.422 791.771 662.903 634.406 560.558
threshold=698.07500000000016 666.79500000000019 352.50000000000006 12.950000000000001 523.54000000000008 524.57500000000016 74.350000000000009 96.000000000000014 633.28000000000009 236361.30000000002 24.300000000000001 15.335000000000003 34.350000000000001 3154.3500000000004 81.65000000000002 21.250000000000004 41.850000000000001 207.64285714285717 233.14285714285717 43.883333333333347 18.575000000000006 5.5000000000000009 223.50000000000003 40.850000000000001 514.33333333333337 3.5000000000000004 70.642857142857153 31.083333333333339 58.550000000000004 80.028571428571439
decision_type=2 2 10 2 2 2 10 2 2 2 2 8 2 2 8 8 8 2 2 10 10 2 2 10 10 2 10 10 10 10
left_child=1 2 3 4 6 -6 -1 9 -9 -5 12 -12 13 18 23 -14 17 -17 19 -2 -20 25 -23 -15 -4 27 -27 -13 -3 -24
right_child=10 28 24 7 5 -7 -8 8 -10 -11 11 21 15 14 -16 16 -18 -19 20 -21 -22 22 29 -25 -26 26 -28 -29 -30 -31
leaf_value=-0.0086083628795780506 0.010979489875026047 -0.21143701297044754 -0.053336960096069308 -0.0029466813964459195 0.064723851657381246 0.34384638529074818 0.076559815853834146 -0.046559595740368748 0.10524707077278031 0.063503016518695013 0.17865527131177228 -0.017044323325135443 -0.061084024608135223 -0.094345992285272337 0.26983555868268011 0.014159327038243168 0.30159779098033901 0.17777748993417219 0.16410235385625407 0.13496351429100695 -0.019888064631535394 -0.00076482584079106645 -0.2020391152273206 0.12733539182332254 0.12214651356850352 0.062120015901173394 -0.073205810989044148 -0.15592132421977378 -0.054671207504365049 -0.014642970263957977
leaf_weight=715 159 30 415 3151 153 38 168 739 54 210 29 343 33 23 34 61 25 67 26 87 604 54 51 31 21 189 49 34 103 20
leaf_count=715 159 30 415 3151 153 38 168 739 54 210 29 343 33 23 34 61 25 67 26 87 604 54 51 31 21 189 49 34 103 20
internal_value=3.58905e-11 -0.0045785 -0.00257192 0.000956852 0.0276313 0.120256 0.00759578 -0.00593971 -0.0362222 0.00120519 0.0138309 -0.0109897 0.0304284 0.0173171 0.124453 0.0983816 0.132776 0.0998032 0.00655461 0.0548275 -0.0122948 -0.0184217 -0.0851052 0.0329155 -0.0448848 -0.00486818 0.0342588 -0.029569 -0.0900319 -0.149251
internal_weight=7716 5797 5664 5228 1074 191 883 4154 793 3361 1919 769 1150 964 88 186 153 128 876 246 630 740 125 54 436 615 238 377 133 71
internal_count=7716 5797 5664 5228 1074 191 883 4154 793 3361 1919 769 1150 964 88 186 153 128 876 246 630 740 125 54 436 615 238 377 133 71
is_linear=0
shrinkage=0.03


Tree=173
num_leaves=21
num_cat=0
split_feature=61 41 19 53 18 0 59 38 22 38 24 5 41 22 13 56 24 34 16 46
split_gain=549.621 593.971 1049.69 1256.51 1353.04 629.955 742.814 1152.1 945.15 1025.51 575.509 986.713 1887.27 1233.37 952.245 1542.65 892.811 522.43 436.352 240.581
threshold=110.20000000000003 101.50000000000001 10.458333333333334 185615.45000000004 6127.5000000000009 28.496097500000001 28.392857142857149 26.450000000000003 133.50000000000003 39.549069767441871 698.07500000000016 512.00000000000011 15.450000000000001 60.500000000000007 339.50000000000006 150.50000000000003 566.35000000000014 60.983333333333341 15.65 4.2883333333333349
decision_type=10 10 2 2 2 2 8 10 2 8 2 2 10 2 2 10 2 10 2 10
left_child=1 5 -3 -4 -5 6 7 19 9 -8 14 13 -13 -12 16 -16 -7 -2 -10 -1
right_child=17 2 3 4 -6 10 8 -9 18 -11 11 12 -14 -15 15 -17 -18 -19 -20 -21
leaf_value=-0.11964745239777999 0.0014604177268651816 0.26288486241496034 -0.17309928638594491 0.25253220720359909 -0.063348864096662266 -0.00092698214856301304 -0.071605233406880867 0.18337121017277241 0.081107140313833953 -0.27175236175457634 -0.069814235379864628 0.20594809870445921 -0.036180060432696164 0.038902745837802538 0.0029747656650013395 0.27424207436627351 -0.045084005892463024 -0.1852920238673687 -0.065198479370582235 -0.013840091586811468
leaf_weight=22 26 21 21 26 23 4893 64 27 32 36 102 31 443 1185 54 29 450 28 43 160
leaf_count=22 26 21 21 26 23 4893 64 27 32 36 102 31 443 1185 54 29 450 28 43 160
internal_value=1.0553e-11 0.000672175 0.0768606 0.0210533 0.104262 -0.000243575 -0.0376812 0.00049935 -0.0832796 -0.143658 0.00175671 0.0166583 -0.0203447 0.0302865 -0.00307959 0.0977549 -0.00464599 -0.0953742 -0.00277475 -0.02663
internal_weight=7716 7662 91 70 49 7571 384 209 175 100 7187 1761 474 1287 5426 83 5343 54 75 182
internal_count=7716 7662 91 70 49 7571 384 209 175 100 7187 1761 474 1287 5426 83 5343 54 75 182
is_linear=0
shrinkage=0.03


Tree=174
num_leaves=27
num_cat=0
split_feature=20 9 58 26 40 43 35 46 65 23 65 13 38 39 39 22 22 0 46 37 46 35 41 35 62 43
split_gain=535.498 882.8 847.285 812.297 1523.98 1603.92 2226.19 866.237 809.469 805.137 835.348 644.478 1070.25 866.46 801.655 781.218 641.495 875.364 448.523 395.368 331.329 293.592 281.688 182.763 209.086 140.418
threshold=2883.2500000000005 19.450000000000003 70.250000000000014 1.5000000000000002 65.083333333333357 21.386666666666667 235.50000000000003 29.804532374100727 116.90646454265159 560.33500000000015 153.16071428571431 113.50000000000001 144.00000000000003 134.50000000000003 88.250000000000014 206.00000000000003 92.500000000000014 28.662761550000003 10.501666666666674 334.16666666666669 7.73166666666667 349.50000000000006 24.950000000000003 192.50000000000003 73.750000000000014 20.016666666666662
decision_type=2 2 10 2 10 10 10 8 10 2 10 2 8 8 10 2 2 2 10 10 8 10 10 10 8 10
left_child=9 2 21 4 5 7 -7 -3 -4 10 16 14 13 -13 15 -5 18 19 20 -18 -1 23 -20 25 -25 -2
right_child=1 3 8 11 -6 6 -8 -9 -10 -11 -12 12 -14 -15 -16 -17 17 -19 22 -21 -22 -23 -24 24 -26 -27
leaf_value=0.042317837628722189 0.03942175018787384 0.15628086231462657 -0.070710132233798503 -0.025451740252836096 -0.15783307291567325 0.068924613640858584 0.48421808651515413 -0.10420945902665456 0.1708994077432614 0.17057325476045279 0.19969758587224143 0.0041729301401231267 0.22328620786964892 -0.18890321791172027 -0.16583028109744191 0.02424219329719958 -0.047145814541727303 0.086331009864807129 0.15672394852364255 -0.224564375522045 -0.11932265034743718 -0.17691291127210626 0.037500652171937481 -0.072508992024364741 -0.1783438537423499 -0.059241127641619859
leaf_weight=25 20 20 24 1258 20 26 21 27 26 38 21 5400 20 21 32 368 20 21 31 26 21 26 42 105 20 37
leaf_count=25 20 20 24 1258 20 26 21 27 26 38 21 5400 20 21 32 368 20 21 31 26 21 26 42 105 20 37
internal_value=5.15721e-11 -0.00143119 -0.0559581 0.000519169 0.0799642 0.130559 0.254481 0.00663749 0.0549268 0.0436426 0.0203413 -0.000756607 0.00423315 0.00342499 -0.0171313 -0.0142049 9.14045e-05 -0.0741588 0.0418961 -0.147426 -0.0314746 -0.0826132 0.0881297 -0.0691418 -0.0894426 -0.0246226
internal_weight=7716 7471 258 7213 114 94 47 47 50 245 207 7099 5441 5421 1658 1626 186 67 119 46 46 208 73 182 125 57
internal_count=7716 7471 258 7213 114 94 47 47 50 245 207 7099 5441 5421 1658 1626 186 67 119 46 46 208 73 182 125 57
is_linear=0
shrinkage=0.03


Tree=175
num_leaves=18
num_cat=0
split_feature=36 64 61 55 8 38 59 18 47 28 62 53 35 34 29 54 37
split_gain=527.213 524.169 642.638 598.325 825.065 705.78 744.128 610.253 579.17 508.326 716.387 902.327 438.659 594.325 260.301 225.363 189.766
threshold=559.50000000000011 182.85000000000005 51.078571428571436 258.07142857142861 19.250000000000004 134.50000000000003 117.44285714285716 6641.5000000000009 125.53773381294965 92.000000000000014 98.200000000000003 124754.40000000001 324.50000000000006 72.583333333333357 91.714285714285722 278.50000000000006 283.50000000000006
decision_type=10 10 10 10 2 10 10 2 8 2 10 2 10 10 2 8 10
left_child=1 3 9 5 8 6 7 -1 14 12 11 -11 13 -3 -5 -6 -12
right_child=-2 2 -4 4 15 -7 -8 -9 -10 10 16 -13 -14 -15 -16 -17 -18
leaf_value=-0.0023495675941194137 0.11146807109054765 -0.098010462676325155 0.17280847114735637 0.015559854827821252 -0.038102047177539629 0.17275488223348345 -0.17562577352943745 0.051189380691665683 -0.2588764874339104 0.26477248013019561 0.070111415802190699 0.014092189837247132 -0.14326196718475093 0.069179422152042383 -0.11145891071771676 0.089230013032411695 -0.014053398074505671
leaf_weight=7000 38 31 29 20 22 21 22 197 20 28 36 24 23 50 53 29 73
leaf_count=7000 38 31 29 20 22 21 22 197 20 28 36 24 23 50 53 29 73
internal_value=-5.70462e-11 -0.000551678 0.0387314 -0.00211577 -0.0626683 -0.000911406 -0.0014166 -0.000884072 -0.115846 0.0240588 0.0574531 0.149074 -0.0276383 0.00519317 -0.0766592 0.0343025 0.0137442
internal_weight=7716 7678 294 7384 144 7240 7219 7197 93 265 161 52 104 81 73 51 109
internal_count=7716 7678 294 7384 144 7240 7219 7197 93 265 161 52 104 81 73 51 109
is_linear=0
shrinkage=0.03


Tree=176
num_leaves=23
num_cat=0
split_feature=61 41 54 10 12 1 39 57 60 1 13 38 32 37 58 31 38 48 39 34 64 9
split_gain=518.488 570.07 1091.21 887.513 1262.82 1469.49 722.27 652.305 587.036 556.793 1134.49 786.247 749.445 725.296 547.638 598.691 591.01 1516.94 916.456 489.026 394.902 319.235
threshold=110.20000000000003 71.850000000000009 26.250000000000004 24.650000000000002 7.8500000000000005 77.146786750000018 63.050000000000004 219.49285714285719 57.95000000000001 77.309166200000007 154.00000000000003 67.350000000000009 289.50000000000006 287.50000000000006 12.850000000000003 1995.6807142857144 108.50000000000001 126.95000000000002 105.50000000000001 60.983333333333341 100.23611510791368 36.250000000000007
decision_type=10 10 10 2 2 2 10 10 8 2 2 10 8 10 8 2 10 10 10 10 10 2
left_child=1 9 -3 4 5 -4 8 -6 -5 14 11 20 13 -12 15 21 18 -18 -16 -2 -11 -1
right_child=19 2 3 6 7 -7 -8 -9 -10 10 12 -13 -14 -15 16 -17 17 -19 -20 -21 -22 -23
leaf_value=-0.055025531720431127 0.0010541470348834992 -0.17474442559802394 0.25030036691961621 0.089434937916230403 -0.054173160999215077 0.062783220831705164 -0.1702983669723783 0.14009597961232065 -0.021143618101828302 -0.034517615216240034 0.11244239401315974 -0.1938746197618868 0.24042862446809357 0.0029827828745584229 -0.0012642051822044779 0.09223002263615207 -0.13214663760529624 0.12391475286130066 -0.11450599348659699 -0.17962937423427192 0.0898136979726053 0.018087428999798639
leaf_weight=366 26 22 58 64 70 107 21 20 133 89 107 23 22 111 6141 31 27 91 65 28 31 63
leaf_count=366 26 22 58 64 70 107 21 20 133 89 107 23 22 111 6141 31 27 91 65 28 31 63
internal_value=7.3248e-11 0.00065286 0.0317901 0.0413964 0.0793923 0.128698 -0.00304831 -0.0110022 0.0147804 -0.00149768 0.0336942 -0.0331955 0.0735494 0.0567084 -0.00348449 -0.0350885 -0.00118566 0.0653244 -0.00245027 -0.0926336 -0.00239869 -0.0442887
internal_weight=7716 7662 495 473 255 165 218 90 197 7167 383 143 240 218 6784 460 6324 118 6206 54 120 429
internal_count=7716 7662 495 473 255 165 218 90 197 7167 383 143 240 218 6784 460 6324 118 6206 54 120 429
is_linear=0
shrinkage=0.03


Tree=177
num_leaves=31
num_cat=0
split_feature=15 13 12 6 15 0 0 32 54 63 60 56 41 10 16 26 12 0 15 10 35 15 65 47 35 65 40 29 34 21
split_gain=508.92 635.447 770.497 1017.42 690.683 600.574 714.491 782.044 1360.59 2662.66 1604.66 765.134 1041.75 905.653 676.554 908.041 2329.95 2033.84 670.317 1062.86 733.408 659.292 983.482 732.377 626.25 603.728 1235.16 596.106 586.705 520.275
threshold=976.1500000000002 92.000000000000014 5.6500000000000012 26.655000000000005 975.85000000000002 28.592996750000005 28.581425950000003 75.550000000000011 54.050000000000004 9.24714285714286 79.65000000000002 193.50000000000003 39.050000000000004 13.050000000000002 17.650000000000002 4.5000000000000009 6.9500000000000011 28.647228500000001 993.05000000000007 20.150000000000002 317.50000000000006 980.6500000000002 171.92142857142861 188.25000000000003 152.50000000000003 132.70714285714288 62.016666666666673 25.071428571428573 45.400000000000013 170.50000000000003
decision_type=2 2 2 2 2 2 2 8 8 10 10 8 10 2 2 2 2 2 2 2 10 2 8 10 10 10 10 2 10 2
left_child=1 -1 3 4 -3 6 7 11 9 -9 -10 13 -13 -2 15 16 17 -7 19 -17 -20 25 23 -23 -24 26 -16 -5 -29 -4
right_child=5 2 29 27 -6 14 -8 8 10 -11 -12 12 -14 -15 21 18 -18 -19 20 -21 -22 22 24 -25 -26 -27 -28 28 -30 -31
leaf_value=-0.093753899793992651 0.16880752528884579 -0.0021133556188827991 -0.020105948667672853 0.15302764066828872 -0.14853389481703438 0.091970212826026326 -0.052303182782516215 0.39381422317028042 -0.025970951136974552 0.0036819969626093229 -0.25276859990096295 -0.013200528864349637 0.10934528299438005 -0.004613592286443354 0.010247171090438156 0.047692626359304734 0.33695416495203967 -0.0033370842045467148 0.04880305950551532 -0.0082352521409860477 -0.099135189580057959 -0.019318793077226594 0.21770606332458556 -0.19405023396353829 0.027944741581877073 -0.13415349991484121 0.13459912492371187 0.0060729249542163426 0.15052014481276274 -0.092132112505912245
leaf_weight=94 28 149 465 53 36 350 298 20 882 74 29 105 154 845 583 497 24 475 43 795 101 1156 24 22 45 22 82 121 32 112
leaf_count=94 28 149 465 53 36 350 298 20 882 74 29 105 154 845 583 497 24 475 43 795 101 1156 24 22 45 22 82 121 32 112
internal_value=5.06366e-11 -0.0192854 -0.012054 0.0204599 -0.030606 0.00307801 -0.00878564 -0.00271721 -0.021978 0.0866889 -0.0331906 0.0143827 0.0596645 0.000948597 0.00992513 0.0209774 0.0455729 0.0370963 0.00643599 0.0132788 -0.0549592 -0.00313305 -0.0161341 -0.022582 0.0939487 0.0204656 0.0255808 0.0663201 0.0362841 -0.0340868
internal_weight=7716 1062 968 391 185 6654 2435 2137 1005 94 911 1132 259 873 4219 2285 849 825 1436 1292 144 1934 1247 1178 69 687 665 206 153 577
internal_count=7716 1062 968 391 185 6654 2435 2137 1005 94 911 1132 259 873 4219 2285 849 825 1436 1292 144 1934 1247 1178 69 687 665 206 153 577
is_linear=0
shrinkage=0.03


Tree=178
num_leaves=27
num_cat=0
split_feature=20 9 58 65 26 48 10 23 65 22 0 13 12 5 39 22 47 46 35 46 43 35 61 41 64 42
split_gain=503.457 824.185 779.134 753.982 753.941 2172.7 1598.75 749.257 788.399 619.076 854.374 575.143 908.435 797.459 751.259 710.276 665.21 416.717 323.41 311.454 278.997 276.304 336.1 260.306 223.187 181.121
threshold=2883.2500000000005 19.450000000000003 70.250000000000014 116.90646454265159 1.5000000000000002 106.35000000000001 9.9500000000000011 522.06500000000017 153.16071428571431 92.500000000000014 28.662761550000003 113.50000000000001 10.750000000000002 610.00000000000011 88.250000000000014 206.00000000000003 96.15000000000002 10.501666666666674 376.50000000000006 7.73166666666667 20.016666666666662 192.50000000000003 10.592142857142859 24.950000000000003 123.90000000000002 21.850000000000005
decision_type=2 2 10 10 2 8 2 2 10 2 2 2 2 2 10 2 10 10 10 8 10 10 10 10 8 10
left_child=7 2 21 -4 5 6 20 8 9 17 18 14 13 -13 15 -6 -14 19 -11 -1 -3 25 -23 -19 -24 -2
right_child=1 4 3 -5 11 -7 -8 -9 -10 10 -12 12 16 -15 -16 -17 -18 23 -20 -21 -22 22 24 -25 -26 -27
leaf_value=0.041409703065454953 0.041663044872491256 -0.036790550127625464 -0.06899576663970948 0.1641859055761821 -0.02409223413168262 -0.13261773051694034 0.3123547195749623 0.16289115142363769 0.1936851325205394 -0.072478718815837048 0.084030661582946781 0.0099317763089096841 -0.032832587026580644 -0.040714509599663391 -0.16015032084658742 0.023291662893651571 -0.1942044719696045 0.15108978850226248 -0.23368750316756112 -0.11530778075967515 0.11022852305036324 -0.21542578782141206 -0.064372675276168106 0.036480695264680049 -0.164020662599802 -0.067340416413019688
leaf_weight=25 23 21 24 26 1258 32 35 39 21 24 21 4833 286 297 32 368 25 31 21 21 26 20 106 42 25 34
leaf_count=25 23 21 24 26 1258 32 35 39 21 24 21 4833 286 297 32 368 25 31 21 21 26 20 106 42 25 34
internal_value=-5.64714e-11 -0.00138771 -0.0540734 0.0522587 0.000496785 0.077035 0.158851 0.0423168 0.0194896 -0.000283952 -0.073974 -0.000732311 0.00398141 0.00699962 -0.0162012 -0.0133682 -0.0458046 0.0405861 -0.147709 -0.0301352 0.0445391 -0.0796339 -0.100878 0.0851503 -0.0833895 -0.0233566
internal_weight=7716 7471 258 50 7213 114 82 245 206 185 66 7099 5441 5130 1658 1626 311 119 45 46 47 208 151 73 131 57
internal_count=7716 7471 258 50 7213 114 82 245 206 185 66 7099 5441 5130 1658 1626 311 119 45 46 47 208 151 73 131 57
is_linear=0
shrinkage=0.03


Tree=179
num_leaves=12
num_cat=0
split_feature=55 37 38 1 13 16 35 56 18 54 14
split_gain=499.902 1001.6 716.091 555.625 709.633 929.596 658.893 968.672 835.79 520.945 472.371
threshold=300.50000000000006 514.33333333333337 134.50000000000003 77.128061500000015 220.00000000000003 12.850000000000003 199.50000000000003 396.50000000000006 6635.5000000000009 256.50000000000006 0.25000000000000006
decision_type=10 10 10 2 2 2 8 10 2 10 2
left_child=1 2 3 4 5 -1 7 -5 -8 -2 -6
right_child=9 -3 -4 6 10 -7 8 -9 -10 -11 -12
leaf_value=0.17661393217742444 -0.20776492825576237 0.17082058985387125 0.17085961802439256 0.0026616308894418313 0.0088792330146566147 0.03514970894764971 -0.018922612030284194 0.18994978458881379 0.076256280957266331 -0.016626691526987338 -0.084847147318449889
leaf_weight=48 21 31 22 4260 403 324 2408 25 86 33 55
leaf_count=48 21 31 22 4260 403 324 2408 25 86 33 55
internal_value=5.33093e-11 0.000641053 -5.02809e-05 -0.000544435 0.0226237 0.0534032 -0.00338108 0.00375433 -0.0156406 -0.0909582 -0.00237612
internal_weight=7716 7662 7631 7609 830 372 6779 4285 2494 54 458
internal_count=7716 7662 7631 7609 830 372 6779 4285 2494 54 458
is_linear=0
shrinkage=0.03


Tree=180
num_leaves=20
num_cat=0
split_feature=61 41 32 28 0 40 28 46 63 24 17 32 43 31 55 54 28 54 54
split_gain=482.902 528.099 1516.32 1532.59 583.581 812.024 893.601 659.852 611.485 516.001 939.422 1077.72 952.355 907.037 858.134 825.978 442.06 415.921 379.559
threshold=110.20000000000003 101.50000000000001 63.550000000000004 98.500000000000014 28.496097500000001 39.716666666666676 160.50000000000003 4.2883333333333349 9.0228006166495387 698.07500000000016 1510.0000000000002 27.850000000000005 52.316666666666663 567.59571428571428 300.50000000000006 40.350000000000001 86.166666666666671 66.65000000000002 93.550000000000011
decision_type=10 10 8 2 2 8 2 10 10 2 2 10 10 2 10 10 2 10 10
left_child=1 4 16 -4 5 7 18 -1 -9 13 12 -12 -11 14 -6 -15 -3 -2 -7
right_child=17 2 3 -5 9 6 -8 8 -10 10 11 -13 -14 15 -16 -17 -18 -19 -20
leaf_value=-0.14746145653724668 -0.17579984274621194 -0.15889887535146305 0.37073923506520007 0.03613748819168125 0.0019623294490721333 -0.30817574782030921 -0.018504901129322553 0.11785026018108641 -0.016412746243248986 0.032118670904046714 0.171402644617483 -0.0051803010833220585 0.14823466482882697 0.064366133216575805 -0.15637574914963015 -0.056239394210149035 0.038175146207213399 -0.0091680597194603516 -0.12556428945064546
leaf_weight=30 26 21 22 28 4907 21 39 35 239 543 32 1114 72 58 31 430 20 28 20
leaf_count=30 26 21 22 28 4907 21 39 35 239 543 32 1114 72 58 31 430 20 28 20
internal_value=1.56621e-10 0.000630058 0.0724697 0.183362 -0.000233422 -0.0362667 -0.121308 -0.0138873 0.000737638 0.00169183 0.015802 -0.000249538 0.0457127 -0.00288762 0.000968307 -0.0419051 -0.0627652 -0.0893982 -0.219097
internal_weight=7716 7662 91 50 7571 384 80 304 274 7187 1761 1146 615 5426 4938 488 41 54 41
internal_count=7716 7662 91 50 7571 384 80 304 274 7187 1761 1146 615 5426 4938 488 41 54 41
is_linear=0
shrinkage=0.03


Tree=181
num_leaves=31
num_cat=0
split_feature=15 5 26 0 0 32 54 63 42 56 41 10 16 52 0 10 36 52 58 16 10 37 31 9 15 15 1 0 47 40
split_gain=483.751 562.587 767.512 551.646 676.928 720.562 1260.99 2482.54 1301.74 704.434 965.43 849.167 633.769 1145.49 2160.8 2318.87 886.884 775.113 774.614 545.215 736.561 2747.53 535.698 628.508 689.006 532.526 509.468 361.289 373.32 292.496
threshold=976.1500000000002 198.50000000000003 5.5000000000000009 28.592996750000005 28.581425950000003 75.550000000000011 54.050000000000004 9.24714285714286 85.350000000000009 193.50000000000003 39.050000000000004 13.050000000000002 15.850000000000003 7638.5000000000009 28.710515700000006 13.250000000000002 499.50000000000006 6855.5000000000009 57.650000000000013 16.050000000000004 11.550000000000002 202.50000000000003 889.39428571428562 33.95000000000001 974.25000000000011 974.6500000000002 77.201112150000014 28.677609300000004 51.630000000000003 62.016666666666673
decision_type=2 2 2 2 2 8 8 10 10 8 10 2 2 2 2 2 10 2 8 2 2 10 2 2 2 2 2 2 10 10
left_child=1 2 -1 4 5 9 7 -7 -8 11 -11 -2 13 16 15 -15 17 -5 -16 29 21 -21 23 24 -4 -25 -22 28 -3 -14
right_child=3 27 22 12 -6 6 8 -9 -10 10 -12 -13 19 14 18 -17 -18 -19 -20 20 26 -23 -24 25 -26 -27 -28 -29 -30 -31
leaf_value=0.096468514176251893 0.16360126040875911 -0.067704227173493961 0.046799905390000424 0.011913515977063891 -0.0507273699490716 0.3802186253964901 -0.026372249478769018 0.0035129480693187262 -0.27110307303071024 -0.012744991306747708 0.10522636027426108 -0.0043246123464461194 -0.036637772520383194 0.30350143972411753 -0.027403536606293459 0.064503223526675563 0.15514926254855735 -0.06157652099654079 -0.23698208332061768 0.334844482381429 -0.011472707560833384 -0.00029879810161960934 -0.13139316070203977 -0.01878420286460955 -0.053110781643131759 0.050866116659479245 0.018065446665378675 0.0071454252507537602 -0.20115000757677801 -0.18800547337532042
leaf_weight=56 28 54 74 930 298 20 891 74 20 105 154 845 27 40 65 422 35 150 21 28 1594 103 36 207 387 189 784 30 29 20
leaf_count=56 28 54 74 930 298 20 891 74 20 105 154 845 27 40 65 422 35 150 21 28 1594 103 36 207 387 189 784 30 29 20
internal_value=3.39861e-11 -0.0188025 -0.0112679 0.00300094 -0.00836919 -0.00246244 -0.0209507 0.0836631 -0.031745 0.0139516 0.0574001 0.00106133 0.00956322 0.0239783 0.0594937 0.0851957 0.00652315 0.00170657 -0.0785797 0.000184411 0.00208078 0.0713349 -0.018024 -0.0132617 -0.0370731 0.014458 -0.00173431 -0.0820798 -0.11433 -0.10105
internal_weight=7716 1062 949 6654 2435 2137 1005 94 911 1132 259 873 4219 1663 548 462 1115 1080 86 2556 2509 131 893 857 461 396 2378 113 83 47
internal_count=7716 1062 949 6654 2435 2137 1005 94 911 1132 259 873 4219 1663 548 462 1115 1080 86 2556 2509 131 893 857 461 396 2378 113 83 47
is_linear=0
shrinkage=0.03


Tree=182
num_leaves=26
num_cat=0
split_feature=20 9 58 65 23 65 26 48 10 22 1 13 39 58 1 32 17 46 61 32 46 43 41 43 68
split_gain=473.824 757.542 733.629 705.392 703.312 734.985 690.947 2029.21 1449.61 578.002 547.743 1589.43 1432.93 1417.34 733.719 653.757 562.484 391.819 386.212 308.215 295.426 258.612 244.033 209.469 158.542
threshold=2883.2500000000005 19.450000000000003 70.250000000000014 116.90646454265159 522.06500000000017 153.16071428571431 1.5000000000000002 106.35000000000001 9.9500000000000011 92.500000000000014 77.232522700000018 258.50000000000006 85.450000000000017 4.7550000000000008 77.201158150000012 32.150000000000013 3145.0000000000005 10.501666666666674 29.157142857142862 97.350000000000009 7.73166666666667 20.016666666666662 24.950000000000003 9.9150000000000027 11.500000000000002
decision_type=2 2 10 10 2 10 2 8 2 2 2 2 10 10 2 8 2 10 10 10 8 10 10 10 2
left_child=4 2 19 -4 5 9 7 8 21 17 14 12 -12 -13 16 -16 -8 20 -11 -2 -1 -3 -19 -21 -25
right_child=1 6 3 -5 -6 -7 10 -9 -10 18 11 13 -14 -15 15 -17 -18 22 -20 23 -22 -23 -24 24 -26
leaf_value=0.040438935396820301 0.00058132564011765153 -0.034352019876241688 -0.065959110250696534 0.15958385525128016 0.15787154344053797 0.18712740872587474 -0.006113209958213078 -0.12887995155528187 0.2989680927821568 -0.13560730845340199 -0.0072682074257464984 0.23627124077640474 -0.19537348203851201 0.033237467549442408 0.040728698109276588 -0.068676577802466707 0.028681482108092151 0.14639288288931693 0.010612595934292365 -0.18029810465194962 -0.11219285224165235 0.10719411712426405 0.035424001376543723 -0.11342176678682296 -0.051270615617176149
leaf_weight=25 38 21 24 26 39 21 4405 32 35 37 892 32 38 938 60 272 462 31 29 22 21 26 42 71 77
leaf_count=25 38 21 24 26 39 21 4405 32 35 37 892 32 38 938 60 272 462 31 29 22 21 26 42 71 77
internal_value=4.18362e-11 -0.00134626 -0.0518569 0.0513232 0.0410525 0.0189363 0.000460449 0.0737314 0.152799 -0.000155644 -0.00071618 0.0130684 -0.0149542 0.0399355 -0.00575383 -0.0489045 -0.00281032 0.0393354 -0.0713592 -0.0766599 -0.0292408 0.0439501 0.0825478 -0.0939255 -0.0810864
internal_weight=7716 7471 258 50 245 206 7213 114 82 185 7099 1900 930 970 5199 332 4867 119 66 208 46 47 73 170 148
internal_count=7716 7471 258 50 245 206 7213 114 82 185 7099 1900 930 970 5199 332 4867 119 66 208 46 47 73 170 148
is_linear=0
shrinkage=0.03


Tree=183
num_leaves=27
num_cat=0
split_feature=36 1 13 38 37 10 17 8 63 15 62 20 44 38 44 23 19 23 38 18 18 43 36 13 22 13
split_gain=462.833 484.659 652.036 812.05 639.333 1245.95 1187.44 1060.96 935.927 658.594 1036.42 654.712 641.19 638.903 1042.15 711.676 453.001 582.269 878.521 486.174 786.4 436.814 309.05 289.502 267.791 220.839
threshold=559.50000000000011 77.128061500000015 220.00000000000003 71.250000000000014 289.83333333333343 14.450000000000001 1865.0000000000002 19.250000000000004 86.528571428571439 988.55000000000007 2.6050000000000004 10052.250000000002 50.850000000000001 65.550000000000011 17.650000000000002 12260.245000000001 10.887500000000001 632.55500000000018 39.250000000000007 3770.0000000000005 6242.0000000000009 47.683333333333344 138.50000000000003 109.00000000000001 394.00000000000006 286.50000000000006
decision_type=10 2 2 10 10 2 2 2 10 2 10 2 10 10 10 2 2 2 10 2 2 10 10 2 2 2
left_child=1 2 3 21 8 6 7 -6 13 10 -7 -10 -11 15 -15 -3 19 18 -18 25 -21 23 -23 -1 -19 -4
right_child=-2 4 16 -5 5 9 -8 -9 11 12 -12 -13 -14 14 -16 -17 17 24 -20 20 -22 22 -24 -25 -26 -27
leaf_value=-0.015335885583990603 0.10444063982681225 -0.0053297307379420204 -0.10681113537105445 0.18609955425063768 -0.030361173381352455 -0.20006620231109695 0.1939453200995922 0.056971426934381071 0.22239474189692532 -0.088650906469140728 -0.025565718365859323 -0.00072111475467681878 -0.29255728979797463 0.082265891837953672 0.0023213874855507704 0.09613735148993631 -0.0071644419652515468 0.064916445291450908 -0.15036160654854028 0.094930605715250263 -0.06509303291638692 -0.0049569121428898397 0.12767426976000934 0.049249172329169803 -0.0613288670182228 0.0034685598415407264
leaf_weight=128 38 4974 26 36 603 37 26 158 29 35 178 20 23 211 482 63 97 62 64 119 36 21 64 122 20 44
leaf_count=128 38 4974 26 36 603 37 26 158 29 35 178 20 23 211 482 63 97 62 64 119 36 21 64 122 20 44
internal_value=-3.44833e-11 -0.000516898 0.0210025 0.0507063 -0.00315687 -0.024574 -0.00541769 -0.012229 0.000771519 -0.0797976 -0.055596 0.131327 -0.16951 -0.000344924 0.0266624 -0.00406064 -0.00254473 -0.0309459 -0.0640875 0.0281285 0.0577638 0.0361566 0.0949066 0.0161816 0.0341249 -0.0374925
internal_weight=7716 7678 839 371 6839 1060 787 761 5779 273 215 49 58 5730 693 5037 468 243 161 225 155 335 85 250 82 70
internal_count=7716 7678 839 371 6839 1060 787 761 5779 273 215 49 58 5730 693 5037 468 243 161 225 155 335 85 250 82 70
is_linear=0
shrinkage=0.03


Tree=184
num_leaves=31
num_cat=0
split_feature=1 13 33 59 37 35 41 1 36 32 10 30 10 59 13 16 5 51 13 68 58 62 44 9 19 23 40 18 18 24
split_gain=456.277 1013.66 781.629 1063.75 777.1 752.267 583.605 504.153 648.849 1083.34 923.179 1520.94 966.682 869.091 632.723 714.574 575.947 575.884 750.939 1815.8 665.028 612.308 572.557 441.335 440.024 555.304 609.684 457.441 739.924 413.708
threshold=77.309166200000007 167.50000000000003 178.50000000000003 58.535714285714292 304.50000000000006 251.50000000000003 15.450000000000001 77.128061500000015 216.50000000000003 195.50000000000003 13.250000000000002 385.12999999999982 15.700000000000001 43.707142857142863 220.00000000000003 12.850000000000003 106.50000000000001 278.12000000000006 96.500000000000014 16.500000000000004 14.350000000000003 89.950000000000003 18.950000000000003 33.050000000000004 10.887500000000001 632.55500000000018 33.883333333333347 3770.0000000000005 6242.0000000000009 249.82000000000002
decision_type=2 2 8 10 10 10 10 2 8 10 2 2 2 10 2 2 2 2 2 2 10 8 8 2 2 2 10 2 2 2
left_child=7 5 4 -4 29 -2 -5 14 9 10 11 -9 -12 -11 15 16 -1 18 19 -10 -19 -22 -20 -6 27 26 -26 -16 -29 -3
right_child=1 2 3 6 23 -7 -8 8 17 13 12 -13 -14 -15 24 -17 -18 20 22 -21 21 -23 -24 -25 25 -27 -28 28 -30 -31
leaf_value=0.062199013084173201 0.012991768721595544 0.030376146130618596 0.34099979254603385 -0.019007535517215731 0.008256928374791252 -0.13683306649859461 0.19551849185356071 0.0032955385294492837 -0.060020579737874689 0.25158537019576344 -0.059645418512514072 0.1312225688555308 -5.6609846920418066e-05 -0.00038442892784422097 -0.036367696922804629 0.032760821586405788 0.26480603763590688 -0.1440027864945346 -0.014096733411872073 0.22087015909197577 -0.0082196925843263536 0.058639330460336703 -0.06198167220638557 -0.16840294262766839 -0.0073502082219895192 0.032398092229906694 -0.12349788887856099 0.092082687568764712 -0.063140243540207544 0.14594807259142398
leaf_weight=28 107 63 20 25 35 42 21 257 53 28 262 124 3780 22 70 324 23 29 380 34 823 145 550 20 85 83 78 119 36 50
leaf_count=28 107 63 20 25 35 42 21 257 53 28 262 124 3780 22 70 324 23 29 380 34 823 145 550 20 85 83 78 119 36 50
internal_value=5.5591e-11 0.0319213 0.0708664 0.158344 0.0365002 -0.0292407 0.0789283 -0.00166724 -0.00450793 0.00185857 0.000288824 0.0449306 -0.00391912 0.140719 0.0201148 0.049191 0.153571 -0.0186477 -0.0345312 0.0497528 -0.00244552 0.00179535 -0.0424158 -0.055983 -0.00303505 -0.0307665 -0.0629301 0.0272847 0.0560309 0.0815142
internal_weight=7716 383 234 66 168 149 46 7333 6487 4473 4423 381 4042 50 846 375 51 2014 1017 87 997 968 930 55 471 246 163 225 155 113
internal_count=7716 383 234 66 168 149 46 7333 6487 4473 4423 381 4042 50 846 375 51 2014 1017 87 997 968 930 55 471 246 163 225 155 113
is_linear=0
shrinkage=0.03


Tree=185
num_leaves=31
num_cat=0
split_feature=15 13 12 7 5 15 32 33 22 35 21 43 52 52 36 10 52 47 47 21 38 64 24 35 65 33 36 56 61 62
split_gain=451.182 571.151 670.28 1172.5 603.069 600.862 543.871 1460.49 1016.43 946.677 860.959 1278.15 795.392 2300.49 1574.74 1421.02 755.048 715.258 512.736 484.437 759.945 506.817 522.277 436.37 429.182 369.621 359.922 314.496 312.242 230.772
threshold=976.1500000000002 92.000000000000014 5.6500000000000012 9.0750000000000011 65.500000000000014 975.85000000000002 49.750000000000007 128.50000000000003 67.500000000000014 71.850000000000009 223.50000000000003 55.016666666666673 9486.2500000000018 7638.5000000000009 355.50000000000006 11.550000000000002 2883.2500000000005 125.53773381294965 15.410000000000002 36.000000000000007 30.950000000000003 45.415000000000006 1177.2150000000001 27.650000000000002 52.458571428571439 27.850000000000005 46.050000000000004 57.850000000000001 45.857142857142868 4.8250000000000011
decision_type=2 2 2 2 2 2 8 10 2 8 2 10 2 2 10 2 2 8 10 2 10 8 2 10 8 10 10 8 10 8
left_child=1 25 3 5 24 28 7 8 18 -8 11 -10 13 16 -15 -14 -11 -17 27 20 26 22 -21 -20 -5 -1 -4 -2 -3 -6
right_child=6 2 19 4 29 -7 9 -9 10 12 -12 -13 15 14 -16 17 -18 -19 23 21 -22 -23 -24 -25 -26 -27 -28 -29 -30 -31
leaf_value=-0.1824702313873503 0.035296318646400204 0.008576262922843499 0.066147206193870975 0.16326885862066082 0.080124898555998997 -0.14193925681213537 0.18152923986911773 0.27133534020557998 0.045549239561717469 0.046323813829714282 -0.015587794506089696 0.18574158803063939 0.16641367078121555 0.087266493498810188 -0.052443033860161387 -0.026787247690097108 -0.014546281725512296 0.014246739604819512 0.10063349422744729 -0.073712618506829669 0.065642482576178107 -0.018523903324056581 -0.22334953198066124 0.0045421911768475107 0.0088866254367998675 -0.050994902868101849 -0.050579701897749046 -0.07162294842121078 -0.11509054477725709 -0.016257381411111455
leaf_weight=27 31 147 27 71 36 36 25 20 244 208 118 77 38 439 87 1894 1551 479 44 109 92 124 26 1276 21 67 199 123 21 59
leaf_count=27 31 147 27 71 36 36 25 20 244 208 118 77 38 439 87 1894 1551 479 44 109 92 124 26 1276 21 67 199 123 21 59
internal_value=6.96453e-11 -0.0181585 -0.0113027 0.0190231 0.0732835 -0.0307157 0.00289816 0.016302 0.0136357 -0.00259 0.0537056 0.0791779 -0.00357019 0.00911226 0.0641586 -0.0155899 -0.00734845 -0.0185044 0.00170168 -0.0318527 -0.0070449 -0.0623117 -0.102532 0.00774523 0.128029 -0.0887591 -0.0366345 -0.0501002 -0.00688209 0.0202664
internal_weight=7716 1062 968 391 187 204 6654 1933 1913 4721 439 321 4696 2285 526 2411 1759 2373 1474 577 318 259 135 1320 92 94 226 154 168 95
internal_count=7716 1062 968 391 187 204 6654 1933 1913 4721 439 321 4696 2285 526 2411 1759 2373 1474 577 318 259 135 1320 92 94 226 154 168 95
is_linear=0
shrinkage=0.03


Tree=186
num_leaves=24
num_cat=0
split_feature=18 60 16 12 9 60 11 34 57 23 12 38 48 33 24 16 60 41 18 62 5 38 45
split_gain=453.111 611.306 588.131 1114.31 1278.1 944.338 903.495 1293.35 1430.3 1317.69 864.605 752.205 686.275 1413.68 651.524 592.355 591.347 672.719 617.139 761.711 724.487 462.895 289.54
threshold=6719.5000000000009 86.950000000000017 19.350000000000005 7.4500000000000011 23.000000000000004 59.95000000000001 61.500000000000007 39.483333333333341 157.76428571428576 78.085000000000022 5.1500000000000012 96.350000000000009 183.85000000000005 117.50000000000001 53.150000000000013 18.850000000000005 37.550000000000004 75.600000000000009 5431.0000000000009 67.950000000000017 90.500000000000014 34.750000000000007 12.050000000000002
decision_type=2 10 2 2 2 8 2 10 10 2 2 10 10 10 2 2 8 10 2 8 2 10 10
left_child=2 22 3 6 -5 15 7 8 -1 -9 11 -8 16 -14 -12 -6 17 21 19 -18 -20 -4 -2
right_child=1 -3 12 4 5 -7 10 9 -10 -11 14 -13 13 -15 -16 -17 18 -19 20 -21 -22 -23 -24
leaf_value=0.059049144606735257 0.076796868901986337 0.19987962251124172 -0.017413676727400906 0.2160135647027116 0.0042594910603947931 0.19671551674604415 0.0031950596772587379 0.10189019510813523 0.31445752590894699 0.0025359280437496747 -0.003104716331364775 0.15302201072054525 -0.2402625752579082 0.079378432899713511 -0.045777708809264239 0.097429894938280706 -0.087928350016467385 0.16000851890072226 0.038205634284972666 0.0011340084812738968 -0.030143769494696944 0.017958637956880987 -0.044961209110915661
leaf_weight=111 39 23 686 38 320 30 1110 128 24 1956 545 31 33 20 787 76 254 24 198 131 473 647 32
leaf_count=111 39 23 686 38 320 30 1110 128 24 1956 545 31 33 20 787 76 254 24 198 131 473 647 32
internal_value=-8.47853e-11 0.0654633 -0.000807341 0.00495586 0.0493054 0.0344347 0.000570061 0.0144676 0.104455 0.0086383 -0.0119001 0.00726573 -0.0128572 -0.119643 -0.0283177 0.0221407 -0.0105118 0.00258929 -0.0273471 -0.057624 -0.00997509 -0.000244969 0.02192
internal_weight=7716 94 7622 5156 464 426 4692 2219 135 2084 2473 1141 2466 53 1332 396 2413 1357 1056 385 671 1333 71
internal_count=7716 94 7622 5156 464 426 4692 2219 135 2084 2473 1141 2466 53 1332 396 2413 1357 1056 385 671 1333 71
is_linear=0
shrinkage=0.03


Tree=187
num_leaves=31
num_cat=0
split_feature=0 13 35 1 40 29 32 39 32 60 54 43 5 16 11 59 39 5 40 20 20 32 68 55 13 20 48 60 16 43
split_gain=440.225 615.359 1265.6 1199.82 985.639 1082.29 964.196 994.432 712.222 1360.83 968.581 1015.48 635.344 562.836 632.682 1667.62 1108.89 1254.1 846.469 612.405 1425.2 1618.03 922.877 810.064 713.775 603.82 1141.06 711.353 506.677 506.427
threshold=28.557231250000005 258.50000000000006 249.50000000000003 77.252950000000013 40.983333333333327 132.71428571428575 95.450000000000017 58.750000000000007 70.850000000000009 76.300000000000026 54.050000000000004 50.533333333333353 59.500000000000007 19.350000000000005 47.500000000000007 32.614285714285721 36.62383720930233 96.500000000000014 96.600000000000023 14378.500000000002 13500.750000000002 53.850000000000001 12.500000000000002 64.607142857142875 297.50000000000006 28701.000000000004 197.65000000000001 37.550000000000004 22.000000000000004 60.583333333333336
decision_type=2 2 10 2 8 2 10 10 10 8 10 10 2 2 2 10 8 2 10 2 2 10 2 10 2 2 10 10 2 10
left_child=1 2 6 4 29 -6 7 -1 9 -5 -10 -12 -4 14 15 -2 17 -17 -18 20 24 -22 23 -21 -16 26 27 -15 -27 -3
right_child=13 3 12 8 5 -7 -8 -9 10 -11 11 -13 -14 25 19 16 18 -19 -20 22 21 -23 -24 -25 -26 28 -28 -29 -30 -31
leaf_value=-0.018878005566105197 -0.050886645716589497 -0.024584452961613466 -0.23893215483985841 0.056218342739157379 -0.25150343605130909 -0.0080873453172464523 0.13837792391943582 -0.23377126872539519 0.2033037519454956 0.31472689145377702 0.024466488957405091 -0.12893211990594863 -0.081044753403575323 0.0013614944502706324 0.012535336526519754 0.073097274005413049 0.036614307081563213 0.36733497717163777 0.19705280140042306 0.17318232049657539 0.30242371570679449 0.023213154132616647 -0.13109789219498635 -0.081448989186597903 -0.019979698613510226 0.11018780642394292 -0.202359467600954 -0.039476372556869532 0.010738541795761806 0.080611795180655532
leaf_weight=626 146 333 32 144 35 31 34 20 21 21 174 50 81 1124 2432 32 394 22 32 22 31 47 70 23 810 59 29 583 211 47
leaf_count=626 146 333 32 144 35 31 34 20 21 21 174 50 81 1124 2432 32 394 22 32 22 31 47 70 23 810 59 29 583 211 47
internal_value=-7.10912e-11 -0.0137448 -0.0327852 0.00389422 -0.0301596 -0.137172 -0.0173356 -0.025531 0.0409382 0.0891194 0.00848956 -0.00977427 -0.125756 0.00373582 0.0101579 0.0378958 0.0649004 0.192972 0.048666 0.00510287 0.0074604 0.134181 -0.062958 0.0430374 0.00441159 -0.00926516 -0.0157562 -0.0125861 0.03247 -0.0115733
internal_weight=7716 1649 793 856 446 66 680 646 410 165 245 224 113 6067 4061 626 480 54 426 3435 3320 78 115 45 3242 2006 1736 1707 270 380
internal_count=7716 1649 793 856 446 66 680 646 410 165 245 224 113 6067 4061 626 480 54 426 3435 3320 78 115 45 3242 2006 1736 1707 270 380
is_linear=0
shrinkage=0.03


Tree=188
num_leaves=24
num_cat=0
split_feature=61 43 10 16 1 56 8 42 61 0 1 0 40 56 24 31 22 56 61 34 47 46 19
split_gain=449.558 481.218 1623.8 1536.99 1249.49 1180.33 828.575 822.382 791.491 739.202 635.966 518.446 799.559 587.371 542.527 933.666 754.79 476.359 469.904 431.292 364.58 360.868 303.933
threshold=110.20000000000003 67.416666666666671 24.450000000000003 20.750000000000004 77.188546500000015 201.50000000000003 31.350000000000005 81.65000000000002 71.54928571428573 28.662761550000003 77.197765150000009 28.496097500000001 39.716666666666676 243.50000000000003 698.07500000000016 567.59571428571428 60.500000000000007 105.50000000000001 70.642857142857153 60.983333333333341 49.420000000000009 4.2883333333333349 18.272916666666671
decision_type=10 10 2 2 2 10 2 10 10 2 2 2 8 10 2 2 2 10 10 10 8 8 2
left_child=1 8 3 4 9 -6 20 18 11 -3 -10 12 21 -14 15 -13 -16 -8 -5 -2 -4 -1 -19
right_child=19 2 6 7 5 -7 17 -9 10 -11 -12 14 13 -15 16 -17 -18 22 -20 -21 -22 -23 -24
leaf_value=-0.1255682163923979 0.0017271306208119942 0.25338111862114499 -0.060100548774003983 -0.034627905727728552 0.12911420614115501 -0.096335696237669743 -0.13185418367385865 -0.12803218933252186 -0.19830283636396581 0.070996698981949255 -0.0019781799769649903 0.00047540356887161952 -0.26928961259445972 -0.060958708812450531 -0.064198823196443808 -0.04468626674727233 0.022245756122096984 0.035874929062084303 0.15930744405497205 -0.16795576083873001 -0.24124185454845429 -0.0055798379883363648 -0.045051715317797864
leaf_weight=25 26 70 20 23 57 33 23 39 33 28 27 4764 21 29 97 451 1447 143 22 28 20 231 59
leaf_count=25 26 70 20 23 57 33 23 39 33 28 27 4764 21 29 97 451 1447 143 22 28 20 231 59
internal_value=4.53178e-11 0.000607917 0.0279938 0.0794856 0.127154 0.0464492 -0.0248582 -0.0272016 -0.00145611 0.201271 -0.109957 -0.000534663 -0.0387289 -0.148458 0.0011945 -0.00343024 0.016815 -0.00249148 0.0601849 -0.0862566 -0.150671 -0.0172975 0.0122379
internal_weight=7716 7662 537 272 188 90 265 84 7125 98 60 7065 306 50 6759 5215 1544 225 45 54 40 256 202
internal_count=7716 7662 537 272 188 90 265 84 7125 98 60 7065 306 50 6759 5215 1544 225 45 54 40 256 202
is_linear=0
shrinkage=0.03


Tree=189
num_leaves=22
num_cat=0
split_feature=36 35 29 41 64 12 21 62 7 0 38 39 13 5 68 42 8 60 61 1 62
split_gain=436.332 479.086 1528.21 701.415 834.602 673.648 836.583 654.011 629.097 700.352 633.387 545.472 539.191 912.323 774.506 495.401 486.791 406.107 361.443 249.561 205.684
threshold=559.50000000000011 352.50000000000006 358.35714285714295 41.550000000000004 103.13201438848922 3.6500000000000008 280.50000000000006 140.50000000000003 10.235000000000001 28.682925800000003 108.50000000000001 103.50000000000001 113.50000000000001 570.00000000000011 7.5000000000000009 9.3750000000000018 19.750000000000004 23.450000000000003 19.973571428571436 77.21423320000001 11.65
decision_type=10 10 2 10 8 2 2 10 2 2 10 10 2 2 2 10 2 10 10 2 10
left_child=1 5 8 4 17 6 15 12 9 18 11 -10 14 -14 -7 -1 -17 -4 -3 -9 -5
right_child=-2 2 3 20 -6 7 -8 19 10 -11 -12 -13 13 -15 -16 16 -18 -19 -20 -21 -22
leaf_value=0.16773326115948814 0.10140653662383556 -0.30007643947005275 0.059105565190315248 0.07444265636412993 0.14517791299415486 -0.047573060786803109 0.18109942741053442 0.15945303964614868 -0.03676123401591859 -0.011858450455798043 0.085708106632033973 -0.17847227141261099 0.0066892083237391356 -0.050417466191855026 -0.0023731284481320592 0.062947397486216597 -0.014126403175376273 -0.10514148725994994 -0.1256966053014216 0.037086211279034609 0.19060226817122275
leaf_weight=21 38 20 20 23 28 495 35 30 409 27 36 26 4709 266 1098 124 182 42 23 30 34
leaf_count=21 38 20 20 23 28 495 35 30 409 27 36 26 4709 266 1098 124 182 42 23 30 34
internal_value=-6.44313e-12 -0.000501882 -0.0243882 0.0613865 0.009235 0.00184916 0.0416999 -0.000327361 -0.0476948 -0.13161 -0.0352232 -0.0452313 -0.00122806 0.00363587 -0.0164183 0.0267794 0.0171061 -0.0521586 -0.206804 0.0982696 0.143731
internal_weight=7716 7678 688 147 90 6990 362 6628 541 70 471 435 6568 4975 1593 327 306 62 43 60 57
internal_count=7716 7678 688 147 90 6990 362 6628 541 70 471 435 6568 4975 1593 327 306 62 43 60 57
is_linear=0
shrinkage=0.03


Tree=190
num_leaves=18
num_cat=0
split_feature=61 41 32 28 21 16 61 38 48 48 23 47 5 34 38 46 64
split_gain=416.409 483.902 1422.08 1391.93 691.657 473.723 683.743 489.58 2212.67 584.136 477.333 1052.91 581.499 404.784 262.742 355.992 197.145
threshold=110.20000000000003 101.50000000000001 63.550000000000004 98.500000000000014 105.50000000000001 29.000000000000004 57.628571428571426 108.50000000000001 110.95000000000002 194.40000000000003 12260.245000000001 81.65000000000002 549.50000000000011 60.983333333333341 35.850000000000001 19.333333333333343 53.605000000000011
decision_type=10 10 10 2 2 2 10 10 10 10 2 8 2 10 10 10 10
left_child=1 5 4 -4 -3 7 14 10 -9 -10 12 -12 -1 -2 16 -16 -7
right_child=13 2 3 -5 -6 6 -8 8 9 -11 11 -13 -14 -15 15 -17 -18
leaf_value=0.00118084738530567 0.0022215427286349813 -0.18186096569257121 0.35531591095707632 0.036437939139349118 0.064648603029549112 -0.028010638495606761 -0.19452355744317174 -0.22948079488107134 0.15452897573736582 0.021186872739344834 0.010448632818020758 0.26127821230888371 -0.036914827425442366 -0.16216425270374329 0.09750084808096289 -0.037220081058217253 -0.1115408356381314
leaf_weight=6739 26 21 22 28 20 93 24 21 77 48 61 20 381 28 31 41 35
leaf_count=6739 26 21 22 28 20 93 24 21 77 48 61 20 381 28 31 41 35
internal_value=7.43425e-11 0.000585074 0.0693528 0.176744 -0.0616124 -0.000241483 -0.0432187 0.00106883 0.0554562 0.103326 -3.38686e-05 0.0723819 -0.000857699 -0.0830155 -0.0250621 0.0207848 -0.0508509
internal_weight=7716 7662 91 50 41 7571 224 7347 146 125 7201 81 7120 54 200 72 128
internal_count=7716 7662 91 50 41 7571 224 7347 146 125 7201 81 7120 54 200 72 128
is_linear=0
shrinkage=0.03


Tree=191
num_leaves=12
num_cat=0
split_feature=55 36 38 1 13 10 65 18 10 7 14
split_gain=423.647 710.497 624.138 440.528 576.956 743.403 543.6 550.434 529.61 422.321 406.429
threshold=300.50000000000006 559.50000000000011 134.50000000000003 77.128061500000015 220.00000000000003 18.950000000000003 180.07142857142858 6719.5000000000009 15.850000000000003 22.985000000000003 0.25000000000000006
decision_type=10 10 10 2 2 2 10 2 2 2 2
left_child=1 2 3 4 5 -1 7 -5 -8 -2 -6
right_child=9 -3 -4 6 10 -7 8 -9 -10 -11 -12
leaf_value=0.14376679689669219 -0.18491741956634955 0.13949205020611935 0.14963997083902358 -0.0053600674367142234 0.008116718495348051 0.029134680451462405 0.090485589767928087 0.071927844059786625 -0.020278043783590442 -0.01417029931442812 -0.078834874111143025
leaf_weight=61 22 33 25 6526 402 308 107 84 61 32 55
leaf_count=61 22 33 25 6526 402 308 107 84 61 32 55
internal_value=-8.9241e-11 0.000590137 -1.06968e-05 -0.00050271 0.0201819 0.0480847 -0.00302344 -0.00437789 0.0502678 -0.0837339 -0.00234792
internal_weight=7716 7662 7629 7604 826 369 6778 6610 168 54 457
internal_count=7716 7662 7629 7604 826 369 6778 6610 168 54 457
is_linear=0
shrinkage=0.03


Tree=192
num_leaves=31
num_cat=0
split_feature=1 13 33 59 37 37 41 58 31 56 42 34 18 18 41 17 22 23 38 58 8 24 10 39 12 64 62 17 33 64
split_gain=419.626 912.434 711.756 1006.83 715.902 631.388 529.411 458.082 652.235 531.47 1277.61 741.057 587.29 1429.17 1637.31 1249.36 1076.68 1105.46 581.403 377.909 374.111 373.581 295.268 286.549 279.26 266.317 338.751 262.029 252.012 248.528
threshold=77.309166200000007 167.50000000000003 178.50000000000003 58.535714285714292 304.50000000000006 318.16666666666669 15.450000000000001 12.850000000000003 1995.6807142857144 47.650000000000013 41.250000000000007 66.216666666666669 5589.5000000000009 6127.5000000000009 112.50000000000001 3105.0000000000005 423.50000000000006 2073.2400000000002 21.650000000000002 40.45000000000001 25.850000000000005 249.82000000000002 25.950000000000003 28.450000000000003 6.1500000000000012 90.250000000000014 67.950000000000017 1402.5000000000002 58.95000000000001 65.725000000000009
decision_type=2 2 8 10 10 10 10 8 2 8 10 10 2 2 10 2 2 2 10 10 2 2 2 10 2 10 10 2 10 8
left_child=7 5 4 -4 21 25 -5 8 22 10 19 -12 16 14 -14 -15 17 -11 -18 23 -6 28 -1 -9 27 29 -27 -24 -3 -2
right_child=1 2 3 6 20 -7 -8 9 -10 12 11 -13 13 15 -16 -17 18 -19 -20 -21 -22 -23 24 -25 -26 26 -28 -29 -30 -31
leaf_value=-0.056646150292174235 0.013788231107038119 -0.020919453231869514 0.32873904705047607 -0.019501446783542632 0.025678495195590786 -0.16173596630875881 0.18482146712286129 0.018316149684515864 0.099343140765347254 -0.0082649322832533383 0.082514414553498394 0.31988722068071368 0.031374838086279194 -0.048616622776924807 0.28742164383763852 0.019361592833139003 -0.082654751921973885 -0.08124481141101568 0.053076607335886331 0.10402636154421738 -0.13083137844290049 0.13920222911238669 -0.008161755190339199 -0.058716828873602009 -0.040482449602543755 0.13266479544639587 -0.028744722686030646 0.10976483172604015 0.10095551734933486 -0.09566394306719303
leaf_weight=296 43 37 20 25 27 26 21 165 33 3980 29 20 988 474 23 500 31 196 339 35 28 50 43 59 94 25 22 28 26 33
leaf_count=296 43 37 20 25 27 26 21 165 33 3980 29 20 988 474 23 500 31 196 339 35 28 50 43 59 94 25 22 28 26 33
internal_value=-1.58092e-11 0.0306124 0.0675618 0.151038 0.0347677 -0.0274155 0.0737764 -0.00159888 -0.0294976 0.000416329 0.0389268 0.179401 -0.00139981 0.0122144 0.0371998 -0.0137202 -0.00734442 -0.0116902 0.0417045 0.0123506 -0.0539993 0.0779729 -0.0387205 -0.00197379 -0.00656297 0.000977397 0.0571114 0.0383445 0.0293782 -0.0337371
internal_weight=7716 383 234 66 168 149 46 7333 494 6839 308 49 6531 1985 1011 974 4546 4176 370 259 55 113 461 224 165 123 47 71 63 76
internal_count=7716 383 234 66 168 149 46 7333 494 6839 308 49 6531 1985 1011 974 4546 4176 370 259 55 113 461 224 165 123 47 71 63 76
is_linear=0
shrinkage=0.03


Tree=193
num_leaves=28
num_cat=0
split_feature=20 23 65 35 30 30 59 38 56 23 1 18 10 16 7 7 22 0 13 37 60 13 46 48 48 46 41
split_gain=405.519 635.334 646.322 525.284 721.41 2350.56 794.266 2112.73 702.401 694.739 714.41 816.935 927.849 793.316 609.332 1128 508.009 773.577 457.74 393.254 391.652 365.892 357.768 306.75 299.981 276.966 228.585
threshold=2883.2500000000005 522.06500000000017 153.16071428571431 199.50000000000003 376.7766666666667 391.97916666666669 102.09285714285714 82.050000000000011 396.50000000000006 12260.245000000001 77.128061500000015 6635.5000000000009 21.250000000000004 12.850000000000003 30.690000000000001 28.050000000000004 92.500000000000014 28.662761550000003 260.50000000000006 334.16666666666669 33.750000000000007 291.50000000000006 10.501666666666674 43.725000000000001 51.645000000000003 7.73166666666667 24.950000000000003
decision_type=2 2 10 8 2 2 10 10 10 2 2 2 2 2 2 2 2 2 2 10 10 2 10 8 10 8 10
left_child=1 2 16 4 8 -6 7 -7 14 10 13 12 -12 18 15 -2 22 19 -5 -18 -11 -15 25 -16 -13 -1 -24
right_child=3 -3 -4 9 5 6 -8 -9 -10 20 11 24 -14 21 23 -17 17 -19 -20 -21 -22 -23 26 -25 -26 -27 -28
leaf_value=0.038016513727605346 -0.0022920151800781652 0.14900843983086257 0.17467870577105454 0.20323151257421287 0.29984048071834773 0.013962771520581464 -0.16584993277277263 0.24370967914929262 0.16590166934511877 0.18812682893127203 -0.011746242570400117 0.13730499189850445 -0.0552535651369142 0.021117202288864229 -0.011349777389586585 0.19619871228933333 -0.03870769827067852 0.0826495076077325 0.05510804668068886 -0.21718347169384361 0.012886780337853865 -0.045127221195825504 0.13916090783813306 -0.081963187333109769 0.020151157613311495 -0.10976956631456102 0.031761707429374966
leaf_weight=25 2882 39 21 28 27 1365 21 37 22 24 1690 37 597 263 97 26 20 21 57 25 22 105 31 129 42 21 42
leaf_count=25 2882 39 21 28 27 1365 21 37 22 24 1690 37 597 263 97 26 20 21 57 25 22 105 31 129 42 21 42
internal_value=-9.18595e-11 0.0379784 0.0169582 -0.00124544 0.00502834 0.0225443 0.0172829 0.020026 -0.00301925 -0.0113317 -0.0132188 -0.0198271 -0.0231034 0.021296 -0.00420504 -0.000517339 -0.000945239 -0.0676985 0.103902 -0.137861 0.104316 0.00221594 0.0360776 -0.0516557 0.0750207 -0.029451 0.0773696
internal_weight=7716 245 206 7471 4606 1450 1423 1402 3156 2865 2819 2366 2287 453 3134 2908 185 66 85 45 46 368 119 226 79 46 73
internal_count=7716 245 206 7471 4606 1450 1423 1402 3156 2865 2819 2366 2287 453 3134 2908 185 66 85 45 46 368 119 226 79 46 73
is_linear=0
shrinkage=0.03


Tree=194
num_leaves=31
num_cat=0
split_feature=1 13 38 10 15 33 55 18 9 23 49 10 43 65 38 15 18 15 21 23 58 61 24 20 1 33 17 24 64 59
split_gain=403.294 854.913 658.237 645.877 1055.19 1952.9 619.633 497.657 448.279 1231.42 1031.28 912.793 1571.16 794.694 1209.63 1129.12 921.493 668.593 745.123 819.46 696.909 643.598 459.425 695.838 454.488 419.777 364.48 350.373 223.426 369.495
threshold=77.309166200000007 154.00000000000003 67.350000000000009 18.250000000000004 991.85000000000002 162.50000000000003 85.052380952380972 3672.5000000000005 33.95000000000001 3154.3500000000004 72.89666666666669 20.350000000000005 43.233333333333341 132.70714285714288 86.250000000000014 982.25000000000011 6133.5000000000009 975.95000000000016 356.00000000000006 1668.7900000000002 37.615581395348848 48.357142857142861 3.8800000000000003 5592.5000000000009 77.16077700000001 19.650000000000002 1907.5000000000002 249.82000000000002 96.850000000000009 45.592857142857149
decision_type=2 2 10 2 2 10 10 2 2 2 8 2 10 10 10 2 2 2 2 2 10 10 2 2 2 10 2 2 10 10
left_child=8 2 26 4 5 -3 27 -6 9 17 21 12 24 14 16 -15 -13 22 19 -19 -20 -11 25 -24 -10 -1 28 -5 29 -2
right_child=1 3 -4 6 7 -7 -8 -9 11 10 -12 13 -14 15 -16 -17 -18 18 20 -21 -22 -23 23 -25 -26 -27 -28 -29 -30 -31
leaf_value=-0.033309200950290843 -0.010719570110218143 0.080825770107599393 -0.17507318968682187 0.0089140855214175051 -0.054914546714426249 0.44544576269388197 -0.087841689872244985 0.1237255090713501 0.087705475173890587 -0.083899357479352205 0.23183516384022576 0.023428588717078345 0.2460630740905897 -0.25978395447134972 0.19192933270634965 0.034367810384086941 -0.018174908707663414 -0.0030833937802446001 0.0096775545956183026 0.098981041048585516 -0.076545524143295574 0.13153815373778344 0.042775757512034371 -0.053984776640874005 -0.10783544012709805 -0.20627989402323563 0.099536792700393839 0.13018097876294241 0.058859669821602956 -0.16205270829051732
leaf_weight=23 53 39 23 51 32 20 36 25 20 26 35 1143 39 24 32 23 825 4241 131 72 237 24 86 301 23 28 26 37 21 20
leaf_count=23 53 39 23 51 32 20 36 25 20 26 35 1143 39 24 32 23 825 4241 131 72 237 24 86 301 23 28 26 37 21 20
internal_value=3.5804e-11 0.0300108 -0.028055 0.0646084 0.115491 0.204426 0.0170082 0.0234364 -0.00156745 -0.00631177 0.106938 0.0100293 0.108175 0.00609768 0.00896316 -0.115837 0.0059881 -0.00819227 -0.00487579 -0.00137956 -0.045852 0.0195106 -0.0436362 -0.0324824 -0.0168862 -0.128274 0.000123486 0.0599013 -0.0273738 -0.0521807
internal_weight=7716 383 143 240 116 59 124 57 7333 5204 85 2129 82 2047 2000 47 1968 5119 4681 4313 368 50 438 387 43 51 120 88 94 73
internal_count=7716 383 143 240 116 59 124 57 7333 5204 85 2129 82 2047 2000 47 1968 5119 4681 4313 368 50 438 387 43 51 120 88 94 73
is_linear=0
shrinkage=0.03


Tree=195
num_leaves=10
num_cat=0
split_feature=61 60 55 37 54 40 58 54 12
split_gain=404.553 467.832 397.077 811.248 472.258 388.896 470.628 381.148 78.2389
threshold=110.20000000000003 129.50000000000003 300.50000000000006 514.33333333333337 256.50000000000006 5.1750000000000007 4.7550000000000008 66.65000000000002 8.2500000000000018
decision_type=10 10 10 10 10 8 8 10 2
left_child=1 2 3 5 -4 8 -7 -2 -1
right_child=7 -3 4 -5 -6 6 -8 -9 -10
leaf_value=-0.10365370978911718 -0.16453622346457381 0.13014132332280279 -0.1921246337890625 0.15388359841560165 -0.010137217662889849 0.10207774063799439 0.00015763424219588604 -0.0050220797224236379 -0.034569915492832656
leaf_weight=36 26 25 21 31 33 41 7450 28 25
leaf_count=36 26 25 21 31 33 41 7450 28 25
internal_value=1.68467e-11 0.000576685 0.00015255 0.000729813 -0.0809101 0.000101136 0.000715467 -0.0818252 -0.0753407
internal_weight=7716 7662 7637 7583 54 7552 7491 54 61
internal_count=7716 7662 7637 7583 54 7552 7491 54 61
is_linear=0
shrinkage=0.03


Tree=196
num_leaves=24
num_cat=0
split_feature=65 58 58 35 37 51 28 7 17 7 59 57 22 31 38 65 62 28 9 62 65 12 19
split_gain=392.801 575.542 482.094 578.065 766.943 713.577 3494.24 677.016 635.27 464.938 380.024 863.336 360.204 320.915 217.388 242.131 236.422 228.35 134.777 101.966 71.2962 63.0884 53.7963
threshold=22.41500000000001 4.7550000000000008 12.850000000000003 199.50000000000003 184.50000000000003 565.55500000000018 92.500000000000014 9.5850000000000026 3347.5000000000005 61.975000000000001 20.790714285714291 163.08571428571432 154.00000000000003 12.524285714285588 6.1950000000000012 21.60071428571429 5.5750000000000011 168.50000000000003 33.350000000000001 3.5950000000000002 18.640963455149507 6.3500000000000005 25.177083333333339
decision_type=8 8 8 8 8 2 2 2 2 2 10 10 2 2 10 10 10 2 2 10 10 2 2
left_child=14 -2 9 5 12 8 -7 -6 -4 10 13 -12 -5 -3 21 16 17 19 20 -16 -18 -1 -17
right_child=1 2 3 4 7 6 -8 -9 -10 -11 11 -13 -14 -15 15 22 18 -19 -20 -21 -22 -23 -24
leaf_value=-0.13238988762348888 0.13247540214657783 0.035221102262085129 0.0026415988851445932 -0.043269411484301086 -0.041603755543254455 0.40484108708839378 0.025976635208806966 0.0018977657835794921 0.067603232356462067 0.092372915982268738 -0.2178034264035523 0.017486692857742309 -0.14225193193027127 -0.046971493807504879 0.023035986859253364 -0.098951939227214694 -0.042468301866735732 -0.067008886903524398 -0.0041062123729632451 0.09380929127335548 -0.12064186594315937 -0.063603047646582131 -0.037586277035996318
leaf_weight=20 30 55 3463 125 371 23 462 2437 141 24 32 25 45 192 57 36 21 20 39 27 21 30 20
leaf_count=20 30 55 3463 125 371 23 462 2437 141 24 32 25 45 192 57 36 21 20 39 27 21 30 20
internal_value=-9.32481e-11 0.00134002 0.000808026 0.00245823 -0.00759575 0.0097805 0.0439434 -0.00384976 0.00518311 -0.0347468 -0.0447826 -0.114606 -0.0694707 -0.0286695 -0.0341911 -0.0223806 -0.00583639 0.0240935 -0.0442649 0.0457845 -0.0815551 -0.0911178 -0.0770356
internal_weight=7716 7425 7395 7067 2978 4089 485 2808 3604 328 304 57 170 247 291 241 185 104 81 84 42 50 56
internal_count=7716 7425 7395 7067 2978 4089 485 2808 3604 328 304 57 170 247 291 241 185 104 81 84 42 50 56
is_linear=0
shrinkage=0.03


Tree=197
num_leaves=31
num_cat=0
split_feature=20 23 65 15 31 15 19 48 55 64 19 56 65 19 41 56 47 18 47 7 60 38 41 62 62 20 46 18 60 30
split_gain=383.14 592.622 610.002 474.455 1182.4 1073.07 678.114 1129.54 1295.61 1137.76 1086.29 673.944 666.582 614.932 587.501 530.642 597.346 529.764 1723.04 876.213 471.325 469.619 455.513 437.917 519.497 416.319 384.833 372.982 346.583 344.97
threshold=2883.2500000000005 522.06500000000017 153.16071428571431 992.85000000000002 365.99571428571431 993.85000000000002 9.3500000000000032 203.45000000000002 161.6428571428572 67.008273381294984 8.8416666666666686 493.50000000000006 113.7457142857143 11.38125 38.850000000000001 393.50000000000006 107.50086330935254 5589.5000000000009 152.90000000000003 75.200000000000003 23.150000000000002 55.050000000000004 37.850000000000001 15.450000000000001 29.150000000000002 4265.0000000000009 75.416666666666671 3976.0000000000005 27.050000000000004 430.56999999999977
decision_type=2 2 10 2 2 2 2 10 10 8 2 10 10 2 10 8 10 2 10 2 10 10 10 8 8 2 8 2 10 2
left_child=1 2 20 6 5 15 7 9 -9 14 -11 17 27 23 -2 16 -5 19 -19 -8 21 -1 -15 29 -25 -13 28 -7 -22 -6
right_child=3 -3 -4 4 13 12 11 8 -10 10 -12 25 -14 22 -16 -17 -18 18 -20 -21 26 -23 -24 24 -26 -27 -28 -29 -30 -31
leaf_value=-0.010409783267105619 -0.027694404647253187 0.14414865206067379 0.16983917177787849 0.054423001761532433 -0.19636661812663078 -0.08193749229423701 -0.013647131231523599 -0.24500397586822509 0.038744365498423576 0.038542556352705239 0.14589449426647527 0.0042876065961484399 0.061843248423602851 -0.082068727975711228 0.0314952110805626 -0.036016196435317394 0.19554827519825527 0.0056978265945758439 0.25658501429557801 0.06595468768227282 0.17458789469115435 -0.18222042262554167 -0.25297734632492069 0.066739123458308819 -0.051811491027474399 0.1567404410164607 -0.064703358734647429 0.0072683691006090682 0.033419558603006105 -0.052177110104821622
leaf_weight=45 336 39 21 118 28 148 3531 30 28 481 103 28 54 32 274 40 35 1695 25 129 20 21 25 42 160 38 27 59 72 32
leaf_count=45 336 39 21 118 28 148 3531 30 28 481 103 28 54 32 274 40 35 1695 25 129 20 21 25 42 160 38 27 59 72 32
internal_value=4.57268e-11 0.0369156 0.0166142 -0.00121059 -0.0234648 0.00763673 0.00135771 0.0212661 -0.108022 0.0275465 0.0574762 -0.0032191 -0.0320244 -0.0677284 -0.00110759 0.0612718 0.0867066 -0.004388 0.00934444 -0.0108415 -0.000778885 -0.0650768 -0.157029 -0.0483005 -0.0271624 0.0920635 0.0348821 -0.0565117 0.0641083 -0.119466
internal_weight=7716 245 206 7471 773 454 6698 1252 58 1194 584 5446 261 319 610 193 153 5380 1720 3660 185 66 57 262 202 66 119 207 92 60
internal_count=7716 245 206 7471 773 454 6698 1252 58 1194 584 5446 261 319 610 193 153 5380 1720 3660 185 66 57 262 202 66 119 207 92 60
is_linear=0
shrinkage=0.03


Tree=198
num_leaves=12
num_cat=0
split_feature=44 47 38 38 56 57 18 1 58 37 63
split_gain=384.622 398.457 444.3 413.107 472.134 884.593 511.95 437.929 1167.6 264.479 232.715
threshold=1.5800000000000003 5.7550000000000017 4.5250000000000012 14.65 63.850000000000001 138.01428571428576 6719.5000000000009 77.192309650000013 47.95000000000001 121.38333333333335 5.7901428571428584
decision_type=8 8 8 8 8 10 2 2 8 10 10
left_child=10 -2 -3 7 5 -5 -6 8 -4 -9 -1
right_child=1 2 3 4 6 -7 -8 9 -10 -11 -12
leaf_value=0.029142349802834144 -0.11781565370969474 0.10803248941898345 -0.015159517479961027 0.016016504254466338 -0.0022644149766748809 0.15635247706673866 0.071436804371431115 -0.023375806836038827 0.22207806457579135 -0.08070899138839116 0.15436312765221702
leaf_weight=34 26 34 281 675 6205 43 86 150 20 140 22
leaf_count=34 26 34 281 675 6205 43 86 150 20 140 22
internal_value=6.95457e-11 -0.000572693 -0.000173385 -0.000657464 0.00137354 0.024421 -0.0012569 -0.0247443 0.000603777 -0.0510539 0.0783362
internal_weight=7716 7660 7634 7600 7009 718 6291 591 301 290 56
internal_count=7716 7660 7634 7600 7009 718 6291 591 301 290 56
is_linear=0
shrinkage=0.03


Tree=199
num_leaves=16
num_cat=0
split_feature=61 60 0 43 13 39 68 16 16 8 16 38 12 34 12
split_gain=382.745 430.973 379.459 643.512 647.362 1008.63 884.268 511.128 795.392 1087.11 595.503 508.477 453.659 378.647 185.055
threshold=110.20000000000003 129.50000000000003 28.557231250000005 101.66666666666667 180.50000000000003 41.050000000000004 10.500000000000002 17.550000000000004 16.950000000000003 18.950000000000003 15.850000000000003 8.7200000000000024 5.5500000000000007 60.983333333333341 7.4500000000000011
decision_type=10 10 2 10 2 10 2 2 2 2 2 8 2 10 2
left_child=1 2 3 4 5 -1 -6 8 10 -10 -4 14 -13 -2 -9
right_child=13 -3 7 -5 6 -7 -8 11 9 -11 -12 12 -14 -15 -16
leaf_value=-0.020904256134229873 0.0028501347624338589 0.12491694438457487 0.013136613121796217 0.15622729906439781 0.0184823722256954 -0.12061692860709237 -0.044836074105033305 -0.15545278009772301 0.22711426091194153 0.038196453674551413 -0.021100060136658605 0.11662581314598874 -0.0047671751666775357 -0.15613992987200617 -0.052602705519545719
leaf_weight=494 26 25 2362 20 688 112 279 20 30 318 567 28 2645 28 74
leaf_count=494 26 25 2362 20 688 112 279 20 30 318 567 28 2645 28 74
internal_value=-1.58908e-10 0.000560926 0.000153842 -0.0128717 -0.0150217 -0.039333 0.000213658 0.00358695 0.0116036 0.0544825 0.00650903 -0.00590723 -0.00349557 -0.0795892 -0.0744857
internal_weight=7716 7662 7637 1593 1573 606 967 6044 3277 348 2929 2767 2673 54 94
internal_count=7716 7662 7637 1593 1573 606 967 6044 3277 348 2929 2767 2673 54 94
is_linear=0
shrinkage=0.03


Tree=200
num_leaves=12
num_cat=0
split_feature=54 56 36 37 29 16 16 37 13 22 37
split_gain=373.617 656.388 435.717 424.922 760.778 905.751 626.523 666.975 482.604 439.37 413.265
threshold=371.50000000000006 511.50000000000006 559.50000000000011 340.50000000000006 480.57142857142861 15.850000000000003 11.450000000000001 148.50000000000003 113.50000000000001 102.50000000000001 342.83333333333343
decision_type=10 10 10 10 2 2 2 10 2 2 10
left_child=1 2 3 6 9 -6 7 -1 -8 -5 -3
right_child=-2 10 -4 4 5 -7 8 -9 -10 -11 -12
leaf_value=-0.044194118681262773 -0.11353108905542356 0.20686770379543304 0.10838729644363576 -0.069281346002830688 0.22616547046796134 -0.017593032250947813 -0.015472797413325209 0.048854803153714092 0.0035251528445613104 -0.015229104680516529 0.041038910276991754
leaf_weight=83 26 21 33 207 23 34 1602 421 4837 391 38
leaf_count=83 26 21 33 207 23 34 1602 421 4837 391 38
internal_value=1.80348e-11 0.00038385 -0.000386829 -0.000859262 -0.0239575 0.0807657 0.00131982 0.0335313 -0.00120147 -0.0339395 0.100063
internal_weight=7716 7690 7631 7598 655 57 6943 504 6439 598 59
internal_count=7716 7690 7631 7598 655 57 6943 504 6439 598 59
is_linear=0
shrinkage=0.03


Tree=201
num_leaves=31
num_cat=0
split_feature=1 13 37 33 15 37 45 44 62 17 20 9 23 49 17 49 57 20 11 9 32 63 24 64 62 58 64 56 11 60
split_gain=369.816 795.093 641.602 598.982 1707.77 618.584 444.564 794.421 733.922 728.858 2181.75 702.361 1943.61 616.084 814.809 602.545 481.843 447.18 1419.8 793.95 426.362 368.101 324.975 275.305 296.437 255.482 208.759 203.014 192.992 143.329
threshold=77.309166200000007 154.00000000000003 318.16666666666669 178.50000000000003 990.95000000000016 304.50000000000006 41.006618705035983 41.850000000000001 7.0650000000000004 1612.5000000000002 11424.250000000002 41.550000000000004 5053.2250000000013 100.35833333333333 1970.0000000000002 81.200000000000031 38.707142857142863 8281.2500000000018 63.500000000000007 30.850000000000005 172.50000000000003 55.967857142857149 249.82000000000002 90.250000000000014 66.488633093525195 63.150000000000013 65.725000000000009 196.50000000000003 59.500000000000007 10.950000000000001
decision_type=2 2 10 8 2 10 8 10 8 2 2 2 2 8 2 10 10 2 2 2 10 10 2 10 8 10 8 10 2 10
left_child=6 2 23 5 -5 22 7 16 -9 20 -11 12 13 15 -15 -8 -1 18 -18 -19 -10 -7 27 26 -25 -24 29 -3 -6 -2
right_child=1 3 -4 4 28 21 11 8 9 10 -12 -13 -14 14 -16 -17 17 19 -20 -21 -22 -23 25 24 -26 -27 -28 -29 -30 -31
leaf_value=0.13681192462858946 -0.043838810282094132 0.071683314729195369 -0.16875845024362207 0.34774897892514001 0.097580913908779612 -0.13820124492049218 -0.019319003892826363 -0.074145203470610654 0.071552446661172095 0.30173048518924045 0.03304787770702558 -0.19150984740257262 0.2189190036454238 -0.021407069228387025 0.033407014219914204 -0.11261665389218645 0.053739217150390942 -0.034429474737104622 -0.0037029141063168896 0.00069167364149682437 -0.025488483028986104 0.017222703527659176 0.065427667001883183 0.1286623325228691 -0.026293805971741673 0.19995130233000963 -0.090469404133883394 -0.035331134994824723 -0.028600853122770786 0.068377398457378141
leaf_weight=23 21 39 24 23 20 24 142 39 81 40 85 20 32 1121 312 111 504 775 1672 2294 82 32 27 25 20 24 33 27 24 20
leaf_count=23 21 39 24 23 20 24 142 39 81 40 85 20 32 1121 312 111 504 775 1672 2294 82 32 27 25 20 24 33 27 24 20
internal_value=1.33678e-11 0.0287382 -0.0272593 0.0621034 0.13826 0.0326092 -0.00150099 0.00261593 0.0479887 0.0645277 0.119026 -0.0147542 -0.0126966 -0.0170926 -0.00947267 -0.060252 -0.000200489 -0.000801306 0.0096017 -0.0081773 0.0227343 -0.0493876 0.0718554 0.00127836 0.0597929 0.128733 -0.0343048 0.0279047 0.0287545 0.0109008
internal_weight=7716 383 143 240 67 173 7333 5595 327 288 125 1738 1718 1686 1433 253 5268 5245 2176 3069 163 56 117 119 45 51 74 66 44 41
internal_count=7716 383 143 240 67 173 7333 5595 327 288 125 1738 1718 1686 1433 253 5268 5245 2176 3069 163 56 117 119 45 51 74 66 44 41
is_linear=0
shrinkage=0.03


Tree=202
num_leaves=31
num_cat=0
split_feature=5 42 5 20 40 35 65 43 49 13 36 40 55 15 56 59 35 19 65 42 7 15 19 62 46 34 18 44 43 56
split_gain=374.871 1839.04 1045.27 817.944 944.194 789.002 766.9 673.248 1030.96 650.176 619.882 774.707 657.602 566.444 599.818 682.992 561.462 551.729 687.519 572.342 537.572 494.595 488.531 417.056 330.96 300.321 251.427 237.112 153.249 149.005
threshold=549.50000000000011 15.950000000000001 423.50000000000006 40925.500000000007 88.850000000000009 352.50000000000006 180.07142857142858 64.666666666666671 63.166666666666679 107.50000000000001 278.50000000000006 56.383333333333347 164.42142857142861 993.05000000000007 421.50000000000006 91.878571428571448 537.50000000000011 10.325000000000001 196.20714285714288 18.550000000000004 107.86000000000001 976.1500000000002 15.404166666666667 12.44676258992806 93.78333333333336 56.750000000000007 4279.5000000000009 22.13492805755396 40.283333333333339 365.50000000000006
decision_type=2 8 2 2 8 10 10 10 10 2 10 10 10 2 10 10 10 2 10 10 2 2 2 10 8 10 2 10 10 10
left_child=2 -2 5 4 9 6 20 8 26 25 12 -12 -10 14 16 -16 -7 18 -8 -19 21 -1 -11 -22 27 -3 -4 -15 -28 -26
right_child=1 3 7 -5 -6 13 17 -9 10 22 11 -13 -14 24 15 -17 -18 19 -20 -21 23 -23 -24 -25 29 -27 28 -29 -30 -31
leaf_value=-0.01889843592159127 0.20611568619465004 0.095118084087967875 -0.10480277264490723 0.096973339120546967 -0.25318810907006262 -0.047494159875245995 0.25092354403601752 0.20402079308262239 -0.029653530476821795 -0.045384180899709463 0.29328543561956155 0.08986011076585522 0.16492796204306862 -0.038808221412556514 0.005179481009514454 0.19272218219258569 0.094653621183501346 0.12758905707299709 0.05596407844889454 -0.052164451705122537 0.13407696601236238 0.0038183581958674325 -0.13870673841413328 -0.0085114614069461813 0.03740538990497589 -0.012397204361205814 -0.047904662929475303 -0.1556857001488326 0.048808815140148683 -0.078398275427520273
leaf_weight=1038 29 30 32 36 20 339 27 26 54 196 23 63 22 21 85 22 27 25 41 44 48 5104 68 30 20 106 30 61 29 20
leaf_count=1038 29 30 32 36 20 339 27 26 54 196 23 63 22 21 85 22 27 25 41 44 48 5104 68 30 20 106 30 61 29 20
internal_value=-7.65195e-11 -0.0255325 0.00171253 -0.0402646 -0.0520278 -0.000572462 0.00251953 0.0586489 0.0437095 -0.0419698 0.089098 0.144265 0.0266727 -0.0336074 -0.0187415 0.0437397 -0.0370078 0.0727296 0.133374 0.0129636 0.000973099 -2.07874e-05 -0.0694218 0.0792353 -0.0912431 0.0113194 -0.037092 -0.125754 -0.00036753 -0.0204964
internal_weight=7716 485 7231 456 420 6952 6357 279 253 400 162 86 76 595 473 107 366 137 68 69 6220 6142 264 78 122 136 91 82 59 40
internal_count=7716 485 7231 456 420 6952 6357 279 253 400 162 86 76 595 473 107 366 137 68 69 6220 6142 264 78 122 136 91 82 59 40
is_linear=0
shrinkage=0.03


Tree=203
num_leaves=25
num_cat=0
split_feature=20 9 58 26 48 10 43 61 40 58 1 13 39 58 1 32 17 56 21 62 32 62 43 0
split_gain=366.058 582.382 649.717 610.979 1845.21 1287.1 535.717 805.824 534.299 1272.63 468.039 1224.37 1297.44 1244.7 620.684 586.263 453.595 382.745 340.879 258.535 257.179 253.599 190.771 185.212
threshold=2883.2500000000005 19.450000000000003 70.250000000000014 1.5000000000000002 106.35000000000001 9.9500000000000011 11.118333333333334 18.575000000000006 69.183333333333351 77.950000000000017 77.232522700000018 258.50000000000006 85.450000000000017 4.7550000000000008 77.201158150000012 32.150000000000013 3105.0000000000005 387.50000000000006 39.500000000000007 9.4339208633093534 97.350000000000009 31.650000000000002 9.9150000000000027 28.581425950000003
decision_type=2 2 10 2 8 2 8 10 10 10 2 2 10 10 2 8 2 10 2 10 10 10 10 2
left_child=6 2 20 4 5 19 -1 -8 17 -10 14 12 -12 -13 16 -16 -5 21 -4 -3 -2 -9 -22 -24
right_child=1 3 18 10 -6 -7 7 8 9 -11 11 13 -14 -15 15 -17 -18 -19 -20 -21 22 -23 23 -25
leaf_value=0.1739053089333617 0.0017445674063147681 0.10269017325507269 -0.020667534983820384 -0.0056669561161786569 -0.12390624158084391 0.28243147281238012 -0.11031042054867637 0.0093214170493279829 0.28639054588507862 -0.029497872916134919 -0.0052446099784383918 0.21960719400085507 -0.18423625362546819 0.02934047045329137 0.039830140061676497 -0.063773867342319782 0.025193891341949957 -0.091564717210130764 0.13649910650175551 -0.039619036719202999 -0.16701156597245823 0.10363679806652822 -0.11241049590535827 -0.044229778246632934
leaf_weight=23 38 27 27 4392 32 35 35 79 24 22 892 32 38 938 60 272 475 24 23 20 22 38 61 87
leaf_count=23 38 27 27 4392 32 35 35 79 24 22 892 32 38 938 60 272 475 24 23 20 22 38 61 87
internal_value=-4.81001e-11 -0.0011833 -0.0454711 0.000400821 0.0693014 0.144699 0.0360833 0.0218045 0.0465319 0.135313 -0.000705625 0.0120366 -0.0125582 0.0356173 -0.00536235 -0.0450503 -0.00265506 0.0175676 0.0516291 0.0421331 -0.0688125 0.0399538 -0.084584 -0.0723313
internal_weight=7716 7471 258 7213 114 82 245 222 187 46 7099 1900 930 970 5199 332 4867 141 50 47 208 117 170 148
internal_count=7716 7471 258 7213 114 82 245 222 187 46 7099 1900 930 970 5199 332 4867 141 50 47 208 117 170 148
is_linear=0
shrinkage=0.03


Tree=204
num_leaves=29
num_cat=0
split_feature=44 1 13 16 35 38 43 13 25 38 58 55 57 13 43 23 58 45 47 37 35 13 23 14 34 63 16 37
split_gain=363.15 377.775 554.131 563.037 512.067 787.171 972.896 701.347 888.454 1113.37 965.763 716.849 688.469 667.994 657.93 468.833 423.383 403.089 455.829 402.19 384.811 369.389 347.529 341.939 298.203 217.904 181.279 138.503
threshold=1.5800000000000003 77.128061500000015 220.00000000000003 12.850000000000003 199.50000000000003 41.050000000000004 101.66666666666667 158.00000000000003 1.5000000000000002 82.850000000000009 100.50000000000001 224.85000000000005 302.9285714285715 49.500000000000007 67.416666666666671 333.44000000000005 9.3050000000000015 52.208705035971235 125.53773381294965 277.83333333333343 342.50000000000006 87.500000000000014 765.79000000000008 1.1500000000000001 179.58333333333334 5.7901428571428584 18.450000000000003 379.50000000000006
decision_type=8 2 2 2 8 10 10 2 2 8 8 10 10 2 10 2 8 10 8 10 10 2 2 2 10 10 2 10
left_child=25 2 3 15 5 12 14 11 10 -10 -9 13 16 -6 -7 -2 -3 18 23 -19 -21 26 -23 -4 -20 -1 -5 -13
right_child=1 4 17 21 7 6 -8 8 9 -11 -12 27 -14 -15 -16 -17 -18 19 24 20 -22 22 -24 -25 -26 -27 -28 -29
leaf_value=0.02851542048375396 0.033782580305229529 -0.045680068497848066 0.0084822622682757427 0.0081769397227387675 0.10780718737635119 0.020745653808431491 -0.18350987282395365 0.040699070206209227 -0.028810232100053453 0.040388556693306585 -0.12719473926858468 -0.21722309197112918 0.17079646638035775 -0.039949128357130666 0.10152573717687505 0.21743863491919535 -0.0026421672271136295 -0.15970130047202111 0.17341981099918485 0.0398593383152471 -0.089417220873758196 0.065866477967798709 -0.016454895243048669 -0.10510121908898537 0.018620893231460024 0.14968605903739277 -0.094626354919030126 -0.10927719675571373
leaf_weight=34 22 222 289 38 29 1088 20 470 1188 254 33 20 20 546 99 29 2805 25 24 43 40 200 60 26 21 22 26 23
leaf_count=34 22 222 289 38 29 1088 20 470 1188 254 33 20 20 546 99 29 2805 25 24 43 40 200 60 26 21 22 26 23
internal_value=-2.2538e-11 -0.000556478 0.018389 0.045561 -0.00289931 0.00348279 0.0239868 -0.0134921 -0.00464613 -0.0166213 0.0296842 -0.0413328 -0.00463942 -0.0324971 0.027483 0.138214 -0.00579856 -0.00338336 0.0118663 -0.0542155 -0.0224426 0.0309767 0.0468692 -0.000892882 0.10118 0.0761182 -0.0335869 -0.159485
internal_weight=7716 7660 843 375 6817 4254 1207 2563 1945 1442 503 618 3047 575 1187 51 3027 468 360 108 83 324 260 315 45 56 64 43
internal_count=7716 7660 843 375 6817 4254 1207 2563 1945 1442 503 618 3047 575 1187 51 3027 468 360 108 83 324 260 315 45 56 64 43
is_linear=0
shrinkage=0.03


Tree=205
num_leaves=11
num_cat=0
split_feature=55 37 38 5 61 30 63 35 16 24
split_gain=353.099 718.033 518.628 425.101 1074.12 919.931 1365.72 948.979 846.217 369.409
threshold=300.50000000000006 514.33333333333337 134.50000000000003 549.50000000000011 17.821428571428573 2186.8916666666669 48.676223021582743 352.50000000000006 16.750000000000004 651.75000000000011
decision_type=10 10 10 2 8 2 8 10 2 2
left_child=1 2 3 5 -5 7 -7 -1 -6 -2
right_child=9 -3 -4 4 8 6 -8 -9 -10 -11
leaf_value=0.0022462115556268329 -0.14403146803379058 0.14462828825077703 0.14540250729430806 0.15977618006559519 -0.10048853780588378 0.020598901836166403 0.17599722660900582 -0.039777735131223978 -0.011486754922419551 0.014650393598105596
leaf_weight=6276 31 31 22 26 138 265 63 524 317 23
leaf_count=6276 31 31 22 26 138 265 63 524 317 23
internal_value=2.03648e-10 0.000538765 -4.65809e-05 -0.00046712 -0.0277641 0.00137489 0.0504468 -0.000992104 -0.0384807 -0.0764447
internal_weight=7716 7662 7631 7609 481 7128 328 6800 455 54
internal_count=7716 7662 7631 7609 481 7128 328 6800 455 54
is_linear=0
shrinkage=0.03


Tree=206
num_leaves=18
num_cat=0
split_feature=61 41 64 19 0 40 22 46 63 5 42 31 63 21 20 34 43
split_gain=354.512 417.452 909.124 1422.95 431.943 675.206 1057.87 513.299 534.089 407.391 1899.32 1232.52 1240.1 905.689 851.293 352.703 265.333
threshold=110.20000000000003 101.50000000000001 138.65000000000003 14.439583333333335 28.496097500000001 39.716666666666676 101.50000000000001 4.2883333333333349 9.0228006166495387 549.50000000000011 15.950000000000001 1705.9314285714293 48.676223021582743 311.50000000000006 40925.500000000007 60.983333333333341 65.350000000000009
decision_type=10 10 8 2 2 8 2 10 10 2 8 2 8 2 2 10 10
left_child=1 4 3 -3 5 7 -7 -1 -9 11 -11 13 -13 -6 -12 -2 -8
right_child=15 2 -4 -5 9 6 16 8 -10 10 14 12 -14 -15 -16 -17 -18
leaf_value=-0.12863163590431215 0.0029673117571152171 0.25094690887417109 -0.11424788153171539 -0.01768663230041663 0.0014800747664671823 -0.28051316383578206 -0.088912991583347326 0.11152835404872895 -0.013950397720459116 0.21260228008031845 -0.055410459925420576 0.024726764727788775 0.14150837810710071 -0.068729135718415754 0.10343943446874618 -0.15047913538558141 0.045268848964146208
leaf_weight=30 26 35 20 36 6060 23 36 35 239 28 380 414 102 170 33 28 21
leaf_count=30 26 35 20 36 6060 23 36 35 239 28 380 414 102 170 33 28 21
internal_value=-1.37456e-10 0.000539841 0.0644117 0.114738 -0.00022787 -0.0312282 -0.108775 -0.0108211 0.00207791 0.00142847 -0.0265071 0.00325467 0.0478115 -0.000435746 -0.0427179 -0.0765975 -0.0394776
internal_weight=7716 7662 91 71 7571 384 80 304 274 7187 441 6746 516 6230 413 54 57
internal_count=7716 7662 91 71 7571 384 80 304 274 7187 441 6746 516 6230 413 54 57
is_linear=0
shrinkage=0.03


Tree=207
num_leaves=31
num_cat=0
split_feature=15 32 33 35 22 40 35 20 20 36 26 9 36 33 9 24 42 47 17 42 24 58 7 36 15 54 35 65 54 41
split_gain=348.209 623.345 1338.05 888.088 878.007 791.09 1081.25 734.86 1817.08 1426.88 735.051 822.218 628.553 474.511 473.068 822.651 556.046 574.352 552.082 616.152 585.799 464.923 445.994 567.055 354.995 319.186 272.692 264.206 206.368 192.323
threshold=976.05000000000007 49.750000000000007 128.50000000000003 68.450000000000017 67.500000000000014 20.333333333333339 53.350000000000001 9486.2500000000018 7638.5000000000009 355.50000000000006 1.5000000000000002 35.650000000000013 559.50000000000011 79.850000000000009 33.95000000000001 1305.0400000000002 58.550000000000004 60.710000000000008 1047.5000000000002 9.6750000000000025 5.1350000000000007 16.450000000000003 9.0750000000000011 187.50000000000003 974.6500000000002 31.650000000000002 93.500000000000014 32.017142857142865 55.95000000000001 21.450000000000003
decision_type=2 8 10 8 2 10 10 2 2 10 2 2 10 10 2 2 10 10 2 10 2 8 2 10 2 10 10 8 10 10
left_child=14 2 4 -3 13 27 -7 8 12 -10 -9 -12 -5 21 18 22 17 -17 19 -1 -21 -2 29 25 -22 -24 -20 -6 -28 -16
right_child=1 3 -4 7 5 6 -8 10 9 -11 11 -13 -14 -15 15 16 -18 -19 26 20 24 -23 23 -25 -26 -27 28 -29 -30 -31
leaf_value=0.15596910487487911 -0.02884024513584952 0.19124745773417609 0.2608146748021245 -0.0088128118646179938 0.055345117665827274 0.24906720529342519 0.057400503686044879 0.11517242604572521 0.078649155777454571 -0.054289859112287904 -0.031570674785011694 0.0045977517057654953 0.14577188489958642 -0.10003049939154432 -0.055685587089795333 0.037528378990079672 -0.18643759613920902 -0.14897140032571296 -0.053218411805315148 -0.13852011302065464 0.074419570294735227 0.014208049817267188 0.014889205849317253 -0.040238091515807005 -0.023488629028385825 0.098070025566678778 -0.18939440128608392 -0.049797285205454733 -0.061214643346611405 0.0081123961844458813
leaf_weight=20 279 21 20 1737 30 29 306 38 441 87 1487 913 24 39 65 42 29 23 216 31 46 1184 61 52 121 130 26 76 20 123
leaf_count=20 279 21 20 1737 30 29 306 38 441 87 1487 913 24 39 65 42 29 23 216 31 46 1184 61 52 121 130 26 76 20 123
internal_value=-1.53891e-10 0.00246624 0.0166858 -0.00341267 0.0141729 0.0513906 0.0739925 -0.00427746 0.00792998 0.0567444 -0.0157388 -0.0178116 -0.00670604 0.00324548 -0.0164686 0.00321216 -0.0772004 -0.0284639 -0.0379944 -0.00272278 -0.0187523 0.00599857 0.0207499 0.0475924 0.0034801 0.0715044 -0.0673425 -0.02004 -0.133664 -0.0139454
internal_weight=7716 6711 1963 4748 1943 441 335 4727 2289 528 2438 2400 1761 1502 1005 525 94 65 480 218 198 1463 431 243 167 191 262 106 46 188
internal_count=7716 6711 1963 4748 1943 441 335 4727 2289 528 2438 2400 1761 1502 1005 525 94 65 480 218 198 1463 431 243 167 191 262 106 46 188
is_linear=0
shrinkage=0.03


Tree=208
num_leaves=28
num_cat=0
split_feature=20 9 58 26 40 43 35 46 23 60 68 40 41 61 30 59 58 45 19 54 38 37 38 38 36 7 55
split_gain=347.076 543.97 603.876 567.985 1269.98 1255.49 1996.91 645.053 526.889 517.188 531.282 433.79 420.336 403.323 1587.36 2779 766.803 627.089 714.545 583.563 374.366 416.871 322.403 223.806 152.482 195.923 129.498
threshold=2883.2500000000005 19.450000000000003 70.250000000000014 1.5000000000000002 65.083333333333357 21.386666666666667 235.50000000000003 29.804532374100727 522.06500000000017 23.150000000000002 5.5000000000000009 44.116666666666681 38.250000000000007 18.364285714285717 1268.5033333333338 46.807142857142857 28.150000000000002 76.500000000000014 11.104166666666668 275.50000000000006 72.350000000000009 340.50000000000006 72.950000000000017 65.15000000000002 192.50000000000003 22.615000000000006 161.6428571428572
decision_type=2 2 10 2 10 10 10 8 2 10 2 10 10 8 2 10 10 10 2 10 10 10 10 10 10 2 10
left_child=8 2 23 4 5 7 -7 -3 9 10 -1 -12 20 14 16 -16 -5 18 -15 -19 21 -11 -4 24 25 -2 -26
right_child=1 3 22 13 -6 6 -8 -9 -10 12 11 -13 -14 17 15 -17 -18 19 -20 -21 -22 -23 -24 -25 26 -27 -28
leaf_value=0.070091235190629958 0.059746870473027222 0.1324921247139573 -0.015168066322803497 -0.019036363735819271 -0.15026733367145062 0.046894649175497204 0.44022116394979616 -0.092294802727798622 0.13624649853660509 0.09197102335856315 -0.013585486821830271 -0.19214510071277616 -0.036828793697059152 0.015062978115872802 0.43266670069911262 0.022717556206521491 0.027727340571163685 -0.059941932046885374 -0.0087793504024560945 0.065318934682168456 0.16924144639122868 -0.071558332901448016 0.13917857021093366 -0.15262195859104394 -0.10749560053056141 -0.066993860900402061 -0.048008969657380003
leaf_weight=23 21 20 29 576 20 26 21 27 39 47 24 25 36 1605 22 46 698 281 3833 38 31 20 21 24 53 23 87
leaf_count=23 21 20 29 576 20 26 21 27 39 47 24 25 36 1605 22 46 698 281 3833 38 31 20 21 24 53 23 87
internal_value=9.90099e-11 -0.00115221 -0.0439545 0.000378777 0.0668109 0.112998 0.222636 0.00335921 0.0351353 0.0159929 -0.0488553 -0.104687 0.0508367 -0.000688029 0.0141225 0.155348 0.00658457 -0.00414048 -0.0017424 -0.0450206 0.0830404 0.0431563 0.0496575 -0.0664574 -0.0552186 -0.00650397 -0.0705289
internal_weight=7716 7471 258 7213 114 94 47 47 245 206 72 49 134 7099 1342 68 1274 5757 5438 319 98 67 50 208 184 44 140
internal_count=7716 7471 258 7213 114 94 47 47 245 206 72 49 134 7099 1342 68 1274 5757 5438 319 98 67 50 208 184 44 140
is_linear=0
shrinkage=0.03


Tree=209
num_leaves=26
num_cat=0
split_feature=44 16 43 10 56 24 61 38 45 17 38 32 7 28 59 48 46 20 63 10 59 63 12 60 36
split_gain=340.366 358.803 839.46 1680.55 1550.76 1935.24 1129.09 926.224 690.435 540.912 484.498 564.139 863.661 748.57 594.718 598.651 444.126 378.819 368.956 470.654 287.946 207.506 131.764 141.002 89.8053
threshold=1.5800000000000003 17.550000000000004 67.416666666666671 22.650000000000002 201.50000000000003 450.67500000000001 71.54928571428573 4.5250000000000012 45.45000000000001 2312.5000000000005 11.450000000000001 50.350000000000001 1.4650000000000001 130.50000000000003 43.478571428571435 39.955000000000005 15.73333333333334 6343.0000000000009 4.9435714285714303 25.050000000000004 23.157142857142862 5.7901428571428584 7.4500000000000011 55.150000000000013 98.750000000000014
decision_type=8 2 10 2 10 2 10 8 8 2 8 10 2 2 10 10 8 2 10 2 10 10 2 10 10
left_child=21 2 6 4 5 -4 7 -2 -9 -6 20 14 16 -14 17 -16 -13 -12 -5 -20 22 -1 24 -24 -3
right_child=1 10 3 18 9 -7 -8 8 -10 -11 11 12 13 -15 15 -17 -18 -19 19 -21 -22 -23 23 -25 -26
leaf_value=0.027238566906136623 0.20234267950057983 -0.042058915972709658 0.11199574459024837 -0.11866650713814629 -0.094916641456740253 0.46624170246331587 -0.21692464709281919 0.010078713589855116 -0.018556835718411328 0.12308093404769897 0.076975295362727986 0.16387808980420232 -0.037092868290987006 0.0010998971171772521 0.19528142154216765 0.037381791153639418 0.027348019191851983 -0.0031524608158526876 0.10321263526020379 -0.059184498107060786 -0.15838543076813222 0.1454828834973953 -0.038446022006588018 0.041433497187883958 -0.1308847975730896
leaf_weight=34 21 20 35 27 21 23 21 2891 1027 20 56 32 999 859 24 217 65 1026 29 36 20 22 147 23 21
leaf_count=34 21 20 35 27 21 23 21 2891 1027 20 56 32 999 859 24 217 65 1026 29 36 20 22 147 23 21
internal_value=9.10681e-11 -0.000538738 0.00543093 0.0668603 0.152644 0.252473 0.00246805 0.0036377 0.00257266 0.0114236 -0.0076006 -0.00464138 -0.0148794 -0.0194354 0.0104874 0.0531062 0.0723889 0.000994632 -0.0254508 0.0132696 -0.0495933 0.0736917 -0.0392813 -0.0276388 -0.0875551
internal_weight=7716 7660 4151 191 99 58 3960 3939 3918 41 3509 3278 1955 1858 1323 241 97 1082 92 65 231 56 211 170 41
internal_count=7716 7660 4151 191 99 58 3960 3939 3918 41 3509 3278 1955 1858 1323 241 97 1082 92 65 231 56 211 170 41
is_linear=0
shrinkage=0.03


Tree=210
num_leaves=9
num_cat=0
split_feature=55 37 38 39 65 37 45 54
split_gain=330.426 658.427 473.817 547.621 553.567 526.121 496.008 435.152
threshold=300.50000000000006 514.33333333333337 134.50000000000003 128.50000000000003 175.38571428571433 345.83333333333343 50.050000000000004 256.50000000000006
decision_type=10 10 10 10 10 10 8 10
left_child=1 2 3 4 6 -6 -1 -2
right_child=7 -3 -4 -5 5 -7 -8 -9
leaf_value=0.0022244706078236075 -0.1807057262318475 0.13850041690913417 0.13898420528932051 -0.14989994684742255 0.077883879232732267 -0.025909433720573301 -0.018156394285205494 -0.0060140690986405718
leaf_weight=6068 21 31 22 22 151 62 1306 33
leaf_count=6068 21 31 22 22 151 62 1306 33
internal_value=-4.35403e-11 0.00052118 -3.93433e-05 -0.000441304 -7.91913e-06 0.0476717 -0.00138516 -0.0739497
internal_weight=7716 7662 7631 7609 7587 213 7374 54
internal_count=7716 7662 7631 7609 7587 213 7374 54
is_linear=0
shrinkage=0.03


Tree=211
num_leaves=28
num_cat=0
split_feature=20 42 61 39 9 65 45 26 36 34 54 54 61 30 59 58 5 24 24 34 35 47 49 42 39 55 59
split_gain=328.635 523.671 643.883 502.867 502.652 574.527 733.763 527.743 1143.4 904.525 813.128 464.175 377.994 1486.86 2610.64 720.965 630.564 728.853 576.549 334.553 295.389 276.803 255.31 318.86 227.404 133.887 80.3241
threshold=2883.2500000000005 9.9150000000000009 18.575000000000006 82.050000000000011 19.450000000000003 113.7457142857143 66.488633093525195 1.5000000000000002 344.50000000000006 130.75 133.50000000000003 223.50000000000003 18.364285714285717 1268.5033333333338 46.807142857142857 28.150000000000002 948.00000000000011 4511.6250000000009 698.07500000000016 123.35000000000001 176.50000000000003 106.35000000000001 71.991666666666674 15.450000000000001 44.350000000000001 156.30000000000004 37.264285714285727
decision_type=2 10 10 10 2 10 10 2 10 10 10 10 8 2 10 10 2 2 2 10 10 10 8 10 10 10 10
left_child=1 -1 -3 11 5 20 -7 8 9 24 -11 19 13 15 -15 -9 18 -18 -14 -4 26 -13 25 -24 -6 -22 -2
right_child=4 2 3 -5 7 6 -8 12 -10 10 -12 21 16 14 -16 -17 17 -19 -20 -21 22 -23 23 -25 -26 -27 -28
leaf_value=0.16728306307457386 0.047821791596710683 -0.098310459443501058 0.0048689096598398115 0.18406033614277839 0.045568092729896301 0.1160431906580925 -0.10391137644648551 -0.018478621388373237 0.25336967114521108 -0.17243442211685509 0.076213529379805536 0.013304445334444089 -0.0081067086996040282 0.41912843365560876 0.021791804326374245 0.026865819689783035 -0.13634574941248256 -0.017695321689414626 0.01340881346137332 0.10303074657496425 -0.1013597333090646 -0.14264155483245849 -0.22158254664877186 -0.080744124765579517 0.18533952745524321 -0.027528135638684031 -0.036184408930795532
leaf_weight=24 20 35 63 20 20 39 21 576 23 29 20 21 3976 22 46 698 67 153 1561 62 35 20 23 39 22 60 21
leaf_count=24 20 35 63 20 20 39 21 576 23 29 20 21 3976 22 46 698 67 153 1561 62 35 20 23 39 22 60 21
internal_value=1.79235e-11 0.0341892 0.0197355 0.0419485 -0.00112118 -0.0422659 0.0390591 0.000350512 0.064386 0.0166209 -0.0709455 0.0248266 -0.000677808 0.0136601 0.150342 0.00636472 -0.00402009 -0.0538298 -0.00204102 0.0535572 -0.0669098 -0.0627668 -0.085635 -0.132991 0.118782 -0.0547293 0.00479423
internal_weight=7716 245 221 186 7471 258 60 7213 114 91 49 166 7099 1342 68 1274 5757 220 5537 125 198 41 157 62 42 95 41
internal_count=7716 245 221 186 7471 258 60 7213 114 91 49 166 7099 1342 68 1274 5757 220 5537 125 198 41 157 62 42 95 41
is_linear=0
shrinkage=0.03


Tree=212
num_leaves=31
num_cat=0
split_feature=1 51 19 45 37 57 19 42 43 10 56 21 57 1 59 56 56 36 40 23 21 44 17 53 16 20 47 12 15 10
split_gain=348.201 443.35 655.923 555.768 565.924 529 460.218 427.793 869.998 1238.46 786.438 664.953 1028.36 597.56 901.792 577.956 559.557 483.603 1233.94 464.736 540.751 451.818 415.637 406.108 380.934 332.712 320.164 289.453 268.895 234.433
threshold=77.128061500000015 1.0000000180025095e-35 19.91041666666667 52.208705035971235 277.83333333333343 195.92857142857147 9.5750000000000011 82.65000000000002 67.416666666666671 24.450000000000003 104.50000000000001 32.500000000000007 181.78571428571433 77.13893400000002 33.295000000000009 121.50000000000001 160.50000000000003 511.50000000000006 67.116666666666688 4309.7700000000013 406.00000000000006 19.250000000000004 1725.0000000000002 268468.00000000006 11.350000000000003 29130.750000000004 125.53773381294965 6.3500000000000005 991.45000000000016 11.550000000000002
decision_type=2 2 2 10 10 10 2 8 10 2 8 2 10 2 10 8 10 10 10 2 2 8 2 2 2 2 8 2 2 2
left_child=1 2 5 26 -5 -1 28 8 13 11 -9 -10 -13 14 22 -12 -16 21 -19 20 -17 -15 -2 25 -7 -11 29 -28 -6 -3
right_child=7 3 -4 4 6 24 -8 10 9 23 15 12 -14 17 16 19 -18 18 -20 -21 -22 -23 -24 -25 -26 -27 27 -29 -30 -31
leaf_value=0.19895365332918505 -0.010506328501907939 0.067059159800410259 0.0054931405118107792 -0.21049446938931943 0.11238266394473612 0.16035926587879656 -0.12124005404114722 -0.17960918962955474 -0.026580266207456588 -0.074982783188112079 0.13496140647679566 0.24335743906850715 0.070039296335125539 0.0071421142867781713 -0.16120792734995484 -0.032193593776402331 -0.050727524710385032 0.27008486415658678 -0.017834791814958728 -0.14789184119020191 0.13061448803544046 -0.010071337928068245 0.089693749355418337 0.077777386264454934 0.039881951699391106 0.054485971655534655 0.1743322876933962 0.014862736718995231 -0.036559806689620021 -0.01052180594219914
leaf_weight=28 330 42 250 20 20 28 30 31 28 80 20 49 83 3025 50 224 236 21 37 28 20 2512 42 31 151 23 20 21 24 212
leaf_count=28 330 42 250 20 20 28 30 31 28 80 20 49 83 3025 50 224 236 21 37 28 20 2512 42 31 151 23 20 21 24 212
internal_value=-1.43195e-10 0.0181607 0.0381974 -0.00537853 -0.0689029 0.0776953 -0.0306349 -0.00223639 -0.000573587 0.0498612 -0.0359403 0.10621 0.134377 -0.0029449 -0.0299879 -0.0206877 -0.0700423 0.000235494 0.086412 -0.0321325 -0.0188487 -0.000667203 0.000806584 -0.0174205 0.0587276 -0.0460723 0.0148631 0.0926528 0.0311413 0.00230654
internal_weight=7716 846 457 389 94 207 74 6870 6547 294 323 160 132 6253 658 292 286 5595 58 272 244 5537 372 134 179 103 295 41 44 254
internal_count=7716 846 457 389 94 207 74 6870 6547 294 323 160 132 6253 658 292 286 5595 58 272 244 5537 372 134 179 103 295 41 44 254
is_linear=0
shrinkage=0.03


Tree=213
num_leaves=31
num_cat=0
split_feature=1 13 39 35 33 56 23 18 7 55 25 39 58 61 19 23 40 18 18 58 54 42 36 9 45 22 52 42 42 59
split_gain=327.622 486.94 532.695 483.27 760.767 756.831 676.034 667.781 867.923 640.05 730.362 562.806 569.884 484.513 364.991 440.289 523.581 389.85 632.636 415.078 352.357 309.071 330.272 370.329 234.967 229.65 225.323 240.631 216.578 215.974
threshold=77.128061500000015 220.00000000000003 69.65000000000002 199.50000000000003 34.95000000000001 396.50000000000006 12260.245000000001 6635.5000000000009 63.065000000000005 157.96428571428575 4.5000000000000009 22.950000000000003 53.850000000000001 15.335000000000003 10.887500000000001 632.55500000000018 33.883333333333347 3770.0000000000005 6242.0000000000009 62.150000000000013 50.550000000000004 44.95000000000001 142.50000000000003 36.000000000000007 82.800000000000026 394.00000000000006 6034.0000000000009 32.250000000000007 25.150000000000002 48.407142857142865
decision_type=2 2 10 10 10 10 2 2 2 10 2 8 10 8 2 2 10 2 2 10 10 10 10 2 10 2 2 10 10 8
left_child=1 2 21 5 -5 9 7 8 -6 11 28 12 -2 -13 17 16 -16 -3 19 -19 -9 26 -23 -24 -4 -17 27 -1 -11 -28
right_child=3 14 24 4 6 -7 -8 20 -10 10 -12 13 -14 -15 15 25 -18 18 -20 -21 -22 22 23 -25 -26 -27 29 -29 -30 -31
leaf_value=0.093870462606847282 -0.011376984524946013 -0.033840641239924085 0.21526371887751988 -0.19682438680529593 -0.0094553282025193319 0.16531398464853947 0.12382670314474538 0.18212932124733924 -0.067871281789412027 -0.06832024866342544 0.18727526473502318 0.039286298650025149 -0.17261527642607688 0.004100195391325054 -0.0050829773796174458 0.057337039838274637 -0.11271721511219555 0.14035469972342252 -0.058734293083349862 0.028292863698581514 0.036102986560556397 -0.016629968769848347 0.21370457672937349 0.062374208474228553 0.071585005581378938 -0.057448769467217581 0.012853610114577939 -0.029254528865218159 0.068083786409009583 -0.067229174008736237
leaf_weight=50 1453 70 21 20 2163 26 33 20 256 20 36 415 20 2328 85 62 78 60 36 59 58 24 22 43 20 21 136 20 22 39
leaf_count=50 1453 70 21 20 2163 26 33 20 256 20 36 415 20 2328 85 62 78 60 36 59 58 24 22 43 20 21 136 20 22 39
internal_value=7.91611e-11 0.0176159 0.0431235 -0.00216929 -0.0125257 0.00394387 -0.0110688 -0.0128516 -0.0156374 0.00296678 0.0881198 0.00139137 -0.0135662 0.00942365 -0.00269266 -0.0279493 -0.0565889 0.0249213 0.0514589 0.0847946 0.0735456 0.030596 0.0784772 0.113594 0.145177 0.0282948 0.0132024 0.0586919 0.00312948 -0.00499341
internal_weight=7716 846 375 6870 2550 4320 2530 2497 2419 4294 78 4216 1473 2743 471 246 163 225 155 119 78 334 89 65 41 83 245 70 42 175
internal_count=7716 846 375 6870 2550 4320 2530 2497 2419 4294 78 4216 1473 2743 471 246 163 225 155 119 78 334 89 65 41 83 245 70 42 175
is_linear=0
shrinkage=0.03


Tree=214
num_leaves=31
num_cat=0
split_feature=15 32 56 13 23 21 41 38 17 20 20 36 49 37 39 44 26 44 18 24 13 12 19 9 21 0 38 21 64 62
split_gain=324.49 579.615 1239.06 1633.41 615.469 1032.72 819.919 649.989 673.899 570.708 1630.24 1309.48 1786.47 926.955 703.813 686.046 1253.89 1081.4 609.773 697.545 473.683 543.301 928.429 571.039 455.775 503.462 425.424 579.421 710.291 402.021
threshold=976.05000000000007 49.750000000000007 272.50000000000006 295.50000000000006 499.13500000000005 151.50000000000003 56.050000000000004 75.550000000000011 3195.0000000000005 9486.2500000000018 7638.5000000000009 355.50000000000006 102.78333333333337 86.15000000000002 63.45000000000001 50.850000000000001 1.5000000000000002 18.350000000000005 4937.0000000000009 393.00500000000005 92.000000000000014 5.6500000000000012 25.427083333333339 32.850000000000001 10.500000000000002 28.647228500000001 30.950000000000003 36.000000000000007 37.32500000000001 13.350000000000003
decision_type=2 8 10 2 2 2 10 10 2 2 2 10 8 8 8 8 2 10 2 2 2 2 2 2 2 2 10 2 8 8
left_child=20 2 4 -4 7 6 -6 8 -2 10 18 12 -12 -11 -13 17 -17 -15 19 -3 -1 22 24 -24 -22 -26 -23 -28 -29 -20
right_child=1 9 3 -5 5 -7 -8 -9 -10 13 11 14 -14 15 -16 16 -18 -19 29 -21 21 26 23 -25 25 -27 27 28 -30 -31
leaf_value=-0.080015394282230035 0.0043756546033838677 0.0085393756993727109 0.021213597834174491 0.37362787511944773 0.058963138194772127 -0.002315524143435518 0.20713953242314104 -0.15727995350279592 0.15838733874814911 0.13775519296526909 0.037993593560675901 -0.164592586371582 0.1739674492460527 -0.0060610104891031863 0.012358467591079798 0.24726460321247576 0.0052083494437004003 -0.052821377863796197 0.12654730320274829 -0.030131365695839109 0.010151210203766822 -0.050303993259379468 -0.12891883837680021 0.00053682274630536208 0.17030441925308462 0.022521442333236337 0.062118068519100719 -0.18925781949706699 -0.00060503082259035683 -0.003895216650656752
leaf_weight=94 1546 858 29 20 107 164 49 22 26 36 323 32 119 1148 55 20 521 727 50 822 57 326 36 207 59 32 89 23 82 37
leaf_count=94 1546 858 29 20 107 164 49 22 26 36 323 32 119 1148 55 20 521 727 50 822 57 326 36 207 59 32 89 23 82 37
internal_value=1.04724e-10 0.00238076 0.0160925 0.165056 0.0122789 0.0502473 0.105506 0.00465663 0.00692292 -0.00328818 0.0074603 0.0536613 0.0746019 -0.0133528 -0.052727 -0.0156044 0.0141568 -0.0241916 -0.00637123 -0.0103817 -0.0158978 -0.00928192 0.0174356 -0.0186418 0.0766707 0.118337 -0.0293714 0.00580395 -0.041929 0.0710717
internal_weight=7716 6711 1963 49 1914 320 156 1594 1572 4748 2296 529 442 2452 87 2416 541 1875 1767 1680 1005 911 391 243 148 91 520 194 105 87
internal_count=7716 6711 1963 49 1914 320 156 1594 1572 4748 2296 529 442 2452 87 2416 541 1875 1767 1680 1005 911 391 243 148 91 520 194 105 87
is_linear=0
shrinkage=0.03


Tree=215
num_leaves=23
num_cat=0
split_feature=54 52 41 61 38 58 35 37 23 51 48 47 6 58 31 19 19 62 23 64 42 37
split_gain=321.425 400.291 545.154 728.586 533.503 1143.23 392.64 585.596 615.435 600.739 563.084 2247.88 646.562 437.958 521.316 476.27 383.5 381.858 381.659 388.664 376.103 338.046
threshold=371.50000000000006 2883.2500000000005 13.15 18.575000000000006 73.450000000000017 77.050000000000011 199.50000000000003 184.50000000000003 12260.245000000001 6810.880000000001 50.310000000000009 27.065000000000001 12260.245000000001 16.450000000000003 1364.734285714286 7.4395833333333341 10.325000000000001 14.450000000000001 499.13500000000005 88.450000000000017 29.350000000000005 367.83333333333343
decision_type=10 2 8 10 10 10 8 8 2 2 10 10 2 10 2 2 2 8 2 10 10 10
left_child=1 2 16 -4 21 -6 10 18 9 -9 13 -12 -13 14 -3 -15 -1 -10 20 -20 -8 -5
right_child=-2 6 3 4 5 -7 7 8 17 -11 11 12 -14 15 -16 -17 -18 -19 19 -21 -22 -23
leaf_value=0.23260397382080555 -0.10530313942867976 -0.031948991164589283 -0.12350359107766834 0.033763760218818516 0.29049732357263564 -0.026426526010036467 -0.072935575470328334 -0.0063477458000714753 0.018065081217326223 -0.14858933958742354 0.33337811502814291 0.015953142492251104 -0.12005139027256519 0.062142579160605983 0.12017395781619207 -0.0011907038053465019 0.046821964703500266 0.20344906899332998 -0.06791103465266006 -0.20674917278082472 0.060724021047353735 -0.095462139260701157
leaf_weight=20 26 587 28 106 21 20 40 2599 20 27 20 1861 32 113 21 1968 20 20 86 23 36 22
leaf_count=20 26 587 28 106 21 20 40 2599 20 27 20 1861 32 113 21 1968 20 20 86 23 36 22
internal_value=4.17176e-11 0.000356031 0.0387389 0.0182366 0.0417201 0.1359 -0.000864516 -0.00961289 -0.00603129 -0.00781025 0.00455522 0.0169967 0.0136541 -0.00429587 -0.0266947 0.00224835 0.139713 0.110757 -0.0612267 -0.0972072 -0.00962314 0.0115531
internal_weight=7716 7690 237 197 169 41 7453 2851 2666 2626 4602 1913 1893 2689 608 2081 40 40 185 109 76 128
internal_count=7716 7690 237 197 169 41 7453 2851 2666 2626 4602 1913 1893 2689 608 2081 40 40 185 109 76 128
is_linear=0
shrinkage=0.03


Tree=216
num_leaves=17
num_cat=0
split_feature=61 41 32 28 21 5 42 20 6 28 23 39 47 7 57 34
split_gain=317.032 386.677 1280.36 1258.8 608.128 346.558 1552.42 958.181 929.165 704.29 693.678 688.032 651.394 671.36 505.658 322.396
threshold=110.20000000000003 101.50000000000001 63.550000000000004 98.500000000000014 85.500000000000014 549.50000000000011 15.950000000000001 40925.500000000007 1703.2050000000002 490.66666666666669 1177.2150000000001 83.450000000000017 125.53773381294965 52.495000000000012 285.50000000000006 60.983333333333341
decision_type=10 10 10 2 2 2 8 2 2 2 2 8 8 2 10 10
left_child=1 5 4 -4 -3 8 -7 11 9 10 -1 -8 14 -14 -10 -2
right_child=15 2 3 -5 -6 6 7 -9 12 -11 -12 -13 13 -15 -16 -17
leaf_value=0.00044260377545011543 0.0036341823565845303 -0.18067686747573317 0.33370010692964902 0.030454805674297467 0.050468866888965881 0.1870897862829011 -0.042444001366872521 0.11085246783042592 0.0055870370293656987 0.1257319328418145 -0.038749093759291135 -0.20207190946890757 0.051033645874032606 0.22403507026759062 0.08911724474725076 -0.14307154179683754
leaf_weight=6194 26 20 22 28 21 29 372 35 270 39 435 26 52 33 86 28
leaf_count=6194 26 20 22 28 21 29 372 35 270 39 435 26 52 33 86 28
internal_value=8.945e-11 0.000510508 0.0619829 0.163883 -0.0622851 -0.000228362 -0.0254061 -0.0396379 0.00140789 -0.00138135 -0.00212919 -0.052872 0.0435816 0.118199 0.0257657 -0.0724355
internal_weight=7716 7662 91 50 41 7571 462 433 7109 6668 6629 398 441 85 356 54
internal_count=7716 7662 91 50 41 7571 462 433 7109 6668 6629 398 441 85 356 54
is_linear=0
shrinkage=0.03


Tree=217
num_leaves=12
num_cat=0
split_feature=44 47 38 9 10 43 65 20 43 17 63
split_gain=309.14 333.944 424.467 360.246 849.684 1305.81 752.642 720.638 656.75 552.813 185.517
threshold=1.5800000000000003 5.7550000000000017 4.5250000000000012 33.95000000000001 20.350000000000005 43.233333333333341 129.40357142857144 14344.000000000002 63.616666666666667 3742.5000000000005 5.7901428571428584
decision_type=8 8 8 2 2 10 10 2 10 2 10
left_child=10 -2 -3 7 5 -5 -6 8 -4 -9 -1
right_child=1 2 3 4 6 -7 -8 9 -10 -11 -12
leaf_value=0.026307176412904965 -0.10784643695904657 0.10561526387929916 -0.0027059166032156177 -0.0082410455224188883 0.0091508455455322039 0.2301788324289597 -0.093779698358002025 -0.038204865317595121 0.058762349223683549 0.11811784554805074 0.13811086675660175
leaf_weight=34 26 34 4556 44 2044 39 66 668 162 21 22
leaf_count=34 26 34 4556 44 2044 39 66 668 162 21 22
internal_value=7.73937e-11 -0.000513431 -0.000147875 -0.000621026 0.00963485 0.103788 0.00593122 -0.00478066 -0.000595306 -0.0334403 0.0702301
internal_weight=7716 7660 7634 7600 2193 83 2110 5407 4718 689 56
internal_count=7716 7660 7634 7600 2193 83 2110 5407 4718 689 56
is_linear=0
shrinkage=0.03


Tree=218
num_leaves=31
num_cat=0
split_feature=1 13 39 35 36 56 13 25 58 38 45 46 26 65 15 16 62 58 39 40 14 45 39 13 47 12 58 17 62 44
split_gain=310.736 452.667 489.175 421.185 710.723 701.801 638.691 775.153 926.552 922.42 686.885 824.558 738.705 614.192 965.491 924.814 602.424 437.904 486.839 416.777 337.743 400.629 306.625 297.803 291.141 436.127 296.948 275.44 314.963 245.395
threshold=77.128061500000015 220.00000000000003 69.65000000000002 199.50000000000003 109.50000000000001 396.50000000000006 158.00000000000003 1.5000000000000002 100.50000000000001 82.850000000000009 22.750000000000004 73.933333333333351 1.5000000000000002 95.95714285714287 983.50000000000011 19.250000000000004 18.750000000000004 10.450000000000001 84.750000000000014 30.766666666666676 0.25000000000000006 52.208705035971235 25.050000000000004 109.00000000000001 125.53773381294965 6.4500000000000011 54.45000000000001 1992.5000000000002 69.450000000000017 13.001402877697844
decision_type=2 2 10 10 10 10 2 2 10 10 8 10 2 10 2 2 10 10 10 10 2 10 10 2 8 2 8 2 10 10
left_child=1 2 23 5 -5 13 10 8 -8 -9 12 -12 -6 17 16 -16 -15 19 -19 -2 21 24 -22 -1 26 -26 -3 28 -23 -25
right_child=3 20 -4 4 6 -7 7 9 -10 -11 11 -13 -14 14 15 -17 -18 18 -20 -21 22 27 -24 29 25 -27 -28 -29 -30 -31
leaf_value=0.00055554790284346653 -0.022693775924739784 0.03717681524138098 0.13954493465946943 -0.18991487396880985 0.12789545124040586 0.15898711719191991 0.039996475926639609 -0.024294014319520243 -0.13759176617222171 0.039707699355574284 -0.096893135660763657 0.010453106384263949 -0.021040007784344224 0.078503365194797517 0.096121869069347915 -0.011934730617063386 -0.09338311045714047 0.0031819930208306494 -0.14170159007821764 -0.14481931222809685 0.017839389177305359 -0.13524973342293187 -0.12796051001724074 0.026466082116927612 0.17802446808815003 -0.009928462743759154 -0.027894562615479512 0.03297090569138527 -0.01228262531596261 0.098966352737521468
leaf_weight=162 367 163 41 20 34 26 475 1173 28 245 233 89 253 25 222 105 69 3458 21 27 21 38 34 99 25 20 103 30 37 73
leaf_count=162 367 163 41 20 34 26 475 1173 28 245 233 89 253 25 222 105 69 3458 21 27 21 38 34 99 25 20 103 30 37 73
internal_value=3.92862e-11 0.0171559 0.0417494 -0.00211265 -0.011781 0.00359435 -0.0103728 -0.00188586 0.0301108 -0.0132359 -0.0371436 -0.0672229 -0.00339609 0.00265345 0.0370666 0.0614248 -0.0476686 -0.00108731 0.00230744 -0.0310628 -0.0024249 0.00681227 -0.0722915 0.0297446 0.0239187 0.0944898 0.01198 -0.0438554 -0.074586 0.0572365
internal_weight=7716 846 375 6870 2550 4320 2530 1921 503 1418 609 322 287 4294 421 327 94 3873 3479 394 471 416 55 334 311 45 266 105 75 172
internal_count=7716 846 375 6870 2550 4320 2530 1921 503 1418 609 322 287 4294 421 327 94 3873 3479 394 471 416 55 334 311 45 266 105 75 172
is_linear=0
shrinkage=0.03


Tree=219
num_leaves=31
num_cat=0
split_feature=15 32 33 35 22 40 35 20 20 36 32 35 8 45 33 13 7 12 5 49 53 58 64 33 47 61 20 33 64 55
split_gain=304.364 539.557 1205.37 797.752 771.922 705.598 1012.94 600.255 1524.6 1231.69 692.055 774.453 748.403 551.357 452.714 445.447 505.709 953.74 502.305 745.553 448.035 395.331 394.852 323.007 309.328 307.012 300.686 336.33 294.576 236.004
threshold=976.05000000000007 49.750000000000007 128.50000000000003 68.450000000000017 67.500000000000014 20.333333333333339 53.350000000000001 9486.2500000000018 7638.5000000000009 355.50000000000006 58.550000000000004 133.50000000000003 22.450000000000003 22.050000000000004 79.850000000000009 92.000000000000014 9.0750000000000011 5.6500000000000012 65.500000000000014 54.945000000000014 222065.25000000003 16.450000000000003 79.250000000000014 27.850000000000005 55.040000000000006 33.832857142857151 5153.7500000000009 28.950000000000003 31.255000000000006 26.221428571428579
decision_type=2 8 10 8 2 10 10 2 2 10 8 8 2 8 10 2 2 2 2 8 2 8 10 10 10 10 2 10 8 10
left_child=15 2 4 -3 14 28 -7 8 13 -10 12 -12 -9 -5 21 23 22 18 19 -18 25 -2 26 -1 -22 -19 29 -28 -6 -17
right_child=1 3 -4 7 5 6 -8 10 9 -11 11 -13 -14 -15 -16 16 17 20 -20 -21 24 -23 -24 -25 -26 -27 27 -29 -30 -31
leaf_value=-0.16517705485224723 -0.026532550963162576 0.18133050802562919 0.24724391122162342 0.014407833897516709 0.078309065134857192 0.23884734583312067 0.05333339589132069 -0.17993011857333935 0.0721145415026061 -0.051397732653944136 0.063213570869072921 -0.012651727024547725 -0.038423295781626635 -0.019927228952987566 -0.09797196832413857 -0.023038675751951006 0.16067989918092887 0.016937419422193553 0.017320181410563618 -0.04636916202306747 -0.018778273914666736 0.013163369475861711 0.091346162405097853 -0.042271385473101886 0.10124249058465162 -0.10985740847447339 0.0034308809037985545 -0.048761360058038085 -0.045007544978122628 -0.13726386062255719
leaf_weight=27 279 21 20 696 22 29 306 38 441 87 129 1978 293 1065 39 27 72 23 95 20 68 1184 24 67 27 68 210 236 84 41
leaf_count=27 279 21 20 696 22 29 306 38 441 87 129 1978 293 1065 39 27 72 23 95 20 68 1184 24 67 27 68 210 236 84 41
internal_value=4.26057e-12 0.00230574 0.0155352 -0.0031638 0.0131501 0.0480471 0.0693928 -0.00398343 0.00704948 0.0517631 -0.0143421 -0.00800691 -0.0546688 -0.00635698 0.00290409 -0.0153969 -0.00898121 0.0178629 0.0657058 0.115669 -0.0302372 0.0055932 -0.0275925 -0.0775741 0.0153329 -0.0778104 -0.033146 -0.0241865 -0.0194135 -0.0919097
internal_weight=7716 6711 1963 4748 1943 441 335 4727 2289 528 2438 2107 331 1761 1502 1005 911 373 187 92 186 1463 538 94 95 91 514 446 106 68
internal_count=7716 6711 1963 4748 1943 441 335 4727 2289 528 2438 2107 331 1761 1502 1005 911 373 187 92 186 1463 538 94 95 91 514 446 106 68
is_linear=0
shrinkage=0.03


Tree=220
num_leaves=31
num_cat=0
split_feature=1 13 10 15 63 55 35 18 9 23 48 32 21 21 60 45 43 65 41 23 21 15 20 48 63 24 55 24 45 11
split_gain=313.484 705.676 602.003 939.154 1450.8 609.917 553.782 450.834 364.116 861.757 857.899 788.164 810.458 1776.55 1241.05 1036.66 1116.03 777.367 748.635 739.68 529.584 553.794 638.315 463.835 829.069 390.429 356.742 306.662 274.293 269.348
threshold=77.309166200000007 167.50000000000003 18.250000000000004 991.85000000000002 60.783725590955811 85.052380952380972 264.50000000000006 3672.5000000000005 33.95000000000001 3154.3500000000004 81.65000000000002 172.50000000000003 143.00000000000003 137.50000000000003 39.750000000000007 19.250000000000004 15.700000000000012 119.70714285714287 40.850000000000001 570.70000000000016 450.00000000000006 975.95000000000016 16356.750000000002 50.415000000000006 41.75714285714286 3.8800000000000003 70.214285714285737 249.82000000000002 13.750000000000002 84.500000000000014
decision_type=2 2 2 2 8 10 10 2 2 2 8 10 2 2 10 10 10 10 10 2 2 2 2 8 10 2 10 2 10 2
left_child=8 6 3 4 -3 27 26 -5 9 20 18 12 13 19 -15 16 -14 -17 -11 -10 21 25 -23 -22 -25 -1 28 -4 -2 -30
right_child=1 2 5 7 -6 -7 -8 -9 11 10 -12 -13 15 14 -16 17 -18 -19 -20 -21 23 22 -24 24 -26 -27 -28 -29 29 -31
leaf_value=-0.11553766844027183 0.068899009738649639 0.38482482758435332 0.0045765862148255112 -0.053152499520219859 0.075598243301113435 -0.095736769976861327 -0.12342042375552026 0.11687609349489211 0.0052318717388647748 -0.12514519606317792 0.20872056954963639 0.18001690044999122 0.20790372733107726 0.026955276690423486 0.34129053024145273 -0.056369990436516325 -0.0053050564917871638 -0.25357563395798205 0.10684393488591717 0.069121964672231112 -0.14686814989149569 0.0017754397054034051 -0.034601185689249997 0.019674709569098371 -0.12559600745006039 -0.027231937190950954 0.095664739691682404 0.11950806504870588 -0.10677980533926873 0.025774020064960823
leaf_weight=51 21 22 48 32 36 34 38 25 1083 21 33 24 23 20 26 179 562 20 31 192 40 4000 487 99 55 387 31 37 37 22
leaf_count=51 21 22 48 32 36 34 38 25 1083 21 33 24 23 20 26 179 562 20 31 192 40 4000 487 99 55 387 31 37 37 22
internal_value=-3.58579e-11 0.026459 0.0589535 0.107902 0.192891 0.0116506 -0.0245726 0.0214214 -0.00138195 -0.00565777 0.0890811 0.00906961 0.00712057 0.0214612 0.204623 -0.0170426 0.00307751 -0.0761897 0.013156 0.014853 -0.00723089 -0.00531578 -0.00217273 -0.055849 -0.0322077 -0.0375141 0.00926722 0.0546056 -0.0242118 -0.057353
internal_weight=7716 383 234 115 58 119 149 57 7333 5204 85 2129 2105 1321 46 784 585 199 52 1275 5119 4925 4487 194 154 438 111 85 80 59
internal_count=7716 383 234 115 58 119 149 57 7333 5204 85 2129 2105 1321 46 784 585 199 52 1275 5119 4925 4487 194 154 438 111 85 80 59
is_linear=0
shrinkage=0.03


Tree=221
num_leaves=8
num_cat=0
split_feature=42 19 60 60 38 36 41
split_gain=309.083 410.271 331.121 385.395 377.489 335.014 333.126
threshold=118.50000000000001 16.170833333333338 129.50000000000003 112.50000000000001 134.50000000000003 559.50000000000011 68.050000000000011
decision_type=10 2 10 10 10 10 10
left_child=2 -2 3 4 5 6 -1
right_child=1 -3 -4 -5 -6 -7 -8
leaf_value=-0.0020598153719099 -0.12867427953567945 0.024272285534275899 0.093966641732875042 -0.10901938242131266 0.11466825547126623 0.091460061979790522 0.02205006192312902
leaf_weight=6969 38 27 34 29 26 36 557
leaf_count=6969 38 27 34 29 26 36 557
internal_value=1.10632e-10 -0.0651426 0.000553427 0.000136459 0.000553633 0.000161279 -0.000275441
internal_weight=7716 65 7651 7617 7588 7562 7526
internal_count=7716 65 7651 7617 7588 7562 7526
is_linear=0
shrinkage=0.03


Tree=222
num_leaves=14
num_cat=0
split_feature=61 60 54 41 32 28 0 59 37 38 5 41 28
split_gain=305.421 358.043 344.714 309.02 1337.27 1186.49 425.037 685.606 1017.26 946.565 334.203 1572.41 984.984
threshold=110.20000000000003 129.50000000000003 68.250000000000014 101.50000000000001 63.550000000000004 98.500000000000014 28.496097500000001 28.392857142857149 163.50000000000003 26.450000000000003 549.50000000000011 15.450000000000001 478.00000000000006
decision_type=10 10 10 10 10 2 2 8 10 10 2 8 2
left_child=1 3 -2 6 -5 -6 7 9 -9 -1 12 -12 -8
right_child=2 -3 -4 4 5 -7 10 8 -10 -11 11 -13 -14
leaf_value=-0.018885013349968324 -0.14689398382686905 0.11384779804944992 0.0047007213781277337 -0.078124390128803872 0.32284252386201512 0.028436012097767419 0.00079661090764262144 -0.2174386266618967 -0.03823375274338861 0.17462606303393841 0.18539792551100251 -0.039618569955635077 0.069390827029434596
leaf_weight=182 27 25 27 38 22 28 6535 36 137 26 30 409 194
leaf_count=182 27 25 27 38 22 28 6535 36 137 26 30 409 194
internal_value=-2.51331e-11 0.000501073 -0.0710966 0.000130028 0.0560229 0.157975 -0.000521525 -0.0313979 -0.0755249 0.00530387 0.00111965 -0.0242416 0.00277421
internal_weight=7716 7662 54 7637 88 50 7549 381 173 208 7168 439 6729
internal_count=7716 7662 54 7637 88 50 7549 381 173 208 7168 439 6729
is_linear=0
shrinkage=0.03


Tree=223
num_leaves=21
num_cat=0
split_feature=42 43 56 34 33 17 18 33 31 46 47 28 22 21 61 32 15 41 38 59
split_gain=304.351 889.296 820.261 488.493 681.361 480.427 981.078 923.634 1141.14 878.114 751.47 669.985 649.566 967.988 911.974 540.549 455.599 1191.17 478.869 579.222
threshold=82.65000000000002 90.300000000000026 104.50000000000001 82.916666666666671 96.450000000000017 3105.0000000000005 6149.0000000000009 29.550000000000004 247.24857142857135 22.966666666666679 113.29266187050361 768.83333333333348 423.50000000000006 356.00000000000006 18.220000000000002 60.850000000000001 985.1500000000002 92.200000000000017 67.750000000000014 50.428571428571438
decision_type=8 10 8 10 10 2 2 10 2 10 8 2 2 2 10 10 2 8 8 10
left_child=1 5 -2 16 -5 6 12 -7 -9 10 -8 -10 13 -1 -14 -11 18 -18 19 -4
right_child=2 -3 3 4 -6 7 9 8 11 15 -12 -13 14 -15 -16 -17 17 -19 -20 -21
leaf_value=0.0015415442560705516 -0.17478250513153692 0.20106128498911857 -0.015851542728132759 -0.19109952828288077 0.0094553485200289753 0.22194988795689174 -0.031108889949285016 -0.1831127426587045 0.049819415917894405 -0.011049794141965157 0.15914767652750014 -0.02222607565261087 0.22986189829451695 -0.055610693849224062 0.027139660699895637 -0.15364758100874465 -0.04935259880498051 0.26413070375472303 -0.11986935001797974 0.14004687671363356
leaf_weight=5621 31 20 151 30 31 21 284 24 387 33 20 166 21 280 408 87 24 20 32 25
leaf_count=5621 31 20 151 30 31 21 284 24 387 33 20 166 21 280 408 87 24 20 32 25
internal_value=1.76839e-11 0.00128706 -0.027582 -0.013003 -0.0891782 0.000743605 -0.00153832 0.0265164 0.0194036 -0.0457169 -0.018592 0.0281927 0.00142087 -0.00117031 0.0370631 -0.114433 0.0054362 0.0931398 -0.0131165 0.00629312
internal_weight=7716 7372 344 313 61 7352 6754 598 577 424 304 553 6330 5901 429 120 252 44 208 176
internal_count=7716 7372 344 313 61 7352 6754 598 577 424 304 553 6330 5901 429 120 252 44 208 176
is_linear=0
shrinkage=0.03


Tree=224
num_leaves=19
num_cat=0
split_feature=54 56 12 35 31 7 41 49 56 37 16 1 41 1 1 32 15 68
split_gain=300.355 567.58 367.956 356.645 881.845 696.117 656.842 637.775 563.996 527.044 465.088 871.515 2555.76 1347.29 438.461 612.46 487.758 313.766
threshold=371.50000000000006 511.50000000000006 4.0500000000000007 352.50000000000006 1797.5228571428577 10.235000000000001 41.550000000000004 86.76666666666668 298.50000000000006 514.33333333333337 17.550000000000004 77.188546500000015 87.450000000000017 77.232522700000018 77.201112150000014 110.50000000000001 975.6500000000002 4.5000000000000009
decision_type=10 10 2 10 2 2 10 8 10 10 2 2 8 2 2 8 2 2
left_child=1 3 -3 10 5 8 7 -6 -5 -7 11 12 -1 -13 16 -16 -12 -8
right_child=-2 2 -4 4 6 9 17 -9 -10 -11 14 13 -14 -15 15 -17 -18 -19
leaf_value=0.018976992099870346 -0.10179326041673238 -0.0077453690554414485 0.14872922083657036 -0.057262515351176262 -0.10823545472962515 -0.035535366092712642 0.21734744958579538 0.05501250466065747 -0.24964811906218529 0.10349446655466006 -0.059302604341102599 -0.034621337311827149 0.29815209662914277 0.018190697755891522 0.00031355289975557103 0.066989976894908723 -0.0099862497578442691 0.071196082154145607
leaf_weight=1817 26 21 38 32 35 437 20 56 24 26 199 803 30 948 1084 140 1941 39
leaf_count=1817 26 21 38 32 35 437 20 56 24 26 199 803 30 948 1084 140 1941 39
internal_value=-2.03286e-10 0.000344164 0.0930349 -0.000372485 -0.0212945 -0.0398113 0.0427737 -0.00777517 -0.139713 -0.0277281 0.00163797 0.00913552 0.0235115 -0.00602864 -0.00638111 0.00793994 -0.0145722 0.120739
internal_weight=7716 7690 59 7631 669 519 150 91 56 463 6962 3598 1847 1751 3364 1224 2140 59
internal_count=7716 7690 59 7631 669 519 150 91 56 463 6962 3598 1847 1751 3364 1224 2140 59
is_linear=0
shrinkage=0.03


Tree=225
num_leaves=31
num_cat=0
split_feature=1 42 56 56 41 51 15 17 29 23 21 41 59 57 35 56 38 19 54 60 16 23 42 65 10 51 62 29 29 51
split_gain=298.596 402.327 694.28 520.75 450.81 1015.88 1202.95 765.806 484.39 407.582 526.442 367.126 572.172 461.848 359.764 680.981 649.465 593.098 729.633 455.016 351.671 516.483 418.366 289.61 673.588 481.096 285.351 298.204 244.64 241.453
threshold=77.128061500000015 82.65000000000002 104.50000000000001 121.50000000000001 75.600000000000009 565.55500000000018 985.35000000000002 3385.0000000000005 72.357142857142875 4309.7700000000013 406.00000000000006 54.45000000000001 59.992857142857154 193.92857142857147 199.50000000000003 396.50000000000006 41.532558139534892 15.356250000000001 50.550000000000004 16.250000000000004 12.850000000000003 333.44000000000005 29.550000000000004 121.14285714285715 18.250000000000004 526.45500000000015 70.850000000000009 116.78571428571429 207.14285714285717 479.75000000000006
decision_type=2 8 8 8 10 2 2 2 2 2 2 10 10 10 10 10 10 2 8 10 2 2 10 8 2 2 8 2 2 2
left_child=11 4 -3 -4 14 7 -7 8 -6 10 -5 20 13 -13 15 16 -2 18 -16 -19 21 -1 -23 24 25 -22 27 -25 -24 -26
right_child=1 2 3 9 5 6 -8 -9 -10 -11 -12 12 -14 -15 17 -17 -18 19 -20 -21 23 22 28 26 29 -27 -28 -29 -30 -31
leaf_value=-0.014645504440580095 -0.0047036241374894634 -0.16974511806041964 0.12732012658193709 -0.032015839887026228 -0.11346700412850524 0.013983687209812077 0.32770772837779732 0.14666250586509705 0.013083314177336044 -0.1396965976698058 0.12862367668747901 0.23615742042660712 -0.035610872003538858 0.064250926063037839 0.067201325864531106 0.17007343185896223 0.022748767960274665 0.027425832229738049 -0.0091173366594799604 -0.059546275121780734 0.041280826249947916 0.18577175752683117 -0.032973109602928159 -0.14365011090582067 0.0013089679974748608 0.18760715137880582 0.019153715391521865 -0.025466877066570779 0.11049009544046029 -0.066629196359013959
leaf_weight=56 2876 31 20 224 37 22 22 30 103 28 20 22 29 39 120 22 1062 65 1864 324 91 33 20 33 327 26 46 46 23 55
leaf_count=56 2876 31 20 224 37 22 22 30 103 28 20 22 29 39 120 22 1062 65 1864 324 91 33 20 33 327 26 46 46 23 55
internal_value=-9.88464e-11 -0.00207097 -0.0347563 -0.0204253 -0.000458423 0.0423663 0.170846 0.00911281 -0.0203621 -0.0312889 -0.0188487 0.0168175 0.0740948 0.12625 -0.00190552 0.00362959 0.00269974 -0.0111424 -0.00450129 -0.0450137 0.00999873 0.0544858 0.105425 0.000587995 0.0108172 0.0737978 -0.0402469 -0.0748346 0.043763 -0.0084727
internal_weight=7716 6870 323 292 6547 214 44 170 140 272 244 846 90 61 6333 3960 3938 2373 1984 389 756 132 76 624 499 117 125 79 43 382
internal_count=7716 6870 323 292 6547 214 44 170 140 272 244 846 90 61 6333 3960 3938 2373 1984 389 756 132 76 624 499 117 125 79 43 382
is_linear=0
shrinkage=0.03


Tree=226
num_leaves=27
num_cat=0
split_feature=20 9 65 45 23 65 26 48 12 22 0 1 58 17 1 32 29 12 37 32 44 44 40 62 61 64
split_gain=288.04 485.786 537.255 694.129 465.854 520.6 456.582 1607.11 1058.44 384.368 668.355 369.051 649.444 2575.58 523.976 528.98 449.074 418.474 314.378 266.062 259.682 410.845 243.313 231.253 149.255 135.038
threshold=2883.2500000000005 19.450000000000003 113.7457142857143 66.488633093525195 522.06500000000017 153.16071428571431 1.5000000000000002 106.35000000000001 5.7500000000000009 92.500000000000014 28.662761550000003 77.232522700000018 4.7550000000000008 1387.5000000000002 77.201158150000012 32.150000000000013 1826.2857142857144 15.250000000000002 334.16666666666669 97.350000000000009 16.029244604316549 36.919496402877705 63.716666666666676 9.4339208633093534 23.042857142857148 72.250000000000014
decision_type=2 2 10 10 2 10 2 8 2 2 2 2 10 2 2 8 2 2 10 10 10 10 10 10 10 8
left_child=4 2 19 -4 5 9 7 8 23 20 18 14 13 -13 17 -16 -14 -8 -11 -2 24 -22 25 -3 -1 -21
right_child=1 6 3 -5 -6 -7 11 -9 -10 10 -12 12 16 -15 15 -17 -18 -19 -20 22 21 -23 -24 -25 -26 -27
leaf_value=-0.055249651946127409 0.0072130908230571321 0.094586581273211373 0.11202065298190483 -0.10191102108785084 0.12708256640686438 0.15556029683777262 -0.0014801309922847137 -0.12035223118728026 0.25522459796496799 -0.036687035053968427 0.079625098087957924 -0.044599267037732426 0.0091156096395858793 0.35762448564819665 0.039467448494862764 -0.058945002928376199 -0.13381982696056366 -0.10867545653473247 -0.19626330710202453 -0.035443234855220433 0.17553353559711704 -0.010381981708109379 -0.17992364653944967 -0.04000474879145622 0.03076114904540388 -0.094496032813420658
leaf_weight=30 37 27 39 21 39 21 4834 32 35 20 21 38 1819 23 60 272 20 33 25 63 23 20 20 20 46 78
leaf_count=30 37 27 39 21 39 21 4834 32 35 20 21 38 1819 23 60 272 20 33 25 63 23 20 20 20 46 78
internal_value=-5.41001e-11 -0.00104965 -0.0414982 0.0371446 0.0320079 0.0140084 0.000397142 0.0599591 0.130324 -0.00205968 -0.0601242 -0.000559339 0.0107555 0.107059 -0.00469441 -0.0411596 0.00756112 -0.00220695 -0.125341 -0.0653293 0.0301442 0.0890612 -0.0820005 0.0373137 -0.00319048 -0.0681107
internal_weight=7716 7471 258 60 245 206 7213 114 82 185 66 7099 1900 61 5199 332 1839 4867 45 198 119 43 161 47 76 141
internal_count=7716 7471 258 60 245 206 7213 114 82 185 66 7099 1900 61 5199 332 1839 4867 45 198 119 43 161 47 76 141
is_linear=0
shrinkage=0.03


Tree=227
num_leaves=11
num_cat=0
split_feature=55 37 38 54 56 35 31 21 36 30
split_gain=286.618 565.93 409.638 397.622 332.71 450.111 835.08 470.474 409.495 355.848
threshold=300.50000000000006 514.33333333333337 134.50000000000003 256.50000000000006 493.50000000000006 352.50000000000006 1797.5228571428577 345.50000000000006 304.50000000000006 410.58666666666676
decision_type=10 10 10 10 10 10 2 2 10 2
left_child=1 2 4 -2 5 7 -7 -1 -6 -10
right_child=3 -3 -4 -5 8 6 -8 -9 9 -11
leaf_value=0.0037487385328627298 -0.17092181210006985 0.12840624378573512 0.12923131390051407 -0.003933296142653986 0.17382425495556422 -0.045791362981360995 0.037745965668495668 -0.021869378647456566 -0.066889210009574887 0.079624594398144941
leaf_weight=6209 21 31 22 33 21 456 141 720 25 37
leaf_count=6209 21 31 22 33 21 456 141 720 25 37
internal_value=-9.11026e-11 0.000485403 -3.42599e-05 -0.0688733 -0.000408007 -0.0010668 -0.0260614 0.00108673 0.0593276 0.0205464
internal_weight=7716 7662 7631 54 7609 7526 597 6929 83 62
internal_count=7716 7662 7631 54 7609 7526 597 6929 83 62
is_linear=0
shrinkage=0.03


Tree=228
num_leaves=31
num_cat=0
split_feature=18 60 18 17 20 65 60 46 18 41 65 53 38 38 23 49 20 18 44 12 1 32 13 44 5 60 46 59 48 38
split_gain=286.818 523.352 459.471 917.24 1093.67 1668.17 1508.47 874.12 862.294 1126.74 804.811 975.924 889.526 766.651 676.424 904.673 657.662 958.402 656.476 628.259 704.969 551.408 539.141 494.85 437.719 394.524 308.956 293.554 373.962 220.212
threshold=6719.5000000000009 86.950000000000017 6133.5000000000009 3105.0000000000005 20453.250000000004 51.651428571428575 52.45000000000001 22.966666666666679 5589.5000000000009 112.50000000000001 119.70714285714287 263525.00000000006 76.050000000000011 38.607325581395351 3154.3500000000004 112.40000000000002 13246.500000000002 5574.5000000000009 17.450000000000003 5.4500000000000011 77.288048550000013 67.050000000000011 321.50000000000006 41.850000000000001 506.50000000000006 29.050000000000004 40.933333333333344 41.000000000000007 61.525000000000006 33.050000000000004
decision_type=2 8 2 2 2 8 10 10 2 10 8 2 10 10 2 8 2 2 10 2 2 10 2 8 2 10 10 10 10 10
left_child=2 27 8 7 5 -5 -7 19 14 13 12 -12 -6 22 16 24 17 -1 -18 29 -21 26 -10 -15 -16 -23 -9 -2 -29 -4
right_child=1 -3 3 4 10 6 -8 21 9 -11 11 -13 -14 23 15 -17 18 -19 -20 20 -22 25 -24 -25 -26 -27 -28 28 -30 -31
leaf_value=0.00038237296570544754 -0.06607769547237291 0.17645446463771489 -0.039683215717474622 -0.12061992182679798 -0.007648401704973707 0.065034761821681789 0.3498810346921285 -0.10805697415344184 -0.0010525128321646545 0.22362515461742877 -0.01276709295088245 -0.27402833040126345 0.198561889372766 0.037081208271897516 -0.025103537889903989 0.2504852464199066 -0.0075493258218570008 -0.18970110453665257 -0.066949045486258046 -0.019880009977488032 0.15639728314835918 -0.099821745352819555 0.12264336046847429 0.11844220686970013 0.096682856101162576 -0.24556437119415828 0.03609226388735292 0.15538654283434153 -0.020260412842035294 -0.14899680750314578
leaf_weight=4501 27 23 27 23 321 44 27 32 813 25 31 22 20 338 58 20 406 24 285 284 22 32 33 84 49 35 23 20 24 43
leaf_count=4501 27 23 27 23 321 44 27 32 813 25 31 22 20 338 58 20 406 24 285 284 22 32 33 84 49 35 23 20 24 43
internal_value=1.2282e-10 0.0520834 -0.000642329 -0.019751 0.00947901 0.101426 0.173357 -0.0483941 0.0021969 0.02418 -0.0124576 -0.121215 0.00444604 0.0202477 -0.00312299 0.0652847 -0.00478859 -0.000625805 -0.0320485 -0.025754 -0.00720648 -0.11817 0.0037725 0.0532763 0.0306678 -0.175956 -0.0477764 0.0117941 0.0595791 -0.106833
internal_weight=7716 94 7622 986 488 94 71 498 6636 1293 394 53 341 1268 5343 127 5216 4525 691 376 306 122 846 422 107 67 55 71 44 70
internal_count=7716 94 7622 986 488 94 71 498 6636 1293 394 53 341 1268 5343 127 5216 4525 691 376 306 122 846 422 107 67 55 71 44 70
is_linear=0
shrinkage=0.03


Tree=229
num_leaves=31
num_cat=0
split_feature=1 13 39 13 1 13 62 47 55 1 65 12 58 24 13 19 15 34 63 44 21 37 46 19 23 40 18 11 18 13
split_gain=287.84 412.94 454.363 385.293 819.089 976.979 855.637 1818.78 789.928 732.304 927.144 799.23 702.492 541.62 650.585 594.725 501.581 1182.08 721.705 372.456 351.542 446.048 346.333 334.953 396.228 464.906 354.512 562.985 327.489 272.255
threshold=77.128061500000015 220.00000000000003 69.65000000000002 156.50000000000003 77.232522700000018 172.00000000000003 32.550000000000004 55.45000000000001 224.85000000000005 77.188546500000015 116.90646454265159 10.850000000000003 4.7550000000000008 5.7650000000000015 145.00000000000003 12.991666666666669 991.95000000000016 236.50000000000003 15.157857142857145 45.45000000000001 10.500000000000002 53.683333333333344 14.833333333333341 10.887500000000001 632.55500000000018 33.883333333333347 3770.0000000000005 57.500000000000007 6242.0000000000009 109.00000000000001
decision_type=2 2 10 2 2 2 10 10 10 2 10 2 10 2 2 2 2 10 10 10 2 8 10 2 2 10 2 2 2 2
left_child=1 2 29 8 5 6 7 -5 13 11 -11 -7 -6 20 15 -15 17 -14 -18 -16 21 -2 -22 26 25 -25 -3 28 -28 -1
right_child=3 23 -4 4 12 9 -8 -9 -10 10 -12 -13 16 14 19 -17 18 -19 -20 -21 22 -23 -24 24 -26 -27 27 -29 -30 -31
leaf_value=0.00052264166030066984 0.04536052618625884 -0.031772215571254488 0.13425288768803201 0.040141588829276036 0.15412094386255679 0.0063209186070101861 -0.060169056806227431 0.389096483130008 -0.13442167416214942 -0.043481395757305683 0.031661107810725876 -0.09484882914346375 0.023821282024232723 0.019858889039704931 -0.1875874621673457 -0.022346935500392188 -0.071727730306256718 0.21208139158545003 0.026228551672902074 -0.021533969219774008 0.12114650806959937 -0.01289617107193107 -0.01339050863797848 -0.0050197711836765793 0.026970647011086885 -0.10644384049882109 0.054296584536860648 0.18314709868282078 -0.051956595629453657 0.054717808315573734
leaf_weight=162 180 70 41 41 36 1884 23 20 46 786 182 73 947 376 31 1496 119 31 157 20 51 345 26 85 83 78 95 24 36 172
leaf_count=162 180 70 41 41 36 1884 23 20 46 786 182 73 947 376 31 1496 119 31 157 20 51 345 26 85 83 78 95 24 36 172
internal_value=1.09567e-10 0.0165118 0.0400013 -0.00203333 0.00346089 -0.00511318 0.0957601 0.154553 -0.0112203 -0.00801005 -0.0293534 0.00254709 0.0234604 -0.00897581 -0.0167499 -0.0138697 0.0197094 0.0297886 -0.0160062 -0.122468 0.0158572 0.00707755 0.0757184 -0.00219007 -0.0263851 -0.053554 0.0242632 0.0495695 0.0250972 0.0284315
internal_weight=7716 846 375 6870 4299 3009 84 61 2571 2925 968 1957 1290 2525 1923 1872 1254 978 276 51 602 525 77 471 246 163 225 155 131 334
internal_count=7716 846 375 6870 4299 3009 84 61 2571 2925 968 1957 1290 2525 1923 1872 1254 978 276 51 602 525 77 471 246 163 225 155 131 334
is_linear=0
shrinkage=0.03


Tree=230
num_leaves=31
num_cat=0
split_feature=0 35 13 32 56 40 49 49 13 12 58 50 38 13 25 39 38 65 42 33 68 44 35 38 9 61 9 32 44 44
split_gain=281.748 469.144 663.231 645.977 900.496 558.196 500.191 458.683 550.717 676.201 581.152 453.938 445.913 406.254 1057.2 761.804 742.408 1813.82 739.002 743.909 612.627 666.695 975.257 614.357 596.535 1114.96 944.121 824.153 726.599 616.395
threshold=28.557231250000005 296.50000000000006 167.50000000000003 184.50000000000003 341.50000000000006 40.983333333333327 101.60833333333333 80.516666666666694 318.50000000000006 4.9500000000000011 73.250000000000014 1.0000000180025095e-35 36.62383720930233 299.50000000000006 1.5000000000000002 111.50000000000001 83.450000000000017 122.82142857142858 22.450000000000003 129.50000000000003 22.500000000000004 16.450000000000003 191.50000000000003 55.550000000000004 30.200000000000006 75.478571428571442 30.750000000000004 187.50000000000003 16.650000000000002 2.7550000000000003
decision_type=2 10 2 10 10 10 10 10 2 2 10 2 10 2 2 8 10 10 10 10 2 8 10 10 2 8 2 10 10 10
left_child=1 6 -3 5 12 -4 7 8 10 -10 -1 -9 -5 20 18 16 -16 -18 -15 -20 24 22 -22 -24 25 29 28 -28 -26 -2
right_child=13 2 3 4 -6 -7 -8 11 9 -11 -12 -13 -14 14 15 -17 17 -19 19 -21 21 -23 23 -25 26 -27 27 -29 -30 -31
leaf_value=-0.011979763636876615 0.13136123420298099 -0.15653670913793824 -0.025091756043895599 0.20101034331321715 -0.098594497235921716 -0.21780415371060369 0.13386491733724656 -0.20293173074722287 0.21252446060595304 0.0064290943584944067 0.094375203908421093 -0.016959330969386632 0.033402071079611781 -0.018703011504122031 -0.035295734814726809 -0.19435698823928832 0.3002905272586005 -0.037365592857201889 0.056700906258562334 0.25087538719177249 0.046030239133744051 -0.00065741392905297488 0.097183316498994823 0.3240364352294377 0.010274709159473204 0.22533594108146168 -0.0019781355651737474 0.18665335003818784 -0.12863272046472166 0.012151770583715958
leaf_weight=1261 40 44 31 20 39 24 23 21 23 38 48 27 50 107 683 25 21 45 115 21 151 161 22 21 53 23 2842 21 94 1622
leaf_count=1261 40 44 31 20 39 24 23 21 23 38 48 27 50 107 683 25 21 45 115 21 151 161 22 21 53 23 2842 21 94 1622
internal_value=1.1305e-10 -0.0109959 -0.0531136 -0.025366 0.0169278 -0.109184 -0.0049165 -0.00716754 -0.0039738 0.0841372 -0.00807981 -0.0983223 0.0812901 0.00298868 -0.0143102 -0.0314487 -0.0260111 0.0700704 0.0402789 0.0866837 0.00647244 0.0444719 0.0819246 0.207972 0.00359921 0.0178916 -0.00440168 -0.000594531 -0.0785504 0.0150208
internal_weight=7716 1649 208 164 109 55 1441 1418 1370 61 1309 48 70 6067 1017 774 749 66 243 136 5050 355 194 43 4695 1685 3010 2863 147 1662
internal_count=7716 1649 208 164 109 55 1441 1418 1370 61 1309 48 70 6067 1017 774 749 66 243 136 5050 355 194 43 4695 1685 3010 2863 147 1662
is_linear=0
shrinkage=0.03


Tree=231
num_leaves=29
num_cat=0
split_feature=44 1 13 35 60 1 13 0 0 1 58 29 8 0 64 13 39 11 65 8 54 21 28 15 36 48 38 11
split_gain=276.614 293.713 399.492 953.203 826.35 779.192 927.602 730.162 714.704 683.133 654.346 484.24 469.843 900.235 710.933 383.015 428.072 316.542 269.904 543.896 325.361 266.735 1106.64 236.755 217.881 181.657 143.452 132.837
threshold=1.5800000000000003 77.128061500000015 156.50000000000003 301.50000000000006 17.550000000000004 77.232522700000018 172.00000000000003 28.581425950000003 28.632526500000001 77.188546500000015 4.7550000000000008 1826.2857142857144 19.900000000000002 28.632526500000001 117.05000000000001 220.00000000000003 69.65000000000002 78.500000000000014 121.14285714285715 25.150000000000002 260.50000000000006 157.50000000000003 114.33333333333336 990.35000000000002 338.50000000000006 39.665000000000013 41.750000000000007 48.500000000000007
decision_type=8 2 2 10 10 2 2 2 2 2 10 2 2 2 10 2 10 2 10 2 10 2 2 2 10 10 10 2
left_child=25 15 3 12 23 6 8 -6 -4 -8 -7 -12 13 -3 -14 16 21 18 19 -17 -20 22 -2 -5 -18 -1 -19 -23
right_child=1 2 5 4 7 10 9 -9 -10 -11 11 -13 14 -15 -16 17 24 26 20 -21 -22 27 -24 -25 -26 -27 -28 -29
leaf_value=0.1132262192456983 0.021608858692048774 -0.034520026628787705 -0.030835106175925053 -0.26049533367156985 -0.14348109996318814 0.14865399070084095 0.0020557249334369784 -0.00022092289089955185 0.15479609957363991 -0.028845094582895577 0.021304446153566484 -0.12750596666336059 -0.006100763132204659 0.10301492893225268 -0.079528166868147399 0.07975691082896573 0.19778455385140012 -0.031935674161020965 -0.047469844790752481 -0.0075808739258950066 0.083803293675184243 0.033582629753010608 0.23498964093625543 -0.12385767495185138 0.05942861858010292 0.0040416759718209499 -0.13010536772864206 -0.058826917497707264
leaf_weight=32 247 78 28 21 45 36 1939 111 56 964 1232 20 2041 95 126 101 21 37 113 176 20 21 24 25 20 24 21 42
leaf_count=32 247 78 28 21 45 36 1939 111 56 964 1232 20 2041 95 126 101 21 37 113 176 20 21 24 25 20 24 21 42
internal_value=2.29637e-11 -0.000485671 -0.00255146 -0.0119695 -0.0744951 0.00304867 -0.00536171 -0.041546 0.092919 -0.00820552 0.0225532 0.0189273 -0.00657194 0.0410049 -0.0103702 0.0162195 0.0388098 -0.00188172 0.00739802 0.0242643 -0.0277295 0.0275798 0.040506 -0.186236 0.130294 0.0664328 -0.0674799 -0.0280237
internal_weight=7716 7660 6817 2542 202 4275 2987 156 84 2903 1288 1252 2340 173 2167 843 375 468 410 277 133 334 271 46 41 56 58 63
internal_count=7716 7660 6817 2542 202 4275 2987 156 84 2903 1288 1252 2340 173 2167 843 375 468 410 277 133 334 271 46 41 56 58 63
is_linear=0
shrinkage=0.03


Tree=232
num_leaves=27
num_cat=0
split_feature=42 17 5 28 65 21 20 23 47 11 5 59 6 58 35 7 45 17 47 35 34 36 38 60 20 36
split_gain=275.397 487.428 839.624 818.519 1087.47 2041.86 602.867 536.436 2018.03 836.566 750.432 630.729 599.325 565.538 557.739 474.119 577.583 586.206 469.06 542.746 650.06 463.259 444.138 377.943 531.977 300.724
threshold=82.65000000000002 3105.0000000000005 37.500000000000007 137.00000000000003 54.922857142857147 122.00000000000001 21144.250000000004 4680.6650000000018 85.450000000000017 51.500000000000007 610.00000000000011 58.178571428571438 1875.4150000000002 77.950000000000017 306.50000000000006 7.4900000000000011 23.550000000000004 2507.5000000000005 82.350000000000009 256.50000000000006 69.15000000000002 235.50000000000003 45.650000000000013 15.450000000000001 40925.500000000007 167.50000000000003
decision_type=8 2 2 2 8 2 2 2 8 2 2 10 2 10 10 2 10 2 10 10 10 10 10 10 2 8
left_child=1 7 -3 4 6 -6 -4 10 9 -9 12 21 14 -13 -1 -2 18 -18 19 20 -17 -12 -14 -5 -25 -11
right_child=15 2 3 23 5 -7 -8 8 -10 25 11 13 22 -15 -16 16 17 -19 -20 -21 -22 -23 -24 24 -26 -27
leaf_value=0.0010998294003938343 -0.15204602766036987 -0.12496233045574157 -0.11054315848276018 0.11611090972695662 0.07944250240494069 0.38919602873650466 0.042730294232626989 -0.16942710609734057 0.32928249193089348 0.12871733519766065 -0.069114885199579257 -0.24767160864339932 -0.00068025982325994655 -0.040093591851847514 -0.02432955096529962 -0.028897728065129847 0.19944025493093898 -0.027501141060143706 -0.15319861743312616 -0.14645824866162407 0.10079613495011662 0.058358830929194624 0.067651080125325114 -0.02686713427864015 0.10193551012060859 -0.0092894703149795522
leaf_weight=5248 25 31 32 23 148 22 83 20 21 27 79 27 152 21 911 182 21 20 26 27 43 38 196 230 33 30
leaf_count=5248 25 31 32 23 148 22 83 20 21 27 79 27 152 21 911 182 21 20 26 27 43 38 196 230 33 30
internal_value=-9.80727e-11 0.00122431 0.0270933 0.0353485 0.07133 0.119528 8.029e-05 -0.00107601 0.0686028 -0.00249166 -0.00209947 -0.0652821 -0.000497327 -0.156856 -0.00266152 -0.0262373 -0.0163776 0.0887371 -0.0318802 -0.0193632 -0.00411179 -0.0277132 0.0378052 -0.000507056 -0.0107056 0.0560822
internal_weight=7716 7372 602 571 285 170 115 6770 98 77 6672 165 6507 48 6159 344 319 41 278 252 225 117 348 286 263 57
internal_count=7716 7372 602 571 285 170 115 6770 98 77 6672 165 6507 48 6159 344 319 41 278 252 225 117 348 286 263 57
is_linear=0
shrinkage=0.03


Tree=233
num_leaves=26
num_cat=0
split_feature=20 42 61 9 58 42 39 26 36 34 62 0 54 34 15 31 20 22 10 37 56 47 38 32 0
split_gain=279.333 448.476 569.954 429.69 494.011 436.976 427.669 405.489 1066.48 781.199 976.735 443.327 376.451 331.886 326.109 1053.79 767.712 628.86 513.31 1179.61 545.213 238.187 190.031 165.338 137.588
threshold=2883.2500000000005 9.9150000000000009 18.575000000000006 19.450000000000003 70.250000000000014 20.450000000000003 82.050000000000011 1.5000000000000002 344.50000000000006 130.75 12.850000000000003 28.638037000000004 223.50000000000003 123.35000000000001 993.05000000000007 372.40571428571423 9265.5000000000018 163.50000000000003 13.250000000000002 202.50000000000003 377.50000000000006 106.35000000000001 65.15000000000002 97.350000000000009 28.581425950000003
decision_type=2 10 10 2 10 10 10 2 10 10 10 2 10 10 2 2 2 2 2 10 10 10 10 10 2
left_child=1 -1 -3 4 22 -6 12 8 9 11 -11 -5 13 -4 18 16 -16 -17 19 -9 -20 -14 23 -2 -25
right_child=3 2 6 7 5 -7 -8 14 -10 10 -12 -13 21 -15 15 17 -18 -19 20 -21 -22 -23 -24 24 -26
leaf_value=0.15468867355259133 0.0076112703143342121 -0.092917791390525431 0.00063356314564035055 0.012336817133155736 -0.054459368478168138 0.12420782376612934 0.17009987211227418 0.10676860422573306 0.23897398202963496 0.065651182606816294 -0.20228544373512267 0.20749276658892632 0.014936234897800854 0.098403402756779418 -0.0045341934452594159 -0.11346471146589382 0.14184377137887119 -0.011117573340351765 -0.0031865087068503159 0.0054120120603372065 0.047069215056166722 -0.12972352573648094 -0.13882554654031992 -0.098288718625903118 -0.039236586838318356
leaf_weight=24 37 35 63 22 22 28 20 132 23 24 25 20 21 62 213 133 38 91 5815 476 201 20 24 60 87
leaf_count=24 37 35 63 22 22 28 20 132 23 24 25 20 21 62 213 133 38 91 5815 476 201 20 24 60 87
internal_value=6.94445e-11 0.0315205 0.0181448 -0.00103367 -0.0390752 0.0455943 0.0390436 0.000327031 0.0564575 0.010327 -0.0710512 0.105268 0.0232537 0.0491274 -0.000574347 -0.0245857 0.0176266 -0.0718862 0.00114748 0.0274171 -0.00150742 -0.0556295 -0.0594284 -0.0490722 -0.0633395
internal_weight=7716 245 221 7471 258 50 186 7213 114 91 49 42 166 125 7099 475 251 224 6624 608 6016 41 208 184 147
internal_count=7716 245 221 7471 258 50 186 7213 114 91 49 42 166 125 7099 475 251 224 6624 608 6016 41 208 184 147
is_linear=0
shrinkage=0.03


Tree=234
num_leaves=16
num_cat=0
split_feature=40 38 45 7 21 20 57 41 38 39 40 58 33 33 12
split_gain=273.323 856.376 345.269 597.542 1072.05 499.784 341.662 1118.38 351.514 566.996 303.602 299.267 288.458 92.1873 77.3591
threshold=5.1750000000000007 4.5250000000000012 2.3250000000000006 12.540000000000001 164.50000000000003 18204.250000000004 57.128571428571441 43.45000000000001 24.250000000000004 14.65 28.400000000000009 18.922441860465117 38.050000000000004 74.550000000000011 8.2500000000000018
decision_type=8 8 8 2 2 2 8 10 8 8 10 10 10 10 2
left_child=14 -2 3 12 5 -5 7 11 10 -10 -8 -4 -3 -6 -1
right_child=1 2 6 4 13 -7 8 -9 9 -11 -12 -13 -14 -15 -16
leaf_value=-0.090280682782869076 0.19182237761361257 0.029223468517884609 -0.017273042023062353 0.19366388657662484 -0.085462704982076379 0.024909741058945657 -0.011149368639424891 0.24557197961211202 0.11518305967920101 0.00038347933532137266 -0.06252568178004711 0.039691446395147413 -0.097188189402222624 0.0024132323400540782 -0.021967899012565614
leaf_weight=37 21 33 148 56 21 22 1536 20 39 5404 111 189 32 22 25
leaf_count=37 21 33 148 56 21 22 1536 20 39 5404 111 189 32 22 25
internal_value=-8.55877e-11 0.000508176 -1.81695e-05 0.0403544 0.079765 0.146067 -0.00102654 0.0276098 -0.00246845 0.00120604 -0.0146119 0.0146744 -0.03301 -0.0405029 -0.0627352
internal_weight=7716 7654 7633 186 121 78 7447 357 7090 5443 1647 337 65 43 62
internal_count=7716 7654 7633 186 121 78 7447 357 7090 5443 1647 337 65 43 62
is_linear=0
shrinkage=0.03


Tree=235
num_leaves=31
num_cat=0
split_feature=19 35 16 19 44 24 49 16 64 11 0 19 44 13 41 65 61 25 12 35 38 40 25 44 42 42 42 12 38 20
split_gain=264.918 433.922 703.582 883.451 1176.77 681.049 629.791 583.686 564.306 1169.54 521.721 630.552 809.713 739.156 1340.52 827.03 608.489 569.486 421.836 530.234 411.274 408.674 375.487 452.598 382.27 592.958 437.728 358.475 301.564 281.095
threshold=25.377083333333335 135.50000000000003 15.950000000000001 9.8437500000000018 11.750000000000002 980.40500000000009 71.991666666666674 16.350000000000005 55.320000000000007 71.500000000000014 28.592996750000005 14.254166666666668 55.691187050359723 290.50000000000006 101.50000000000001 31.317142857142862 31.289285714285718 1.5000000000000002 4.6500000000000012 47.650000000000013 8.7200000000000024 66.116666666666688 5.5000000000000009 78.095359712230234 101.50000000000001 131.50000000000003 68.750000000000014 6.9500000000000011 51.350000000000001 6645.2500000000009
decision_type=2 8 2 2 10 2 10 2 10 2 2 2 10 2 8 10 8 2 2 10 10 10 2 10 8 10 10 2 10 2
left_child=1 2 3 4 -1 21 7 -4 9 -8 22 13 16 14 -12 -15 -13 -14 -2 -20 -9 -5 24 27 26 -26 -3 -24 -10 -21
right_child=18 10 6 5 -6 -7 8 20 28 -11 11 12 17 15 -16 -17 -18 -19 19 29 -22 -23 23 -25 25 -27 -28 -29 -30 -31
leaf_value=0.33894598148390653 -0.066919209260522625 -0.013768407491359571 -0.092490179692121102 0.027524517690605026 0.017406342987503324 0.16474605152383445 0.27920257444381708 -0.058765411930475034 -0.0050920292662054887 0.0013722684383392332 0.023512810023707042 0.017010967709013267 -0.21440518695732641 0.18129960680007934 0.26518811719758167 -0.014057799238925148 -0.033226548777763536 -0.046025960462866354 0.07694123893976211 0.012242826036810078 0.0030066324520386812 -0.10740975035088403 -0.099218327049481664 0.082588215640613 -0.17807776230573652 0.021983812376856805 0.038436992149228695 -0.023759597022248721 0.060743769247014572 -0.034357437825879279
leaf_weight=20 128 1277 68 531 21 32 25 106 153 30 1262 437 29 20 21 785 431 48 61 187 1143 21 118 21 30 24 163 109 106 309
leaf_count=20 128 1277 68 531 21 32 25 106 153 30 1262 437 29 20 21 785 431 48 61 187 1143 21 118 21 30 24 163 109 106 309
internal_value=2.63021e-11 0.00173507 0.0125777 0.039642 0.174255 0.0301914 0.00220669 -0.00689589 0.0403853 0.127659 -0.00338766 0.00412756 -0.0162051 0.0133299 0.0274685 -0.0092042 -0.00793416 -0.109442 -0.0178092 -0.00652356 -0.00223583 0.0223911 -0.0164724 -0.0506581 -0.0107977 -0.0891615 -0.00785905 -0.0629848 0.0218524 -0.0167884
internal_weight=7716 7031 2256 625 41 584 1631 1317 314 55 4775 3033 945 2088 1283 805 868 77 685 557 1249 552 1742 248 1494 54 1440 227 259 496
internal_count=7716 7031 2256 625 41 584 1631 1317 314 55 4775 3033 945 2088 1283 805 868 77 685 557 1249 552 1742 248 1494 54 1440 227 259 496
is_linear=0
shrinkage=0.03


Tree=236
num_leaves=12
num_cat=0
split_feature=55 37 54 38 65 48 45 43 43 31 38
split_gain=261.565 529.802 365.866 359.181 308.06 541.41 1086.84 495.612 594.747 444.938 379.837
threshold=300.50000000000006 514.33333333333337 256.50000000000006 134.50000000000003 180.07142857142858 166.85000000000005 112.50000000000001 25.583333333333332 17.740000000000006 672.50714285714309 95.050000000000011
decision_type=10 10 10 10 10 10 8 10 10 2 10
left_child=1 3 -2 4 5 10 -7 8 -6 -9 -1
right_child=2 -3 -4 -5 7 6 -8 9 -10 -11 -12
leaf_value=-0.00092787795299010048 -0.16368328366960797 0.12423414913877365 -0.0035016101903536101 0.12100381989370691 0.024036810624188391 -0.10145951526058809 0.033329535270730654 0.02239880653923448 0.17554177080209438 -0.13296423486300876 0.048291160246129339
leaf_weight=7044 21 31 33 22 58 134 90 79 39 21 144
leaf_count=7044 21 31 33 22 58 134 90 79 39 21 144
internal_value=-8.63649e-11 0.000463704 -0.0657945 -3.9098e-05 -0.000389071 -0.00137317 -0.0473032 0.0366372 0.0849512 -0.0102274 5.81462e-05
internal_weight=7716 7662 54 7631 7609 7412 224 197 97 100 7188
internal_count=7716 7662 54 7631 7609 7412 224 197 97 100 7188
is_linear=0
shrinkage=0.03


Tree=237
num_leaves=31
num_cat=0
split_feature=1 42 56 56 42 10 37 36 53 63 1 40 36 40 22 42 23 23 13 16 5 18 18 19 23 40 18 11 18 10
split_gain=263.022 361.447 637.251 473.432 423.981 991.432 1212.39 1288.44 593.997 529.675 493.715 627.037 421.983 1146.91 376.23 370.088 363.999 432.7 359.88 405.159 398.41 313.278 303.87 297.643 364.301 427.174 315.885 529.43 301.688 291.233
threshold=77.128061500000015 82.65000000000002 104.50000000000001 121.50000000000001 68.750000000000014 24.450000000000003 178.16666666666671 119.50000000000001 268468.00000000006 16.869285714285716 77.13893400000002 36.45000000000001 511.50000000000006 67.116666666666688 423.50000000000006 56.550000000000004 4309.7700000000013 2333.5800000000004 220.00000000000003 12.850000000000003 106.50000000000001 2119.5000000000005 6286.5000000000009 10.887500000000001 632.55500000000018 33.883333333333347 3770.0000000000005 57.500000000000007 6242.0000000000009 18.400000000000002
decision_type=2 8 8 8 10 2 10 10 2 10 2 10 10 10 2 10 2 2 2 2 2 2 2 2 2 10 2 2 2 2
left_child=18 4 -3 -4 10 6 7 -6 22 -8 11 -2 14 -14 -12 -13 17 -5 19 20 -1 -21 -7 26 25 -25 -20 28 -28 -23
right_child=1 2 3 16 5 8 9 -9 -10 -11 12 15 13 -15 -16 -17 -18 -19 23 21 -22 29 -24 24 -26 -27 27 -29 -30 -31
leaf_value=0.040314262019736424 -0.0056427533466592347 -0.16224998517382527 0.12167890471871942 -0.029733584385331982 0.0010820870929294161 -0.034762084449276968 0.083718219747145967 0.25737356140333062 0.086090855643153191 -0.058153736548125737 -0.0024532275376491692 -0.053999652029174124 0.25842763539686403 -0.019153708267856288 0.024959637797691604 -0.18091101858926856 -0.13200029317821774 0.1159030201882124 -0.029633252492972783 -0.089669262707233424 0.20882526926372361 0.11565312744940028 -0.15683937389776112 -0.0040111545383491936 0.026678064182759767 -0.10123231152645669 0.051443047315666547 0.1766850062739104 -0.05053883617122968 0.022487279784141317
leaf_weight=28 446 31 20 224 27 69 45 51 30 50 5023 205 21 37 495 23 28 20 70 20 23 34 25 85 83 78 95 24 36 270
leaf_count=28 446 31 20 224 27 69 45 51 30 50 5023 205 21 37 495 23 28 20 70 20 23 34 25 85 83 78 95 24 36 270
internal_value=1.77323e-11 -0.00194369 -0.032924 -0.0191942 -0.000415265 0.0346063 0.081011 0.168657 -0.0301358 0.00904877 -0.00207949 -0.0263317 0.000852 0.0813499 5.88235e-06 -0.0668021 -0.0295525 -0.0177962 0.0157839 0.0377124 0.116309 0.0253407 -0.0672294 -0.00167513 -0.0244829 -0.0505342 0.0232614 0.0471492 0.0234175 0.0329071
internal_weight=7716 6870 323 292 6547 297 173 78 124 95 6250 674 5576 58 5518 228 272 244 846 375 51 324 94 471 246 163 225 155 131 304
internal_count=7716 6870 323 292 6547 297 173 78 124 95 6250 674 5576 58 5518 228 272 244 846 375 51 324 94 471 246 163 225 155 131 304
is_linear=0
shrinkage=0.03


Tree=238
num_leaves=16
num_cat=0
split_feature=54 56 12 35 29 7 56 61 38 42 44 5 25 16 40
split_gain=261.181 467.654 328.605 304.852 735.987 593.74 505.133 469.564 392.94 877.572 860.159 426.307 339.861 320.306 306.421
threshold=371.50000000000006 511.50000000000006 4.0500000000000007 352.50000000000006 358.35714285714295 10.235000000000001 298.50000000000006 12.970714285714289 66.950000000000017 96.250000000000014 17.650000000000002 2225.0000000000005 2.5000000000000004 15.350000000000003 80.050000000000026
decision_type=10 10 2 10 2 2 10 10 10 8 10 2 2 2 10
left_child=1 3 -3 8 5 6 -5 -7 11 10 -10 12 -1 -6 -15
right_child=-2 2 -4 4 13 7 -8 -9 9 -11 -12 -13 -14 14 -16
leaf_value=0.0076276945879063356 -0.094923262806752548 -0.010781317331961223 0.13708955054024333 -0.050574859553016722 0.14537589831785722 0.08568316793069243 -0.23264449460431932 -0.033388251209567336 0.076461602924265765 -0.13011912233470116 0.0085473924294807192 -0.10722208762870115 -0.0068358429418895706 -0.010778710084145559 0.09078750493434759
leaf_weight=2542 26 21 38 32 22 32 24 435 222 34 688 34 3442 85 39
leaf_count=2542 26 21 38 32 22 32 24 435 222 34 688 34 3442 85 39
internal_value=2.35447e-11 0.000320937 0.0844575 -0.000329575 -0.0196728 -0.0362981 -0.128605 -0.0252292 0.00152917 0.0195244 0.0251155 -0.00129361 -0.00069174 0.0398821 0.0211655
internal_weight=7716 7690 59 7631 669 523 56 467 6962 944 910 6018 5984 146 124
internal_count=7716 7690 59 7631 669 523 56 467 6962 944 910 6018 5984 146 124
is_linear=0
shrinkage=0.03


Tree=239
num_leaves=25
num_cat=0
split_feature=20 43 61 47 37 15 31 10 41 45 10 61 20 63 11 46 32 55 55 34 64 32 36 43
split_gain=256.655 426.929 634.357 385.897 390.958 356.68 1013.77 821.939 670.668 485.734 410.82 1292.07 613.321 835.021 764.957 415.586 410.384 540.35 373.465 507.653 425.18 347.333 254.946 242.589
threshold=2883.2500000000005 11.118333333333334 18.575000000000006 155.10820143884897 370.83333333333343 993.05000000000007 435.01857142857131 14.550000000000002 38.45000000000001 32.050000000000004 14.550000000000002 58.621428571428574 11737.000000000002 20.559285714285718 64.500000000000014 119.38333333333335 92.350000000000009 108.90000000000002 164.42142857142861 110.70000000000002 61.145000000000003 83.950000000000017 340.50000000000006 43.499999999999993
decision_type=2 10 10 10 10 2 2 2 10 8 2 8 2 10 2 10 10 10 10 8 10 10 10 10
left_child=1 -1 -3 4 22 10 7 16 9 -8 11 12 14 -14 -2 18 21 -18 19 -12 -20 -7 -4 -10
right_child=5 2 3 -5 -6 6 8 -9 23 -11 15 -13 13 -15 -16 -17 17 -19 20 -21 -22 -23 -24 -25
leaf_value=0.15324878341477849 0.038307076321765776 -0.099752054466732909 0.021329751936894542 0.12766835052209596 -0.090007156097888938 0.0071305525935687385 0.073700923356025114 0.1292445215425993 -0.25413465048955836 -0.10480572185533887 -9.3379289442836291e-05 0.21920937170141508 0.0662329533174634 -0.17942793210799043 -0.015936300641095094 -0.12667896894738079 -0.12649565883477529 -0.016762833750716924 0.13934282114221291 -0.032446146673517043 0.018763496733055662 0.13260756366814558 0.1381081375479698 -0.12554420110679443
leaf_weight=23 625 35 106 36 25 84 23 38 23 34 5028 28 20 33 374 24 45 394 33 478 130 26 20 31
leaf_count=23 625 35 106 36 25 84 23 38 23 34 5028 28 20 33 374 24 45 394 33 478 130 26 20 31
internal_value=9.67619e-11 0.0302139 0.017467 0.0394064 0.0183638 -0.000990817 -0.0214098 -0.00568792 -0.104552 -0.0327767 0.00111349 0.018077 0.0127237 -0.0867257 0.0179997 -0.0021046 -0.0150275 -0.0280111 -0.00157721 -0.00290206 0.0431753 0.0367888 0.039866 -0.180314
internal_weight=7716 245 222 187 151 7471 698 587 111 57 6773 1080 1052 53 999 5693 549 439 5669 5506 163 110 126 54
internal_count=7716 245 222 187 151 7471 698 587 111 57 6773 1080 1052 53 999 5693 549 439 5669 5506 163 110 126 54
is_linear=0
shrinkage=0.03


Tree=240
num_leaves=29
num_cat=0
split_feature=1 35 33 57 13 32 25 5 46 58 35 55 6 6 6 13 42 41 59 57 32 33 13 13 53 64 17 20
split_gain=252.466 346.998 641.882 589.154 859.945 679.445 1100.03 778.69 590.268 589.18 841.228 582.92 582.491 1373.02 882.614 501.464 431.702 342.542 516.166 423.744 278.963 396.566 643.493 365.134 287.391 252.988 236.322 212.737
threshold=77.128061500000015 199.50000000000003 34.95000000000001 194.92857142857147 339.50000000000006 86.950000000000017 5.5000000000000009 2024.5000000000002 31.950000000000021 54.45000000000001 139.50000000000003 45.814285714285724 565.55500000000018 462.84000000000009 651.75000000000011 313.00000000000006 82.65000000000002 54.45000000000001 59.992857142857154 193.92857142857147 285.50000000000006 96.450000000000017 145.00000000000003 103.50000000000001 83756.500000000015 41.805000000000007 1725.0000000000002 9486.2500000000018
decision_type=2 10 10 10 2 10 2 2 10 10 10 10 2 2 2 2 10 10 10 10 10 10 2 2 2 10 2 2
left_child=17 3 -3 5 9 7 8 16 -7 15 -11 -4 13 -13 -14 -5 -2 20 19 -19 21 25 23 -23 -24 26 -1 -27
right_child=1 2 11 4 -6 6 -8 -9 -10 10 -12 12 14 -15 -16 -17 -18 18 -20 -21 -22 22 24 -25 -26 27 -28 -29
leaf_value=0.0080956898923192563 -0.00051578315789316633 -0.17996713703870773 0.14440925904295662 0.010137681366177275 0.20695589110255241 -0.013954712951471182 0.20953305824111929 -0.14091941690122758 0.12906355205265913 0.19213420167968079 0.035643148521417152 -0.011935329348074909 -0.091344047213064092 0.064569914524746669 -0.015823833766580836 -0.11824163126945494 -0.056432885162012517 0.22560312558304177 -0.033407937915160738 0.060940783717311341 -0.079252184658281266 0.032314439160483224 -0.034492187791351062 0.19054760415213448 0.03911905278732259 0.0091451104041540398 0.10631580701241126 -0.045722312068672111
leaf_weight=145 3383 20 22 314 24 110 34 37 34 37 188 1162 164 258 924 30 129 22 29 39 31 21 67 35 166 106 26 159
leaf_count=145 3383 20 22 314 24 110 34 37 34 37 188 1162 164 258 924 30 129 22 29 39 31 21 67 35 166 106 26 159
internal_value=2.39951e-11 -0.00190429 -0.0106799 0.00327577 0.0310503 -0.00114341 0.0560521 -0.00401205 0.0198135 0.0236307 0.0613772 -0.00934168 -0.0106904 0.00196492 -0.0272074 -0.00105819 -0.00256969 0.0154639 0.0707903 0.120327 0.00887746 0.0126458 0.0398981 0.13121 0.0179519 -0.0054183 0.0230297 -0.0237753
internal_weight=7716 6870 2550 4320 593 3727 178 3549 144 569 225 2530 2508 1420 1088 344 3512 846 90 61 756 725 289 56 233 436 171 265
internal_count=7716 6870 2550 4320 593 3727 178 3549 144 569 225 2530 2508 1420 1088 344 3512 846 90 61 756 725 289 56 233 436 171 265
is_linear=0
shrinkage=0.03


Tree=241
num_leaves=22
num_cat=0
split_feature=18 60 18 53 47 48 38 53 21 48 21 42 62 43 19 15 20 13 64 58 48
split_gain=261.51 478.571 419.975 822.154 979.687 670.149 955.516 594.642 476.851 1035.87 476.798 767.698 432.598 430.362 403.696 713.554 556.094 324.869 320.627 252.648 335.327
threshold=6719.5000000000009 86.950000000000017 6133.5000000000009 201568.65000000002 104.15000000000002 166.85000000000005 82.050000000000011 268468.00000000006 1026.5000000000002 81.65000000000002 157.50000000000003 53.350000000000001 24.450000000000003 13.37666666666667 10.035416666666668 991.1500000000002 16356.750000000002 203.00000000000003 54.080000000000005 32.050000000000004 59.340000000000011
decision_type=2 10 2 2 10 10 10 2 2 8 2 10 10 10 2 2 2 2 10 10 10
left_child=2 19 3 8 10 6 7 13 14 -10 11 -5 -8 -4 15 -1 -16 -12 -9 -2 -21
right_child=1 -3 5 4 -6 -7 12 18 9 -11 17 -13 -14 -15 16 -17 -18 -19 -20 20 -22
leaf_value=0.032090558572380877 -0.076116888884987147 0.1686636533944503 0.045902575798332693 0.031801024626969668 0.23167579825628887 -0.14593354634940625 0.21182986098787057 0.0033286015400963444 -0.027696523707488485 0.24529431532729754 0.0066980595410175443 0.16578142184807462 0.025752152939411726 -0.037796890488786046 -0.0035134612950264398 -0.00895621378730997 -0.042758483876139133 -0.095945958915878746 0.098799073430709539 0.13205683303915935 -0.023824631310999395
leaf_weight=751 21 23 60 367 22 36 23 93 29 22 151 43 22 704 4090 774 353 34 48 23 27
leaf_count=751 21 23 60 367 22 36 23 93 29 22 151 43 22 704 4090 774 353 34 48 23 27
internal_value=6.14935e-11 0.0497325 -0.000613337 0.00210112 0.0350822 -0.0188823 -0.0140677 -0.0207767 -0.00127972 0.0900642 0.0278131 0.0458526 0.120859 -0.0312236 -0.00206031 0.0112576 -0.00663151 -0.0121662 0.0358292 0.0112055 0.0478808
internal_weight=7716 94 7622 6636 617 986 950 905 6019 51 595 410 45 764 5968 1525 4443 185 141 71 50
internal_count=7716 94 7622 6636 617 986 950 905 6019 51 595 410 45 764 5968 1525 4443 185 141 71 50
is_linear=0
shrinkage=0.03


Tree=242
num_leaves=31
num_cat=0
split_feature=19 35 36 16 7 38 49 1 16 58 43 17 18 45 38 5 12 63 12 35 38 22 64 34 20 49 11 15 7 9
split_gain=249.859 406.404 735.871 648.47 1433.19 609.121 582.604 656 542.458 527.691 949.594 512.919 572.624 473.073 719.416 572.205 431.966 431.293 396.046 499.84 376.382 311.743 301.905 287.73 264.985 414.846 227.853 221.776 213.489 204.175
threshold=25.377083333333335 135.50000000000003 117.50000000000001 15.950000000000001 54.765000000000008 4.5250000000000012 71.991666666666674 77.252950000000013 16.350000000000005 57.350000000000001 28.283333333333328 2035.0000000000002 5332.0000000000009 17.450000000000003 49.250000000000007 661.00000000000011 5.5500000000000007 14.132857142857146 4.6500000000000012 47.650000000000013 55.050000000000004 78.500000000000014 68.65000000000002 35.79999999999999 6645.2500000000009 58.19666666666668 61.500000000000007 975.55000000000007 8.9500000000000011 33.150000000000013
decision_type=2 8 10 2 2 10 10 2 2 10 10 2 2 8 10 2 2 10 2 10 10 2 10 10 2 8 2 2 2 2
left_child=1 3 11 4 9 -4 8 21 -5 20 -11 16 -13 14 -7 -15 26 -10 29 -20 -1 -8 -14 -18 25 -21 -3 -27 -26 -2
right_child=18 2 5 6 -6 13 7 -9 17 10 -12 12 22 15 -16 -17 23 -19 19 24 -22 -23 -24 -25 28 27 -28 -29 -30 -31
leaf_value=0.025310142226713444 -0.098829716502780648 -0.022671640925109385 0.13653945626883671 -0.089049260279382841 0.25621268295324767 -0.0024129726804166846 0.0020306445968979823 0.16995717518512279 0.008283980940220757 0.22497396200895309 -0.040168582588434219 -0.25508237814903256 -0.020343918158457829 -0.0059647694989643386 0.038615003549586566 -0.067012447406320952 0.072181444896385075 -0.032141170665113766 0.074676914615709272 0.035908641683580031 -0.098678657597173813 0.068535969478543846 -0.16143201400126728 -0.02615941462693391 -0.016896633363924489 -0.14010085241070813 -0.15525089784392287 -0.0022262912988662716 -0.071097419080720772 -0.022593493579127089
leaf_weight=525 71 20 29 68 26 1205 187 31 930 31 20 20 39 2581 565 146 40 319 61 145 23 96 21 81 215 21 28 21 94 57
leaf_count=525 71 20 29 68 26 1205 187 31 930 31 20 20 39 2581 565 146 40 319 61 145 23 96 21 81 215 21 28 21 94 57
internal_value=3.07634e-11 0.00168504 -0.0032726 0.0121783 0.0381609 -0.000510251 0.00222169 0.0389422 -0.00653324 0.0286962 0.120996 -0.0534829 -0.116064 -0.00139405 0.0106835 -0.00923318 -0.0238587 -0.00204078 -0.0172956 -0.00636043 0.0201062 0.0245908 -0.0697248 0.00634996 -0.0163267 0.0118603 -0.10001 -0.0711636 -0.0333849 -0.0648808
internal_weight=7716 7031 4775 2256 625 4526 1631 314 1317 599 51 249 80 4497 1770 2727 169 1249 685 557 548 283 60 121 496 187 48 42 309 128
internal_count=7716 7031 4775 2256 625 4526 1631 314 1317 599 51 249 80 4497 1770 2727 169 1249 685 557 548 283 60 121 496 187 48 42 309 128
is_linear=0
shrinkage=0.03


Tree=243
num_leaves=19
num_cat=0
split_feature=40 38 9 21 21 21 43 61 15 53 33 22 21 45 9 32 35 12
split_gain=255.409 798.431 333.764 608.921 1466.67 935.59 871.429 851.631 674.045 554.002 818.673 444.93 702.871 509.271 318.692 295.039 158.618 73.6906
threshold=5.1750000000000007 4.5250000000000012 33.95000000000001 143.00000000000003 137.50000000000003 147.00000000000003 51.183333333333344 15.335000000000003 987.1500000000002 184420.95000000004 83.950000000000017 423.50000000000006 356.00000000000006 5.8950000000000005 32.650000000000013 89.850000000000009 230.50000000000003 8.2500000000000018
decision_type=8 8 2 2 2 2 10 10 2 2 10 2 2 10 2 10 10 2
left_child=17 -2 9 4 8 16 -6 -7 -4 11 14 12 -3 -13 -11 -12 -5 -1
right_child=1 2 3 5 6 7 -8 -9 -10 10 15 13 -14 -15 -16 -17 -18 -19
leaf_value=-0.087528943129487932 0.18521970663751874 -0.00099221957786174296 0.0099019785035166855 -0.20767375137124741 0.075608308679527711 0.14607181150804865 0.33687813806533812 -0.0095739581351438011 0.088095918344333765 0.032485515735533141 -0.24684208917617795 -0.055199877774486171 -0.052406414877402448 0.046597759729704341 -0.037895179019937386 -0.087636191059242585 -0.089624034449458129 -0.020855589866638182
leaf_weight=37 21 4421 1220 21 27 33 20 767 108 73 20 52 253 296 280 22 20 25
leaf_count=37 21 4421 1220 21 27 33 20 767 108 73 20 52 253 296 280 22 20 25
internal_value=-3.56814e-11 0.000491241 -1.69859e-05 0.00979119 0.02209 -0.0103169 0.186787 -0.00315357 0.0162611 -0.00402934 -0.0382381 -0.00133869 -0.00377523 0.0313866 -0.0233405 -0.163449 -0.150089 -0.0606445
internal_weight=7716 7654 7633 2216 1375 841 47 800 1328 5417 395 5022 4674 348 353 42 41 62
internal_count=7716 7654 7633 2216 1375 841 47 800 1328 5417 395 5022 4674 348 353 42 41 62
is_linear=0
shrinkage=0.03


Tree=244
num_leaves=23
num_cat=0
split_feature=65 58 57 41 0 18 45 65 18 48 60 17 46 65 40 44 44 56 13 58 60 39
split_gain=252.697 459.907 372.19 922.209 381.718 329.617 547.776 421.977 354.693 1090.85 483.618 258.05 196.487 157.871 191.825 215.567 106.544 96.2385 75.808 61.2669 88.8134 49.5471
threshold=22.41500000000001 4.7550000000000008 55.125000000000007 40.050000000000004 28.632526500000001 6719.5000000000009 9.8350000000000026 51.098571428571439 6543.0000000000009 159.95000000000002 84.15000000000002 1337.5000000000002 3.4250000000000003 21.60071428571429 10.255000000000001 6.9150000000000009 2.5850000000000004 152.50000000000003 160.50000000000003 11.850000000000003 18.950000000000003 17.550000000000004
decision_type=8 8 8 10 2 2 10 8 2 10 10 2 10 10 10 10 10 10 2 10 8 10
left_child=13 -2 3 4 12 8 7 -7 10 -10 -4 -6 -3 14 17 16 -16 19 -18 20 -1 -15
right_child=1 2 5 -5 11 6 -8 -9 9 -11 -12 -13 -14 21 15 -17 18 -19 -20 -21 -22 -23
leaf_value=-0.049762430591829894 0.11829882490634917 -0.093895699530839927 0.0014298872141904552 0.2316172274518758 0.10337025752810181 0.048257854555187552 -0.027581699463592554 0.22483798316546846 -0.017233077363385783 -0.23668022348122161 -0.045475666298914481 -0.01275101851671934 0.004848922499949183 -0.095846193351528858 -0.026367279067635536 -0.057571326932736804 0.018132824635348939 -0.10726335373520851 0.077792498519023257 -0.071995409631729124 0.029177961945533751 -0.039855327808856963
leaf_weight=29 30 21 6543 20 61 29 39 21 278 22 204 24 133 33 24 35 41 20 36 25 23 25
leaf_count=29 30 21 6543 20 61 29 39 21 278 22 204 24 133 33 24 35 41 20 36 25 23 25
internal_value=-2.98765e-11 0.00107479 0.000599236 0.0359267 0.0195509 -0.000682967 0.0566898 0.122422 -0.00140756 -0.0333259 1.16668e-05 0.0705831 -0.00861625 -0.0274238 -0.0163992 0.00658945 0.0288234 -0.0486306 0.0460257 -0.0334013 -0.0148465 -0.0717122
internal_weight=7716 7425 7395 259 239 7136 89 50 7047 300 6747 85 154 291 233 136 101 97 77 77 52 58
internal_count=7716 7425 7395 259 239 7136 89 50 7047 300 6747 85 154 291 233 136 101 97 77 77 52 58
is_linear=0
shrinkage=0.03


end of trees

feature_importances:
no2_lag1=635
wind_gusts_mean=329
wind_speed_mean=227
wind_direction_dominant=221
dewpoint_mean=217
no2_roll3=199
no2_roll7=197
pm10_lag1=172
no2_lag7=168
radiation_sum=164
ventilation_proxy=163
longitude=143
nox_lag7=130
regional_max_frp=129
no2_lag2=126
temp_min=125
pm25_lag1=121
nox_lag1=117
o3_lag1=114
humidity_mean=113
latitude=112
pm10_roll3=108
regional_total_frp_lag1=104
pressure_mean=95
o3_roll7=91
o3_lag7=89
regional_fire_count=88
pm10_lag7=88
pm10_lag2=87
nox_roll7=87
blh_max=86
temp_max=82
regional_fire_count_lag2=80
regional_total_frp_lag3=79
fire_wind_interaction=73
pm25_lag2=69
pm25_lag7=69
month=68
regional_fire_count_lag1=67
o3_lag2=67
o3_roll3=67
no_lag1=65
o3_driver=63
no_lag2=61
regional_total_frp_roll3=58
pm25_roll7=57
no_lag7=57
regional_fire_count_roll3=56
nox_lag2=56
pm25_roll3=54
regional_fire_count_roll7=53
regional_total_frp_roll7=51
no_roll7=50
regional_total_frp=49
nox_roll3=45
temp_mean=44
no_roll3=44
precipitation=42
day_of_week=40
pm10_roll7=33
station_id=25
ventilation=21
is_stubble_season=2
wind_toward_delhi=1

parameters:
[boosting: gbdt]
[objective: regression]
[metric: l2]
[tree_learner: serial]
[device_type: cpu]
[data_sample_strategy: bagging]
[data: ]
[valid: ]
[num_iterations: 500]
[learning_rate: 0.03]
[num_leaves: 31]
[num_threads: 10]
[seed: 42]
[deterministic: 0]
[force_col_wise: 0]
[force_row_wise: 0]
[histogram_pool_size: -1]
[max_depth: 6]
[min_data_in_leaf: 20]
[min_sum_hessian_in_leaf: 0.001]
[bagging_fraction: 0.8]
[pos_bagging_fraction: 1]
[neg_bagging_fraction: 1]
[bagging_freq: 0]
[bagging_seed: 400]
[bagging_by_query: 0]
[feature_fraction: 0.8]
[feature_fraction_bynode: 1]
[feature_fraction_seed: 30056]
[extra_trees: 0]
[extra_seed: 12879]
[early_stopping_round: 0]
[early_stopping_min_delta: 0]
[first_metric_only: 0]
[max_delta_step: 0]
[lambda_l1: 0]
[lambda_l2: 0]
[linear_lambda: 0]
[min_gain_to_split: 0]
[drop_rate: 0.1]
[max_drop: 50]
[skip_drop: 0.5]
[xgboost_dart_mode: 0]
[uniform_drop: 0]
[drop_seed: 17869]
[top_rate: 0.2]
[other_rate: 0.1]
[min_data_per_group: 100]
[max_cat_threshold: 32]
[cat_l2: 10]
[cat_smooth: 10]
[max_cat_to_onehot: 4]
[top_k: 20]
[monotone_constraints: ]
[monotone_constraints_method: basic]
[monotone_penalty: 0]
[feature_contri: ]
[forcedsplits_filename: ]
[refit_decay_rate: 0.9]
[cegb_tradeoff: 1]
[cegb_penalty_split: 0]
[cegb_penalty_feature_lazy: ]
[cegb_penalty_feature_coupled: ]
[path_smooth: 0]
[interaction_constraints: ]
[verbosity: -1]
[saved_feature_importance_type: 0]
[use_quantized_grad: 0]
[num_grad_quant_bins: 4]
[quant_train_renew_leaf: 0]
[stochastic_rounding: 1]
[linear_tree: 0]
[max_bin: 255]
[max_bin_by_feature: ]
[min_data_in_bin: 3]
[bin_construct_sample_cnt: 200000]
[data_random_seed: 175]
[is_enable_sparse: 1]
[enable_bundle: 1]
[use_missing: 1]
[zero_as_missing: 0]
[feature_pre_filter: 1]
[pre_partition: 0]
[two_round: 0]
[header: 0]
[label_column: ]
[weight_column: ]
[group_column: ]
[ignore_column: ]
[categorical_feature: ]
[forcedbins_filename: ]
[precise_float_parser: 0]
[parser_config_file: ]
[objective_seed: 16083]
[num_class: 1]
[is_unbalance: 0]
[scale_pos_weight: 1]
[sigmoid: 1]
[boost_from_average: 1]
[reg_sqrt: 0]
[alpha: 0.9]
[fair_c: 1]
[poisson_max_delta_step: 0.7]
[tweedie_variance_power: 1.5]
[lambdarank_truncation_level: 30]
[lambdarank_norm: 1]
[label_gain: ]
[lambdarank_position_bias_regularization: 0]
[eval_at: ]
[multi_error_top_k: 1]
[auc_mu_weights: ]
[num_machines: 1]
[local_listen_port: 12400]
[time_out: 120]
[machine_list_filename: ]
[machines: ]
[gpu_platform_id: -1]
[gpu_device_id: -1]
[gpu_device_id_list: ]
[gpu_use_dp: 0]
[num_gpu: 1]

end of parameters

pandas_categorical:[]
