tree
version=v4
num_class=1
num_tree_per_iteration=1
label_index=0
max_feature_idx=68
objective=regression
feature_names=latitude longitude local_fire_count local_total_frp local_max_frp regional_fire_count regional_total_frp regional_max_frp temp_mean temp_max temp_min humidity_mean wind_speed_mean wind_direction_dominant precipitation pressure_mean wind_gusts_mean blh_max radiation_sum dewpoint_mean ventilation_proxy regional_fire_count_lag1 regional_fire_count_lag2 regional_total_frp_lag1 regional_total_frp_lag3 day_of_week month is_stubble_season regional_fire_count_roll3 regional_fire_count_roll7 regional_total_frp_roll3 regional_total_frp_roll7 pm25_lag1 pm25_lag2 pm25_roll3 pm10_lag1 pm10_lag2 pm10_roll3 no2_lag1 no2_lag2 no2_roll3 o3_lag1 o3_lag2 o3_roll3 no_lag1 no_lag2 no_roll3 nox_lag1 nox_lag2 nox_roll3 wind_toward_delhi fire_wind_interaction ventilation o3_driver pm25_lag7 pm25_roll7 pm10_lag7 pm10_roll7 no2_lag7 no2_roll7 o3_lag7 o3_roll7 no_lag7 no_roll7 nox_lag7 nox_roll7 is_diwali_week is_holiday station_id
feature_infos=[28.474260999999998:28.815328999999998] [77.071900600000006:77.316032000000007] [0:1] [0:1.1469000000000049] [0:0.84035000000000759] [0:2278] [0:14984.35] [0:161.94] [10.800000000000001:37.100000000000001] [16.399999999999999:43.100000000000001] [6.5999999999999996:30.600000000000001] [11:94] [2.2000000000000002:15.9] [10:359] [0:41.5] [971.70000000000005:996.89999999999998] [7.4000000000000004:31.899999999999999] [480:5135] [1364:7020.9350000000059] [-2.4125000000000001:26.108333333333334] [1947:42350] [0:2278] [0:2278] [0:14984.35] [0:14984.35] [0:6] [1:12] [0:1] [0:2157.6666666666665] [0.8571428571428571:1976.7142857142856] [0:14015.953333333331] [1.1742857142854544:12387.084285714289] [1.3300000000000001:600] [1.3300000000000001:600] [5.506666666666665:481.66666666666669] [0:787] [0:787] [5.6733333333333329:699.33333333333337] [0:205] [0:205] [0.87133333333333329:192.66666666666663] [0:277] [0:277] [0.313:215.66666666666663] [0.32700000000000001:324] [0.32700000000000001:324] [0.91433333333332856:251] [3.0099999999999998:433] [3.0099999999999998:433] [3.8140000000000001:377] [0:1] [0:14984.35] [1947:42350] [24927.499999999996:288501.20000000001] [1.3300000000000001:600] [9.6999999999999993:356.71428571428572] [0:787] [23.666666666666668:588.71428571428567] [0:205] [0.87600000000000011:138.42857142857142] [0:277] [0.313:179.57142857142858] [0.32700000000000001:324] [1.0078571428571428:230] [3.0099999999999998:433] [4.085:362] [0:1] [0:1] [0:25]
tree_sizes=2673 2755 2760 2750 2770 2748 2757 2756 2739 2741 2756 2757 2762 2729 2749 2752 2754 2755 2756 2749 2760 2762 2758 2756 2751 2764 2749 2771 2762 2762 2766 2746 2770 2745 2765 2758 2748 2749 2775 2754 2762 2770 2773 2732 2762 2739 2754 2758 2734 2780 2780 2760 2753 2757 2744 2764 2761 2768 2745 2764 2772 2756 2780 2757 2762 2792 2798 2748 2767 2759 2769 2767 2779 2747 2790 2779 2771 2765 2787 2779 2761 2779 2770 2766 2746 2780 2780 2790 2786 2779 2782 2764 2761 2781 2710 2781 2764 2795 2512 2753 2794

Tree=0
num_leaves=31
num_cat=0
split_feature=41 41 61 61 41 41 42 41 41 18 46 18 41 61 41 41 17 18 56 0 42 18 5 18 18 17 18 16 61 13
split_gain=1.70371e+06 379687 344222 141929 80147.8 58427.4 35324.5 22442.5 20983.7 19683.9 17626.3 16753.2 16415.5 12804.6 12528.3 11035.3 9204.6 8170.01 7754.68 7584.84 7282.54 6982.52 8708.57 5931.43 5888.54 5571.49 5077 5124.55 5072.38 4457.8
threshold=44.350000000000001 85.90000000000002 27.107142857142858 58.621428571428574 18.750000000000004 146.50000000000003 40.350000000000001 33.250000000000007 65.850000000000009 4905.5000000000009 2.2049999999999987 4660.5000000000009 10.950000000000001 56.050000000000004 55.550000000000004 27.050000000000004 1447.5000000000002 5066.0000000000009 103.50000000000001 28.496097500000001 32.650000000000013 3291.5000000000005 506.50000000000006 3291.5000000000005 3964.5000000000005 2330.0000000000005 3689.0000000000005 10.350000000000003 10.592142857142859 260.50000000000006
decision_type=10 10 10 10 10 10 10 10 10 2 10 2 8 10 10 10 2 2 10 2 10 2 2 2 2 2 2 2 10 2
left_child=2 3 4 11 12 9 7 23 16 -3 -11 21 28 26 -13 -6 -5 29 -12 -19 -16 -2 -23 -4 -9 -15 -8 -28 -1 -10
right_child=1 5 6 8 15 -7 13 24 17 10 18 14 -14 25 20 -17 -18 19 -20 -21 -22 22 -24 -25 -26 -27 27 -29 -30 -31
leaf_value=34.141815334824074 34.866704999358845 35.896885189064847 34.602112838196881 35.355837528494916 34.589105648319851 38.057092100710932 34.897338644713166 34.858469517398987 35.634839444313499 37.344472349424308 36.064072391358735 35.346667593087744 34.410579768408574 35.299594993803524 35.184734694998717 34.773783011081036 35.816309500866566 36.629816222561047 36.682291627536792 36.113927585178971 35.660049617613929 35.304899435374359 34.871387523348709 34.811655942043828 35.047593417880883 35.867815771673698 35.53444378462143 35.095007142310799 34.308795227982273 36.15405290379816
leaf_weight=347 49 29 139 48 960 29 117 202 46 35 21 466 1086 41 33 418 210 29 140 222 240 318 48 970 556 25 25 535 310 22
leaf_count=347 49 29 139 48 960 29 117 202 46 35 21 466 1086 41 33 418 210 29 140 222 240 318 48 970 556 25 25 535 310 22
internal_value=34.9491 35.7066 34.6868 35.5476 34.4741 36.7897 34.941 34.8714 35.9318 36.6264 36.7343 35.3556 34.339 35.116 35.4412 34.6451 35.7306 36.0945 36.6017 36.1735 35.6026 35.203 35.248 34.7854 34.9972 35.5148 35.0771 35.1146 34.2206 35.8028
internal_weight=7716 1985 5731 1731 3121 254 2610 1867 577 225 196 1154 1743 743 739 1378 258 319 161 251 273 415 366 1109 758 66 677 560 657 68
internal_count=7716 1985 5731 1731 3121 254 2610 1867 577 225 196 1154 1743 743 739 1378 258 319 161 251 273 415 366 1109 758 66 677 560 657 68
is_linear=0
shrinkage=1


Tree=1
num_leaves=31
num_cat=0
split_feature=41 43 43 41 61 43 43 43 5 41 14 61 41 41 53 43 20 53 14 29 16 0 41 53 13 61 61 19 59 19
split_gain=1.6044e+06 398232 297814 124441 54574.8 47323.7 45279.6 34771.3 30028.3 20917.1 18750.9 14415.9 13463.8 12521.3 10176.8 9342.44 9306.27 8694.25 8378.37 8049.5 7889.53 8803.93 7528.09 6893.31 6539.5 6407.09 6008.48 5794.88 5017.86 4107.12
threshold=41.95000000000001 66.450000000000003 24.283333333333335 94.100000000000009 54.150000000000006 15.094999999999997 117.83333333333336 31.116666666666664 164.50000000000003 73.450000000000017 1.7500000000000002 53.478571428571435 51.650000000000013 22.250000000000004 147742.50000000003 8.8316666666666634 8012.0000000000009 76715.950000000012 0.35000000000000003 206.50000000000003 19.850000000000005 28.496097500000001 30.750000000000004 61816.450000000004 164.50000000000003 40.607142857142868 37.817142857142862 22.039583333333336 76.250000000000014 22.625000000000004
decision_type=10 10 10 10 10 8 10 10 2 10 2 10 10 10 2 10 2 2 2 2 2 2 10 2 2 10 10 2 10 2
left_child=2 4 5 10 12 15 18 22 -8 14 20 17 23 -7 -6 -1 26 -9 19 -5 28 -22 -4 -2 -13 -19 -14 -16 -3 -18
right_child=1 3 7 6 9 13 8 11 -10 -11 -12 24 16 -15 27 -17 29 25 -20 -21 21 -23 -24 -25 -26 -27 -28 -29 -30 -31
leaf_value=-0.78168216984292971 -0.17742510164156555 0.94244728553969903 -0.22403768693547435 1.7091070727201607 0.3950387820116309 -0.44737874867931365 2.1546756880760194 -0.2301386008369026 3.7142562174797056 1.4687692800435153 0.52641823282241818 0.2247846342374881 -0.16608539556618779 -0.26508282147650458 0.81890930404467499 -0.59093522701178636 0.57924428125190275 -0.00059180941699386771 1.220104455533235 2.3477457991890285 1.8245478853972061 1.2014283661025664 -0.053007421482131119 0.27326349048741333 0.80872676082487616 0.14434167805673145 0.34637157050802792 0.37666833233833313 1.4466366641521453 0.2169734384167579
leaf_weight=341 32 159 860 78 86 1211 25 118 20 33 50 45 24 471 240 717 308 1032 23 23 23 181 317 671 28 374 145 30 20 31
leaf_count=341 32 159 860 78 86 1211 25 118 20 33 50 45 24 471 240 717 308 1032 23 23 23 181 317 671 28 374 145 30 20 31
internal_value=-2.10217e-10 0.684552 -0.273374 1.34227 0.437084 -0.495213 2.03268 -0.0542536 2.84782 0.746224 1.07281 0.0369295 0.337782 -0.396332 0.679246 -0.652414 0.455455 0.0172025 1.73686 1.85454 1.14414 1.27168 -0.177974 0.252749 0.448762 0.0379609 0.273597 0.769771 0.998781 0.546116
internal_weight=7716 2202 5514 602 1600 2740 169 2774 45 389 433 1597 1211 1682 356 1058 508 1524 124 101 383 204 1177 703 73 1406 169 270 179 339
internal_count=7716 2202 5514 602 1600 2740 169 2774 45 389 433 1597 1211 1682 356 1058 508 1524 124 101 383 204 1177 703 73 1406 169 270 179 339
is_linear=0
shrinkage=0.03


Tree=2
num_leaves=31
num_cat=0
split_feature=41 61 43 41 43 1 43 41 14 18 41 61 11 11 41 43 18 41 53 19 41 61 43 30 17 25 19 50 18 17
split_gain=1.50958e+06 375262 280256 139199 42284.9 41228.8 35290.6 30735.5 21870.8 16626.7 14275.8 13576.8 13252.5 14127.6 10778.8 10417.8 9093.16 8871.66 8523.67 8315.62 7733.55 6665.24 5947.34 5882.82 5808.53 5184.78 4081 3931.5 3879.3 3823.79
threshold=41.95000000000001 61.878571428571426 23.883333333333336 94.100000000000009 15.094999999999997 77.272782850000013 31.116666666666664 55.550000000000004 1.5500000000000003 4955.5000000000009 65.850000000000009 56.050000000000004 59.500000000000007 32.500000000000007 22.250000000000004 69.416666666666671 3269.0000000000005 12.550000000000002 76715.950000000012 23.093750000000004 30.750000000000004 40.607142857142868 46.81666666666667 501.89500000000004 2330.0000000000005 2.5000000000000004 17.939583333333335 1.0000000180025095e-35 3935.0000000000005 1985.0000000000002
decision_type=10 10 10 10 8 2 10 10 2 2 10 10 2 2 10 10 2 10 2 2 10 10 10 2 2 2 2 2 2 2
left_child=2 7 4 8 17 12 20 16 10 25 29 18 13 -5 -6 19 -2 -1 -8 -11 -4 -20 -18 -12 -13 27 -10 -9 -16 -3
right_child=1 3 6 5 14 -7 11 9 26 15 23 24 -14 -15 28 -17 22 -19 21 -21 -22 -23 -24 -25 -26 -27 -28 -29 -30 -31
leaf_value=-0.69262201124973455 -0.11914438953218252 0.61601792403992184 -0.22177008398696049 1.2255685043334961 -0.43566225693153926 2.9019364423801504 -0.2250447699865874 0.0046640449762344362 0.76233851194381708 0.73968259957032045 1.3550573562753612 0.25170860807100931 1.0983298139986784 2.0863584199318517 -0.39186930714741997 1.3530750824104656 0.24375320237518588 -0.50659982941168191 -0.00057405606645895811 0.25623932980202335 -0.050724754446821507 0.14527965340801735 0.39603755044281902 1.0897586241058099 0.87044496319510711 0.49380751078053725 0.24791535288946967 0.43009270170155695 -0.19906073482060918 0.93275006079298306
leaf_weight=718 46 47 919 22 1187 36 119 46 23 238 116 36 23 78 138 22 508 340 1032 37 321 388 423 214 22 127 35 34 294 127
leaf_count=718 46 47 919 22 1187 36 119 46 23 238 116 36 23 78 138 22 508 340 1032 37 321 388 423 214 22 127 35 34 294 127
internal_value=2.81175e-10 0.664015 -0.265173 1.22531 -0.485349 2.00899 -0.0574136 0.390759 1.00359 0.58104 1.06708 0.0358216 1.74764 1.89698 -0.388964 0.724892 0.2926 -0.632842 0.0188406 0.674638 -0.177491 0.0392789 0.312944 1.18302 0.486402 0.374644 0.451911 0.185471 -0.260652 0.847196
internal_weight=7716 2202 5514 721 2677 159 2837 1481 562 504 504 1597 123 100 1619 297 977 1058 1539 275 1240 1420 931 330 58 207 58 80 432 174
internal_count=7716 2202 5514 721 2677 159 2837 1481 562 504 504 1597 123 100 1619 297 977 1058 1539 275 1240 1420 931 330 58 207 58 80 432 174
is_linear=0
shrinkage=0.03


Tree=3
num_leaves=31
num_cat=0
split_feature=43 43 43 43 61 43 43 21 17 14 11 20 61 51 43 17 5 61 43 62 43 68 17 26 19 11 61 58 21 9
split_gain=1.40191e+06 333106 279642 72523.8 70654.1 47557.9 42258.4 27199.9 19920 17338.6 11918.2 10915.7 10764.4 10609.8 10423.2 10329.5 8948.39 6060.41 6035.97 5642.32 5273.43 5230.4 5033.92 4919.77 4872.98 4655.43 4650.46 4384.23 3798.04 3487.13
threshold=45.666666666666664 24.283333333333335 74.983333333333334 117.83333333333336 57.628571428571426 32.78166666666668 15.866666666666671 345.50000000000006 1902.5000000000002 1.7500000000000002 31.500000000000004 19339.750000000004 40.607142857142868 201.52500000000003 9.2283333333333299 1297.5000000000002 55.500000000000007 29.329285714285714 57.716666666666676 3.8350000000000004 18.846666666666682 4.5000000000000009 957.50000000000011 9.5000000000000018 8.5250000000000021 75.500000000000014 24.174285714285716 42.524302325581402 42.500000000000007 36.550000000000004
decision_type=10 10 10 10 10 10 8 2 2 2 2 2 10 2 10 2 2 10 10 10 10 2 2 2 2 2 10 8 2 2
left_child=1 6 4 9 15 17 14 -5 13 10 19 -12 22 -6 -1 24 28 -3 -17 -4 -8 -18 -7 -15 -2 -19 -16 -26 -10 -24
right_child=2 5 3 7 8 12 20 -9 16 -11 11 -13 -14 23 26 18 21 25 -20 -21 -22 -23 29 -25 27 -27 -28 -29 -30 -31
leaf_value=-0.72962870264726298 0.41405983298420906 -0.19456491488776628 1.3688376488224152 1.9331217156648635 0.36727228496838543 -0.094375806844005206 -0.43453180079812354 3.3614058666229245 1.0198253134022588 0.69461686089634889 1.2673886213177128 1.6872777785729922 0.20903063676583802 1.2410281536795875 -0.55007486554537555 0.40661122631530472 1.1488411336459896 -0.020052064049930166 0.6487869703103053 0.85563226279090432 -0.31831207354499441 0.82358473271259425 0.053671436692865171 0.60657830715179439 0.26707117228393457 -0.18596059968329168 -0.087121680021286008 -0.010392562447183104 1.5322313652038573 0.24334122694491109
leaf_weight=372 100 788 31 30 103 195 550 20 23 40 114 109 519 22 828 494 55 475 114 51 973 233 867 22 134 224 20 83 30 97
leaf_count=372 100 788 31 30 103 195 550 20 23 40 114 109 519 22 828 494 55 475 114 51 973 233 867 22 134 224 20 83 30 97
internal_value=1.00131e-09 -0.223699 0.73098 1.43664 0.533715 -0.0139893 -0.465671 2.50444 0.82578 1.28189 1.35891 1.47263 0.0954832 0.533853 -0.597235 0.379631 0.951626 -0.137523 0.452019 1.04965 -0.360282 0.8857 0.0446367 0.923803 0.240792 -0.0732187 -0.539156 0.160944 1.30987 0.0727565
internal_weight=7716 5908 1808 395 1413 3165 2743 50 488 345 305 223 1678 147 1220 925 341 1487 608 82 1523 288 1159 44 317 699 848 217 53 964
internal_count=7716 5908 1808 395 1413 3165 2743 50 488 345 305 223 1678 147 1220 925 341 1487 608 82 1523 288 1159 44 317 699 848 217 53 964
is_linear=0
shrinkage=0.03


Tree=4
num_leaves=31
num_cat=0
split_feature=41 41 61 61 41 41 61 11 41 42 18 41 61 41 41 41 56 52 18 0 53 21 18 19 42 18 60 41 41 42
split_gain=1.34322e+06 300619 276099 108543 63947.1 47788.4 28815.1 17444.3 16612.6 16524.3 13646.5 13025.2 12033.7 11808.3 9564.86 8807.11 8431.09 7494.57 6961.45 6857.88 6770.61 6688.92 7035.78 6346.82 5906.59 5649.95 4457.64 4381.03 4376.52 4257.02
threshold=44.650000000000013 85.90000000000002 27.107142857142858 58.621428571428574 18.750000000000004 146.50000000000003 37.571428571428577 62.500000000000007 65.850000000000009 118.50000000000001 4660.5000000000009 10.950000000000001 56.050000000000004 34.250000000000007 56.550000000000004 27.050000000000004 221.50000000000003 8095.5000000000009 5066.0000000000009 28.496097500000001 76715.950000000012 453.50000000000006 3291.5000000000005 22.731250000000003 40.550000000000004 6188.5000000000009 59.95000000000001 28.550000000000004 40.350000000000001 16.350000000000005
decision_type=10 10 10 10 10 10 10 2 10 10 2 8 10 10 10 10 10 2 2 2 2 2 2 2 10 2 10 10 10 8
left_child=2 3 4 10 11 7 13 9 17 16 21 29 20 24 -12 -6 -3 -5 -10 -20 -8 22 -2 -16 27 -14 -19 -4 -22 -1
right_child=1 5 6 8 15 -7 12 -9 18 -11 14 -13 25 -15 23 -17 -18 26 19 -21 28 -23 -24 -25 -26 -27 -28 -29 -30 -31
leaf_value=-0.68156350904443519 -0.074209335334599016 1.3811165840389164 -0.21376086494358879 0.35290730342268944 -0.31920997080940289 2.7873922158109732 -0.23965073739106837 0.83265643219793994 0.74661449515205969 2.3540065085369606 0.36356308906601592 -0.47884470919589639 0.32606498530134559 0.034506676919527204 0.65134488511317912 -0.15422715427951092 1.878733878135681 0.56170923259109251 1.5226778210853709 1.0321341815832499 0.071697131648302825 -0.15395238619885945 0.31552951465966034 0.21065627753734587 0.065785305897394813 0.89315679056303843 0.86360103638882335 -0.087367526895665584 0.22726009082552548 -0.47396329603105219
leaf_weight=551 48 131 574 48 960 29 52 31 68 23 479 1086 64 542 218 418 40 64 29 222 610 38 317 34 117 21 141 433 222 106
leaf_count=551 48 131 574 48 960 29 52 31 68 23 479 1086 64 542 218 418 40 64 29 222 610 38 317 34 117 21 141 433 222 106
internal_value=4.04081e-10 0.678314 -0.230976 0.534954 -0.421889 1.6412 -0.00485001 1.49347 0.871884 1.59906 0.365003 -0.542632 0.125232 -0.0805098 0.442274 -0.269164 1.49752 0.690343 1.01587 1.08881 0.0924493 0.22484 0.264276 0.591887 -0.135972 0.46617 0.769352 -0.159413 0.113206 -0.648069
internal_weight=7716 1960 5756 1706 3121 254 2635 225 572 194 1134 1743 969 1666 731 1378 171 253 319 251 884 403 365 252 1124 85 205 1007 832 657
internal_count=7716 1960 5756 1706 3121 254 2635 225 572 194 1134 1743 969 1666 731 1378 171 253 319 251 884 403 365 252 1124 85 205 1007 832 657
is_linear=0
shrinkage=0.03


Tree=5
num_leaves=31
num_cat=0
split_feature=41 61 61 41 41 65 61 29 41 41 18 42 11 41 11 11 41 19 41 17 18 61 18 0 42 25 41 13 41 42
split_gain=1.26409e+06 312481 224428 119605 38115.5 35994.7 35090.8 27900.3 26045.9 16538.1 14200.3 11863.3 11222.7 11162 10887.7 10270.9 8985.75 8925.86 11723.7 7996.07 7846.07 7338.7 6878.35 6712.8 5482.13 4741.05 4688.16 4666.02 4553.25 4364.99
threshold=41.95000000000001 61.878571428571426 23.820000000000004 94.100000000000009 19.350000000000005 24.835714285714293 31.849999999999998 489.35714285714295 55.550000000000004 65.850000000000009 4955.5000000000009 40.350000000000001 62.500000000000007 12.550000000000002 59.500000000000007 32.500000000000007 27.850000000000005 23.093750000000004 80.850000000000009 2065.0000000000005 3269.0000000000005 56.050000000000004 3394.0000000000005 28.496097500000001 50.95000000000001 2.5000000000000004 26.450000000000003 164.50000000000003 34.250000000000007 7.370000000000001
decision_type=10 10 10 10 8 10 10 2 10 10 2 10 2 10 2 2 10 2 10 2 2 10 2 2 10 2 10 2 10 8
left_child=2 8 4 9 13 7 16 -5 20 19 25 22 23 29 15 -7 -4 18 -12 -3 -2 -13 -8 -11 -22 -10 -6 -23 -24 -1
right_child=1 3 6 5 26 14 11 -9 10 12 17 21 -14 -15 -16 -17 -18 -19 -20 -21 24 27 28 -25 -26 -27 -28 -29 -30 -31
leaf_value=-0.71184900784225602 -0.11455457253300626 0.47780002692166496 -0.24569411218633841 1.9057186801616963 -0.33005958566770832 1.1110578700474329 -0.23264436187222601 3.3961189836859704 0.16180078033357859 1.4222522670062299 0.65704538802434864 0.10793989675914684 0.49325567038789875 -0.45818787634304509 0.92326007223129269 1.8650912461678186 -0.090027079715134295 0.2304139499728744 1.2969800337429704 0.85681408679876159 0.23919053621407299 0.21920135579109193 -0.063947075000721235 1.0344979193182628 0.39809816663624137 0.4566478080519541 -0.17301609976145815 0.8182499346882105 0.069845952341695203 -0.56374922274467021
leaf_weight=268 46 85 765 26 629 21 132 20 80 47 231 513 31 874 20 72 592 37 29 122 652 25 487 277 279 127 235 22 432 540
leaf_count=268 46 85 765 26 629 21 132 20 80 47 231 513 31 874 20 72 592 37 29 122 652 25 487 277 279 127 235 22 432 540
internal_value=4.7938e-10 0.607628 -0.242655 1.11982 -0.449302 1.84626 -0.0653892 2.55372 0.358275 0.914301 0.53344 0.0292842 1.03857 -0.532495 1.55827 1.69483 -0.177783 0.666381 0.728423 0.70118 0.267914 0.140812 -0.0301407 1.09075 0.286812 0.342697 -0.287345 0.499607 -0.00105416 -0.612871
internal_weight=7716 2202 5514 721 2546 159 2968 46 1481 562 504 1611 355 1682 113 93 1357 297 260 207 977 560 1051 324 931 207 864 47 919 808
internal_count=7716 2202 5514 721 2546 159 2968 46 1481 562 504 1611 355 1682 113 93 1357 297 260 207 977 560 1051 324 931 207 864 47 919 808
is_linear=0
shrinkage=0.03


Tree=6
num_leaves=31
num_cat=0
split_feature=41 41 43 61 43 61 43 7 18 18 41 11 18 61 61 41 43 41 41 43 21 53 53 42 18 61 15 20 14 56
split_gain=1.19018e+06 267046 252932 96216.3 47012.8 35426.2 35374.2 23883.8 14927.5 14489.7 14038.5 13826.8 12354.1 10525.7 9650.01 9642.2 9199.87 8774.01 8235.35 6648.83 6323.06 6314.91 5775.49 5732.11 5674.54 5172.24 5153.62 4561.85 4413.05 4156.79
threshold=44.650000000000013 85.90000000000002 24.283333333333335 58.621428571428574 117.83333333333336 37.571428571428577 15.866666666666671 42.280000000000008 6254.5000000000009 6564.5000000000009 32.250000000000007 57.500000000000007 4660.5000000000009 61.878571428571426 75.478571428571442 12.550000000000002 45.666666666666664 65.850000000000009 23.850000000000005 65.350000000000009 453.50000000000006 61816.450000000004 76715.950000000012 40.350000000000001 6564.5000000000009 22.850000000000005 982.45000000000016 6034.0000000000009 3.3500000000000001 173.50000000000003
decision_type=10 10 10 10 10 10 8 2 2 2 10 2 2 10 10 10 10 10 10 10 2 2 2 10 2 10 2 2 2 10
left_child=2 3 6 12 11 10 15 -6 17 14 23 24 20 22 -10 -1 -14 27 -8 -18 21 -2 -7 -4 26 -17 -3 -5 -24 -15
right_child=1 4 5 8 7 13 18 -9 9 -11 -12 -13 16 29 -16 25 19 -19 -20 -21 -22 -23 28 -25 -26 -27 -28 -29 -30 -31
leaf_value=-0.61366943969182519 -0.088685151479122315 1.3784146673202515 -0.18268365235362796 0.16236168727440678 1.7874025497436523 -0.20437742721359686 -0.3657148493014164 3.159775126661573 1.1250440432808615 0.79696192358103057 -0.0024577833455509813 0.86781914527927118 0.26031854662608789 0.84127768993377683 1.8275156223773956 -0.4614570322095693 0.46361490854097503 0.84757224613002369 -0.19502909299147661 0.95633803766507364 -0.15827233660377954 0.29455629128788674 0.14535466939894534 0.042429578090252884 1.0504759883880614 0.031474482178688049 1.7404523738462534 0.61512555847244876 -0.054460139434865634 0.29697269050138336
leaf_weight=745 44 75 1118 23 25 53 1198 21 66 108 829 42 231 23 24 455 474 196 323 26 38 321 737 112 24 20 67 155 115 28
leaf_count=745 44 75 1118 23 25 53 1198 21 66 108 829 42 231 23 24 455 474 196 323 26 38 321 737 112 24 20 67 155 115 28
internal_value=5.4864e-10 0.638504 -0.21742 0.503386 1.54603 -0.0278042 -0.42599 2.41392 0.820609 1.03124 -0.0978755 1.35409 0.343376 0.123113 1.31237 -0.546326 0.416897 0.709099 -0.329468 0.489237 0.210015 0.248357 0.0994823 -0.162186 1.47713 -0.440702 1.54924 0.556622 0.118384 0.542444
internal_weight=7716 1960 5756 1706 254 3015 2741 46 572 198 2059 208 1134 956 90 1220 731 374 1521 500 403 365 905 1230 166 475 142 178 852 51
internal_count=7716 1960 5756 1706 254 3015 2741 46 572 198 2059 208 1134 956 90 1220 731 374 1521 500 403 365 905 1230 166 475 142 178 852 51
is_linear=0
shrinkage=0.03


Tree=7
num_leaves=31
num_cat=0
split_feature=41 43 43 41 61 1 43 61 41 18 18 18 61 41 63 41 41 53 52 43 0 41 18 24 21 61 42 19 17 13
split_gain=1.1203e+06 278357 206541 90582.5 38965.5 33831.5 29239.1 29199 16762.6 11308.3 10801.9 10293.9 10460.1 9824.87 8937.87 8296.32 7734.23 7620.64 7292.05 7094.18 6654.6 6440.63 5849.48 5731.94 5430.26 5204.75 4914.32 4682.03 4087.29 3470.87
threshold=41.95000000000001 66.450000000000003 23.416666666666661 94.100000000000009 54.150000000000006 77.272782850000013 15.094999999999997 31.678571428571431 73.450000000000017 4691.5000000000009 4905.5000000000009 3836.5000000000005 56.050000000000004 51.650000000000013 10.365714285714287 77.750000000000014 22.250000000000004 147742.50000000003 8012.0000000000009 8.8316666666666634 28.496097500000001 31.050000000000004 3269.0000000000005 1668.7900000000002 344.50000000000006 37.817142857142862 38.850000000000001 22.039583333333336 1857.5000000000002 164.50000000000003
decision_type=10 10 10 10 10 2 8 10 10 2 2 2 10 10 10 10 10 2 2 10 2 10 2 2 2 10 10 2 2 2
left_child=2 4 6 9 13 10 19 21 17 24 -5 23 26 22 -12 28 -8 -6 25 -1 -17 -4 -2 -9 -3 -15 -13 -19 -11 -14
right_child=1 3 7 5 8 -7 16 11 -10 15 14 12 29 18 -16 20 -18 27 -20 -21 -22 -23 -24 -25 -26 -27 -28 -29 -30 -31
leaf_value=-0.65768414893807547 -0.15855950465894655 0.71042477844066398 -0.20426009946442056 0.85096101450920103 0.32045260844362339 2.5414921637432917 -0.37856562969214891 -0.13179697743208124 1.2731708641485735 0.60703311116721193 1.8969028714986949 0.0035643848606740735 0.27308201551437378 -0.1884527543373406 1.3635763252166009 1.6388847341537474 -0.22214406417002752 0.68889409279823299 0.46199838044138342 -0.49146600762483467 1.0501439930674596 -0.061535473143902876 0.22898315264272864 0.35633564810390056 0.11207849342375993 0.28849937983422441 0.1287879254698969 0.29137856447696686 0.91076595497235913 0.78507381076162508
leaf_weight=341 37 43 915 20 86 35 1150 369 33 52 52 676 26 24 62 20 378 240 339 717 127 413 666 23 20 145 484 30 171 22
leaf_count=341 37 43 915 20 86 35 1150 369 33 52 52 676 26 24 62 20 378 240 339 717 127 413 666 23 20 145 484 30 171 22
internal_value=-3.63203e-10 0.572029 -0.228438 1.12192 0.365133 1.71096 -0.42381 -0.0558862 0.626348 0.892015 1.49403 0.0304233 0.0737704 0.281225 1.60685 0.955278 -0.33987 0.56639 0.381746 -0.545039 1.13024 -0.159874 0.208586 -0.103157 0.520474 0.220767 0.0558128 0.644726 0.83994 0.507745
internal_weight=7716 2202 5514 602 1600 169 2586 2928 389 433 134 1600 1208 1211 114 370 1528 356 508 1058 147 1328 703 392 63 169 1160 270 223 48
internal_count=7716 2202 5514 602 1600 169 2586 2928 389 433 134 1600 1208 1211 114 370 1528 356 508 1058 147 1328 703 392 63 169 1160 270 223 48
is_linear=0
shrinkage=0.03


Tree=8
num_leaves=31
num_cat=0
split_feature=41 41 43 61 43 61 43 7 41 41 17 20 28 61 41 41 53 41 23 17 17 17 42 0 53 33 19 7 61 42
split_gain=1.05434e+06 236751 223989 85476.5 42199.8 31679.4 31387.7 22089.8 13266.7 12568.6 10831.3 10621.3 11214.1 9367.03 8748.23 8195.66 7557.37 7354.26 6675.96 6290.43 6112.85 5973.25 5491.85 5443.37 5227.76 5188.57 9535.66 5577.36 4860.88 4728.42
threshold=44.650000000000013 85.90000000000002 24.283333333333335 58.621428571428574 117.83333333333336 37.571428571428577 15.866666666666671 42.280000000000008 65.850000000000009 30.150000000000002 1857.5000000000002 8012.0000000000009 473.50000000000006 61.878571428571426 12.550000000000002 53.750000000000007 61816.450000000004 23.850000000000005 367.78500000000003 1447.5000000000002 1857.5000000000002 2330.0000000000005 40.350000000000001 28.496097500000001 76715.950000000012 69.950000000000017 11.060416666666667 22.410000000000004 22.850000000000005 38.250000000000007
decision_type=10 10 10 10 10 10 8 2 10 10 2 2 2 10 10 10 2 10 2 2 2 2 10 2 2 10 2 2 10 10
left_child=2 3 6 11 10 9 14 -6 19 22 18 12 16 24 -1 -13 -2 -8 -3 -5 -10 -15 -4 -22 -7 27 -27 -12 -16 -17
right_child=1 4 5 8 7 13 17 -9 20 -11 25 15 -14 21 28 29 -18 -19 -20 -21 23 -23 -24 -25 -26 26 -28 -29 -30 -31
leaf_value=-0.57840924373329083 -0.15592810753536851 0.54421250537037846 -0.19116050946859284 0.30136005444452163 1.6751997745513916 -0.19487088739871977 -0.34424321674575442 2.9950240608624048 0.66657773701768164 -0.020855028379970872 1.5914898405075073 0.29638868597126744 -0.34893331237377662 0.22930886531698291 -0.43377575393561479 0.28518469607533031 0.29056315988482079 -0.182946395806207 1.1938398914337158 0.68288601399631033 1.3330286275798624 0.88485213827003129 0.057077506966888902 0.91856003066152325 0.11220503945015108 1.2352995214462281 1.9797859650850296 1.0861343432727613 0.044088774561882017 0.55586763339406908
leaf_weight=745 38 24 906 48 25 53 1198 21 76 1065 30 387 31 29 455 74 334 323 35 205 33 22 88 210 852 30 32 57 20 270
leaf_count=745 38 24 906 48 25 53 1198 21 76 1065 30 387 31 29 455 74 334 323 35 205 33 22 88 210 852 30 32 57 20 270
internal_value=5.70363e-11 0.600963 -0.204637 0.47374 1.45546 -0.0261997 -0.400911 2.27773 0.772735 -0.092462 1.27362 0.322924 0.19927 0.116514 -0.514263 0.391095 0.244954 -0.30999 0.929585 0.610502 0.901403 0.512092 -0.169184 0.974846 0.0942216 1.40984 1.61955 1.26039 -0.413655 0.497639
internal_weight=7716 1960 5756 1706 254 3015 2741 46 572 2059 208 1134 403 956 1220 731 372 1521 59 253 319 51 994 243 905 149 62 87 475 344
internal_count=7716 1960 5756 1706 254 3015 2741 46 572 2059 208 1134 403 956 1220 731 372 1521 59 253 319 51 994 243 905 149 62 87 475 344
is_linear=0
shrinkage=0.03


Tree=9
num_leaves=31
num_cat=0
split_feature=41 43 43 41 61 61 5 41 41 41 14 63 11 61 17 41 41 61 53 41 11 20 21 49 53 23 42 53 68 17
split_gain=992945 246945 182942 80891.1 34655.2 32148 32142.3 27252.7 22107.7 15209.6 13355.3 9747.69 9424.13 10491.6 9129.49 8386.69 7713.64 6953.43 6801.52 5499.49 5241.57 10271 5111.39 4966.28 4840.74 5126.99 4807.09 4798.77 4434.73 4346.24
threshold=41.95000000000001 66.450000000000003 22.233333333333331 94.100000000000009 54.150000000000006 31.678571428571431 233.50000000000003 118.50000000000001 12.550000000000002 73.450000000000017 1.7500000000000002 9.0228006166495387 69.500000000000014 53.478571428571435 1387.5000000000002 27.450000000000003 56.550000000000004 28.449285714285718 147742.50000000003 19.350000000000005 30.000000000000004 20619.750000000004 105.50000000000001 79.583333333333343 61816.450000000004 2584.8600000000006 17.050000000000004 74416.250000000015 9.5000000000000018 1225.0000000000002
decision_type=10 10 10 10 10 10 2 10 8 10 2 10 2 10 2 10 10 10 2 10 2 2 2 10 2 2 8 2 2 2
left_child=2 4 8 10 14 15 11 -8 26 18 20 22 13 -7 24 -4 -16 19 -6 -10 28 -22 -5 -13 -2 -26 -1 -14 -3 -19
right_child=1 3 5 6 9 12 7 -9 17 -11 -12 23 27 -15 16 -17 -18 29 -20 -21 21 -23 -24 -25 25 -27 -28 -29 -30 -31
leaf_value=-0.56979007957200711 -0.11342248376458883 0.91966011678586235 -0.23030933655993038 1.9476769539405556 0.30054740992742918 0.061743154970842172 1.5683547251565113 3.0967338745934621 -0.40258722755075083 1.2061373076113786 0.37808527890443805 0.90794847739370244 -0.26072792559862135 0.50325348166858441 0.27660672691558014 -0.09010412354913673 0.5053320005138715 -0.23206186997038977 0.60689749621351563 -0.28283471453448999 0.82546248321263294 1.2123243767908305 1.3740839248233372 1.4110054622996937 0.2247227711113893 -0.18687552213925737 -0.37839931242902514 -0.029079480626092974 0.55937460705157249 0.34697325870394707
leaf_weight=702 49 61 804 29 86 965 21 21 921 33 50 38 96 51 505 735 180 28 270 552 159 101 27 33 448 29 142 498 62 20
leaf_count=702 49 61 804 29 86 965 21 21 921 33 50 38 96 51 505 735 180 28 270 552 159 101 27 33 448 29 142 498 62 20
internal_value=1.93241e-10 0.538533 -0.215062 1.05647 0.34366 -0.0653092 1.61311 2.33254 -0.414457 0.590005 0.83921 1.37518 0.0284078 0.0839056 0.264529 -0.16335 0.33671 -0.346131 0.532892 -0.357711 0.899409 0.975743 1.67112 1.14176 0.17053 0.199699 -0.537589 -0.0665176 0.738053 0.00920277
internal_weight=7716 2202 5514 602 1600 3149 169 42 2365 389 433 127 1610 1016 1211 1539 685 1521 356 1473 383 260 56 71 526 477 844 594 123 48
internal_count=7716 2202 5514 602 1600 3149 169 42 2365 389 433 127 1610 1016 1211 1539 685 1521 356 1473 383 260 56 71 526 477 844 594 123 48
is_linear=0
shrinkage=0.03


Tree=10
num_leaves=31
num_cat=0
split_feature=41 41 43 43 43 43 43 56 18 14 11 41 41 53 41 19 17 43 16 16 1 41 22 43 18 21 41 1 41 43
split_gain=934610 205959 203705 61662.2 37313.6 29371.6 28152.6 21233.1 13671 12720.7 11787.7 11306.4 9647.9 9303.61 7892.98 7347.42 7205.25 6223.64 5868.13 8941.15 5346.86 5256.33 5034.37 6256.39 4622.27 5049.11 4405.71 3870.32 3865.44 3299.11
threshold=45.250000000000007 85.90000000000002 24.283333333333335 61.816666666666663 117.83333333333336 35.600000000000001 17.216666666666672 203.50000000000003 4955.5000000000009 2.6500000000000008 57.500000000000007 56.050000000000004 12.550000000000002 76715.950000000012 32.250000000000007 22.391666666666669 1457.5000000000002 56.116666666666667 19.850000000000005 20.050000000000004 77.184301000000019 23.850000000000005 51.500000000000007 79.516666666666666 3340.5000000000005 453.50000000000006 9.6750000000000025 77.146786750000018 40.350000000000001 45.666666666666664
decision_type=10 10 10 10 10 10 8 10 2 2 2 10 10 2 10 2 2 10 2 2 2 10 2 10 2 2 10 2 10 10
left_child=2 3 6 8 10 13 12 -6 24 18 22 29 -1 -4 26 -13 -7 28 20 -20 -5 -8 -3 -24 -2 -26 -15 -12 -18 -10
right_child=1 4 5 9 7 16 21 -9 11 -11 27 15 -14 14 -16 -17 17 -19 19 -21 -22 -23 23 -25 25 -27 -28 -29 -30 -31
leaf_value=-0.54000118426538068 -0.043286133487116206 1.0153978791603675 -0.27491412554208222 0.839847688129015 1.4408750023160661 0.024546725716677799 -0.30937382145955755 2.7348552017211913 0.21967488616704939 0.21797628012987283 1.0389300002370563 0.65379067791466194 -0.38469285803566228 0.30337305567481304 0.020649194574104246 0.19530396136077674 0.086685590547290359 0.54976288821246166 1.4867523959704807 0.8337166926937718 0.55496997192389974 -0.16739754813299937 1.0422821584995836 1.5272894746880783 0.27999965032256802 -0.077522286579299424 -0.12548815744839781 0.46295997570667946 0.25534548581504696 0.3929732705794971
leaf_weight=778 55 39 226 107 21 601 986 25 155 39 21 210 670 22 571 37 340 37 21 186 133 308 32 95 402 39 1075 21 191 273
leaf_count=778 55 39 226 107 21 601 986 25 155 39 21 210 670 22 571 37 340 37 21 186 133 308 32 95 402 39 1075 21 191 273
internal_value=-4.72643e-10 0.575455 -0.189439 0.453517 1.37093 -0.0212953 -0.377267 2.14413 0.335619 0.73759 1.19993 0.423487 -0.468139 -0.0942795 -0.0698051 0.58511 0.0969529 0.173566 0.782926 0.899967 0.681978 -0.27558 1.31353 1.40508 0.21604 0.248382 -0.116887 0.750945 0.147352 0.330213
internal_weight=7716 1911 5805 1657 254 3063 2742 46 1171 486 208 675 1448 1894 1668 247 1169 568 447 207 240 1294 166 127 496 441 1097 42 531 428
internal_count=7716 1911 5805 1657 254 3063 2742 46 1171 486 208 675 1448 1894 1668 247 1169 568 447 207 240 1294 166 127 496 441 1097 42 531 428
is_linear=0
shrinkage=0.03


Tree=11
num_leaves=31
num_cat=0
split_feature=41 43 43 41 5 43 41 41 41 17 14 41 17 18 12 19 41 12 30 42 19 42 41 41 43 47 34 43 24 18
split_gain=879745 218844 162033 72235.2 29430.3 28614.6 26300.7 24809.8 19545.4 18895.7 11918.2 7719.2 7295.21 7176.32 7172.12 7099.78 6672.37 5564.8 5490.43 5185.11 5026.67 4897.63 4783.83 4519.26 4512.05 4441.94 4245.54 4204.76 3805.6 3683.32
threshold=41.95000000000001 66.450000000000003 22.233333333333331 94.100000000000009 233.50000000000003 31.116666666666664 56.550000000000004 118.50000000000001 12.250000000000002 2312.5000000000005 1.7500000000000002 73.450000000000017 1412.5000000000002 3964.5000000000005 6.7500000000000009 8.5520833333333339 27.050000000000004 7.0500000000000007 491.35999999999973 51.650000000000013 12.777083333333335 47.45000000000001 22.050000000000004 35.750000000000007 45.666666666666664 22.320000000000004 83.783333333333317 8.8316666666666634 1668.7900000000002 3269.0000000000005
decision_type=10 10 10 10 2 10 10 10 8 2 2 10 2 2 2 2 10 2 2 10 2 10 10 10 10 10 10 10 2 2
left_child=2 6 8 10 14 16 12 -6 27 15 17 -11 29 28 20 -8 -4 18 -3 -17 -5 23 -10 -15 -14 -16 -19 -1 -7 -2
right_child=1 3 5 4 7 13 9 -9 22 11 -12 -13 24 21 25 19 -18 26 -20 -21 -22 -23 -24 -25 -26 -27 -28 -29 -30 -31
leaf_value=-0.5913886570071315 -0.099523844122886646 0.9402351667767479 -0.21012976326021923 1.2191226918356759 1.4797804110390798 -0.097727849597763941 0.67392561231340675 2.9380527455466132 -0.35303612652287003 0.62882604791649743 0.35356970522403719 1.0989271842805961 0.21106432893941568 -0.023554724639197958 1.4602983134725818 0.16463949836714534 -0.085227845043590128 0.88579496945653635 0.58722529507686039 0.44222247476716642 1.8285720217639001 0.19294733605877967 -0.21794399066731845 0.10861705300004484 0.37553707278891357 0.96245567446781521 1.2356326021332489 -0.45247244664333153 0.29091519229114055 0.17802074390476963
leaf_weight=333 48 63 845 21 21 411 49 21 1265 182 50 38 258 512 23 147 707 175 107 103 29 223 290 427 359 54 38 477 24 416
leaf_count=333 48 63 845 21 21 411 49 21 1265 182 50 38 258 512 23 147 707 175 107 103 29 223 290 427 359 54 38 477 24 416
internal_value=-1.03992e-10 0.506907 -0.202432 0.994483 1.5205 -0.0614967 0.323457 2.20892 -0.390087 0.498996 0.789179 0.710025 0.239178 0.0276534 1.29283 0.343723 -0.153232 0.846047 0.718047 0.279004 1.5726 0.0665634 -0.327842 0.0365489 0.306762 1.11116 0.948207 -0.509582 -0.0762855 0.149309
internal_weight=7716 2202 5514 602 169 3149 1600 42 2365 519 433 220 1081 1597 127 299 1552 383 170 250 50 1162 1555 939 617 77 213 810 435 464
internal_count=7716 2202 5514 602 169 3149 1600 42 2365 519 433 220 1081 1597 127 299 1552 383 170 250 50 1162 1555 939 617 77 213 810 435 464
is_linear=0
shrinkage=0.03


Tree=12
num_leaves=31
num_cat=0
split_feature=41 41 41 41 42 41 41 41 17 18 56 42 13 42 47 42 24 42 64 42 21 16 18 18 42 42 23 19 41 18
split_gain=827971 182925 163770 53081.1 38415.4 30714.3 18856.4 17673.3 14452.1 13713.2 13122.5 12278.6 11363.2 9112.51 8631.25 8238.98 8193.83 7158.32 6769.38 5634.27 5006.39 4853.65 4445.56 4141.13 4027.36 3814.08 3647.95 4059.21 3476.9 3228.18
threshold=45.250000000000007 87.450000000000017 25.750000000000004 65.850000000000009 22.450000000000003 146.50000000000003 39.250000000000007 12.550000000000002 1447.5000000000002 6254.5000000000009 100.50000000000001 33.750000000000007 174.50000000000003 34.750000000000007 172.90000000000003 54.750000000000007 233.25500000000002 34.95000000000001 48.225000000000001 71.850000000000009 32.500000000000007 22.750000000000004 3935.0000000000005 5014.0000000000009 52.95000000000001 47.45000000000001 2584.8600000000006 8.8416666666666686 18.250000000000004 3550.0000000000005
decision_type=10 10 10 10 10 10 10 8 2 2 10 10 2 10 8 10 2 10 10 10 2 2 2 2 10 10 2 2 8 2
left_child=2 3 4 8 7 10 13 -1 26 17 -3 -6 18 22 23 20 -13 -5 -11 29 -10 -19 -4 -12 -8 -18 27 -2 -9 -15
right_child=1 5 6 9 11 -7 24 28 15 12 14 16 -14 19 -16 -17 25 21 -20 -21 -22 -23 -24 -25 -26 -27 -28 -29 -30 -31
leaf_value=-0.50597944480923918 0.36252685701102016 0.53742763757705692 -0.18055175504788304 0.16621301605599001 -0.23260015111667159 2.2395729397083151 0.10980205320928424 -0.37496101340852106 0.5412641361504793 1.7307228671908377 0.78326147326827045 -0.23005943877453153 0.74610268494957377 -0.12237299686297774 1.7147775999763433 0.53013936148301977 0.025872534726369231 0.56756831623607484 1.0271528477221727 0.46094788597689734 0.27941352730981356 0.84703145723342887 -0.060033988637798227 1.2474472026218426 0.33539070838835178 0.31841385963559149 -0.14515424878233008 0.15712246192924653 -0.2808692789341295 0.048466849133694444
leaf_weight=796 120 24 396 32 669 29 542 728 80 20 20 88 95 120 34 296 121 220 32 27 368 75 905 128 82 60 27 311 687 584
leaf_count=796 120 24 396 32 669 29 542 728 80 20 20 88 95 120 34 296 121 220 32 27 368 75 905 128 82 60 27 311 687 584
internal_value=-4.51704e-10 0.541631 -0.178304 0.431724 -0.324645 1.32548 -0.00480009 -0.392894 0.325704 0.700579 1.19679 -0.163773 0.941246 -0.0490963 1.28374 0.407321 0.00739843 0.592389 1.29776 0.0356573 0.326173 0.638618 -0.0967173 1.18472 0.139447 0.122848 0.19312 0.214312 -0.329278 0.0193464
internal_weight=7716 1911 5805 1676 3149 235 2656 2211 1202 474 206 938 147 2032 182 744 269 327 52 731 448 295 1301 148 624 181 458 431 1415 704
internal_count=7716 1911 5805 1676 3149 235 2656 2211 1202 474 206 938 147 2032 182 744 269 327 52 731 448 295 1301 148 624 181 458 431 1415 704
is_linear=0
shrinkage=0.03


Tree=13
num_leaves=31
num_cat=0
split_feature=41 41 43 61 43 61 43 56 14 11 41 61 18 41 18 18 43 5 14 64 53 18 22 18 41 13 52 61 22 39
split_gain=779038 172137 170226 62567.5 31814.1 26047.9 23833 19086.1 11680 10533.7 10331.1 8858.86 8225.76 7985.99 7392.48 12403.9 6553.06 5778.77 6191.94 5366.57 4852.13 4824.7 5613.77 4637.25 4387.57 4291.42 4268.04 4077.81 4745.63 3650.15
threshold=45.250000000000007 85.90000000000002 24.283333333333335 58.621428571428574 117.83333333333336 37.571428571428577 17.216666666666672 203.50000000000003 2.5000000000000004 57.500000000000007 34.250000000000007 56.050000000000004 4660.5000000000009 10.65 6254.5000000000009 6564.5000000000009 45.666666666666664 506.50000000000006 0.8500000000000002 175.95000000000002 76715.950000000012 6564.5000000000009 59.500000000000007 3394.0000000000005 23.850000000000005 257.00000000000006 11424.250000000002 22.692857142857147 28.500000000000004 60.250000000000007
decision_type=10 10 10 10 10 10 8 10 2 2 10 10 2 10 2 2 10 2 2 8 2 2 2 2 10 2 2 10 2 10
left_child=2 3 6 12 9 10 13 -6 14 21 23 20 17 -1 29 -16 -14 18 -2 -18 -7 22 -3 -4 -8 -19 -13 -15 -29 -5
right_child=1 4 5 8 7 11 24 -9 -10 -11 -12 26 16 27 15 -17 19 25 -20 -21 -22 -23 -24 -25 -26 -27 -28 28 -30 -31
leaf_value=-0.51322730985991016 0.2799432614896587 0.97254307395074424 -0.24771806996950152 0.57328526517714973 1.299815619114254 -0.20254909322812006 -0.28197007936610641 2.5266294239044189 0.21088609864206415 0.6702863121032715 0.022182119619280384 0.17490577473196872 0.20387283357007557 -0.38430596515791338 1.1140734025985002 0.63720345590677518 0.37630718778570699 -0.46418074011802668 -0.025675141727188964 0.77821106876246626 0.095965012617389531 0.8087015569210052 1.388779722888871 -0.1005638512533813 -0.15225617466663774 0.1289826507024143 0.58849904750255821 -0.40085145199298861 0.25268237426877022 0.83250714376382529
leaf_weight=590 265 41 229 264 21 52 986 25 46 42 624 43 215 818 90 108 456 21 77 32 851 24 101 1217 308 23 47 20 20 60
leaf_count=590 265 41 229 264 21 52 986 25 46 42 624 43 215 818 90 108 456 21 77 32 851 24 101 1217 308 23 47 20 20 60
internal_value=-2.89114e-10 0.525382 -0.172955 0.413905 1.25261 -0.0192484 -0.344656 1.96656 0.66916 1.09472 -0.0798415 0.107064 0.28077 -0.428266 0.709545 0.853963 0.341866 0.169499 0.211134 0.402662 0.0787748 1.20211 1.2686 -0.123868 -0.251095 -0.154118 0.390893 -0.369843 -0.0740845 0.621289
internal_weight=7716 1911 5805 1657 254 3063 2742 46 568 208 2070 993 1089 1448 522 198 703 386 342 488 903 166 142 1446 1294 44 90 858 40 324
internal_count=7716 1911 5805 1657 254 3063 2742 46 568 208 2070 993 1089 1448 522 198 703 386 342 488 903 166 142 1446 1294 44 90 858 40 324
is_linear=0
shrinkage=0.03


Tree=14
num_leaves=31
num_cat=0
split_feature=43 43 43 43 43 17 7 43 60 19 18 11 17 18 43 43 9 15 18 51 9 23 19 42 9 60 18 6 15 1
split_gain=727840 180509 136099 38436.9 28077 24789.9 23695 22551.7 19442.1 11752.4 10430.2 9544.25 8197.37 8116.59 7686.37 6878.07 5614.76 8310.34 5326.85 4834.31 4548.16 4440.23 4304.42 4075.22 3837.95 3502.13 3141.1 3016.65 2952.87 2845.31
threshold=46.81666666666667 24.283333333333335 74.983333333333334 117.83333333333336 33.283333333333346 2202.5000000000005 29.820000000000004 17.216666666666672 54.750000000000007 5.5000000000000009 4905.5000000000009 31.500000000000004 1857.5000000000002 3569.5000000000005 8.8316666666666634 61.816666666666663 39.95000000000001 985.85000000000002 3394.0000000000005 207.04500000000004 36.550000000000004 375.71500000000003 12.777083333333335 15.050000000000002 40.050000000000004 37.550000000000004 3340.5000000000005 431.37500000000006 996.15000000000009 77.175104500000018
decision_type=10 10 10 10 10 2 2 8 10 2 2 2 2 2 10 10 2 2 2 2 2 2 2 8 2 10 2 2 2 2
left_child=1 7 5 10 18 9 -5 14 22 -2 -4 21 -13 27 -1 26 17 -10 -3 -17 23 -12 29 -15 -22 -20 -11 -6 -9 -7
right_child=2 4 3 6 13 8 -8 28 16 15 11 12 -14 20 -16 19 -18 -19 25 -21 24 -23 -24 -25 -26 -27 -28 -29 -30 -31
leaf_value=-0.53995425197560765 0.86238945388024846 -0.22164100760948799 0.4690118253612891 1.014668869793415 -0.14903924853683392 0.0023510242796813447 2.3477561284303667 -0.24892692045070333 0.96291800647247128 -0.0057073652029037475 0.31880286291986704 0.7961376337778 1.200137048497796 0.51084971523284906 -0.37705644470212984 0.32143993186249453 0.54264705581485095 0.55346146140779762 -0.098766968530863294 0.69319852638244628 0.34774421206861733 0.83287026911252926 0.47676423538270896 0.079136454991169794 0.083347546410347736 0.014745792158859156 0.24281904935482165 0.077301354429551522 0.10973383562905448 0.32413940844279304
leaf_weight=341 31 252 40 20 170 36 30 1274 123 50 20 63 160 20 1107 85 106 70 1008 50 120 62 127 1226 84 323 541 77 21 79
leaf_count=341 31 252 40 20 170 36 30 1274 123 50 20 63 160 20 1107 85 106 70 1008 50 120 62 127 1226 84 323 541 77 21 79
internal_value=-9.27358e-10 -0.154477 0.549568 1.03716 -0.00428763 0.401185 1.81452 -0.33407 0.556271 0.290352 0.924502 0.984238 1.086 0.0804858 -0.415418 0.265926 0.718066 0.81441 -0.095166 0.459128 0.107565 0.707488 0.356367 0.086066 0.238875 -0.0712203 0.221793 -0.0784796 -0.243111 0.223406
internal_weight=7716 6023 1693 395 3280 1298 50 2743 541 757 345 305 223 1697 1448 726 299 193 1583 135 1450 82 242 1246 204 1331 591 247 1295 115
internal_count=7716 6023 1693 395 3280 1298 50 2743 541 757 345 305 223 1697 1448 726 299 193 1583 135 1450 82 242 1246 204 1331 591 247 1295 115
is_linear=0
shrinkage=0.03


Tree=15
num_leaves=31
num_cat=0
split_feature=41 61 43 41 21 61 41 43 14 63 18 41 61 61 19 41 53 0 56 18 41 61 12 5 6 9 6 19 19 61
split_gain=694570 189653 113032 69560.2 25024 20279.8 17489.8 15747.8 13316.3 11191.3 8732.44 8095.74 8013.87 6822.26 6400.3 7626.65 6389.13 5963.46 5760.34 5475.12 5203.96 4665.73 4354.91 4072.57 3844.41 3770.24 3730.85 3647.98 3267.32 3178.41
threshold=40.350000000000001 61.878571428571426 22.233333333333331 96.350000000000009 656.50000000000011 31.678571428571431 55.550000000000004 10.790000000000001 1.5500000000000003 9.0228006166495387 4955.5000000000009 70.450000000000017 62.721428571428575 18.907857142857146 23.093750000000004 80.850000000000009 76715.950000000012 28.496097500000001 232.50000000000003 3291.5000000000005 27.450000000000003 41.812142857142867 6.8500000000000005 457.50000000000006 676.86500000000012 36.550000000000004 341.63000000000005 17.939583333333335 21.541666666666671 28.449285714285718
decision_type=10 10 10 10 2 10 10 8 2 10 2 10 10 10 2 10 2 2 10 2 10 10 2 2 2 2 2 2 2 10
left_child=2 6 7 8 9 20 19 -1 11 18 23 26 16 -9 15 -12 -7 -13 -5 -2 -4 25 -11 24 -8 -21 -3 -10 -18 -15
right_child=1 3 5 4 -6 12 10 13 27 22 14 17 -14 29 -16 -17 28 -19 -20 21 -22 -23 -24 -25 -26 -27 -28 -29 -30 -31
leaf_value=-0.49076396348693557 -0.1026337202128611 0.83133301359050127 -0.19670544617211641 1.3241097543550573 2.3172668042390239 -0.23332031294703481 0.20781720025793593 -0.35340380660570547 0.53682496547698977 1.2745486359975555 0.49459846027042748 1.1525682156880697 0.51548864109175552 -0.25445467456955412 0.13046002345310675 1.0107411210290316 0.053139678310539756 0.77597810336772133 1.9339602541923522 0.099300073172521985 -0.084915148910875315 0.25238786769831073 0.74155181606073639 -0.15021660242761883 0.51545382370948789 0.36517973129120135 0.53741742426945649 0.056612273486597191 -0.047742551569729209 -0.031972658701595803
leaf_weight=527 57 49 804 46 23 96 136 1075 24 22 231 45 28 699 37 29 885 238 20 432 702 634 37 21 50 54 188 35 429 63
leaf_count=527 57 49 804 46 23 96 136 1075 24 22 231 45 28 699 37 29 885 238 20 432 702 634 37 21 50 54 188 35 429 63
internal_value=5.23083e-10 0.422591 -0.191711 0.827436 1.40786 -0.0676561 0.247503 -0.346201 0.679073 1.24053 0.395381 0.727535 0.0129221 -0.304729 0.499632 0.552168 0.00294206 0.83586 1.50891 0.184181 -0.144596 0.198778 0.940296 0.245803 0.290515 0.128842 0.598185 0.251953 0.0202032 -0.23606
internal_weight=7716 2408 5308 727 148 2944 1681 2364 579 125 504 520 1438 1837 297 260 1410 283 66 1177 1506 1120 59 207 186 486 237 59 1314 762
internal_count=7716 2408 5308 727 148 2944 1681 2364 579 125 504 520 1438 1837 297 260 1410 283 66 1177 1506 1120 59 207 186 486 237 59 1314 762
is_linear=0
shrinkage=0.03


Tree=16
num_leaves=31
num_cat=0
split_feature=41 43 43 41 5 41 41 42 17 41 14 41 63 60 53 42 17 19 12 12 30 42 19 15 60 34 60 42 60 20
split_gain=653521 177787 106352 56015.3 24217.1 23787.2 20362.8 17615.8 15191.7 14847.4 9669.11 8216.02 7074.8 6872.46 6370.34 6444.45 6101.14 6026.65 4891.27 4687.1 4611.89 4413.27 4383.13 4252.77 4170.92 4068.41 4022.88 3675.29 3552.56 3535.43
threshold=40.350000000000001 66.450000000000003 22.233333333333331 94.100000000000009 233.50000000000003 56.550000000000004 118.50000000000001 32.250000000000007 2312.5000000000005 12.550000000000002 1.7500000000000002 26.450000000000003 9.0228006166495387 82.350000000000009 76715.950000000012 48.650000000000013 1392.5000000000002 8.5520833333333339 6.7500000000000009 7.0500000000000007 491.35999999999973 51.650000000000013 11.060416666666667 981.80000000000007 52.050000000000004 83.783333333333317 27.650000000000002 17.050000000000004 58.95000000000001 5567.2500000000009
decision_type=10 10 10 10 2 10 10 10 2 8 2 10 10 10 2 10 2 2 2 2 2 10 2 2 10 10 10 8 10 2
left_child=2 5 9 10 12 16 -6 11 17 27 19 -4 23 22 -9 -16 -2 -7 -14 20 -3 -19 -10 -5 -18 -21 -11 -1 -17 -13
right_child=1 3 7 4 6 8 -8 14 13 26 -12 29 18 -15 15 28 24 21 -20 25 -22 -23 -24 -25 -26 -27 -28 -29 -30 -31
leaf_value=-0.46486697749226774 0.11523135844614657 0.81292055391839568 -0.21323972862414614 1.0935749578475951 1.2828301634107315 0.59716989025777689 2.6039580345153808 -0.19719277330984672 0.35528556300747777 -0.30139360019413974 0.2872269577839795 -0.1853249948044739 1.2221129311195442 1.1121096922003704 0.0031944302597200023 0.12582725617969245 0.20113390050309066 0.12780682135430374 0.71260859065624171 0.75951504514298651 0.48938413336507491 0.38389779066431867 0.65999343755510109 1.6167783719917823 0.35671207316101805 1.1018036659767751 -0.16952564177271653 -0.29751713799837404 0.43988199488818647 -0.044221497697550155
leaf_weight=702 544 63 668 27 21 49 21 117 62 1271 51 205 28 23 1018 171 520 147 43 176 107 103 135 29 221 38 249 142 40 725
leaf_count=702 544 63 668 27 21 49 21 117 62 1271 51 205 28 23 1018 171 520 147 43 176 107 103 135 29 221 38 249 142 40 725
internal_value=2.41475e-10 0.409913 -0.185959 0.855409 1.31892 0.260756 1.94339 -0.0656264 0.432169 -0.335815 0.675333 -0.132976 1.1124 0.621388 0.0143329 0.03447 0.191524 0.292944 0.91354 0.726878 0.609283 0.233316 0.564096 1.36452 0.247534 0.820295 -0.279792 -0.436711 0.185364 -0.075325
internal_weight=7716 2408 5308 604 169 1804 42 2944 519 2364 435 1598 127 220 1346 1229 1285 299 71 384 170 250 197 56 741 214 1520 844 211 930
internal_count=7716 2408 5308 604 169 1804 42 2944 519 2364 435 1598 127 220 1346 1229 1285 299 71 384 170 250 197 56 741 214 1520 844 211 930
is_linear=0
shrinkage=0.03


Tree=17
num_leaves=31
num_cat=0
split_feature=41 41 43 43 41 42 43 41 60 14 18 49 41 10 22 26 21 24 18 60 60 18 5 41 43 52 43 13 44 18
split_gain=615182 137281 132655 42545.6 23995.8 19671.2 19089.2 12676.1 10089.6 9667.12 8703.52 9334.12 6576.45 6557.58 6153.88 5626.67 5121.45 6275.63 5035.76 4333.31 4175.68 4067.29 4037.34 3858.93 3612.05 3431.59 5537.4 3750.25 3025.71 2765.46
threshold=45.250000000000007 87.450000000000017 24.283333333333335 61.816666666666663 146.50000000000003 40.350000000000001 17.216666666666672 34.45000000000001 50.350000000000001 2.6500000000000008 4831.5000000000009 105.40000000000002 12.550000000000002 19.900000000000002 51.500000000000007 4.5000000000000009 32.500000000000007 3258.5950000000007 4660.5000000000009 79.65000000000002 41.250000000000007 3291.5000000000005 467.00000000000006 23.850000000000005 45.016666666666673 15073.500000000002 54.616666666666674 309.50000000000006 56.750000000000007 3935.0000000000005
decision_type=10 10 10 10 10 10 8 10 10 2 2 8 10 2 2 2 2 2 2 10 10 2 2 10 10 2 10 2 8 2
left_child=2 3 6 8 10 7 12 21 18 16 -3 14 -1 -13 -12 19 -5 -18 22 -10 -7 -4 -2 -8 -20 27 -27 -22 -17 -25
right_child=1 4 5 9 -6 20 23 -9 15 -11 11 13 -14 -15 -16 28 17 -19 24 -21 25 -23 -24 29 -26 26 -28 -29 -30 -31
leaf_value=-0.43942588310506775 0.14649635000590236 0.49518622051924466 -0.24191726380717876 1.0074289930611848 1.9538772264842328 0.048477658439446028 -0.25048863850139141 0.038156463409998349 0.47343702779839864 0.16063122310289521 0.60779636036265983 1.0216742498224431 -0.31120049419098378 1.6863906282537122 1.0846472662687301 0.35480719748294293 0.55155342581715561 0.82369929804946429 0.15067732531271577 0.94594085884094226 0.087084644478559486 -0.09448010926394329 -0.22181699984520672 -0.27097434053705494 0.32453079886734482 0.22458298802375792 0.77758875739574429 0.48926633943682124 0.087561823611563824 -0.07198585952310399
leaf_weight=778 250 24 193 32 29 452 986 741 138 41 33 22 670 34 93 202 332 99 161 20 225 1321 30 88 324 88 20 23 47 220
leaf_count=778 250 24 193 32 29 452 986 741 138 41 33 22 670 34 93 202 332 99 161 20 225 1321 30 88 324 88 20 23 47 220
internal_value=5.66826e-10 0.466872 -0.153694 0.37166 1.14592 -0.0180053 -0.305267 -0.0635141 0.272539 0.602154 1.03218 1.10299 -0.380095 1.42525 0.959758 0.393218 0.641252 0.614065 0.208335 0.533248 0.109003 -0.113275 0.107034 -0.221534 0.266819 0.185849 0.326991 0.124384 0.304363 -0.12884
internal_weight=7716 1911 5805 1676 235 3063 2742 2255 1172 504 206 182 1448 56 126 407 463 431 765 158 808 1514 280 1294 485 356 108 248 249 308
internal_count=7716 1911 5805 1676 235 3063 2742 2255 1172 504 206 182 1448 56 126 407 463 431 765 158 808 1514 280 1294 485 356 108 248 249 308
is_linear=0
shrinkage=0.03


Tree=18
num_leaves=31
num_cat=0
split_feature=41 61 61 41 21 61 41 41 14 63 18 30 22 5 61 24 19 41 53 43 56 61 42 53 12 6 19 41 53 18
split_gain=579451 159400 94924 58204.1 21927.2 16101.1 15922.2 14672.3 11348.3 9657.48 7867.1 7475.42 9333.94 7461.46 7093.21 6515.7 6205.14 8157.29 5871.27 5794.52 5228.65 4733.28 4620.77 4068.19 3836.48 3567.02 3383.59 3383.45 2919.39 2670.38
threshold=40.350000000000001 61.878571428571426 23.042857142857148 96.350000000000009 656.50000000000011 31.678571428571431 18.950000000000003 53.750000000000007 1.5500000000000003 9.0228006166495387 4955.5000000000009 491.35999999999973 51.500000000000007 506.50000000000006 62.721428571428575 3258.5950000000007 22.391666666666669 80.850000000000009 76715.950000000012 8.8316666666666634 232.50000000000003 40.607142857142868 47.45000000000001 76715.950000000012 6.8500000000000005 584.21500000000003 17.939583333333335 31.050000000000004 76715.950000000012 5665.5000000000009
decision_type=10 10 10 10 2 10 8 10 2 10 2 2 2 2 10 2 2 10 2 10 10 10 10 2 2 2 2 10 2 2
left_child=2 7 6 8 9 23 19 21 11 20 13 12 -3 25 18 -13 17 -12 -7 -1 -5 -2 -20 -4 -11 -9 -10 -25 -23 -18
right_child=1 3 5 4 -6 14 -8 10 26 24 16 15 -14 -15 -16 -17 29 -19 22 -21 -22 28 -24 27 -26 -27 -28 -29 -30 -31
leaf_value=-0.47969341026086892 0.085476553210503625 0.57419387590885151 -0.25562672242894535 1.2046847009010937 2.1393533681786581 -0.21898481941754275 -0.20673295964957067 0.18294967248651289 0.50148335073143235 1.1662647919763218 0.43686739677206632 0.5044093199783275 1.0338873822857504 -0.31365702550519592 0.48368626138993664 0.78181868616017425 -0.14377697472274303 0.99220660906571612 -0.0048044019192457193 -0.33946767575086062 1.7857089979648588 -0.14351197309792041 0.15319882489253694 -0.13840049461724388 0.66599837765500347 0.4361184923229991 0.038999640430722911 -0.021418245636918437 0.22499311310079212 0.3008511433966698
leaf_weight=336 457 70 202 46 23 101 826 155 24 22 282 248 92 22 28 110 20 26 1143 1259 20 20 195 925 37 74 35 293 594 31
leaf_count=336 457 70 202 46 23 101 826 155 24 22 282 248 92 22 28 110 20 26 1143 1259 20 20 195 925 37 74 35 293 594 31
internal_value=-2.79901e-10 0.385985 -0.175104 0.757139 1.28807 -0.0589278 -0.313642 0.225469 0.621426 1.13144 0.342909 0.666163 0.835254 0.214062 0.0107758 0.589647 0.432994 0.483747 0.00157392 -0.369007 1.38075 0.158579 0.018223 -0.130938 0.852538 0.26476 0.227129 -0.110259 0.21299 0.126487
internal_weight=7716 2408 5308 727 148 2887 2421 1681 579 125 610 520 162 251 1467 358 359 308 1439 1595 66 1071 1338 1420 59 229 59 1218 614 51
internal_count=7716 2408 5308 727 148 2887 2421 1681 579 125 610 520 162 251 1467 358 359 308 1439 1595 66 1071 1338 1420 59 229 59 1218 614 51
is_linear=0
shrinkage=0.03


Tree=19
num_leaves=31
num_cat=0
split_feature=43 61 43 61 43 43 7 53 61 17 20 24 5 51 43 42 15 0 43 53 15 34 7 43 42 14 19 64 68 53
split_gain=539973 134217 102154 31577.1 31536.6 24747 19968.2 12079.1 10976.7 10658.1 8936.92 6860.96 6749.64 6207.03 6192.4 4824.13 4784.05 4546.03 4173.22 3582.48 3582.19 3550.75 3317.64 3246.58 2981.77 2819.32 3199.39 2709.13 2658.08 2303.96
threshold=46.81666666666667 28.449285714285718 79.516666666666666 57.628571428571426 18.266666666666683 117.83333333333336 29.820000000000004 76715.950000000012 38.84357142857143 1947.5000000000002 7923.0000000000009 4309.7700000000013 55.500000000000007 193.52500000000003 9.2283333333333299 34.750000000000007 982.35000000000002 28.496097500000001 27.100000000000001 67747.950000000012 996.15000000000009 94.783333333333346 10.955000000000002 57.716666666666676 13.15 3.3500000000000001 10.822916666666668 100.23611510791368 18.500000000000004 72017.85000000002
decision_type=10 10 10 10 10 10 2 2 10 2 2 2 2 2 8 10 2 2 10 2 2 10 2 10 8 2 2 10 2 2
left_child=1 4 3 19 14 10 -7 -3 15 13 -4 16 22 -5 -1 24 -12 -14 20 -2 29 -15 -11 28 -9 26 -10 -17 -21 -6
right_child=2 7 5 9 18 6 -8 8 25 12 11 -13 17 21 -16 27 -18 -19 -20 23 -22 -23 -24 -25 -26 -27 -28 -29 -30 -31
leaf_value=-0.46011878030086917 -0.10256652721991906 -0.20458296884946964 0.31837166135127726 0.23081878147841917 -0.30158760066048923 0.84019961714744562 2.0639696183204652 0.23555495320395989 0.068193661866116001 0.66295148997203157 0.7001562953657573 1.2856882544358572 0.93274104089572507 0.84099919352038144 -0.32061657672679517 0.033569024256757042 0.99369378351396132 0.53939417144209145 -0.082092368283138609 0.25884562831325159 0.15508213038627916 0.3287779836995261 1.1384928666391678 0.36982506291234285 -0.054771874728430377 -0.033447945289852385 0.19616355001345759 0.19446151110294618 0.11512073705432475 -0.18506763442293678
leaf_weight=369 26 187 26 126 176 20 30 33 273 23 108 36 29 29 1279 542 93 300 388 467 26 21 31 174 904 83 494 114 154 1155
leaf_count=369 26 187 26 126 176 20 30 33 273 23 108 36 29 29 1279 542 93 300 388 467 26 21 31 174 904 83 494 114 154 1155
internal_value=2.59769e-10 -0.133056 0.473357 0.362375 -0.257738 0.962671 1.57446 0.0277989 0.0455866 0.536289 0.846361 0.904283 0.625089 0.343048 -0.351852 -0.000864682 0.835972 0.574066 -0.168855 0.243961 -0.193663 0.625866 0.935947 0.255294 -0.0445469 0.132642 0.150615 0.061529 0.223204 -0.200475
internal_weight=7716 6023 1693 1380 3393 313 50 2630 2443 559 263 237 383 176 1648 1593 201 329 1745 821 1357 50 54 795 937 850 767 656 621 1331
internal_count=7716 6023 1693 1380 3393 313 50 2630 2443 559 263 237 383 176 1648 1593 201 329 1745 821 1357 50 54 795 937 850 767 656 621 1331
is_linear=0
shrinkage=0.03


Tree=20
num_leaves=31
num_cat=0
split_feature=41 41 61 41 21 61 41 42 18 18 61 56 42 61 53 41 61 43 20 9 61 51 17 36 6 30 42 20 6 24
split_gain=515969 145962 80715.3 46694.3 21032.7 18057.6 16473.7 12214.2 12125.6 9592.57 10475.4 7921.71 7347.37 7183.51 6385.11 6111.39 5940.32 5361.57 5180.3 5580.43 4365.74 4322.1 4153.94 4149.13 3420.69 3196.95 3120.81 3112.04 2984.76 4711.17
threshold=39.750000000000007 65.850000000000009 23.820000000000004 94.100000000000009 656.50000000000011 52.271428571428579 19.350000000000005 32.250000000000007 6254.5000000000009 6540.0000000000009 72.757142857142881 226.50000000000003 60.650000000000013 57.628571428571426 76715.950000000012 25.150000000000002 62.721428571428575 8.8316666666666634 20453.250000000004 40.250000000000007 41.812142857142867 251.00000000000003 1447.5000000000002 164.25000000000003 584.21500000000003 1677.7233333333334 47.45000000000001 5532.5000000000009 393.9550000000001 341.63000000000005
decision_type=10 10 10 10 2 10 8 10 2 2 10 10 10 10 2 10 10 10 2 2 10 2 2 10 2 2 10 2 2 2
left_child=2 5 6 8 11 18 17 15 13 10 -10 12 -5 24 -9 -4 26 -1 20 -20 -2 -15 -7 -11 -3 -22 -16 -17 -24 -30
right_child=1 3 7 4 -6 22 -8 14 9 23 -12 -13 -14 21 16 27 -18 -19 19 -21 25 -23 28 -25 -26 -27 -28 -29 29 -31
leaf_value=-0.45149904102619204 0.070513166541709235 0.18108158657948176 -0.1940574608554845 0.36061377739906308 1.9103854624430336 0.2129738881305242 -0.18281927993087416 -0.21008534801964249 0.82153352446026273 0.2805377791183335 1.6111777373722622 1.3985563634123119 0.99157135171549649 0.51568032203818936 0.00090544719010893552 -0.17117611744221128 0.51155460659576502 -0.31753505148098737 0.48067638139639579 0.13276978543255386 0.2179305031605229 0.84154472219943999 0.55158127152195591 0.71944347180071333 0.52015873503684995 0.0071982341527938839 0.1292618859782102 -0.036898236535134389 0.098402146199832147 0.42568557616124308
leaf_weight=336 564 81 537 20 27 117 859 105 54 28 21 35 98 197 925 199 23 1346 84 82 476 45 107 63 40 75 209 708 49 206
leaf_count=336 564 81 537 20 27 117 859 105 54 28 21 35 98 197 925 199 23 1346 84 82 476 45 107 63 40 75 209 708 49 206
internal_value=1.36075e-10 0.357628 -0.168284 0.721052 1.13842 0.211226 -0.289708 -0.0542634 0.579036 0.791431 1.04263 1.00219 0.884629 0.481908 0.0139145 -0.113848 0.0342429 -0.344296 0.152465 0.308819 0.129188 0.576275 0.368372 0.584396 0.293173 0.189246 0.024562 -0.0663594 0.418597 0.362796
internal_weight=7716 2469 5247 709 180 1760 2541 2706 529 166 75 153 118 363 1262 1444 1157 1682 1281 166 1115 242 479 91 121 551 1134 907 362 255
internal_count=7716 2469 5247 709 180 1760 2541 2706 529 166 75 153 118 363 1262 1444 1157 1682 1281 166 1115 242 479 91 121 551 1134 907 362 255
is_linear=0
shrinkage=0.03


Tree=21
num_leaves=31
num_cat=0
split_feature=41 41 61 61 41 41 42 56 18 18 41 61 44 8 11 20 28 18 43 14 61 41 18 62 20 41 33 11 17 53
split_gain=485764 109353 106340 38193.9 25039.3 21159.8 12460.7 9366.12 8696.63 10167.8 7994.71 7977.09 7066.25 7352.06 5879 5811.12 8563.53 5594.35 5349.82 5230.96 4693.62 4473.64 3543.47 3397.82 3288.87 3240.47 3199.05 3026.03 4138.69 2717.68
threshold=45.250000000000007 85.90000000000002 27.107142857142858 58.621428571428574 18.750000000000004 146.50000000000003 40.350000000000001 100.50000000000001 6254.5000000000009 6564.5000000000009 34.45000000000001 76.65000000000002 29.750000000000004 27.750000000000004 57.500000000000007 8012.0000000000009 473.50000000000006 3291.5000000000005 8.8316666666666634 2.5000000000000004 56.050000000000004 51.650000000000013 3291.5000000000005 11.833333333333334 5667.7500000000009 27.050000000000004 77.15000000000002 30.000000000000004 1857.5000000000002 162316.85000000001
decision_type=10 10 10 10 10 10 10 10 2 2 10 10 8 2 2 2 2 2 8 2 10 10 2 10 2 10 10 2 2 2
left_child=2 3 4 15 18 7 10 -3 19 11 22 -10 14 -14 -9 16 17 -2 -1 23 27 -17 -4 -5 -12 -6 -11 -8 -29 -22
right_child=1 5 6 8 25 -7 20 12 9 26 24 -13 13 -15 -16 21 -18 -19 -20 -21 29 -23 -24 -25 -26 -27 -28 28 -30 -31
leaf_value=-0.43847764066754885 -0.16566953086853026 0.37203712145487466 -0.22255528442114592 0.3901831415779235 -0.19053736754977399 1.7571940982752832 -0.18222607894947654 0.94217719083115203 0.75593705625676388 0.40944958672569742 -0.093791892123950074 1.4034721513416455 0.94436663227696571 1.6358294764637946 0.42710202001035213 0.18334593753691533 -0.36798917258607933 0.21117329395653753 -0.30539183185624613 0.14020882224178186 0.047428219508041033 0.33638233881234531 -0.066768815409778692 0.58478629828777673 0.07451552234730599 -0.09071094817360266 0.82199750427688867 0.04467567116666421 0.20668966109633885 0.44407288331468148
leaf_weight=337 40 27 150 171 960 29 38 118 67 87 129 23 31 25 24 294 29 312 1406 46 22 414 1060 153 550 421 21 477 202 53
leaf_count=337 40 27 150 171 960 29 38 118 67 87 129 23 31 25 24 294 29 312 1406 46 22 414 1060 153 550 421 21 477 202 53
internal_value=-1.82331e-10 0.414867 -0.136574 0.326016 -0.255523 0.994496 0.00203001 0.896193 0.525449 0.685918 -0.0398485 0.921418 0.967669 1.25306 0.855122 0.221996 0.127527 0.16835 -0.331123 0.439576 0.101915 0.272833 -0.0860812 0.482079 0.0425396 -0.160105 0.489667 0.0782943 0.0928742 0.327724
internal_weight=7716 1911 5805 1657 3124 254 2681 225 568 198 1889 90 198 56 142 1089 381 352 1743 370 792 708 1210 324 679 1381 108 717 679 75
internal_count=7716 1911 5805 1657 3124 254 2681 225 568 198 1889 90 198 56 142 1089 381 352 1743 370 792 708 1210 324 679 1381 108 717 679 75
is_linear=0
shrinkage=0.03


Tree=22
num_leaves=31
num_cat=0
split_feature=41 41 61 43 21 12 61 18 37 41 41 42 53 41 61 20 8 21 61 24 18 11 43 13 41 42 42 18 17 46
split_gain=457591 130054 71690.7 42280.9 16279.3 17819.5 15923.2 15522.5 13740.5 12774.2 12764.7 12226.3 5750.33 5666.34 5329.14 4755.08 5471.62 4151.98 4005.01 3999.95 3809.03 4315.48 3317.68 3001.1 2981.01 2884.06 2812.16 2524.17 2464.36 2435.42
threshold=39.750000000000007 65.850000000000009 23.042857142857148 105.70000000000003 345.50000000000006 7.4500000000000011 52.271428571428579 4955.5000000000009 108.85000000000001 82.750000000000014 15.65 32.250000000000007 76715.950000000012 29.050000000000004 62.721428571428575 20453.250000000004 33.70000000000001 453.50000000000006 41.812142857142867 1016.9100000000001 6254.5000000000009 23.500000000000004 6.778333333333328 302.50000000000006 26.450000000000003 52.050000000000004 47.45000000000001 3291.5000000000005 2577.5000000000005 8.5000000000000036
decision_type=10 10 10 10 2 2 10 2 10 10 8 10 2 10 10 2 2 2 10 2 2 2 10 2 10 10 10 2 2 10
left_child=2 6 10 7 5 -5 15 17 -9 -10 22 13 -13 27 26 18 -17 19 25 -3 -8 -22 28 -20 -12 -2 -14 -4 -1 -23
right_child=1 3 11 4 -6 -7 20 8 9 -11 24 12 14 -15 -16 16 -18 -19 23 -21 21 29 -24 -25 -26 -27 -28 -29 -30 -31
leaf_value=-0.48679928599412625 0.046682323564283069 0.28788192693102227 -0.26403430747765083 1.7559866489682878 2.1031663863658903 0.60850732952356335 0.29861077103758699 0.093909869952635325 0.60077842899256473 0.92626890491233782 -0.23033361922749984 -0.19734339832981054 0.0010515219600503473 -0.036967323669085381 0.48458682336237113 0.44211471985515793 0.093984051057150658 -0.054998674052102223 0.15106188410307345 0.64905770301818844 0.30134685253103577 0.39817370045185085 -0.32427961132188721 0.35639647729493473 -0.10281074654632413 0.31731362060496682 0.12281101710149689 -0.13450906157808545 -0.13712788009643553 0.80197363737152838
leaf_weight=195 526 89 162 21 20 29 364 33 278 178 1015 107 932 570 23 95 71 21 477 40 54 20 992 74 197 38 209 825 20 41
leaf_count=195 526 89 162 21 20 29 364 33 278 178 1015 107 932 570 23 95 71 21 477 40 54 20 992 74 197 38 209 825 20 41
internal_value=2.51883e-10 0.33679 -0.158478 0.679839 1.3798 1.09045 0.198595 0.603161 0.685054 0.727834 -0.278378 -0.0559185 0.0131214 -0.112277 0.0324682 0.143416 0.293215 0.336192 0.121115 0.399874 0.346162 0.496671 -0.347435 0.178639 -0.209606 0.0649163 0.0233545 -0.155769 -0.454272 0.66958
internal_weight=7716 2469 5247 709 70 50 1760 639 489 456 2419 2828 1271 1557 1164 1281 166 150 1115 129 479 115 1207 551 1212 564 1141 987 215 61
internal_count=7716 2469 5247 709 70 50 1760 639 489 456 2419 2828 1271 1557 1164 1281 166 150 1115 129 479 115 1207 551 1212 564 1141 987 215 61
is_linear=0
shrinkage=0.03


Tree=23
num_leaves=31
num_cat=0
split_feature=43 61 43 43 61 43 7 18 18 19 61 18 22 30 60 18 63 43 14 19 61 11 19 53 43 60 13 61 11 10
split_gain=424864 105946 81319.7 25066.8 25014.3 19905 17611.5 11530.2 9335.1 8686.56 7230.4 6759.09 7832.56 6632.75 7354.91 5295.85 6609.98 4854.45 4812.6 4400.87 4169.98 4103.37 3855.29 3592.64 3189.25 2712.43 2371.44 3531.35 2250.95 2080.13
threshold=46.81666666666667 28.449285714285718 79.516666666666666 18.266666666666683 61.878571428571426 117.83333333333336 29.820000000000004 3569.5000000000005 4905.5000000000009 22.625000000000004 38.84357142857143 6648.0000000000009 51.500000000000007 491.35999999999973 82.350000000000009 4660.5000000000009 83.814285714285731 13.15666666666668 1.0500000000000003 21.541666666666671 54.71428571428573 66.500000000000014 8.5520833333333339 76715.950000000012 27.866666666666681 27.850000000000005 304.50000000000006 46.121428571428574 59.500000000000007 13.950000000000001
decision_type=10 10 10 10 10 10 2 2 2 2 10 2 2 2 10 2 8 8 2 2 10 2 2 2 10 10 2 10 2 2
left_child=1 3 4 17 15 8 -7 23 -4 13 19 12 -10 14 -6 22 20 -1 -15 21 -17 -9 -2 -3 -5 -24 29 -28 -25 -12
right_child=2 7 5 24 9 6 -8 10 11 -11 26 -13 -14 18 -16 16 -18 -19 -20 -21 -22 -23 25 28 -26 -27 27 -29 -30 -31
leaf_value=-0.36782228040778131 0.31088270470863438 -0.22080029730186904 0.25404000541567801 -0.16873964804208993 0.6009299076516782 0.71556891958415514 1.8648566305637357 0.026329749079895767 0.50511998328130425 -0.0034140957572630472 -0.013175104115460369 0.37907274957214082 0.9687121821167628 0.50863871051643605 1.1555328784883021 0.2187536033600502 0.77255076259374611 -0.26460603419170631 0.12379283116622404 -0.059473176819340487 0.4005992976164347 0.21082465746395643 -0.16765994479258856 0.076977453513070934 -0.063807644131345251 0.11532060231096181 0.16195588991435808 0.56094847739889075 -0.1050006261536198 0.12908906088366701
leaf_weight=768 82 172 30 1426 93 20 30 781 41 28 111 28 164 257 28 448 24 880 33 492 152 126 36 90 319 199 86 26 191 555
leaf_count=768 82 172 30 1426 93 20 30 781 41 28 111 28 164 257 28 448 24 880 33 492 152 126 36 90 319 199 86 26 191 555
internal_value=-5.29753e-11 -0.118024 0.419883 -0.2288 0.320863 0.856457 1.40514 0.0248885 0.752144 0.507861 0.0535423 0.816278 0.875994 0.542693 0.729268 0.233623 0.284349 -0.312707 0.464846 0.012771 0.264821 0.0519597 0.133771 -0.112814 -0.149557 0.0719704 0.126857 0.254579 -0.0467158 0.105378
internal_weight=7716 6023 1693 3393 1380 313 50 2630 263 439 2177 233 205 411 121 941 624 1648 290 1399 600 907 317 453 1745 235 778 112 281 666
internal_count=7716 6023 1693 3393 1380 313 50 2630 263 439 2177 233 205 411 121 941 624 1648 290 1399 600 907 317 453 1745 235 778 112 281 666
is_linear=0
shrinkage=0.03


Tree=24
num_leaves=31
num_cat=0
split_feature=41 41 61 41 37 61 41 61 11 56 7 51 13 61 53 61 13 18 53 13 61 18 18 8 5 23 55 53 13 13
split_gain=407486 115937 63225.4 37736.4 18897.6 13757 11440.8 10828.8 10473 8483.22 11392.6 6762.11 6252.06 6161.23 5547.13 5570.65 5421.62 8967.69 4441.35 4371.38 4261.08 3650.86 3440.27 4141.24 3607.68 3283.77 3126.39 3071.11 2922.27 2870.43
threshold=39.750000000000007 65.850000000000009 23.042857142857148 94.100000000000009 261.15000000000003 52.271428571428579 19.350000000000005 31.678571428571431 59.500000000000007 197.50000000000003 27.700000000000006 1.3800000000000001 88.500000000000014 71.54928571428573 76715.950000000012 62.721428571428575 127.50000000000001 6182.0000000000009 201568.65000000002 260.50000000000006 10.085714285714287 3349.5000000000005 6254.5000000000009 32.150000000000013 191.00000000000003 2017.3350000000003 50.878571428571441 76715.950000000012 318.50000000000006 255.50000000000003
decision_type=10 10 10 10 10 10 8 10 2 10 2 2 2 10 2 10 2 2 2 2 10 2 2 2 2 2 10 2 2 2
left_child=2 5 6 8 9 18 20 27 16 13 -11 12 -10 -5 -9 28 17 -3 19 25 -1 -21 -7 -24 -25 -2 -18 -4 -16 -20
right_child=1 3 7 4 -6 22 -8 14 11 10 -12 -13 -14 -15 15 -17 26 -19 29 21 -22 -23 23 24 -26 -27 -28 -29 -30 -31
leaf_value=-0.39735425947626973 0.056028773802404216 0.53740644317458974 -0.22023818235235784 0.33334103059310177 1.8627362312589373 0.27930927976410691 -0.16712513188717945 -0.20877239823378252 0.46121425560542517 0.79105732072483403 1.5988226318359375 0.5903357665348602 -0.098692970645427702 0.87416352223072724 0.0038903102087742966 0.47480703590437767 0.25550390559893388 1.0130432323887943 0.3192461309322594 -0.21711655660815862 -0.28114242833732472 0.16769982719893675 0.71884941467872032 -0.0072900359127670523 0.46209894115371364 -0.23203094194829463 0.54636062882428538 -0.093890704929051771 0.2254711045644113 0.11265663454705413
leaf_weight=365 325 88 202 26 21 364 775 101 28 33 30 38 50 70 1233 24 39 60 170 23 1279 629 39 20 56 40 226 1212 56 94
leaf_count=365 325 88 202 26 21 364 775 101 28 33 30 38 50 70 1233 24 39 60 170 23 1279 629 39 20 56 40 226 1212 56 94
internal_value=1.42211e-10 0.317816 -0.14955 0.641712 1.01692 0.187338 -0.262149 -0.0532359 0.514043 0.905207 1.17571 0.262173 0.102299 0.727691 0.00546852 0.0219486 0.584786 0.730232 0.136049 0.107589 -0.306944 0.154125 0.3245 0.467538 0.338576 0.0244606 0.503555 -0.11194 0.0135168 0.245688
internal_weight=7716 2469 5247 709 180 1760 2419 2828 529 159 63 116 78 96 1414 1313 413 148 1281 1017 1644 652 479 115 76 365 265 1414 1289 264
internal_count=7716 2469 5247 709 180 1760 2419 2828 529 159 63 116 78 96 1414 1313 413 148 1281 1017 1644 652 479 115 76 365 265 1414 1289 264
is_linear=0
shrinkage=0.03


Tree=25
num_leaves=31
num_cat=0
split_feature=41 61 41 61 41 37 42 56 41 14 61 38 20 21 18 30 31 24 43 43 61 17 11 17 13 18 41 20 56 17
split_gain=384272 89956.8 81968.6 28141.5 20184.3 17787.6 10899.4 9466.5 7650.31 6876.8 6416.12 7454.36 5837.85 5999.38 5123.11 4983.73 9053.97 6766.13 4322.43 3967.66 3820.65 3130.33 3030 3405.84 2909.96 2846.03 2650.55 2565.22 2563.64 2435.92
threshold=46.650000000000013 27.107142857142858 87.450000000000017 58.621428571428574 18.750000000000004 261.15000000000003 40.350000000000001 100.50000000000001 34.45000000000001 2.5000000000000004 95.807142857142892 36.350000000000001 8012.0000000000009 453.50000000000006 3291.5000000000005 447.67000000000002 391.97071428571428 3538.0300000000007 10.790000000000001 65.350000000000009 56.050000000000004 1570.0000000000002 30.000000000000004 2022.5000000000002 164.50000000000003 3291.5000000000005 27.050000000000004 5667.7500000000009 48.95000000000001 3085.0000000000005
decision_type=10 10 10 10 10 10 10 10 10 2 10 10 2 2 2 2 2 2 8 10 10 2 2 2 2 2 10 2 10 2
left_child=1 4 3 12 18 7 8 -4 25 15 21 -12 13 14 -2 16 -5 -17 29 -14 22 -9 -8 -24 -22 -3 -6 -10 -28 -1
right_child=2 6 5 9 26 -7 20 10 27 -11 11 -13 19 -15 -16 17 -18 -19 -20 -21 24 -23 23 -25 -26 -27 28 -29 -30 -31
leaf_value=-0.38142357629813978 -0.16671195717528461 -0.20096894475519655 0.26168569065630437 0.49663176888719612 -0.16864572922058868 1.7011395624409549 -0.16755200085314836 0.47701797737525059 -0.074743332410739216 0.1180415120323499 0.7644425457053714 1.4238648351033529 0.24583941594450151 -0.27665642196481877 0.19789176624396751 0.36552425512261549 0.99475967158662504 0.65145975080508634 -0.2636602647947498 0.60501545627826236 0.1165860285779292 0.84690309062148583 0.054119635353252774 0.20713423013284846 0.46786823102613773 -0.061353056198772356 0.13033958772395518 0.071577626520258661 -0.10463062019470278 -0.077922013664245601
leaf_weight=496 40 150 24 109 960 23 44 26 132 45 27 36 608 33 261 269 47 103 1222 29 44 99 581 169 41 1060 47 589 377 25
leaf_count=496 40 150 24 109 960 23 44 26 132 45 27 36 608 33 261 269 47 103 1222 29 44 99 581 169 41 1060 47 589 377 25
internal_value=-1.88075e-10 -0.115891 0.386759 0.307314 -0.22659 0.90873 0.00729637 0.822761 -0.0325668 0.47404 0.894388 1.14126 0.208926 0.10734 0.149439 0.504381 0.646709 0.444695 -0.294508 0.262191 0.0948684 0.769967 0.0744042 0.0885989 0.286028 -0.0786608 -0.141055 0.0447893 -0.0785844 -0.36686
internal_weight=7716 5937 1779 1544 3127 235 2810 212 1931 573 188 63 971 334 301 528 156 372 1743 637 879 125 794 750 85 1210 1384 721 424 521
internal_count=7716 5937 1779 1544 3127 235 2810 212 1931 573 188 63 971 334 301 528 156 372 1743 637 879 125 794 750 85 1210 1384 721 424 521
is_linear=0
shrinkage=0.03


Tree=26
num_leaves=31
num_cat=0
split_feature=41 61 41 61 41 41 42 41 11 48 18 18 61 18 5 61 14 14 11 61 13 63 31 29 53 6 11 17 61 18
split_gain=361562 84640.4 77124.3 26478.4 19000.6 16101.9 10255.2 7198.18 7152.71 6992.8 6500.67 9435.38 7419.95 5574.72 4758.15 4339.45 4285.27 4262.21 3754.46 3594.85 3447.69 3442.65 3051.25 2996.38 2892.12 5355.93 2850.93 3204.56 2742.19 2677.83
threshold=46.650000000000013 27.107142857142858 87.450000000000017 58.621428571428574 19.350000000000005 146.50000000000003 40.350000000000001 34.45000000000001 62.500000000000007 17.990000000000006 6254.5000000000009 6564.5000000000009 76.65000000000002 4660.5000000000009 506.50000000000006 10.085714285714287 0.8500000000000002 4.1500000000000012 32.500000000000007 56.050000000000004 257.00000000000006 24.686428571428575 379.52357142857136 99.000000000000014 162316.85000000001 688.45000000000016 30.000000000000004 2022.5000000000002 30.778571428571432 3291.5000000000005
decision_type=10 10 10 10 10 10 10 10 2 10 2 2 10 2 2 8 2 2 2 10 2 10 2 2 2 2 2 2 10 2
left_child=1 4 3 13 15 8 7 29 9 22 17 12 -12 14 16 -1 -2 21 -11 26 -16 -5 -4 -13 -21 -26 -8 -28 -15 -3
right_child=2 6 5 10 -6 -7 19 -9 -10 18 11 23 -14 28 20 -17 -18 -19 -20 24 -22 -23 -24 -25 25 -27 27 -29 -30 -31
leaf_value=-0.37491347322072066 0.21016115376157526 -0.19493987709470093 0.944474398612976 0.36350682457776223 -0.13247013314904513 1.5433198678493498 -0.16252543752843682 0.043445644508000987 0.33313154515292909 0.45270555736689733 0.65638197146244903 0.18476538983484109 1.2620133446931838 -0.018135279513174486 -0.46491508972964113 -0.25923135996713037 -0.050156541222333907 0.042435979485511782 0.83641923792795692 0.0063498486042022706 0.08545238023996353 0.59045136191523995 1.4685091059207915 0.51845959777767592 0.73754763282835489 0.15897561945021152 0.052496045122913719 0.20092020350095083 0.2713630487269969 -0.059512463950894698
leaf_weight=365 236 150 20 263 1306 29 44 721 27 29 67 36 25 31 21 1456 75 30 110 25 20 78 20 74 24 36 581 169 588 1060
leaf_count=365 236 150 20 263 1306 29 44 721 27 29 67 36 25 31 21 1456 75 30 110 25 20 78 20 74 24 36 581 169 588 1060
internal_value=1.08456e-10 -0.112414 0.375156 0.298094 -0.219792 0.881468 0.00707748 -0.0315898 0.788295 0.856951 0.459819 0.59676 0.820956 0.202658 0.107336 -0.282419 0.147384 0.385258 0.756364 0.0920223 -0.196443 0.415418 1.20649 0.409251 0.277447 0.390404 0.072172 0.085941 0.256865 -0.076301
internal_weight=7716 5937 1779 1544 3127 235 2810 1931 206 179 573 202 92 971 352 1821 311 371 139 879 41 341 40 110 85 60 794 750 619 1210
internal_count=7716 5937 1779 1544 3127 235 2810 1931 206 179 573 202 92 971 352 1821 311 371 139 879 41 341 40 110 85 60 794 750 619 1210
is_linear=0
shrinkage=0.03


Tree=27
num_leaves=31
num_cat=0
split_feature=41 41 61 43 7 61 61 41 42 7 35 16 39 41 35 20 15 61 13 61 48 20 43 13 20 42 41 60 14 41
split_gain=340914 97824.4 52869.1 33008.9 17844.2 11459.5 11329.4 9703.05 9392.79 9110.57 6782.11 6361.59 5348.42 4590.77 4132.65 4028.33 5065.43 3961.56 4572.25 3271.28 3220.89 2972.32 2713.58 2643.59 2578.04 2491.28 2436.92 2310.35 2291.64 2420.37
threshold=39.750000000000007 65.850000000000009 23.042857142857148 105.70000000000003 54.765000000000008 74.200000000000017 52.271428571428579 15.65 32.250000000000007 8.6450000000000014 164.25000000000003 26.000000000000004 85.450000000000017 25.150000000000002 187.50000000000003 20453.250000000004 982.45000000000016 56.050000000000004 164.50000000000003 41.812142857142867 169.95000000000002 8012.0000000000009 6.778333333333328 302.50000000000006 5532.5000000000009 52.050000000000004 26.450000000000003 61.550000000000004 3.0500000000000003 20.650000000000002
decision_type=10 10 10 10 2 10 10 8 10 2 10 2 10 10 10 2 2 10 2 10 8 2 10 2 2 10 10 10 2 10
left_child=2 6 7 5 10 9 15 22 13 -3 -5 14 -11 20 -7 19 -17 28 -19 25 -4 -8 -1 -21 -15 -2 -9 -23 29 -10
right_child=1 3 8 4 -6 11 21 26 17 12 -12 -13 -14 24 -16 16 -18 18 -20 23 -22 27 -24 -25 -26 -27 -28 -29 -30 -31
leaf_value=-0.39658412248034813 0.036036648431944679 -0.062709994968026872 -0.18435641861027358 1.2979205833781848 1.9640226216316223 0.50842983210605119 0.16533707804163963 -0.19853519572458561 0.13989724934661299 0.43421822131198384 0.59404125426496779 1.1105714638850519 0.8886358819484711 -0.1483763049312041 0.7765910386751862 0.14868362403548924 0.5041562307330798 0.010992661142349243 0.61145484609263279 0.12987999820332014 0.048785847871232836 0.25882828963703886 -0.27902090551158892 0.32259664496557938 -0.029752745889943755 0.28756510820435849 -0.083235779457493941 0.41097695435218989 -0.086409598490963246 0.0025158664916363573
leaf_weight=215 526 32 555 22 20 115 119 1015 133 345 28 28 25 213 94 113 53 25 21 477 59 172 992 74 730 38 197 188 219 873
leaf_count=215 526 32 555 22 20 115 119 1015 133 345 28 28 25 213 94 113 53 25 21 477 59 172 992 74 730 38 197 188 219 873
internal_value=1.11303e-10 0.290698 -0.136789 0.588219 1.20668 0.520469 0.170845 -0.239754 -0.048716 0.422922 0.903748 0.685928 0.464922 -0.0981137 0.629038 0.124301 0.262178 0.0117973 0.285117 0.103774 -0.161953 0.295318 -0.299962 0.155762 -0.0565468 0.0529836 -0.179794 0.338284 0.00153386 0.0206786
internal_weight=7716 2469 5247 709 70 639 1760 2419 2828 402 50 237 370 1557 209 1281 166 1271 46 1115 614 479 1207 551 943 564 1212 360 1225 1006
internal_count=7716 2469 5247 709 70 639 1760 2419 2828 402 50 237 370 1557 209 1281 166 1271 46 1115 614 479 1207 551 943 564 1212 360 1225 1006
is_linear=0
shrinkage=0.03


Tree=28
num_leaves=31
num_cat=0
split_feature=41 41 61 43 7 18 37 61 41 43 42 35 53 41 53 42 13 42 21 5 63 17 41 23 8 8 5 24 13 10
split_gain=320766 92043 49744.5 31058 16789.6 11760.9 11524.1 10659.9 9295.71 9167.01 8837.68 6381.28 4610.04 4380.03 3917.64 3864.26 3780.61 3777.95 3716.33 4340.44 3684.6 2934.41 2898.07 2834.75 2767.17 4695.76 2499.43 3733.2 3040.85 2323.38
threshold=39.750000000000007 65.850000000000009 23.042857142857148 105.70000000000003 54.765000000000008 4955.5000000000009 108.85000000000001 52.271428571428579 82.750000000000014 13.536666666666671 32.250000000000007 164.25000000000003 76715.950000000012 29.050000000000004 201568.65000000002 47.45000000000001 260.50000000000006 20.850000000000005 453.50000000000006 135.50000000000003 14.385714285714288 1235.0000000000002 20.850000000000005 2017.3350000000003 33.150000000000013 30.750000000000004 98.500000000000014 341.63000000000005 130.50000000000003 9.7500000000000018
decision_type=10 10 10 10 2 2 10 10 10 8 10 10 2 10 2 10 2 10 2 2 10 2 10 2 2 2 2 2 2 2
left_child=2 7 9 5 11 18 -7 14 -8 -1 13 -5 29 -4 16 -14 23 -18 19 -3 -17 -9 -11 -2 25 -16 28 -28 -23 -12
right_child=1 3 10 4 -6 6 8 21 -10 22 12 -13 15 -15 24 20 17 -19 -20 -21 -22 26 -24 -25 -26 -27 27 -29 -30 -31
leaf_value=-0.31396317286423686 0.045865121107433848 0.17045003686262211 -0.13340827755457338 1.2589829460057345 1.9051019225120545 0.034765973253683614 0.50693057324705482 0.11937601838402355 0.7845901188530614 -0.2214304775595444 0.082967793233692647 0.57622001473392759 0.0017146867388550609 -0.028958319061974946 0.085826991437511019 0.010721091001390296 -0.24052864660387455 0.15092837611867768 -0.097625362787927897 0.51933552205562583 0.25191267614298668 0.66768400740623468 -0.13758038503362607 -0.2217762863561511 0.077554259182954263 0.40229860624632774 0.063837009202088069 0.3284879161853273 0.33864339902587642 -0.25217398847980671
leaf_weight=822 325 69 987 22 20 33 278 79 178 1011 24 28 935 570 66 107 23 629 21 60 122 35 586 40 81 117 62 212 91 83
leaf_count=822 325 69 987 22 20 33 278 79 178 1011 24 28 935 570 66 107 23 629 21 60 122 35 586 40 81 117 62 212 91 83
internal_value=-8.70254e-11 0.281977 -0.132686 0.570572 1.17048 0.504855 0.576137 0.165719 0.615315 -0.232561 -0.0472545 0.876636 0.0114434 -0.0951703 0.120572 0.0287661 0.0938416 0.137119 0.272474 0.332722 0.139216 0.286458 -0.190663 0.0165346 0.223543 0.288161 0.319457 0.268603 0.430044 -0.177002
internal_weight=7716 2469 5247 709 70 639 489 1760 456 2419 2828 50 1271 1557 1281 1164 1017 652 150 129 229 479 1597 365 264 183 400 274 126 107
internal_count=7716 2469 5247 709 70 639 489 1760 456 2419 2828 50 1271 1557 1281 1164 1017 652 150 129 229 479 1597 365 264 183 400 274 126 107
is_linear=0
shrinkage=0.03


Tree=29
num_leaves=31
num_cat=0
split_feature=43 43 43 24 58 60 17 43 43 43 38 8 15 18 51 43 18 16 60 8 45 11 18 57 18 10 6 62 43 34
split_gain=297787 72500.6 57724.4 17163.6 18009.6 14063.3 12511.1 11586.2 9986.38 7822.6 8510.49 6036.17 5751.08 5504.2 5219.72 5017.8 4447.47 4311.71 3442.67 3770.28 2783.2 2642.27 2623.36 2788.62 2606.78 3803.51 2744.65 2604.88 2595.12 2497.72
threshold=46.81666666666667 24.283333333333335 79.516666666666666 4309.7700000000013 43.350000000000001 55.150000000000013 2175.0000000000005 31.116666666666664 15.094999999999997 105.70000000000003 36.350000000000001 33.050000000000004 985.25000000000011 3550.0000000000005 193.52500000000003 65.350000000000009 4905.5000000000009 18.150000000000002 45.650000000000013 15.950000000000003 17.850000000000005 83.500000000000014 4728.0000000000009 193.92857142857147 3935.0000000000005 10.750000000000002 528.45500000000015 98.200000000000003 6.778333333333328 101.40000000000002
decision_type=10 10 10 2 10 10 2 10 8 10 10 2 2 2 2 10 2 2 10 2 8 2 2 10 2 2 2 8 10 10
left_child=1 8 5 9 -5 15 14 21 28 16 -11 12 -8 -9 20 22 -4 -18 19 -15 -7 -3 23 -2 -10 26 -26 -24 -1 -16
right_child=2 7 3 4 -6 6 11 13 24 10 -12 -13 -14 18 29 -17 17 -19 -20 -21 -22 -23 27 -25 25 -27 -28 -29 -30 -31
leaf_value=-0.37736243279298876 -0.06986800087186007 -0.058617153512900512 0.17305098613103229 0.6798237333695093 1.7972602220535279 0.19076951199531555 0.71081708984339931 -0.076781146111086968 -0.22058431406401177 0.63609076867500935 1.3748609658946163 0.32967266804426903 0.3927286407569559 0.34673929747413185 0.52927274686639958 0.40762799967218327 0.80667554777318773 0.4859061446678824 0.13021791950323869 0.026561475283794586 -0.091505346553666239 -0.18340385034779222 0.18315176153284407 0.1491322567812958 -0.061106165945529943 -0.15335238482008284 0.38427342653274532 0.50414306253194807 -0.26099948562194419 0.20508339244978768
leaf_weight=217 78 1040 27 27 25 125 136 310 554 36 23 125 82 34 55 81 55 120 466 1251 42 179 438 159 33 1078 20 24 841 35
leaf_count=217 78 1040 27 27 25 125 136 310 554 36 23 125 82 34 55 81 55 120 466 1251 42 179 438 159 33 1078 20 24 841 35
internal_value=7.6262e-11 -0.0988097 0.351525 0.719349 1.21705 0.268098 0.377291 -0.00362628 -0.212627 0.620189 0.924086 0.495872 0.591169 0.0397365 0.219031 0.184103 0.531427 0.586719 0.060365 0.0350331 0.119778 -0.076941 0.158201 0.0770562 -0.167269 -0.141154 0.106962 0.199827 -0.284866 0.403199
internal_weight=7716 6023 1693 313 52 1380 600 3280 2743 261 59 343 218 2061 257 780 202 175 1751 1285 167 1219 699 237 1685 1131 53 462 1058 90
internal_count=7716 6023 1693 313 52 1380 600 3280 2743 261 59 343 218 2061 257 780 202 175 1751 1285 167 1219 699 237 1685 1131 53 462 1058 90
is_linear=0
shrinkage=0.03


Tree=30
num_leaves=31
num_cat=0
split_feature=41 61 41 61 41 41 18 20 28 61 19 65 9 9 30 1 18 61 19 41 24 31 43 43 28 23 15 19 64 41
split_gain=285863 66878.7 61439.5 20816.9 16865.5 13464.7 8306.58 6511.56 8748.65 5902.12 5514.11 5502.94 5466.22 5200.29 5023.02 8941.92 4932.34 4611.71 4299.03 4155.1 4093.79 4056.81 3758.1 3419.41 3147.09 3062.89 2220.61 2212.01 2151.44 2013.64
threshold=46.650000000000013 28.092857142857145 87.450000000000017 61.878571428571426 19.350000000000005 146.50000000000003 3964.5000000000005 8012.0000000000009 473.50000000000006 56.050000000000004 22.625000000000004 97.262857142857158 33.150000000000013 29.550000000000004 446.55999999999977 77.175104500000018 3340.5000000000005 65.235714285714309 9.5750000000000011 34.250000000000007 4309.7700000000013 329.63142857142833 13.536666666666671 65.350000000000009 164.50000000000003 2371.9500000000003 996.15000000000009 9.3500000000000032 15.440000000000001 22.650000000000002
decision_type=10 10 10 10 10 10 2 2 2 10 2 8 2 2 2 2 2 10 2 10 2 2 8 10 2 2 2 2 8 10
left_child=1 4 3 7 22 11 25 8 16 13 14 17 -13 18 15 -5 -2 -4 -8 -15 -16 -19 -1 28 -11 27 29 -3 -9 -6
right_child=2 6 5 10 26 -7 9 23 -10 24 -12 12 -14 19 20 -17 -18 21 -20 -21 -22 -23 -24 -25 -26 -27 -28 -29 -30 -31
leaf_value=-0.2980652991471115 -0.15009927940554915 -0.0061369575464794799 0.17744086657251629 0.96956477969884869 -0.17076018528658202 1.3907135572104616 0.015354512714413239 0.53364813852310178 -0.40477670907974239 0.47966597522177346 -0.0066040906906127935 0.65350555300712587 1.1727528174718223 -0.047328923994641184 0.32746267949189489 0.43450229846729949 0.17930492668725309 0.99871973648071288 0.20370954205223823 0.056835683035593179 0.56676634776181178 0.56511589597011436 -0.21191938949932618 0.51981035176860657 0.11230787645917124 0.23963537580851049 0.14197630792856217 -0.1220008018436339 0.21771000938256119 -0.09440524900700023
leaf_weight=815 48 215 21 42 457 29 190 20 30 41 25 37 36 678 247 85 277 25 256 701 87 87 1034 38 43 27 30 478 645 972
leaf_count=815 48 215 21 42 457 29 190 20 30 41 25 37 36 678 247 85 277 25 256 701 87 87 1034 38 43 27 30 478 645 972
internal_value=1.18171e-10 -0.0999559 0.33358 0.264799 -0.189718 0.785484 0.0129896 0.19014 0.0854068 0.0457388 0.427328 0.700282 0.909573 0.0344218 0.45086 0.611452 0.130654 0.585409 0.123469 0.00562205 0.389796 0.661902 -0.249891 0.243028 0.291614 -0.0738412 -0.113461 -0.0860546 0.227212 -0.118824
internal_weight=7716 5937 1779 1544 3308 235 2629 1058 355 1909 486 206 73 1825 461 127 325 133 446 1379 334 112 1849 703 84 720 1459 693 665 1429
internal_count=7716 5937 1779 1544 3308 235 2629 1058 355 1909 486 206 73 1825 461 127 325 133 446 1379 334 112 1849 703 84 720 1459 693 665 1429
is_linear=0
shrinkage=0.03


Tree=31
num_leaves=31
num_cat=0
split_feature=41 41 61 41 37 61 53 41 56 17 42 50 37 68 6 7 41 65 61 1 20 8 61 46 53 5 21 5 29 42
split_gain=269331 77522.9 41523.1 25969 15942.9 8708.1 7964.56 7800.97 7349.55 7142.37 6830.35 6074.91 5193.34 5065.09 6707.71 5281.06 4681.26 3766.53 4252.6 3681.16 3516.82 4752.14 2832.92 2754.36 2540.21 3929.36 2831.13 2411.86 2264.78 2236.13
threshold=39.750000000000007 65.850000000000009 23.042857142857148 94.100000000000009 261.15000000000003 52.271428571428579 76715.950000000012 15.65 226.50000000000003 1857.5000000000002 47.45000000000001 1.0000000180025095e-35 189.71666666666667 5.5000000000000009 512.86000000000013 103.76500000000001 29.950000000000003 99.03857142857143 53.478571428571435 77.13893400000002 20453.250000000004 33.70000000000001 41.812142857142867 13.165000000000001 195906.60000000003 59.500000000000007 88.500000000000014 506.50000000000006 20.214285714285719 6.8750000000000009
decision_type=10 10 10 10 10 10 2 8 10 2 10 2 10 2 2 2 10 10 10 2 2 2 10 8 2 2 2 2 2 8
left_child=2 5 7 9 8 20 -4 29 12 11 16 19 -5 14 -11 -15 28 18 -12 -3 22 -22 -2 -13 -7 -26 -27 -24 -8 -1
right_child=1 3 6 4 -6 24 10 -9 -10 13 17 23 -14 15 -16 -17 -18 -19 -20 -21 21 -23 27 -25 25 26 -28 -29 -30 -31
leaf_value=-0.3451323671240446 0.044438335290229738 0.40268683268473698 -0.18886595979019408 0.76306626663509625 1.6113807572637284 0.19741057924131072 -0.1484005015075742 -0.15907053772415414 1.1229688296949161 1.0437883547068603 0.0025843323258966798 0.1824900171160698 0.35367758308138164 0.38240431720622747 0.5088036393983798 0.85890082317849858 0.0040601880853875904 0.38319004802509793 0.36959841820171901 -0.016168513476200727 0.37847400323340769 0.05403794915743277 0.15764359565710542 0.56560677076640875 0.61792572744794794 0.022620238428935409 0.33344537441283462 -0.084254760503768927 -0.056773553237183326 -0.24552751587252394
leaf_weight=258 564 26 303 83 21 260 334 1212 34 31 151 24 42 233 66 23 1073 43 35 69 95 71 511 57 37 32 150 40 889 949
leaf_count=258 564 26 303 83 21 260 334 1212 34 31 151 24 42 233 66 23 1073 43 35 69 95 71 511 57 37 32 150 40 889 949
internal_value=-5.8107e-12 0.258383 -0.121583 0.523238 0.834494 0.151688 -0.0435304 -0.212833 0.731886 0.417329 -0.0260901 0.261214 0.625512 0.495165 0.679778 0.425215 -0.0416729 0.130146 0.0716461 0.0984656 0.110883 0.239709 0.0917031 0.452091 0.260816 0.336091 0.278795 0.140083 -0.0817968 -0.266818
internal_weight=7716 2469 5247 709 180 1760 2828 2419 159 529 2525 176 125 353 97 256 2296 229 186 95 1281 166 1115 81 479 219 182 551 1223 1207
internal_count=7716 2469 5247 709 180 1760 2828 2419 159 529 2525 176 125 353 97 256 2296 229 186 95 1281 166 1115 81 479 219 182 551 1223 1207
is_linear=0
shrinkage=0.03


Tree=32
num_leaves=31
num_cat=0
split_feature=43 43 43 24 34 60 17 43 43 43 35 1 31 18 43 18 17 51 43 60 8 5 15 11 18 37 62 62 18 42
split_gain=248943 60517.5 48746.7 15569.4 16413.4 12090 11051.9 9713.36 8455.19 6752.32 8567.43 6144.8 7197.31 4712.4 4139.43 4102.75 3663.92 3209.95 3192.42 3059.68 3529.18 2776.81 2542.26 2370.06 2243.68 2599.35 2420.93 2229.3 2220.15 2252.1
threshold=46.81666666666667 24.283333333333335 79.516666666666666 4309.7700000000013 71.466666666666683 55.150000000000013 1917.5000000000002 31.116666666666664 17.216666666666672 105.70000000000003 149.50000000000003 77.150160250000013 562.6057142857145 3550.0000000000005 65.350000000000009 4905.5000000000009 3567.5000000000005 193.52500000000003 8.8316666666666634 45.650000000000013 15.950000000000003 60.500000000000007 996.15000000000009 83.500000000000014 4728.0000000000009 202.50000000000003 98.200000000000003 10.250000000000002 3207.0000000000005 13.750000000000002
decision_type=10 10 10 2 10 10 2 10 8 10 10 2 2 2 10 2 2 2 10 10 2 2 2 2 2 10 8 8 2 8
left_child=1 8 5 9 -5 14 17 23 18 15 -11 12 -8 -9 24 -4 -17 -7 -1 20 -15 -13 28 -3 25 -2 -26 -21 -10 -30
right_child=2 7 3 4 -6 6 11 13 22 10 -12 21 -14 19 -16 16 -18 -19 -20 27 -22 -23 -24 -25 26 -27 -28 -29 29 -31
leaf_value=-0.32439996101989077 -0.058683049220591782 -0.053155205655345455 0.13830141809251573 0.71208097955211991 1.8076297531127929 0.078853125402465793 1.1201715923439373 -0.071489022109717609 -0.2489055356601218 1.2995988016543181 0.55836140165726345 0.54623097037486279 0.50577669314466989 0.33310382830965168 0.36988125866210014 0.59805344500212831 0.23382929229736329 0.33224226254750699 -0.21941807129143656 0.042528651257744056 0.023332208492558636 0.32204739324930048 0.18875965288707189 -0.17133939590419553 0.16575518760881194 0.14603118148993474 0.47520545840263367 0.17594697200832041 0.0274652362237503 -0.14068912966650601
leaf_weight=341 90 1040 27 32 20 133 22 310 159 23 36 63 78 34 81 145 30 68 1107 191 1251 236 21 179 438 147 24 275 77 1038
leaf_count=341 90 1040 27 32 20 133 22 310 159 23 36 63 78 34 81 145 30 68 1107 191 1251 236 21 179 438 147 24 275 77 1038
internal_value=5.41754e-11 -0.0903435 0.321405 0.659418 1.13345 0.24474 0.345983 -0.00338117 -0.194331 0.564975 0.847318 0.437369 0.640944 0.0363226 0.166861 0.482509 0.535615 0.164577 -0.244141 0.0554098 0.0315285 0.369283 -0.138635 -0.0705096 0.143334 0.0682916 0.181831 0.121263 -0.144032 -0.129077
internal_weight=7716 6023 1693 313 52 1380 600 3280 2743 261 59 399 100 2061 780 202 175 201 1448 1751 1285 299 1295 1219 699 237 462 466 1274 1115
internal_count=7716 6023 1693 313 52 1380 600 3280 2743 261 59 399 100 2061 780 202 175 201 1448 1751 1285 299 1295 1219 699 237 462 466 1274 1115
is_linear=0
shrinkage=0.03


Tree=33
num_leaves=31
num_cat=0
split_feature=41 41 61 43 7 18 37 42 59 61 41 35 41 17 21 5 64 9 5 61 9 20 18 8 5 12 42 19 31 41
split_gain=239812 69122.1 36873.8 24243.5 15012.8 9117.04 10027.9 8333.06 8035.81 7576.86 5898.34 5612.04 4072.25 3602.43 3437.69 3887.31 3391.1 3769.48 3472 2976.52 2765.06 2511.35 2454.88 3745.8 3258.86 2366.1 2188.05 2149.6 1930.29 3140.62
threshold=39.750000000000007 65.850000000000009 21.63571428571429 105.70000000000003 54.765000000000008 4955.5000000000009 108.85000000000001 32.250000000000007 74.51428571428572 52.271428571428579 15.65 164.25000000000003 25.150000000000002 932.50000000000011 453.50000000000006 135.50000000000003 38.205000000000005 36.250000000000007 506.50000000000006 62.721428571428575 40.250000000000007 5567.2500000000009 6254.5000000000009 31.350000000000005 191.00000000000003 3.5500000000000003 19.350000000000005 11.308333333333335 402.82142857142873 6.8750000000000009
decision_type=10 10 10 10 2 2 10 10 10 10 8 10 10 2 2 2 10 2 2 10 2 2 2 2 2 2 8 2 2 10
left_child=2 9 10 5 11 14 -7 12 -8 16 28 -5 -4 27 15 -3 -2 18 -18 25 -19 -14 -11 -24 -25 -15 -23 -9 29 -1
right_child=1 3 7 4 -6 6 8 13 -10 22 -12 -13 21 19 -16 -17 17 20 -20 -21 -22 26 23 24 -26 -27 -28 -29 -30 -31
leaf_value=-0.37605771031247853 0.025860209087115678 0.1356206470930382 -0.14107777344787398 1.1046292308243837 1.7185937225818633 -0.0064028941340405826 0.49296773023903367 0.0020970311995757661 0.91113261213121211 0.20668326144137389 -0.15652428821019201 0.46433986137488059 -0.13583828886923116 0.17954600734772477 -0.12471112485442842 0.46579307125508784 0.12540137124983303 0.37648952736304353 -0.13792314369231462 0.36970833311910212 0.10225684756842943 0.12287664418665283 0.63558113358237522 -0.075917621791362758 0.36448513693386508 0.011782757865580843 -0.041079553369987816 -0.19361263893810765 -0.18483553822455781 -0.24483539739234003
leaf_weight=217 353 69 783 22 20 33 410 92 46 364 1015 28 234 82 21 60 737 91 48 23 52 82 33 20 62 979 687 112 267 674
leaf_count=217 353 69 783 22 20 33 410 92 46 364 1015 28 234 82 21 60 737 91 48 23 52 82 33 20 62 979 687 112 267 674
internal_value=-1.3345e-10 0.243812 -0.114727 0.493906 1.02393 0.435844 0.498604 -0.0478615 0.535151 0.143065 -0.209317 0.746067 -0.0898073 0.0103026 0.231243 0.289189 0.105002 0.135106 0.1093 0.0320677 0.276769 -0.0497826 0.244857 0.365686 0.25707 0.0247484 -0.0235966 -0.105351 -0.255591 -0.276794
internal_weight=7716 2469 5247 709 70 639 489 3074 456 1760 2173 50 1786 1288 150 129 1281 928 785 1084 143 1003 479 115 82 1061 769 204 1158 891
internal_count=7716 2469 5247 709 70 639 489 3074 456 1760 2173 50 1786 1288 150 129 1281 928 785 1084 143 1003 479 115 82 1061 769 204 1158 891
is_linear=0
shrinkage=0.03


Tree=34
num_leaves=31
num_cat=0
split_feature=41 61 41 61 37 41 18 11 54 64 20 28 61 11 0 56 11 13 9 19 53 19 20 61 41 47 57 19 20 41
split_gain=226178 58284.2 46217.6 16394.1 14521 14196.1 7380.62 6953.35 7805.34 10042.6 6272.5 7220.71 5311.71 5067.05 4969.36 10361.5 4598.06 4592.36 4237.66 5091.96 3835.01 3788.1 3671.47 2968.28 2832.16 2614.53 2285.73 2192.32 2010.76 1825.31
threshold=48.650000000000013 28.449285714285718 94.100000000000009 61.878571428571426 261.15000000000003 19.350000000000005 3620.0000000000005 32.500000000000007 42.95000000000001 19.675000000000004 8012.0000000000009 473.50000000000006 52.271428571428579 62.500000000000007 28.496097500000001 164.25000000000003 57.500000000000007 112.00000000000001 29.550000000000004 10.822916666666668 147742.50000000003 18.781250000000004 11737.000000000002 10.085714285714287 80.850000000000009 39.940000000000005 169.35000000000005 11.308333333333335 8492.2500000000018 27.050000000000004
decision_type=10 10 10 10 10 10 2 2 10 10 2 2 10 2 2 10 2 2 2 2 2 2 2 8 10 10 10 2 2 10
left_child=1 5 3 10 7 23 22 -4 -9 -10 11 16 18 14 15 -5 -2 -16 19 -8 -20 25 27 -1 28 -14 -15 -3 -12 -7
right_child=2 6 4 13 -6 29 12 8 9 -11 24 -13 21 26 17 -17 -18 -19 20 -21 -22 -23 -24 -25 -26 -27 -28 -29 -30 -31
leaf_value=-0.29923568051890154 0.2895177109915042 -0.036169529947318077 0.25972534286975862 1.2341114970054479 1.5104743889399936 -0.12376919325163953 0.027294978318902534 0.31322143130832247 1.4234921160340308 0.7217282390135985 0.5063511631705544 -0.3880034169980458 0.58198284358978269 -0.13924373396805353 0.55469521370498787 0.39424449700575609 0.030932671875164314 0.32712062292299265 -0.10953058082959614 0.20595824524062745 0.023447906239662412 0.0087657776208860533 0.29480591181326993 -0.20379161669589307 0.56451595264932386 0.23102196806282907 0.28531013681888584 -0.16415871358408432 0.21392482757655459 -0.055357753342694549
leaf_weight=365 93 236 30 20 21 961 369 27 24 78 22 28 25 21 107 39 185 314 232 235 1230 56 22 1492 23 81 25 246 556 553
leaf_count=365 93 236 30 20 21 961 369 27 24 78 22 28 25 21 107 39 185 314 232 235 1230 56 22 1492 23 81 25 246 556 553
internal_value=-1.37511e-10 -0.0835018 0.31594 0.259026 0.769041 -0.166963 0.0194809 0.671115 0.766788 0.886849 0.181752 0.0711882 0.0429332 0.392271 0.421096 0.678945 0.117438 0.38496 0.0299622 0.096808 0.00234598 0.208353 -0.0841931 -0.222551 0.238046 0.313796 0.0914921 -0.101492 0.225055 -0.0987814
internal_weight=7716 6103 1613 1433 180 3371 2732 159 129 102 907 306 2228 526 480 59 278 421 2066 604 1462 162 504 1857 601 106 46 482 578 1514
internal_count=7716 6103 1613 1433 180 3371 2732 159 129 102 907 306 2228 526 480 59 278 421 2066 604 1462 162 504 1857 601 106 46 482 578 1514
is_linear=0
shrinkage=0.03


Tree=35
num_leaves=31
num_cat=0
split_feature=61 61 43 43 43 21 12 42 14 11 61 53 18 42 23 31 12 18 13 18 0 61 40 46 56 18 63 24 68 42
split_gain=211294 54015.8 38878.8 13633.8 13050.5 12314.3 10035.9 7901.78 6075.67 4852.07 4701.86 4460.09 4053.9 6011.26 3737.34 8025.57 3938.84 3737.16 3670.7 8470.11 4196.08 3286.28 3255.18 3161.92 3110.78 2455.58 2360.01 2097.08 2076.63 1614.93
threshold=41.505714285714298 74.200000000000017 20.70000000000001 57.716666666666676 105.70000000000003 345.50000000000006 7.4500000000000011 34.750000000000007 2.7500000000000004 64.500000000000014 16.495714285714289 76715.950000000012 3394.0000000000005 13.950000000000001 253.07000000000002 277.97285714285732 5.3500000000000005 3550.0000000000005 115.00000000000001 6182.0000000000009 28.662761550000003 53.478571428571435 56.983333333333341 83.090000000000018 142.50000000000003 6658.0000000000009 19.399285714285714 518.75500000000011 17.500000000000004 6.8750000000000009
decision_type=10 10 10 10 10 2 2 10 2 2 8 2 2 8 2 2 2 2 2 2 2 10 10 10 8 2 8 2 2 8
left_child=2 3 10 11 9 6 -6 12 14 18 29 -2 -4 24 16 -16 -5 -9 19 -3 -20 25 -23 28 -14 -13 -15 -25 -19 -1
right_child=1 4 7 8 5 -7 -8 17 -10 -11 -12 21 13 26 15 -17 -18 23 20 -21 -22 22 -24 27 -26 -27 -28 -29 -30 -31
leaf_value=-0.30658817579789971 -0.13420252922334167 0.50412625819444656 -0.16136427820761914 0.54425135748726972 1.1227445036888122 1.5442658301336423 0.29577828999076566 -0.096230427612996813 0.017844888985157011 0.14803430097068057 -0.14944050163764519 0.12212501836542769 0.53774309170246115 -0.0900238775444656 0.79997482286917199 0.33599150030462377 0.084340626705123711 0.08142379679501352 0.3538050406091795 1.1407584706636575 0.66362756954996216 0.1904189467707933 0.49982431455238441 0.096810930088162411 0.095048127021733667 -0.16801975614494746 -0.022268255524428321 0.53125004947185517 -0.011003473903066986 -0.22184543207758478
leaf_weight=259 57 68 357 21 25 21 28 180 60 34 901 948 20 1101 37 360 83 505 127 26 57 177 37 20 50 27 798 20 386 926
leaf_count=259 57 68 357 21 25 21 28 180 60 34 901 948 20 1101 37 360 83 505 127 26 57 177 37 20 50 27 798 20 386 926
internal_value=-6.43973e-11 0.249136 -0.0989237 0.180322 0.571278 0.929459 0.685857 -0.0369144 0.303131 0.486325 -0.201094 0.125029 -0.0683517 -0.0514876 0.337297 0.379234 0.177207 0.0289032 0.527699 0.680216 0.449783 0.137456 0.243914 0.0530966 0.221532 0.11409 -0.0615515 0.31403 0.0413824 -0.240367
internal_weight=7716 2193 5523 1807 386 74 53 3437 561 312 2086 1246 2326 1969 501 397 104 1111 278 94 184 1189 214 931 70 975 1899 40 891 1185
internal_count=7716 2193 5523 1807 386 74 53 3437 561 312 2086 1246 2326 1969 501 397 104 1111 278 94 184 1189 214 931 70 975 1899 40 891 1185
is_linear=0
shrinkage=0.03


Tree=36
num_leaves=31
num_cat=0
split_feature=61 61 61 61 42 7 61 18 53 17 18 18 37 61 51 8 42 42 53 40 18 42 52 18 14 19 26 49 6 7
split_gain=198807 50823.4 36107.6 12311.3 10507.1 9581.16 7472.98 6913.6 6381.58 5980.1 6311.52 5517.14 5018.62 4653.25 4535.53 4285.02 4142.01 4179.71 3864.36 3521.56 2829.01 2803.54 2624.37 2520.96 2779.93 2456.27 1896.79 1847.88 1713.32 3097.96
threshold=41.505714285714298 74.200000000000017 21.63571428571429 53.478571428571435 118.50000000000001 40.180000000000007 28.449285714285718 6254.5000000000009 267566.40000000008 1857.5000000000002 6641.5000000000009 3550.0000000000005 128.40000000000003 12.494285714285715 178.84000000000003 30.450000000000003 13.15 33.250000000000007 74416.250000000015 67.65000000000002 4599.5000000000009 81.65000000000002 7281.0000000000009 6658.0000000000009 1.0500000000000003 1.6541666666666668 6.5000000000000009 42.930000000000014 93.440000000000012 20.450000000000006
decision_type=10 10 10 10 10 2 10 2 2 2 2 2 10 8 2 2 8 10 2 10 2 10 2 2 2 2 2 10 2 2
left_child=2 3 13 18 9 -6 28 14 15 21 12 22 -11 -1 20 -9 -13 -18 -2 -16 -5 27 26 24 -20 -12 -8 -3 -4 -30
right_child=1 4 6 7 5 -7 11 8 -10 10 25 16 -14 -15 19 -17 17 -19 23 -21 -22 -23 -24 -25 -26 -27 -28 -29 29 -31
leaf_value=-0.26024306440716927 -0.16503282839822214 -0.10103302666119167 -0.13946192486375766 0.027802202460520408 0.61027474228073564 1.4030758729188337 -0.30695683765742515 0.33882964015007017 0.20350994715872017 1.0886078680157663 0.4578153923153877 0.35046040763749792 0.58739659873705896 -0.16317848832309578 0.28542613543918199 0.71301869902812254 -0.037327247818181877 0.057242611124838617 0.15532075969366513 0.65813314330988915 0.21422814534253512 0.44256543581568913 0.040433227234858676 -0.15096495737289559 0.02802599328847483 0.018959797837517479 -0.11016720224241726 0.29694871732166833 0.006335440516519319 -0.11684469630683164
leaf_weight=621 43 21 454 102 34 23 54 45 69 20 24 34 178 1564 107 71 745 966 864 29 260 43 88 29 188 22 240 21 314 443
leaf_count=621 43 21 454 102 34 23 54 45 69 20 24 34 178 1564 107 71 745 966 864 29 260 43 88 29 188 22 240 21 314 443
internal_value=1.46599e-11 0.241662 -0.095956 0.174913 0.55414 0.930177 -0.0338955 0.275367 0.431967 0.488991 0.564481 -2.56028e-05 0.638024 -0.190765 0.217192 0.567859 0.0225806 0.0160652 0.113872 0.3649 0.161699 0.272289 -0.103292 0.124966 0.132572 0.247928 -0.146312 0.0979578 -0.0933845 -0.0657502
internal_weight=7716 2193 5523 1807 386 57 3338 683 185 329 244 2127 198 2185 498 116 1745 1711 1124 136 362 85 382 1081 1052 46 294 42 1211 757
internal_count=7716 2193 5523 1807 386 57 3338 683 185 329 244 2127 198 2185 498 116 1745 1711 1124 136 362 85 382 1081 1052 46 294 42 1211 757
is_linear=0
shrinkage=0.03


Tree=37
num_leaves=31
num_cat=0
split_feature=61 61 61 61 24 47 61 19 17 6 63 18 61 42 42 18 63 53 19 42 50 11 15 20 18 14 16 26 53 5
split_gain=187057 47819.8 33973.7 11583.7 10349.3 13244 7031.33 6685.75 6214.68 8545.61 6911.21 5191.07 4378.24 3897.22 3932.69 3844.21 4227.85 3635.97 3625.61 3052.74 2714.06 2701.82 2564.45 2469.27 2371.97 2615.64 2234.33 1784.69 1769.01 1568.84
threshold=41.505714285714298 74.200000000000017 21.63571428571429 53.478571428571435 4309.7700000000013 28.725000000000005 28.449285714285718 18.420833333333338 1857.5000000000002 666.79500000000019 7.576428571428572 3550.0000000000005 12.494285714285715 13.15 33.250000000000007 4871.5000000000009 27.87857142857143 74416.250000000015 16.458333333333339 76.550000000000011 1.0000000180025095e-35 64.500000000000014 996.15000000000009 7281.0000000000009 6658.0000000000009 1.0500000000000003 25.450000000000003 6.5000000000000009 61127.55000000001 1083.5000000000002
decision_type=10 10 10 10 2 10 10 2 2 2 8 2 8 8 10 2 8 2 2 10 2 2 2 2 2 2 2 2 2 2
left_child=2 3 12 17 8 -6 22 15 19 10 -10 23 -1 -13 -15 20 -17 -2 -11 -3 -5 -21 28 27 25 -19 -9 -8 -4 -7
right_child=1 4 6 7 5 29 11 26 9 18 -12 13 -14 14 -16 16 -18 24 -20 21 -22 -23 -24 -25 -26 -27 -28 -29 -30 -31
leaf_value=-0.25243577229659914 -0.16008184424276617 0.0047350591112827432 -0.21999364909715952 0.046999628621695641 1.4830501527136022 0.76078134155273436 -0.29774813329180078 0.060119840034781248 1.1826202785015105 0.23583785793379597 0.6144193835130759 0.33994660436668811 -0.15828313354136009 -0.036207430046639288 0.055525332741288937 0.31278751983524183 0.54600509718060486 0.15066113641605219 0.56404098696178862 0.55735355776022466 0.32128024318388526 0.15940512729808687 0.23035876519300719 0.03922023130980299 -0.14643600817384392 0.027185213134445725 0.37824489432832464 -0.10686218647379428 -0.085676514716880273 0.38952151843479699
leaf_weight=621 43 29 96 67 22 20 54 146 25 69 84 34 1564 745 966 292 92 864 54 34 63 28 22 88 29 188 23 240 1093 21
leaf_count=621 43 29 96 67 22 20 54 146 25 69 84 34 1564 745 966 292 92 864 54 34 63 28 22 88 29 188 23 240 1093 21
internal_value=3.18875e-11 0.234412 -0.0930773 0.169665 0.537516 0.889249 -0.0328786 0.267106 0.468912 0.551327 0.744741 -2.48345e-05 -0.185042 0.0219032 0.0155832 0.320926 0.368663 0.110455 0.379927 0.258799 0.17992 0.377635 -0.0905829 -0.100194 0.121217 0.128595 0.103415 -0.141923 -0.0965213 0.570624
internal_weight=7716 2193 5523 1807 386 63 3338 683 323 232 109 2127 2185 1745 1711 514 384 1124 123 91 130 62 1211 382 1081 1052 169 294 1189 41
internal_count=7716 2193 5523 1807 386 63 3338 683 323 232 109 2127 2185 1745 1711 514 384 1124 123 91 130 62 1211 382 1081 1052 169 294 1189 41
is_linear=0
shrinkage=0.03


Tree=38
num_leaves=31
num_cat=0
split_feature=41 41 43 43 34 55 41 61 20 28 41 41 37 18 12 61 17 25 23 16 61 60 44 41 10 18 31 26 41 6
split_gain=181490 52480.4 26862.5 18810.4 13595.5 7105.88 7267.53 6323.88 5292.94 6124.06 4559.4 4402.23 4144.34 3980.32 3857.38 3802.93 3675.37 3583.96 3325.44 3271.18 3051.07 2621.19 2381.9 2330.8 2188.2 2025.61 1806.4 2167.87 2152.23 1792.22
threshold=39.750000000000007 65.850000000000009 20.70000000000001 105.70000000000003 71.983333333333334 37.607142857142868 87.450000000000017 31.678571428571431 8012.0000000000009 473.50000000000006 12.250000000000002 51.650000000000013 175.83333333333334 3340.5000000000005 4.0500000000000007 28.642857142857142 1447.5000000000002 4.5000000000000009 286.37000000000006 10.350000000000003 62.721428571428575 61.95000000000001 38.150000000000013 27.450000000000003 25.950000000000003 3291.5000000000005 391.97071428571428 2.5000000000000004 5.4050000000000011 502.56500000000005
decision_type=10 10 10 10 10 10 10 10 2 2 8 10 10 2 2 10 2 2 2 2 10 10 8 10 2 2 2 2 10 2
left_child=2 8 10 5 12 -3 17 23 9 13 26 29 -5 -2 -15 -12 25 -7 -8 -18 -21 24 -23 -4 -13 -9 28 -28 -1 -10
right_child=1 3 7 4 -6 6 18 16 11 -11 15 21 -14 14 -16 -17 19 -19 -20 20 -22 22 -24 -25 -26 -27 27 -29 -30 -31
leaf_value=-0.36126336362669542 -0.13581352001002855 -0.13885707347289375 -0.11123144860398221 0.87457097232341763 1.557951132953167 0.28188231761287896 0.33142549885623157 -0.1472337687658217 0.16198954595380399 -0.33282010350057056 -0.15616809711070373 0.23145427184655915 0.32434206279841338 0.24483252233994954 0.055729913313375727 0.19731633042384472 0.40198647250421343 0.4676671250079843 0.64600255726806577 0.031568745630427393 0.40866492332518101 0.40247839486276782 0.083474951306214698 -0.041143073137053121 0.05965410247802113 -0.018120442714958572 0.037760293275117873 -0.21152020721402887 -0.2318622788607976 0.063917903992131653
leaf_weight=155 70 23 1039 28 20 320 40 131 330 35 1261 258 22 132 367 28 24 132 124 560 20 111 26 725 90 662 40 146 456 341
leaf_count=155 70 23 1039 28 20 320 40 131 330 35 1261 258 22 132 367 28 24 132 124 560 20 111 26 725 90 662 40 146 456 341
internal_value=-7.38918e-11 0.212103 -0.0998059 0.430021 0.896893 0.378876 0.398207 -0.0446637 0.124317 0.0523429 -0.183365 0.161922 0.63247 0.0760348 0.105753 -0.14849 0.00301798 0.336138 0.569276 0.058774 0.0445721 0.230783 0.341938 -0.0824253 0.187023 -0.0394494 -0.23977 -0.157911 -0.264689 0.11215
internal_weight=7716 2469 5247 709 70 639 616 3161 1760 604 2086 1156 50 569 499 1289 1397 452 164 604 580 485 137 1764 348 793 797 186 611 671
internal_count=7716 2469 5247 709 70 639 616 3161 1760 604 2086 1156 50 569 499 1289 1397 452 164 604 580 485 137 1764 348 793 797 186 611 671
is_linear=0
shrinkage=0.03


Tree=39
num_leaves=31
num_cat=0
split_feature=41 41 61 41 37 56 18 13 42 63 18 37 41 61 51 42 11 41 11 59 17 61 18 15 60 64 20 56 10 46
split_gain=170764 49378.8 25288.2 17740.3 12848.4 6421.13 6343.65 7744.63 5897.67 5203.08 5097.73 4653.68 4502.78 4132.14 3912.09 3845.71 3506.15 3220.11 2964.45 2888.71 2634.64 2463.73 2452.82 3081.84 2441.86 2238.27 2163.67 2017.39 2006.27 1986.52
threshold=39.750000000000007 65.850000000000009 21.63571428571429 94.100000000000009 261.15000000000003 226.50000000000003 6254.5000000000009 174.50000000000003 32.250000000000007 10.831428571428575 6254.5000000000009 189.71666666666667 15.65 38.221428571428575 70.805000000000021 49.050000000000004 30.000000000000004 25.150000000000002 30.000000000000004 32.614285714285721 932.50000000000011 56.607142857142868 5758.5000000000009 993.35000000000002 46.550000000000004 49.860000000000007 5567.2500000000009 85.200000000000003 9.7500000000000018 88.51666666666668
decision_type=10 10 10 10 10 10 2 2 10 10 2 10 8 10 2 10 2 10 2 10 2 10 2 2 8 8 2 8 2 10
left_child=2 10 12 6 5 11 13 9 17 -8 15 -5 -1 -3 -15 22 -12 -4 -9 -18 28 -21 23 -2 29 -24 -19 -26 -10 -22
right_child=1 3 8 4 -6 -7 7 18 20 -11 16 -13 -14 14 -16 -17 19 26 -20 21 24 -23 25 -25 27 -27 -28 -29 -30 -31
leaf_value=-0.21557572863996027 0.0199597303819108 -0.13916250098835337 -0.12231785551455743 0.61304806192237205 1.3718057959420338 0.94781297522432661 1.1344414450866835 0.23557709668963392 0.10846221351341621 0.55129634467139843 0.14080900196272592 0.22551324237138032 -0.12901834420837791 0.21772862558689299 0.4384336474939034 0.15965448581844469 0.14990478921883008 -0.12101159751367492 0.60488433012595533 0.37276197867532229 -0.0094909179311748661 0.75889389252662653 0.086906110921076363 0.20383306985060051 0.39590265798009933 0.34203861280363435 -0.016828820966583797 0.08224744441470902 -0.13569607126944791 0.20986601926780377
leaf_weight=1158 696 22 783 83 21 34 21 79 37 40 130 42 1015 237 104 593 37 234 26 58 786 20 84 93 20 49 769 239 167 39
leaf_count=1158 696 22 783 83 21 34 21 79 37 40 130 42 1015 237 104 593 37 234 26 58 786 20 84 93 20 49 769 239 167 39
internal_value=-5.19116e-12 0.20574 -0.0968118 0.41712 0.674378 0.582265 0.329584 0.483209 -0.0414382 0.752051 0.120587 0.482836 -0.175145 0.259331 0.28504 0.100055 0.24755 -0.0767262 0.327025 0.368213 0.00749376 0.47177 0.0617228 0.041633 0.0261071 0.180902 -0.0411347 0.106468 -0.0914125 0.000878683
internal_weight=7716 2469 5247 709 180 159 529 166 3074 61 1760 125 2173 363 341 1515 245 1786 105 115 1288 78 922 789 1084 133 1003 259 204 825
internal_count=7716 2469 5247 709 180 159 529 166 3074 61 1760 125 2173 363 341 1515 245 1786 105 115 1288 78 922 789 1084 133 1003 259 204 825
is_linear=0
shrinkage=0.03


Tree=40
num_leaves=31
num_cat=0
split_feature=41 61 41 37 20 41 28 0 18 11 54 64 18 11 41 55 61 28 8 11 41 60 24 31 19 24 61 51 15 47
split_gain=161006 40144.6 33818.1 12089.1 11136 10747.8 8160.52 7387.8 8761.64 6068.28 6979.18 8116.68 5532.49 4656.27 4474.89 6430.8 3607.42 3670.7 3615.66 5407.08 3472.73 2956.4 2851.81 2554.2 2479.15 2658.79 2112.25 2014.33 1953.12 1601.51
threshold=48.650000000000013 28.449285714285718 94.100000000000009 261.15000000000003 8012.0000000000009 19.350000000000005 473.50000000000006 28.496097500000001 6254.5000000000009 32.500000000000007 42.95000000000001 19.675000000000004 3964.5000000000005 54.500000000000007 65.850000000000009 51.164285714285725 56.050000000000004 164.50000000000003 26.150000000000002 66.500000000000014 34.250000000000007 60.550000000000004 1668.7900000000002 295.79857142857139 10.177083333333336 719.37000000000012 10.085714285714287 494.09000000000009 996.15000000000009 53.305000000000007
decision_type=10 10 10 10 2 10 2 2 2 2 10 10 2 2 10 10 10 2 2 2 10 10 2 2 2 2 8 2 2 10
left_child=1 5 4 9 6 26 13 8 -6 -4 -11 -12 22 -2 21 -16 18 23 19 -14 -20 -9 24 -18 -3 -26 -1 -15 -7 -19
right_child=2 12 3 -5 7 28 -8 14 -10 10 11 -13 16 27 15 -17 17 29 20 -21 -22 -23 -24 -25 25 -27 -28 -29 -30 -31
leaf_value=-0.25277465680711075 0.3064901028483385 0.0071089166874180026 0.18048018437623975 1.3306516102382113 0.34573166583713733 -0.085399520072561907 -0.33261019352536936 0.153843156382416 1.0394092105912127 0.22528263760937584 1.2501532092690468 0.61925726679655213 0.045457825613876755 0.088071607047156109 0.042709115980589976 0.37864792470056674 0.15601658284664152 -0.14819402213977731 -0.05417178726569144 0.25868645011980568 0.048609393585537002 0.30702718960449976 0.20435944142285734 0.58797638166163646 -0.086225177638340617 -0.3226143880933523 -0.17226112732064508 -0.18215885827583927 0.15149196236394344 0.17999816302210092
leaf_weight=365 93 245 30 21 57 1482 39 438 23 27 24 78 585 219 61 322 22 23 571 131 614 153 36 28 397 48 1492 28 32 32
leaf_count=365 93 245 30 21 57 1482 39 438 23 27 24 78 585 219 61 322 22 23 571 131 614 153 36 28 397 48 1492 28 32 32
internal_value=5.60079e-11 -0.0704517 0.266564 0.654147 0.217879 -0.139718 0.0784143 0.268028 0.545164 0.564797 0.654173 0.767703 0.015016 0.125561 0.245265 0.325143 0.0406989 0.211878 0.031244 0.0844703 -0.000916391 0.1935 -0.055948 0.397914 -0.0695293 -0.111723 -0.188086 0.0574382 -0.0803926 0.0427542
internal_weight=7716 6103 1613 180 1433 3371 379 1054 80 159 129 102 2732 340 974 383 2006 105 1901 716 1185 591 726 50 690 445 1857 247 1514 55
internal_count=7716 6103 1613 180 1433 3371 379 1054 80 159 129 102 2732 340 974 383 2006 105 1901 716 1185 591 726 50 690 445 1857 247 1514 55
is_linear=0
shrinkage=0.03


Tree=41
num_leaves=31
num_cat=0
split_feature=61 61 61 24 47 61 18 17 6 24 18 53 63 8 51 61 36 61 14 53 38 46 18 37 11 18 14 8 20 6
split_gain=148560 38450.1 26581.1 9159.33 11869.1 8986.38 5986.94 5667.57 7457.66 6504.78 5599.32 5657.02 4820.47 3867.41 3776.37 3716.45 3487.11 3259.23 3253.33 3073.44 3072.23 2975.96 2320.73 2272.22 3744.8 2183.57 2245.07 2005.53 1950.61 1924.54
threshold=41.505714285714298 74.200000000000017 21.63571428571429 4309.7700000000013 28.725000000000005 53.478571428571435 3394.0000000000005 1857.5000000000002 666.79500000000019 633.28000000000009 6254.5000000000009 267566.40000000008 20.313571428571432 30.450000000000003 178.84000000000003 16.495714285714289 260.50000000000006 33.648571428571437 1.0000000180025095e-35 74416.250000000015 79.450000000000017 83.090000000000018 4599.5000000000009 201.50000000000003 55.500000000000007 6658.0000000000009 1.0500000000000003 31.650000000000002 7411.0000000000009 167.94500000000002
decision_type=10 10 10 2 10 10 2 2 2 2 2 2 8 2 2 8 8 10 2 2 10 10 2 10 2 2 2 2 2 2
left_child=2 5 15 7 -5 19 28 23 9 -9 14 13 17 -12 22 -1 21 -8 -10 -2 -16 -14 -7 24 -3 26 -21 -19 29 -4
right_child=1 3 6 4 -6 10 12 8 18 -11 11 -13 16 -15 20 -17 -18 27 -20 25 -22 -23 -24 -25 -26 -27 -28 -29 -30 -31
leaf_value=-0.19931844907792043 -0.15003659490582555 0.63125435649284301 -0.22683215503713913 1.3737244235385546 0.50995653041979161 0.012405062771457082 -0.078127261137323462 0.56232944895598014 0.23549204755189088 1.1499538857596261 0.28796192374825474 0.16250290159298025 0.061390767454388082 0.64344998716048796 0.25816428638087663 -0.12058706708220811 -0.032986034404574163 -0.0077879679729574965 0.57459156480928264 0.13611018693171598 0.65276571452617638 0.43223814010620115 0.18125501000995817 -0.066945413039065899 0.15386770783066747 -0.14821548404364751 0.021714903877731014 0.18127129009326121 -0.0089463894899069717 -0.091447671132664832
leaf_weight=1213 43 21 189 22 41 102 1063 88 87 21 45 69 742 71 115 972 467 514 36 864 21 20 260 20 50 29 188 56 98 189
leaf_count=1213 43 21 189 22 41 102 1063 88 87 21 45 69 742 71 115 972 467 514 36 864 21 20 260 20 50 29 188 56 98 189
internal_value=1.22507e-10 0.208903 -0.0829485 0.480695 0.81159 0.150845 -0.0297006 0.416155 0.494858 0.675541 0.236668 0.3776 -0.0133155 0.505545 0.184314 -0.164295 0.0315641 -0.0470919 0.334741 0.0986938 0.319095 0.0711243 0.133679 0.215504 0.295067 0.108588 0.115667 0.0107863 -0.128218 -0.15914
internal_weight=7716 2193 5523 386 63 1807 3338 323 232 109 683 185 2862 116 498 2185 1229 1633 123 1124 136 762 362 91 71 1081 1052 570 476 378
internal_count=7716 2193 5523 386 63 1807 3338 323 232 109 683 185 2862 116 498 2185 1229 1633 123 1124 136 762 362 91 71 1081 1052 570 476 378
is_linear=0
shrinkage=0.03


Tree=42
num_leaves=31
num_cat=0
split_feature=41 41 43 43 34 34 18 40 42 53 18 41 9 5 41 42 61 21 42 10 16 53 60 41 43 53 31 10 45 18
split_gain=143814 41473.6 21081.2 15875.4 12395.5 6244.89 5967.45 6902.13 5109.31 4967.07 3916.24 3898.32 3787.3 3698.59 3642.15 3243.47 3199.95 2970.21 2660.92 2429.3 2327.89 2316.1 2355.68 2267.96 2178.92 2107.52 2102.04 2092.1 2056.07 1945.92
threshold=39.750000000000007 65.850000000000009 20.70000000000001 105.70000000000003 71.983333333333334 34.433333333333337 4871.5000000000009 79.250000000000014 32.250000000000007 200914.45000000004 5893.0000000000009 10.950000000000001 39.800000000000004 684.50000000000011 27.050000000000004 53.350000000000001 28.642857142857142 406.00000000000006 13.950000000000001 25.750000000000004 21.250000000000004 76715.950000000012 40.850000000000001 20.650000000000002 45.666666666666664 258845.60000000003 391.97071428571428 9.7500000000000018 52.208705035971235 6658.0000000000009
decision_type=10 10 10 10 10 10 2 10 10 2 2 8 2 2 10 10 10 2 8 2 2 2 10 10 10 2 2 2 8 2
left_child=2 9 11 5 10 -3 17 -8 14 15 -5 26 13 24 -4 19 -13 -7 28 20 -2 27 -23 -24 -11 -14 -1 -10 -16 -27
right_child=1 3 8 4 -6 6 7 -9 21 12 -12 16 25 -15 18 -17 -18 -19 -20 -21 -22 22 23 -25 -26 29 -28 -29 -30 -31
leaf_value=-0.25377066471435922 0.048839843215428905 -0.18620615011453628 -0.11159764489478596 0.87095638658319197 1.4426459527015685 0.23998019245576183 0.36543383727334605 0.76341788220197648 0.093350078791379923 0.10694122038243047 0.333018060059383 -0.14165249214100312 -0.086901913315057755 0.61505099301338195 0.37053471113053654 0.1611085219747786 0.17671616744892352 -0.12961654275655746 -0.039775188613161004 -0.068290476696159647 0.18178438630840785 -0.01241049063191391 0.28007419642738318 0.05197640620033097 0.29577345683553646 0.21388397469976039 -0.1272325410729935 -0.19760882862345422 -0.034057664752006535 -0.038811937562517218
leaf_weight=497 693 20 982 21 20 106 446 43 30 83 29 1405 45 25 26 336 29 24 831 129 143 780 44 362 163 106 155 86 20 37
leaf_count=497 693 20 982 21 20 106 446 43 30 83 29 1405 45 25 26 336 29 24 831 129 143 780 44 362 163 106 155 86 20 37
internal_value=-1.72333e-10 0.188808 -0.0888444 0.38253 0.811436 0.335545 0.352403 0.40043 -0.0399951 0.110769 0.558952 -0.162868 0.195618 0.267393 -0.0719146 0.0808333 -0.135214 0.171747 -0.0274805 0.0528826 0.0715804 0.00557963 0.0180932 0.0766964 0.232062 0.0921546 -0.223689 -0.122361 0.194625 0.148501
internal_weight=7716 2469 5247 709 70 639 619 489 3161 1760 50 2086 459 271 1859 1301 1434 130 877 965 836 1302 1186 406 246 188 652 116 46 143
internal_count=7716 2469 5247 709 70 639 619 489 3161 1760 50 2086 459 271 1859 1301 1434 130 877 965 836 1302 1186 406 246 188 652 116 46 143
is_linear=0
shrinkage=0.03


Tree=43
num_leaves=31
num_cat=0
split_feature=41 41 41 21 20 28 43 41 12 12 13 34 18 10 18 12 13 5 22 48 7 41 41 19 17 9 16 43 21 18
split_gain=135482 33599.5 29152.3 11100.6 9571.66 7566.83 6518.06 5730.38 5419.44 5673.13 5587.01 4754.52 4667.61 4441.43 3950.85 3750.63 3628.33 3186.5 3488.82 2905.04 2830.4 2799.23 2656.3 2593.9 2532.29 2404.01 2396.55 2366.56 2175.39 1992.02
threshold=48.650000000000013 26.450000000000003 94.100000000000009 656.50000000000011 8012.0000000000009 473.50000000000006 17.933333333333334 65.850000000000009 6.7500000000000009 9.7500000000000018 172.00000000000003 40.649999999999984 3922.0000000000005 10.750000000000002 6254.5000000000009 3.9500000000000006 55.000000000000007 53.500000000000007 29.500000000000004 60.665000000000013 13.275 39.250000000000007 10.65 8.0916666666666686 1992.5000000000002 23.950000000000003 10.250000000000002 56.116666666666667 38.500000000000007 3207.0000000000005
decision_type=10 10 10 2 2 2 8 10 2 2 2 10 2 2 2 2 2 2 2 10 2 10 10 2 2 2 2 10 2 2
left_child=1 6 4 8 5 15 22 17 10 24 -4 -9 23 19 -13 27 -15 20 -19 -14 -6 -18 -1 -3 -10 -17 28 -2 -8 -28
right_child=2 12 3 -5 7 -7 26 11 9 -11 -12 14 13 16 -16 25 21 18 -20 -21 -22 -23 -24 -25 -26 -27 29 -29 -30 -31
leaf_value=-0.2242900365473933 0.17214851236292 0.06331639753110134 1.0622752079596887 1.1651962063047621 0.23365216606268377 -0.32576740561805373 0.35147064274549483 -0.080601924285292628 0.015297603846110147 0.74887808341246387 0.46143690586090086 0.28119834284048789 0.097763740796109902 0.3783687219940699 0.47378190637360534 -0.13448001668322832 -0.004043576967275829 -0.096851949847262836 0.17770154345691913 0.58579787946173123 0.54428185264269513 0.068508612743706079 -0.14382176661244328 -0.085483637006667959 0.37978612193039485 0.10148859765914761 -0.18352321296214949 0.50035444641113269 -0.030163665570136979 -0.083933134687438127
leaf_weight=598 58 130 26 27 99 39 20 24 29 26 30 254 23 26 154 48 1345 46 441 21 36 743 965 558 42 204 207 30 41 1426
leaf_count=598 58 130 26 27 99 39 20 24 29 26 30 254 23 26 154 48 1345 46 441 21 36 743 965 558 42 204 207 30 41 1426
internal_value=-3.2506e-10 -0.0646266 0.244523 0.604378 0.199322 0.0700236 -0.130426 0.245815 0.50541 0.369747 0.740398 0.329751 0.0106755 0.0323685 0.353889 0.115423 0.0261594 0.187519 0.151768 0.330689 0.316487 0.0217736 -0.174609 -0.0573674 0.230911 0.0565422 -0.0896607 0.284037 0.0949623 -0.0965572
internal_weight=7716 6103 1613 180 1433 379 3257 1054 153 97 56 432 2846 2158 408 340 2114 622 487 44 135 2088 1563 688 71 252 1694 88 61 1633
internal_count=7716 6103 1613 180 1433 379 3257 1054 153 97 56 432 2846 2158 408 340 2114 622 487 44 135 2088 1563 688 71 252 1694 88 61 1633
is_linear=0
shrinkage=0.03


Tree=44
num_leaves=31
num_cat=0
split_feature=41 41 61 43 7 7 42 18 55 37 53 41 22 9 8 46 25 42 20 18 42 8 41 18 61 45 53 12 20 18
split_gain=127500 37318.4 18456.9 14417.1 11773.9 6067.69 5845.86 5259.09 7065.02 4683.94 4494.64 3514.81 3366.95 3364.87 3774.04 5954.04 3005.85 2990.66 2355.38 2279.29 2598.95 2225.66 2060.01 2041.39 2191.66 3111.76 1983.9 1851.69 1995.45 1832.28
threshold=39.45000000000001 65.850000000000009 18.907857142857146 105.70000000000003 54.765000000000008 7.1000000000000005 32.250000000000007 4930.0000000000009 51.164285714285725 175.83333333333334 200914.45000000004 22.650000000000002 78.500000000000014 39.800000000000004 30.750000000000004 9.1183333333333412 3.5000000000000004 53.350000000000001 25153.250000000004 3976.0000000000005 15.950000000000001 15.100000000000001 13.750000000000002 2544.0000000000005 56.050000000000004 11.050000000000002 258845.60000000003 3.7500000000000004 8012.0000000000009 6658.0000000000009
decision_type=10 10 10 10 2 2 10 2 10 10 2 10 2 2 2 10 2 10 2 2 8 2 8 2 10 8 2 2 2 2
left_child=2 10 22 5 9 -3 11 12 -9 -5 17 -4 -7 14 16 -16 -12 18 21 -13 -21 -2 -1 -8 -25 -26 -15 -19 -29 -28
right_child=1 3 6 4 -6 7 23 8 -10 -11 13 19 -14 26 15 -17 -18 27 -20 20 -22 -23 -24 24 25 -27 29 28 -30 -31
leaf_value=-0.20098569138000169 0.27501079766239434 -0.024543117772449146 -0.12068296429089137 0.81320428733825678 1.3840939827561378 0.43930761717937206 -0.20561929212883115 0.12034319573560277 0.44034133942209069 0.2324771511554718 -0.050219281085257257 -0.098330600869056262 0.090690180501517115 -0.088815663670500117 0.16124049282073974 0.51738111118386898 0.2623270433839282 0.34953891190259079 0.29796174287796018 0.16713179809972642 -0.03108485136807821 0.03129132640796 -0.13371035476617293 0.0048181780386553413 -0.034025760903954504 0.49518010076321661 0.20302407586209054 0.023450119111373603 0.18527367790644081 -0.042181814755942369
leaf_weight=833 35 44 910 25 20 33 40 74 386 25 53 473 102 45 85 84 58 38 33 64 853 924 806 1192 20 20 106 107 191 37
leaf_count=833 35 44 910 25 20 33 40 74 386 25 53 473 102 45 85 84 58 38 33 64 853 924 806 1192 20 20 106 107 191 37
internal_value=1.59716e-11 0.175889 -0.0845521 0.360182 0.768913 0.315407 -0.0463072 0.340546 0.388863 0.522841 0.103136 -0.0748482 0.175908 0.183081 0.248996 0.338257 0.113093 0.0749625 0.0487614 -0.0448412 -0.0172508 0.0401862 -0.167902 0.00529999 0.012148 0.230577 0.0849102 0.152318 0.127169 0.139579
internal_weight=7716 2505 5211 709 70 639 3572 595 460 50 1796 2300 135 468 280 169 111 1328 992 1390 917 959 1639 1272 1232 40 188 336 298 143
internal_count=7716 2505 5211 709 70 639 3572 595 460 50 1796 2300 135 468 280 169 111 1328 992 1390 917 959 1639 1272 1232 40 188 336 298 143
is_linear=0
shrinkage=0.03


Tree=45
num_leaves=31
num_cat=0
split_feature=41 41 41 37 20 42 28 0 18 56 17 37 18 10 41 11 60 43 26 20 7 18 25 48 19 45 49 0 51 31
split_gain=120341 29781.9 26209.9 10827.3 8624.97 7485.66 7091.54 6566.99 7646.34 5696.35 5537.94 4248.52 4212.89 4153.05 4111 4050.97 3612.2 3577.23 3560.51 3530.89 3104.6 2755.01 2751.74 2722.36 2423.66 2118.65 2012.36 1962.53 1915.85 1758.49
threshold=48.650000000000013 26.450000000000003 94.100000000000009 261.15000000000003 8012.0000000000009 32.45000000000001 473.50000000000006 28.496097500000001 6254.5000000000009 226.50000000000003 1752.5000000000002 189.71666666666667 3922.0000000000005 10.750000000000002 12.250000000000002 54.500000000000007 37.550000000000004 101.66666666666667 2.5000000000000004 8426.0000000000018 103.76500000000001 6188.5000000000009 2.5000000000000004 60.665000000000013 8.0916666666666686 12.15 116.20522781774579 28.638037000000004 494.09000000000009 391.97071428571428
decision_type=10 10 10 10 2 10 2 2 2 10 2 10 2 2 8 2 8 10 2 2 2 2 2 10 2 8 8 2 2 2
left_child=1 5 4 9 6 14 15 8 -6 11 22 17 24 23 29 -2 27 -4 -12 -9 -21 -18 26 -14 -3 -20 -7 -15 -17 -1
right_child=2 12 3 -5 7 10 -8 19 -10 -11 18 -13 13 16 -16 28 21 -19 25 20 -22 -23 -24 -25 -26 -27 -28 -29 -30 -31
leaf_value=-0.21933964564451616 0.27756790070524134 0.061999666227744173 0.35787015037536618 1.2118946484157018 0.30670983138837316 -0.041477636293191268 -0.31830124673935084 0.56219099092483527 0.95473483396613079 0.83140762183596095 0.53800830540449729 0.14759190120867319 0.093586186028045151 0.032256749217631289 -0.11583103663753856 0.075142380836585615 0.04973837661801199 0.76030169405720449 -0.15321226751804351 0.18604245115350296 0.39787140737718613 0.20784013872521112 -0.17801255781818362 0.56602652992521008 -0.081834794234344227 0.2178835922194024 0.2238861242192132 -0.045153873248635158 -0.18839947068265506 -0.11578125178310875
leaf_weight=627 93 130 50 21 57 97 39 25 23 34 23 42 23 540 2114 219 812 33 20 882 67 113 103 21 558 45 35 649 28 193
leaf_count=627 93 130 50 21 57 97 39 25 23 34 23 42 23 540 2114 219 812 33 20 882 67 113 103 21 558 45 35 649 28 193
internal_value=9.69647e-11 -0.0609084 0.230455 0.571667 0.187595 -0.122857 0.0648577 0.23173 0.493017 0.487108 0.014217 0.393459 0.00998681 0.0305961 -0.137948 0.108808 0.0245919 0.517873 0.217213 0.210269 0.200998 0.0690524 -0.0617983 0.319069 -0.0546568 0.1037 0.028884 -0.00999682 0.0452672 -0.194966
internal_weight=7716 6103 1613 180 1433 3257 379 1054 80 159 323 125 2846 2158 2934 340 2114 83 88 974 949 925 235 44 688 65 132 1189 247 820
internal_count=7716 6103 1613 180 1433 3257 379 1054 80 159 323 125 2846 2158 2934 340 2114 83 88 974 949 925 235 44 688 65 132 1189 247 820
is_linear=0
shrinkage=0.03


Tree=46
num_leaves=31
num_cat=0
split_feature=41 41 61 43 7 41 42 19 53 18 8 11 42 65 63 41 14 41 20 61 6 53 8 64 7 46 65 41 18 32
split_gain=113306 33087.6 16799 10387.9 14335.1 7828.29 4878.48 4567 4458.49 4352.37 5707.93 4335.75 4053.48 3391.03 3365.13 3165.33 3135.95 2699.07 2673.02 2628.67 2454.99 2344.09 3207.09 2391.35 2047.81 1943.26 1881.8 1864.58 1825.18 1643.69
threshold=39.750000000000007 77.750000000000014 21.63571428571429 101.66666666666667 55.045000000000009 56.050000000000004 28.750000000000004 22.731250000000003 76715.950000000012 4842.0000000000009 32.550000000000004 48.500000000000007 47.45000000000001 99.03857142857143 11.525 19.350000000000005 1.7500000000000002 29.950000000000003 7362.7500000000009 53.478571428571435 12260.245000000001 200914.45000000004 33.050000000000004 38.205000000000005 12.305000000000001 3.6016666666666644 24.124285714285715 23.650000000000002 3340.5000000000005 51.350000000000001
decision_type=10 10 10 10 2 10 10 2 2 2 2 2 10 10 8 8 2 10 2 10 2 2 2 10 2 10 8 10 2 10
left_child=2 5 15 7 11 21 -7 9 24 18 -11 14 17 19 -5 -1 20 26 -3 -14 -8 23 25 -2 -4 -23 -10 -15 -25 -24
right_child=1 3 8 4 -6 6 16 -9 12 10 -12 -13 13 27 -16 -17 -18 -19 -20 -21 -22 22 29 28 -26 -27 -28 -29 -30 -31
leaf_value=-0.1652990330336139 -0.021719363868403969 0.32656828837394714 -0.22035400296773375 0.93001201467080541 1.3890305686422757 -0.14081434895594913 0.25036655067931074 -0.10236647875607013 -0.20869231181840103 0.54976952011423896 0.25145887494306352 0.15754094597235646 -0.0096735343736725921 0.54242953343050826 0.41634240977466103 -0.084680738222734836 0.022528199247682273 0.0036566546280706715 -0.11667786039412022 0.27887764370441431 -0.065510666759117792 0.021214497787611825 0.19107571134964624 -0.089358188679728362 -0.073911809576719431 0.26799463632877446 -0.051218924201191798 0.14722168125889518 0.094631480736319315 -0.053991483518710505
leaf_weight=1564 267 25 145 22 21 36 595 20 72 133 102 23 151 21 24 609 67 1089 24 35 23 35 36 52 211 160 1328 22 726 78
leaf_count=1564 267 25 145 22 21 36 595 20 72 133 102 23 151 21 24 609 67 1089 24 35 23 35 36 52 211 160 1328 22 726 78
internal_value=2.35257e-11 0.167589 -0.0788598 0.41962 0.702729 0.119734 0.199586 0.335805 -0.0337278 0.366662 0.42029 0.493854 -0.0206522 0.100131 0.66201 -0.142705 0.217476 -0.0317648 0.109468 0.0446237 0.238611 0.0772126 0.149803 0.0557481 -0.133558 0.223701 -0.0593176 0.34023 0.082334 0.0233982
internal_weight=7716 2469 5247 394 90 2075 721 304 3074 284 235 69 2718 229 46 2173 685 2489 49 186 618 1354 309 1045 356 195 1400 43 778 114
internal_count=7716 2469 5247 394 90 2075 721 304 3074 284 235 69 2718 229 46 2173 685 2489 49 186 618 1354 309 1045 356 195 1400 43 778 114
is_linear=0
shrinkage=0.03


Tree=47
num_leaves=31
num_cat=0
split_feature=41 61 41 37 20 41 28 11 54 64 41 59 68 18 11 15 10 17 17 41 29 20 60 44 20 43 17 19 51 15
split_gain=106683 27039.9 23386 10238.5 7850.86 7506.39 6638.57 5530.31 6171.59 6419.01 4730.73 4717.77 5022.1 3977.39 3734.09 3110.8 5029.36 5005.39 4630.27 3347.84 2620.02 2613.5 2416.57 2720.78 2325.16 2137.3 2106.83 1862.06 1830.5 1600.98
threshold=48.650000000000013 28.449285714285718 94.100000000000009 261.15000000000003 8012.0000000000009 22.050000000000004 473.50000000000006 32.500000000000007 42.95000000000001 19.675000000000004 73.450000000000017 76.250000000000014 4.5000000000000009 3964.5000000000005 54.500000000000007 989.00000000000011 14.15 2065.0000000000005 2242.5000000000005 35.750000000000007 65.642857142857153 11737.000000000002 61.95000000000001 3.2950000000000004 10127.250000000002 6.778333333333328 2577.5000000000005 10.177083333333336 494.09000000000009 996.15000000000009
decision_type=10 10 10 10 2 10 2 2 10 10 10 10 2 2 2 2 2 2 2 10 2 2 10 10 2 8 2 2 2 2
left_child=1 5 4 7 6 25 14 -4 -9 -10 22 12 -12 21 -2 16 -15 20 -19 -18 -17 27 24 -24 -6 26 -1 -3 -16 -7
right_child=2 13 3 -5 10 29 -8 8 9 -11 11 -13 -14 15 28 17 19 18 -20 -21 -22 -23 23 -25 -26 -27 -28 -29 -30 -31
leaf_value=-0.26552412159199235 0.26394655705459658 0.0083360801576351645 0.090176130115985867 1.1618654516765048 0.27572292990139069 -0.056446459318889988 -0.31132192290746247 0.13907087445259095 1.078183518499136 0.51713232912696327 0.51525545417574736 0.75147696034474798 0.20418455793690607 -0.32802606437657328 0.070118810108365265 0.37936009287834166 -0.015919094921049936 0.53139910937710233 0.032347491052415633 0.070007519841891172 0.030088753593326717 0.24796927796103632 0.050384094284593374 0.31180327648403111 0.11980316697794732 -0.13633259722962515 0.057711833596229556 -0.094247647585449637 -0.18748599375997271 0.18173345780143368
leaf_weight=196 93 245 30 21 106 1099 39 27 24 78 65 22 166 37 219 21 843 44 27 791 243 26 44 193 458 2030 20 455 28 26
leaf_count=196 93 245 30 21 106 1099 39 27 24 78 65 22 166 37 219 21 843 44 27 791 243 26 44 193 458 2030 20 455 28 26
internal_value=8.60532e-12 -0.0573479 0.216983 0.539289 0.176498 -0.114196 0.0593981 0.457062 0.542385 0.649144 0.218605 0.331695 0.291715 0.0127962 0.101922 0.0345724 0.0178451 0.118009 0.341619 0.025677 0.0578717 -0.0473735 0.182886 0.26327 0.149107 -0.145879 -0.235595 -0.0583433 0.0409166 -0.0509419
internal_weight=7716 6103 1613 180 1433 3371 379 159 129 102 1054 253 231 2732 340 2006 1671 335 71 1634 264 726 801 237 564 2246 216 700 247 1125
internal_count=7716 6103 1613 180 1433 3371 379 159 129 102 1054 253 231 2732 340 2006 1671 335 71 1634 264 726 801 237 564 2246 216 700 247 1125
is_linear=0
shrinkage=0.03


Tree=48
num_leaves=31
num_cat=0
split_feature=41 41 43 41 7 41 42 44 0 53 9 8 46 41 25 14 5 12 42 13 41 8 13 13 24 46 41 21 34 15
split_gain=100632 29849 14490 11665.7 6448.42 6079.74 4480.24 4316.35 4230.59 3708.85 3060.19 3529.93 5501.17 2943.64 2791.07 2664.06 3204.75 4426.17 2525.5 2358.49 2255.6 2043.09 1854.5 2165.92 1844.02 3446.11 2845.15 2835.89 1879.42 1824.23
threshold=39.45000000000001 65.850000000000009 18.846666666666682 146.50000000000003 7.1000000000000005 94.100000000000009 32.250000000000007 86.65000000000002 28.496097500000001 200914.45000000004 39.800000000000004 30.750000000000004 9.1183333333333412 26.450000000000003 3.5000000000000004 0.60000000000000009 506.50000000000006 6.6500000000000012 13.15 124.50000000000001 10.950000000000001 15.100000000000001 298.50000000000006 113.50000000000001 393.9550000000001 83.090000000000018 11.15 37.500000000000007 156.6166666666667 996.15000000000009
decision_type=10 10 10 10 2 10 10 8 2 2 2 2 10 10 2 2 2 2 8 2 8 2 2 2 2 10 10 2 10 2
left_child=2 9 20 4 19 8 13 -7 -6 15 11 14 -13 29 -11 16 21 -18 -15 -3 -1 -2 23 -12 26 27 -8 -26 -27 -4
right_child=1 3 6 -5 5 7 24 -9 -10 10 22 12 -14 18 -16 -17 17 -19 -20 -21 -22 -23 -24 -25 25 28 -28 -29 -30 -31
leaf_value=-0.18980326617099605 0.3419845087489774 -0.25851201777872834 -0.10208914986310096 0.91034382943449343 0.49979525712551548 0.41854117066657121 -0.38000543980300422 0.85416352100372317 0.23836205602567209 -0.062127545970790787 0.19971015074713663 0.14285102610027087 0.48517947572682579 0.18527517218142747 0.23904564527602029 -0.015321627225765784 -0.36094922195781359 0.1084148534014821 -0.037901450537736518 0.16243295502662658 -0.11934093549878827 0.09444062711022945 0.25739711659519299 -0.050675341006157532 0.17287017196337592 0.51280060489475721 -0.01699668482675119 -0.0088425345305224948 0.1259789309464395 0.1868636795002967
leaf_weight=642 31 23 1170 29 64 113 20 25 430 53 44 85 84 48 58 287 33 40 926 25 1126 937 38 106 94 20 684 435 26 20
leaf_count=642 31 23 1170 29 64 113 20 25 430 53 44 85 84 48 58 287 33 40 926 25 1126 937 38 106 94 20 684 435 26 20
internal_value=1.20169e-10 0.156261 -0.0751167 0.321082 0.295951 0.321411 -0.0392686 0.497458 0.272232 0.0911951 0.163816 0.226676 0.313002 -0.0655779 0.0952422 0.0656027 0.0879132 -0.103763 -0.026903 -0.0392698 -0.144927 0.102368 0.0701955 0.0227711 0.00524544 0.0451039 -0.0273094 0.0234467 0.294162 -0.0972328
internal_weight=7716 2505 5211 709 680 632 3443 138 494 1796 468 280 169 2164 111 1328 1041 73 974 48 1768 968 188 150 1279 575 704 529 46 1190
internal_count=7716 2505 5211 709 680 632 3443 138 494 1796 468 280 169 2164 111 1328 1041 73 974 48 1768 968 188 150 1279 575 704 529 46 1190
is_linear=0
shrinkage=0.03


Tree=49
num_leaves=31
num_cat=0
split_feature=61 41 41 18 41 61 15 22 41 55 0 53 42 15 13 11 13 39 53 13 19 18 16 7 6 20 17 11 61 36
split_gain=95285.8 29141.1 18587.6 9515.44 8995.95 5877.24 5826.01 7662.79 5290.72 2994.67 2651.03 4746.38 4285.53 2826.19 3015.18 2218.72 2623.74 4898.62 2205.31 2224.7 2601.17 2094.11 2819.14 5255.25 1958.23 1845.91 1655.04 1386.44 1325.17 1302.24
threshold=41.505714285714298 73.450000000000017 29.050000000000004 4842.0000000000009 146.50000000000003 18.907857142857146 979.6500000000002 51.500000000000007 56.550000000000004 69.000000000000014 28.643240000000002 216689.60000000003 28.550000000000004 995.85000000000002 55.000000000000007 59.500000000000007 113.50000000000001 37.615581395348848 76715.950000000012 306.50000000000006 10.822916666666668 3394.0000000000005 14.450000000000001 21.220000000000002 973.45000000000016 6478.2500000000009 1917.5000000000002 30.000000000000004 3.7953571428571435 124.50000000000001
decision_type=10 10 10 2 10 8 2 2 10 10 2 2 10 2 2 2 2 10 2 2 2 2 2 2 2 2 2 2 10 8
left_child=2 8 5 25 6 28 9 -8 18 -5 11 13 -13 14 -4 16 17 -10 -2 24 -21 -7 23 -23 -20 -3 -24 -14 -1 -17
right_child=1 3 10 4 -6 21 7 -9 15 -11 -12 12 27 -15 -16 29 -18 -19 19 20 -22 22 26 -25 -26 -27 -28 -29 -30 -31
leaf_value=-0.28614728289265784 -0.11409496226084399 0.25705215442925688 0.33240751738731678 0.14480355413459778 0.97621623767110011 -0.13716282405230315 0.19071522153030004 0.58522047002663768 0.65700329054485673 0.46439563325933503 -0.037707349496258952 0.6388196057528257 -0.057791431830687953 0.36434380475963862 0.0055489638151616184 0.18715338737334844 0.18443445022422647 0.18416780888197981 0.10060780005679515 -0.062079231013422422 0.30096109924981229 0.084798627742121893 -0.10310559671123398 -0.12471302101452802 0.013986090365276989 -0.035899451034409655 -0.020548750732479422 0.24146526104525515 -0.14464615845178538 -0.011859900755668755
leaf_weight=62 53 32 26 92 26 371 59 178 33 37 711 20 22 21 1101 53 323 49 683 23 78 283 887 174 358 49 290 38 1517 67
leaf_count=62 53 32 26 92 26 371 59 178 33 37 711 20 22 21 1101 53 323 49 683 23 78 283 887 174 358 49 290 38 1517 67
internal_value=1.69099e-11 0.167304 -0.066431 0.375844 0.437009 -0.106912 0.398705 0.48701 0.109956 0.236469 0.00839297 0.0350846 0.258508 0.019515 0.0130896 0.189337 0.222908 0.374455 0.0750814 0.083861 0.218289 -0.0728196 -0.0582104 0.00502833 0.0708186 0.0798345 -0.0827645 0.131738 -0.150202 0.0760376
internal_weight=7716 2193 5523 473 392 3584 366 237 1720 129 1939 1228 80 1148 1127 525 405 82 1195 1142 101 2005 1634 457 1041 81 1177 60 1579 120
internal_count=7716 2193 5523 473 392 3584 366 237 1720 129 1939 1228 80 1148 1127 525 405 82 1195 1142 101 2005 1634 457 1041 81 1177 60 1579 120
is_linear=0
shrinkage=0.03


Tree=50
num_leaves=31
num_cat=0
split_feature=61 41 41 18 41 61 15 22 41 55 9 11 41 5 21 5 51 14 53 13 19 10 63 13 35 13 23 18 15 17
split_gain=89654.4 27418.9 17489.1 8953.08 8464.29 5529.89 5481.69 7209.92 4978.04 2817.69 2506.26 5041.42 3100.13 2722.26 3171.72 3065.44 3326.62 2449.47 2074.97 2093.22 2447.44 2074.91 2014.41 2000.2 1997.31 3009.61 2876.6 1970.35 2608.15 7316.62
threshold=41.505714285714298 73.450000000000017 29.050000000000004 4842.0000000000009 146.50000000000003 18.907857142857146 979.6500000000002 51.500000000000007 56.550000000000004 69.000000000000014 36.550000000000004 53.500000000000007 35.750000000000007 506.50000000000006 453.50000000000006 135.50000000000003 565.55500000000018 1.7500000000000002 76715.950000000012 306.50000000000006 10.822916666666668 29.900000000000002 20.767142857142861 304.50000000000006 142.50000000000003 112.00000000000001 278.12000000000006 3394.0000000000005 989.55000000000007 2065.0000000000005
decision_type=10 10 10 2 10 8 2 2 10 10 2 2 10 2 2 2 2 2 2 2 2 2 10 2 10 2 2 2 2 2
left_child=2 8 5 -3 6 -1 9 -8 18 -5 13 12 -12 15 -15 16 -4 24 -2 21 -21 -20 -14 -17 25 -10 -26 -7 -29 -30
right_child=1 3 10 4 -6 27 7 -9 17 -11 11 -13 22 14 -16 23 -18 -19 19 20 -22 -23 -24 -25 26 -27 -28 28 29 -31
leaf_value=-0.14569618322858804 -0.11067211434350542 0.077439481803664445 -0.011784108389597887 0.1404594476784215 0.9469297675444529 -0.13304793878425805 0.18499376789998198 0.56766385736006697 0.55545092842795629 0.45046376051129522 -0.090046493640542027 0.53759237668730986 0.079053052256644607 -0.017548246903078896 -0.4599738114595413 0.05385124466209007 -0.32161817051935943 -0.018310801593624814 0.076114237650269909 -0.060216856598854063 0.29193226483578866 -0.17306120092109326 0.37578698306248104 0.28769061774015425 -0.0043049368748198378 0.21556826233863829 0.21100160125884584 -0.077828907214506957 -0.034473726648805485 0.38013354233531066
leaf_weight=1579 53 81 1229 92 26 371 59 178 33 37 75 22 71 35 25 385 32 49 1010 23 78 31 29 36 69 81 293 1240 351 43
leaf_count=1579 53 81 1229 92 26 371 59 178 33 37 75 22 71 35 25 385 32 49 1010 23 78 31 29 36 69 81 293 1240 351 43
internal_value=1.11563e-11 0.162285 -0.0644381 0.364569 0.423899 -0.103705 0.386744 0.4724 0.106657 0.229375 0.00814118 0.109564 0.0557549 -0.00332858 -0.201892 0.00375454 -0.0196467 0.183657 0.0728289 0.0813452 0.21174 0.068694 0.165106 0.073847 0.204448 0.313955 0.169963 -0.070635 -0.0564641 0.0107753
internal_weight=7716 2193 5523 473 392 3584 366 237 1720 129 1939 197 175 1742 60 1682 1261 525 1195 1142 101 1041 100 421 476 114 362 2005 1634 394
internal_count=7716 2193 5523 473 392 3584 366 237 1720 129 1939 197 175 1742 60 1682 1261 525 1195 1142 101 1041 100 421 476 114 362 2005 1634 394
is_linear=0
shrinkage=0.03


Tree=51
num_leaves=31
num_cat=0
split_feature=61 61 43 24 37 61 15 17 30 31 29 18 0 9 8 8 18 19 37 61 53 33 53 37 10 59 68 52 6 21
split_gain=84355.9 23126.6 14799.7 6851.33 8855.33 5167.16 4600.1 4531.75 6199.53 6197.27 4445.28 4268.99 4784.14 3746.26 6393.29 4153.34 2994.96 6189.96 2754.16 2374.31 2140.44 2125.79 2058.81 2040.14 1993.08 1918.1 2087.47 1668.05 1778.82 2104.9
threshold=41.505714285714298 74.200000000000017 20.70000000000001 4309.7700000000013 233.16666666666671 53.478571428571435 978.1500000000002 1857.5000000000002 376.7766666666667 358.22928571428577 96.000000000000014 3394.0000000000005 28.643240000000002 38.000000000000007 32.95000000000001 25.250000000000004 6254.5000000000009 12.991666666666669 184.50000000000003 16.495714285714289 225812.05000000002 70.350000000000009 74416.250000000015 201.50000000000003 29.900000000000002 86.142857142857167 18.500000000000004 7018.0000000000009 167.94500000000002 37.500000000000007
decision_type=10 10 10 2 10 10 2 2 2 2 2 2 2 2 2 2 2 2 10 8 2 10 2 10 2 10 2 2 2 2
left_child=2 5 19 7 18 22 21 23 9 -9 -10 27 13 15 -15 -13 20 -18 -5 -1 -8 24 -2 -3 -7 26 -24 28 29 -4
right_child=1 3 11 4 -6 6 16 8 10 -11 -12 12 -14 14 -16 -17 17 -19 -20 -21 -22 -23 25 -25 -26 -27 -28 -29 -30 -31
leaf_value=-0.15345007172208117 -0.13073077337339867 0.20835284871954313 -0.12140385799656768 0.66929199153184893 1.1759099528789521 0.034533598819697219 0.19757096587169287 0.43118169447650079 0.060688686304622229 1.0531531613213676 0.39254816110019347 0.068611735636555454 -0.053696655878867232 0.69220098683238029 0.0497184266473936 -0.029130698142864536 0.20747426890338269 0.62862281352281568 0.18793085374909899 -0.088836263794473652 -0.059104584753513337 0.25761230339063329 0.11227214474957364 -0.13467410749197006 -0.29081076041422788 -0.18425922736525535 0.016733353601635567 -0.0053291944662729896 -0.071459005142109733 -0.3287203362745208
leaf_weight=1185 43 71 109 20 20 111 339 46 54 21 111 697 1316 20 46 892 104 45 23 901 32 32 777 20 20 24 280 108 175 74
leaf_count=1185 43 71 109 20 20 111 339 46 54 21 111 697 1316 20 46 892 104 45 23 901 32 32 777 20 20 24 280 108 175 74
internal_value=2.36505e-11 0.157417 -0.062505 0.368204 0.654388 0.11239 0.177469 0.312384 0.382761 0.626128 0.28394 -0.0242465 -0.011005 0.0229419 0.24441 0.0137431 0.221059 0.334667 0.41182 -0.125542 0.175432 0.0384086 0.0728444 0.132962 -0.0151373 0.0809423 0.0869639 -0.108668 -0.139843 -0.205237
internal_weight=7716 2193 5523 386 63 1807 683 323 232 67 165 3437 2971 1655 66 1589 520 149 43 2086 371 163 1124 91 131 1081 1057 466 358 183
internal_count=7716 2193 5523 386 63 1807 683 323 232 67 165 3437 2971 1655 66 1589 520 149 43 2086 371 163 1124 91 131 1081 1057 466 358 183
is_linear=0
shrinkage=0.03


Tree=52
num_leaves=31
num_cat=0
split_feature=41 41 41 5 56 20 11 20 42 0 25 29 17 14 9 17 57 41 13 20 40 11 25 53 13 42 9 31 26 63
split_gain=80301.2 19280.4 17857.3 8975.15 9067.87 6011.7 5640.39 5593.85 5419.83 5204.25 5471.28 4816.26 4663.72 4204.99 3573.84 3306.91 3279.78 3062.83 2900.58 2768.12 3095.25 2671.13 2467.5 2460.52 2370.79 2328.84 2214.14 1881.14 2228.25 1844.94
threshold=46.650000000000013 94.100000000000009 26.450000000000003 106.50000000000001 197.50000000000003 8012.0000000000009 40.500000000000007 7899.2500000000009 32.45000000000001 28.496097500000001 1.5000000000000002 487.85714285714295 1752.5000000000002 0.8500000000000002 37.350000000000001 2147.5000000000005 208.92857142857147 10.950000000000001 115.00000000000001 8426.0000000000018 81.850000000000009 36.500000000000007 2.5000000000000004 61816.450000000004 49.500000000000007 53.350000000000001 20.450000000000003 391.97071428571428 2.5000000000000004 7.7692857142857141
decision_type=10 10 10 2 10 2 2 2 10 2 2 2 2 2 2 2 10 8 2 2 10 2 2 2 2 10 2 2 2 8
left_child=2 5 8 15 18 7 -6 11 17 10 -7 13 22 -2 16 -3 -14 27 -5 -11 -21 -17 -10 -4 -25 26 -26 -1 -29 -27
right_child=1 3 23 4 6 9 -8 -9 12 19 -12 -13 14 -15 -16 21 -18 -19 -20 20 -22 -23 -24 24 25 29 -28 28 -30 -31
leaf_value=-0.19759209803461092 0.16903713989082131 0.0074257769367911597 -0.13326391905280094 0.6803871701592985 1.3657535060048103 0.77734409826770423 0.66180141517094193 -0.38775930790901181 0.032576400906016878 0.43597485043108464 0.25038105667797755 -0.29113034499436619 0.53783885386682329 -0.051030319590826288 -0.12838897054845635 0.14015508779457636 0.11409736265454974 -0.096387569911238369 0.24417498936712306 0.14159765420061354 0.3906865679139786 0.58774317588124958 -0.16334348612329333 0.28492464317807131 0.19255409544011431 0.31075395204804157 -0.0054163129336818883 0.12464037600401284 -0.14139436926354063 0.065154248888952188
leaf_weight=509 264 33 112 23 20 25 21 25 132 32 61 30 31 111 22 21 35 2267 34 1004 47 28 103 28 52 33 2289 37 121 166
leaf_count=509 264 33 112 23 20 25 21 25 132 32 61 30 31 111 22 21 35 2267 34 1004 47 28 103 28 52 33 2289 37 121 166
internal_value=-8.90681e-11 0.1768 -0.0529774 0.47116 0.664936 0.143663 1.00519 0.0477524 -0.100173 0.178943 0.403568 0.0746359 0.016463 0.103897 0.202748 0.239575 0.313127 -0.113014 0.42019 0.161106 0.152737 0.39592 -0.0532949 0.00437973 0.0103829 0.00735644 -0.00101885 -0.169522 -0.0790951 0.105882
internal_weight=7716 1779 5937 180 98 1599 41 430 3257 1169 86 405 323 375 88 82 66 2934 57 1083 1051 49 235 2680 2568 2540 2341 667 158 199
internal_count=7716 1779 5937 180 98 1599 41 430 3257 1169 86 405 323 375 88 82 66 2934 57 1083 1051 49 235 2680 2568 2540 2341 667 158 199
is_linear=0
shrinkage=0.03


Tree=53
num_leaves=31
num_cat=0
split_feature=41 61 61 41 23 41 23 23 30 57 12 10 18 61 33 12 32 15 17 41 61 48 15 17 64 31 59 20 41 18
split_gain=75759.3 22797.4 10987.2 7324.66 16503.8 5656.35 5644.57 6299.53 4690.77 5126.03 4614.24 4034.6 3586.3 3547.86 3470.54 3425.72 2710.61 2520.37 2303.13 3783.69 2750.66 2389.04 2173.68 2030.78 1777.87 2344.7 2319.14 2180.98 1595.14 1415.76
threshold=39.45000000000001 74.200000000000017 18.907857142857146 112.50000000000001 2333.5800000000004 56.550000000000004 253.07000000000002 298.67000000000002 370.14666666666648 172.62857142857146 4.7500000000000009 19.050000000000004 4871.5000000000009 31.678571428571431 73.950000000000017 8.0500000000000025 76.050000000000011 996.15000000000009 1732.5000000000002 20.650000000000002 51.078571428571436 85.450000000000017 976.25000000000011 3035.0000000000005 40.375000000000007 154.01071428571422 43.192857142857143 8012.0000000000009 22.650000000000002 3507.0000000000005
decision_type=10 10 10 10 2 10 2 2 2 10 2 2 2 10 10 2 10 2 2 10 10 8 2 2 10 2 10 2 10 2
left_child=2 5 -1 8 15 24 10 -8 9 -3 -7 -12 -9 17 -11 -5 22 28 29 21 -21 -20 -10 -18 -2 26 -26 -27 -4 -15
right_child=1 3 13 4 -6 6 7 12 16 14 11 -13 -14 18 -16 -17 23 -19 19 20 -22 -23 -24 -25 25 27 -28 -29 -30 -31
leaf_value=-0.12948457614454778 0.010493417431954557 0.84963495197296146 -0.093549547360700869 0.55066902518272398 1.3084336300329729 0.33458227432283916 0.6912503612041474 0.078388595259407667 0.35416312659659038 0.56030112832784651 0.16822465883415252 -0.13271096359938384 0.2487895860990722 -0.09214415673617013 0.032207364014216831 0.025996376446315219 0.26471573106684654 0.200806470093402 0.1112922003476516 0.0084073437344172417 0.32760634096769187 0.55386598893574301 0.10409212021157145 0.60918495379388327 0.14609601793258245 0.0041826912978251514 0.51991183581948286 0.10415586165521139 -0.041336322393365731 -0.004472343408752192
leaf_weight=1639 426 25 911 24 22 38 24 164 41 24 61 117 345 215 21 21 43 33 23 371 26 21 132 24 59 298 20 576 1248 724
leaf_count=1639 426 25 911 24 22 38 24 164 41 24 61 117 345 215 21 21 43 33 23 371 26 21 132 24 59 298 20 576 1248 724
internal_value=-1.00152e-10 0.135581 -0.0651758 0.3506 0.635038 0.0974883 0.163854 0.216282 0.289124 0.505207 0.0344845 -0.0295813 0.193886 -0.035668 0.313857 0.305822 0.2261 -0.0593909 0.00201364 0.0585664 0.0293121 0.322521 0.163358 0.388108 0.0614419 0.0842163 0.240733 0.0700689 -0.0633679 -0.0245463
internal_weight=7716 2505 5211 377 67 2128 749 533 310 70 216 178 509 3572 45 45 240 2192 1380 441 397 44 173 67 1379 953 79 874 2159 939
internal_count=7716 2505 5211 377 67 2128 749 533 310 70 216 178 509 3572 45 45 240 2192 1380 441 397 44 173 67 1379 953 79 874 2159 939
is_linear=0
shrinkage=0.03


Tree=54
num_leaves=31
num_cat=0
split_feature=41 61 41 37 20 28 41 0 18 18 5 12 12 11 20 18 15 10 17 17 7 41 20 15 10 13 18 7 15 14
split_gain=71401.1 18045.5 16115.6 8583.66 5840.76 5650.23 5291.84 5064.03 6313.78 5005.16 7201.63 4215.66 3487.64 3174.5 3155.57 3134.75 2693.8 4602.01 4352.21 3951.77 2578.92 2431.86 2272.57 2037 1683.55 2039.65 1996.6 1634.79 1490.83 1464.03
threshold=48.650000000000013 28.449285714285718 94.100000000000009 261.15000000000003 8012.0000000000009 473.50000000000006 19.350000000000005 28.496097500000001 6254.5000000000009 6306.0000000000009 106.50000000000001 6.1500000000000012 7.0500000000000007 54.500000000000007 8426.0000000000018 3964.5000000000005 989.00000000000011 14.15 2065.0000000000005 2242.5000000000005 103.76500000000001 34.250000000000007 11737.000000000002 994.10000000000014 13.400000000000002 287.50000000000006 3291.5000000000005 24.705000000000002 996.15000000000009 7.2000000000000002
decision_type=10 10 10 10 2 2 10 2 2 2 2 2 2 2 2 2 2 2 2 2 2 10 2 2 2 2 2 2 2 2
left_child=1 6 4 9 5 13 29 8 -6 10 11 -4 -12 -2 -9 22 17 -17 23 -20 -16 -19 24 -18 26 -26 -3 -15 -8 -1
right_child=2 15 3 -5 7 -7 28 14 -10 -11 12 -13 -14 27 20 16 18 21 19 -21 -22 -23 -24 -25 25 -27 -28 -29 -30 -31
leaf_value=-0.11578978317420327 0.23152565429287572 -0.13465311046812559 0.54411211594291353 1.0151157815967287 0.24037605781304208 -0.29910923540019069 -0.056102710068188157 0.49407208542823788 0.82923280943994926 0.069426885921704137 1.0159429607391357 0.024158167081574599 0.53461261503398416 0.081290360019525137 0.13898429315714608 -0.31669791766115141 0.026788008083347921 -0.019184058625494119 0.49119662834839389 0.030157278445031906 0.33204850769754662 0.054451396969665111 0.23237535188404412 0.33475596040487288 -0.076201726619345947 -0.3081878374173091 0.025897666354530457 -0.081626799745219095 0.15086340269073845 -0.18896318774600193
leaf_weight=1565 93 91 23 21 57 39 1482 25 23 38 20 36 42 163 882 37 243 728 44 27 67 906 26 21 272 39 298 84 32 292
leaf_count=1565 93 91 23 21 57 39 1482 25 23 38 20 36 42 163 882 37 243 728 44 27 67 906 26 21 272 39 298 84 32 292
internal_value=4.84438e-11 -0.0469162 0.177514 0.44507 0.143906 0.0429032 -0.0933565 0.180225 0.409672 0.36978 0.464106 0.226852 0.68988 0.082134 0.161379 0.0103862 0.0297185 0.0141527 0.107362 0.315872 0.152615 0.0216444 -0.0430308 0.0512855 -0.0532602 -0.105293 -0.0116605 0.0258853 -0.0517283 -0.127296
internal_weight=7716 6103 1613 180 1433 379 3371 1054 80 159 121 59 62 340 974 2732 2006 1671 335 71 949 1634 726 264 700 311 389 247 1514 1857
internal_count=7716 6103 1613 180 1433 379 3371 1054 80 159 121 59 62 340 974 2732 2006 1671 335 71 949 1634 726 264 700 311 389 247 1514 1857
is_linear=0
shrinkage=0.03


Tree=55
num_leaves=31
num_cat=0
split_feature=61 41 41 18 41 8 9 61 17 11 42 54 5 45 28 0 53 13 8 13 20 10 18 18 16 26 1 14 64 31
split_gain=67389 21324 13283.9 7437.37 6693.69 4915.9 6858.22 4175.58 3792.8 3520.94 6491.27 5085.7 3057.24 2852.05 2622.6 2226.48 4124.41 4706.62 2197.97 2135.08 2520.13 2507.31 2045.3 1939.33 2524.41 3061.42 1835.54 1807.23 1899.67 1741.51
threshold=41.505714285714298 73.450000000000017 29.050000000000004 4955.5000000000009 146.50000000000003 32.550000000000004 38.150000000000013 16.495714285714289 1857.5000000000002 30.000000000000004 74.050000000000011 64.850000000000009 61.500000000000007 3.2950000000000004 89.6666666666667 28.643240000000002 207093.60000000006 107.50000000000001 30.450000000000003 306.50000000000006 20039.500000000004 14.550000000000002 5960.5000000000009 3394.0000000000005 14.450000000000001 2.5000000000000004 77.21423320000001 0.75000000000000011 68.790000000000006 2588.6435714285722
decision_type=10 10 10 2 10 2 2 8 2 2 10 10 2 10 2 2 2 2 2 2 2 2 2 2 2 2 2 2 8 2
left_child=2 8 7 -3 5 6 -5 -1 22 14 12 -12 -11 -7 -10 16 19 -18 -19 20 -4 -21 27 -9 25 -25 -16 29 -29 -2
right_child=1 3 15 4 -6 13 -8 23 9 10 11 -13 -14 -15 26 -17 17 18 -20 21 -22 -23 -24 24 -26 -27 -28 28 -30 -31
leaf_value=-0.13581543378260005 0.080012644468549568 0.070265354360030452 -0.011404777419357064 0.38062585895520878 0.84078069943648115 0.47415859683867423 0.95336089321545181 -0.12380328272967588 -0.26458026255369183 0.25533990196010159 0.20959070992905918 0.70992874557321717 0.09748301869485583 0.15295286684518766 -0.013514999584882583 -0.03485991140135921 0.5049555297615006 -0.1437749977906545 0.16926324763102457 0.33000236217792217 0.25150633374557774 0.034109342964856244 0.22863425605554277 0.1324057035749748 -0.074907652195701641 -0.038409322316433785 0.19106017942540346 0.027182935893691647 -0.1393683536174441 -0.18710409006994702
leaf_weight=1197 489 88 940 181 26 31 21 443 25 145 41 33 463 126 103 711 32 27 80 39 34 76 52 124 1424 396 64 191 91 23
leaf_count=1197 489 88 940 181 26 31 21 443 25 145 41 33 463 126 103 711 32 27 80 39 34 76 52 124 1424 396 64 191 91 23
internal_value=4.81829e-11 0.140698 -0.0558665 0.319088 0.375961 0.342298 0.440168 -0.0900882 0.0916409 0.13547 0.167419 0.432714 0.13513 0.216376 0.0219859 0.00738806 0.0318492 0.185739 0.0902723 0.0122067 -0.00222718 0.134456 0.0463607 -0.0671576 -0.0542491 0.00232349 0.0648851 0.0344234 -0.0265623 0.0680133
internal_weight=7716 2193 5523 473 385 359 202 3584 1720 874 682 74 608 157 192 1939 1228 139 107 1089 974 115 846 2387 1944 520 167 794 282 512
internal_count=7716 2193 5523 473 385 359 202 3584 1720 874 682 74 608 157 192 1939 1228 139 107 1089 974 115 846 2387 1944 520 167 794 282 512
is_linear=0
shrinkage=0.03


Tree=56
num_leaves=31
num_cat=0
split_feature=61 41 41 21 20 12 18 53 1 15 61 41 13 35 20 7 17 18 53 53 23 13 36 45 24 42 24 41 41 26
split_gain=63563.9 20355.6 12543.6 6459.79 10133.3 6056.04 4949.7 9181.14 8839.48 4130.9 3776.69 3753.38 3710.34 3518.31 2485.05 3030.85 2432.84 2413.33 2412.8 3086.46 2754.23 2380.25 2366.8 2103.1 2047.97 1962.48 2858.59 2241.09 2172.21 1912.09
threshold=51.078571428571436 27.050000000000004 94.100000000000009 345.50000000000006 24336.000000000004 6.8500000000000005 6254.5000000000009 267566.40000000008 77.13893400000002 996.15000000000009 16.495714285714289 45.250000000000007 141.50000000000003 68.450000000000017 20453.250000000004 21.220000000000002 3675.0000000000005 3922.0000000000005 225812.05000000002 212304.50000000003 980.40500000000009 62.500000000000007 119.50000000000001 8.6250000000000018 315.03000000000009 27.850000000000005 298.67000000000002 20.650000000000002 11.15 6.5000000000000009
decision_type=10 10 10 2 2 2 2 2 2 2 8 10 2 10 2 2 2 2 2 2 2 2 10 8 2 10 2 10 10 2
left_child=1 10 6 5 -5 12 13 8 -8 11 -1 17 -4 -2 15 -13 -16 29 19 -15 -20 -19 -10 -7 -9 -12 28 -28 -27 -3
right_child=2 9 3 4 -6 23 7 24 22 -11 25 14 -14 18 16 -17 -18 21 20 -21 -22 -23 -24 -25 -26 26 27 -29 -30 -31
leaf_value=-0.13225135443965955 -0.13018650477752089 -0.17814142245234865 0.87686404143060948 0.29445247604471186 1.1849792916360109 0.31805636036125096 0.87641996723413462 -0.189008552134037 0.02277745790610259 0.42684767324985429 -0.081941201866327737 0.10932046557480299 0.36040087223052975 0.14199051002734941 0.25552920813672242 -0.017258118023767189 -0.046933769665418131 0.30930674515664575 -0.15520457476322702 0.42468394125534875 0.13553358723935874 0.0084160473848043527 0.36240416597635688 -0.0093082213362580858 0.12806653612310237 -0.38829590946435927 0.13201509995615646 -0.03924551561790017 -0.062504906445629727 -0.033491602518525156
leaf_weight=1187 48 99 21 23 23 33 30 22 22 22 1626 341 31 574 105 340 31 24 51 37 69 1679 115 38 110 20 146 130 233 486
leaf_count=1187 48 99 21 23 23 33 30 22 22 22 1626 341 31 574 105 340 31 24 51 37 69 1679 115 38 110 20 146 130 233 486
internal_value=1.37905e-10 -0.0378046 0.196117 0.436424 0.739716 0.322998 0.158444 0.262205 0.410001 0.0172107 -0.0892807 0.0143083 0.568973 0.118618 0.0695057 0.0461241 0.186585 -0.00540167 0.134955 0.159109 0.0119699 0.0126564 0.307866 0.142847 0.0752207 -0.0656119 -0.0154202 0.0513489 -0.0882591 -0.0579708
internal_weight=7716 6469 1247 169 46 123 1078 299 167 3127 3342 3105 52 779 817 681 136 2288 731 611 120 1703 137 71 132 2155 529 276 253 585
internal_count=7716 6469 1247 169 46 123 1078 299 167 3127 3342 3105 52 779 817 681 136 2288 731 611 120 1703 137 71 132 2155 529 276 253 585
is_linear=0
shrinkage=0.03


Tree=57
num_leaves=31
num_cat=0
split_feature=61 61 61 37 38 13 63 65 18 53 58 18 0 19 13 45 44 17 12 16 29 60 42 24 51 29 61 0 42 43
split_gain=59964 16887.6 10251.3 7329.61 5255.2 8424.59 9566.1 5353.12 4828.08 7637.26 3900.33 3540.69 3696.94 4061.62 3501.59 3126.48 4085.13 3045.21 2826.31 4617.71 5432.74 2563.57 2390.48 2275.31 2103.12 1347.78 1310.3 1301.37 2735.16 1790.58
threshold=41.505714285714298 78.507142857142881 18.907857142857146 257.83333333333343 38.150000000000013 141.50000000000003 7.7692857142857141 47.607060637204533 6254.5000000000009 267566.40000000008 36.150000000000013 3394.0000000000005 28.643240000000002 21.541666666666671 306.50000000000006 3.5550000000000002 9.6000000000000014 2717.5000000000005 3.5500000000000003 11.550000000000002 209.28571428571431 96.15000000000002 65.050000000000011 912.13000000000011 178.84000000000003 1.0714285714285716 10.085714285714287 28.690029500000005 50.650000000000013 45.016666666666673
decision_type=10 10 10 10 10 2 10 8 2 2 10 2 2 2 2 8 10 2 2 2 2 10 10 2 2 2 8 2 10 10
left_child=2 8 26 4 7 6 -6 10 18 15 -3 -4 13 14 -13 -10 -17 -7 22 20 -20 -9 -2 -11 -21 -15 -1 29 -29 -14
right_child=1 3 11 -5 5 17 -8 21 9 23 -12 12 27 25 -16 16 -18 -19 19 24 -22 -23 -24 -25 -26 -27 -28 28 -30 -31
leaf_value=-0.16500585869134915 0.15735987639320748 0.19553359452046845 -0.095149285484595517 0.80337225085922648 1.2624732756614685 0.4230072273868461 0.34571271657943725 0.12376507085561753 0.041123766986762775 -0.15328555251593173 0.6097263808761324 0.030038787436020797 -0.062161117652172942 0.13395874545884293 0.18872525854346653 0.52367949775175049 0.23922759823896717 0.036505465898662805 0.11472899785095994 0.050915121837487295 -0.40827825821363006 -0.2922164831124246 0.52230349977314461 0.10975246578993567 0.12931694585172104 -0.052186323958098919 -0.10099673341075617 -0.023352993320863529 0.32657218132700239 -0.34881701387464997
leaf_weight=372 84 76 570 28 20 43 21 30 34 46 28 956 1010 37 144 76 113 32 33 893 39 24 20 83 470 650 1272 471 21 20
leaf_count=372 84 76 570 28 20 43 21 30 34 46 28 956 1010 37 144 76 113 32 33 893 39 24 20 83 470 650 1272 471 21 20
internal_value=1.35281e-10 0.132721 -0.052699 0.34104 0.293794 0.447129 0.792913 0.181219 0.0994514 0.199684 0.307047 -0.0260909 -0.0141951 0.0150693 0.0508123 0.305967 0.35361 0.2581 0.0765261 0.0655814 -0.168567 -0.0611156 0.227541 0.015956 0.0779502 -0.042161 -0.115481 -0.0485547 -0.00841716 -0.0677273
internal_weight=7716 2193 5523 302 274 116 41 158 1891 352 104 3879 3309 1787 1100 223 189 75 1539 1435 72 54 104 129 1363 687 1644 1522 492 1030
internal_count=7716 2193 5523 302 274 116 41 158 1891 352 104 3879 3309 1787 1100 223 189 75 1539 1435 72 54 104 129 1363 687 1644 1522 492 1030
is_linear=0
shrinkage=0.03


Tree=58
num_leaves=31
num_cat=0
split_feature=41 61 41 37 20 28 18 5 0 18 41 12 15 20 12 18 9 10 19 17 40 61 21 22 9 43 8 12 42 44
split_gain=56949 14310.1 12832 7555.79 4948.45 5107.86 4771.76 6440.65 4528.72 5397.68 4206.19 3835.69 3233.73 3028.61 2919.68 2866.4 2973.97 3893.39 3837.62 3216.72 2340.12 2295.93 2007.4 1962.72 1952.88 1649 1490.59 1465.41 1367.44 2985.11
threshold=48.650000000000013 28.092857142857145 94.100000000000009 261.15000000000003 8012.0000000000009 473.50000000000006 6306.0000000000009 106.50000000000001 28.496097500000001 6254.5000000000009 19.350000000000005 6.0500000000000007 981.6500000000002 8426.0000000000018 3.9500000000000006 3964.5000000000005 29.550000000000004 15.450000000000001 10.822916666666668 2065.0000000000005 81.850000000000009 55.335714285714296 525.50000000000011 344.50000000000006 23.950000000000003 56.116666666666667 29.350000000000005 5.1500000000000012 13.950000000000001 7.1750000000000007
decision_type=10 10 10 10 2 2 2 2 2 2 10 2 2 2 2 2 2 2 2 2 10 10 2 2 2 10 2 2 8 10
left_child=1 10 4 6 5 14 7 11 9 -6 -1 -4 -9 -10 25 22 18 -18 27 -20 -15 -19 23 26 -16 -2 -3 -17 29 -12
right_child=2 15 3 -5 8 -7 -8 12 13 -11 28 -13 -14 20 24 16 17 21 19 -21 -22 -23 -24 -25 -26 -27 -28 -29 -30 -31
leaf_value=-0.11413484054287666 0.1282472820239591 -0.033368926662367897 0.53215482079982757 0.93210845639650608 0.2224231662091456 -0.28960635781288147 0.033376347697094869 0.42915185464376748 0.47008465062975879 0.76688616836848467 -0.19518586858429693 0.021153712891615353 0.86337510503571602 0.12530348340579808 -0.15124161878135056 0.16002072685279628 -0.40984601265192028 0.0017770973016850732 0.13779996150064952 0.4611580042405562 0.35180707753051155 0.15116958363263894 0.22769056674093008 -0.33697900201593128 0.061437086156185941 0.40221440667659042 -0.24951712025702 -0.011863732762823376 -0.054887589907398754 0.13788339420088699
leaf_weight=1849 58 670 20 21 57 39 38 33 25 23 33 39 29 906 48 55 20 1429 172 33 43 99 24 21 204 30 30 237 1340 91
leaf_count=1849 58 670 20 21 57 39 38 33 25 23 33 39 29 906 48 55 20 1429 172 33 43 99 24 21 204 30 30 237 1340 91
internal_value=9.22674e-11 -0.0419 0.158534 0.397281 0.128545 0.035577 0.326643 0.418744 0.161975 0.378956 -0.0840563 0.194374 0.632256 0.144153 0.0728775 0.00815875 0.0265123 0.00601314 0.0903606 0.189853 0.135567 0.0114563 -0.042221 -0.0512056 0.0209269 0.221645 -0.0426324 0.0205118 -0.0460677 0.049244
internal_weight=7716 6103 1613 180 1433 379 159 121 1054 80 3313 59 62 974 340 2790 2045 1548 497 205 949 1528 745 721 252 88 700 292 1464 124
internal_count=7716 6103 1613 180 1433 379 159 121 1054 80 3313 59 62 974 340 2790 2045 1548 497 205 949 1528 745 721 252 88 700 292 1464 124
is_linear=0
shrinkage=0.03


Tree=59
num_leaves=31
num_cat=0
split_feature=61 61 43 34 19 43 53 11 19 39 53 68 1 48 37 17 51 8 20 7 15 19 24 53 12 37 35 54 15 36
split_gain=53819.4 18115.3 7956.32 8891.45 4500.02 3531.15 3481.61 4392.44 6085.33 3964.99 3126.24 3007.33 2804.73 2658.73 2480.83 2362.54 2318.49 2074.16 2142.92 2056.77 1958.21 2391.43 1850.77 1845.29 5706.45 1836.56 1779.13 2458.06 1722.49 1655.85
threshold=53.478571428571435 28.449285714285718 101.66666666666667 73.483333333333363 21.212500000000002 16.808333333333337 162316.85000000001 30.000000000000004 7.6812500000000012 77.15000000000002 76715.950000000012 17.500000000000004 77.201112150000014 166.85000000000005 193.16666666666671 1457.5000000000002 124.65500000000002 14.250000000000002 8281.2500000000018 42.280000000000008 995.85000000000002 8.8416666666666686 1380.1650000000002 205838.20000000004 4.5500000000000007 158.50000000000003 97.450000000000017 55.050000000000004 993.95000000000016 170.50000000000003
decision_type=10 10 10 10 2 8 2 2 2 10 2 2 2 10 10 2 2 2 2 2 2 2 2 2 2 10 10 8 2 10
left_child=1 5 4 14 6 -1 16 8 -8 -9 17 15 26 -13 25 28 22 -3 -19 -17 23 -22 -2 -7 -25 -4 27 -6 -12 -18
right_child=2 10 3 -5 12 20 7 9 -10 -11 11 13 -14 -15 -16 19 29 18 -20 -21 21 -23 -24 24 -26 -27 -28 -29 -30 -31
leaf_value=-0.11754586020790572 -0.064008615157577428 0.076769611302763219 0.22128019437789917 0.88349308764934542 0.16447273058550696 -0.071599818353905859 0.23499089034957418 0.26477552253868458 -0.11048043647214122 0.64749035981985237 0.011882090223067748 -0.016891742091482535 -0.28949237437918779 0.2645299875255554 0.0273151172876358 0.1197887387619492 0.4451309909139361 -0.19149549914211253 0.10558286612996688 0.010630765239327726 -0.065893397888746763 0.33033487510222653 0.17206544395287832 0.5004218479245901 -0.026202684045732019 0.59711051409894766 0.18574742462282831 -0.28444822470779002 0.18298464421748314 0.14139688337860365
leaf_weight=1365 89 50 25 30 21 1706 137 387 69 26 973 1191 24 31 25 574 21 137 26 213 29 26 45 20 250 22 55 23 56 70
leaf_count=1365 89 50 25 30 21 1706 137 387 69 26 973 1191 24 31 25 574 21 137 26 213 29 26 45 20 250 22 55 23 56 70
internal_value=-1.99001e-11 -0.0317739 0.197569 0.44957 0.170988 -0.0802308 0.195693 0.232429 0.119275 0.288869 0.0188442 0.0266339 0.00146268 -0.00975257 0.268768 0.0511187 0.0946298 -0.0922594 -0.144109 0.0902453 -0.055152 0.121415 0.01527 -0.0600666 0.0128065 0.397201 0.0719972 -0.0701905 0.0211938 0.211489
internal_weight=7716 6647 1069 102 967 3396 844 619 206 413 3251 3038 123 1222 72 1816 225 213 163 787 2031 55 134 1976 270 47 99 44 1029 91
internal_count=7716 6647 1069 102 967 3396 844 619 206 413 3251 3038 123 1222 72 1816 225 213 163 787 2031 55 134 1976 270 47 99 44 1029 91
is_linear=0
shrinkage=0.03


Tree=60
num_leaves=31
num_cat=0
split_feature=41 41 42 41 7 42 39 41 18 42 56 24 5 51 10 9 12 20 32 28 5 24 31 41 41 65 55 41 31 38
split_gain=51170.7 15551.8 7193.08 6689.87 5082.26 4408.96 3407.32 3264.67 2579.11 3209.65 2502.84 2320.72 3063.71 3355.4 2382.64 2158.07 2101.74 3270.42 1951.53 1868.15 1857.1 1692.81 5469.74 2512.63 2060.1 2810.21 1645.22 1598.85 1871.04 2733.71
threshold=39.45000000000001 65.850000000000009 26.050000000000004 146.50000000000003 7.1000000000000005 118.50000000000001 60.250000000000007 21.850000000000005 3935.0000000000005 13.950000000000001 232.50000000000003 4309.7700000000013 506.50000000000006 2295.1900000000005 26.350000000000005 28.950000000000003 3.9500000000000006 5567.2500000000009 76.550000000000011 691.33333333333348 110.50000000000001 205.91000000000003 145.51857142857133 11.15 20.650000000000002 113.7457142857143 53.235714285714295 7.705000000000001 391.97071428571428 20.850000000000005
decision_type=10 10 10 10 2 10 10 10 2 8 8 2 2 2 2 2 2 2 10 2 2 2 2 10 10 8 10 8 2 10
left_child=2 11 7 4 18 6 -6 27 -9 10 -10 12 16 -14 19 -11 20 -18 -3 -13 -2 23 -23 -4 25 -24 -26 28 -1 -30
right_child=1 3 21 -5 5 -7 -8 8 9 15 -12 14 13 -15 -16 -17 17 -19 -20 -21 -22 22 24 -25 26 -27 -28 -29 29 -31
leaf_value=-0.20381156013380078 0.29926180494857613 0.075434789146695824 -0.36606281638145444 0.67663115106779947 0.17548702645500719 0.57155766671354125 0.34373069652474258 -0.1073073724784598 0.078619675159986524 0.10337157073205239 0.46958292889595027 0.17271494764089584 -0.24631100715947202 0.093033817559480661 0.076132864368295194 -0.053954413455400918 -0.078932089758349339 0.069739610216490111 -0.31256842231750487 0.52015033873227923 0.086704422590580393 0.42638012283082521 0.010872926178853959 -0.034225634986249309 0.078708057247258559 0.25434331261552867 -0.031341897956198378 -0.092387682300388269 -0.24651229055927079 0.10359342795245501
leaf_weight=255 61 28 21 29 457 33 142 308 56 95 20 30 61 46 76 451 149 1253 20 26 94 28 128 930 143 64 843 1786 34 49
leaf_count=255 61 28 21 29 457 33 142 308 56 95 20 30 61 46 76 451 149 1253 20 26 94 28 128 930 143 64 843 1786 34 49
internal_value=-2.73513e-11 0.111428 -0.0535648 0.230398 0.211367 0.23397 0.215371 -0.0831864 -0.0363112 -0.0011556 0.181505 0.0644622 0.0548573 -0.100424 0.185541 -0.0265808 0.0655286 0.0539393 -0.0862332 0.334024 0.170356 -0.0116248 0.0119754 -0.0415533 0.00212541 0.0920297 -0.0153813 -0.103711 -0.163542 -0.0398234
internal_weight=7716 2505 5211 709 680 632 599 3054 930 622 76 1796 1664 107 132 546 1557 1402 48 56 155 2157 1206 951 1178 192 986 2124 338 83
internal_count=7716 2505 5211 709 680 632 599 3054 930 622 76 1796 1664 107 132 546 1557 1402 48 56 155 2157 1206 951 1178 192 986 2124 338 83
is_linear=0
shrinkage=0.03


Tree=61
num_leaves=31
num_cat=0
split_feature=41 61 41 5 18 11 18 5 41 19 11 20 18 41 60 42 5 18 42 61 56 8 17 41 18 15 8 5 12 43
split_gain=48226.8 14620.7 9034.02 6936.21 10501.4 12210.1 4647.81 4387.31 3765.46 3636.52 4291.43 5370.29 4224.33 3061.39 3025.11 3023.79 2762 2475.12 2873.73 2412.09 2194.1 2169.15 3702.38 5348.56 2409.02 2206.24 1963.7 1852.37 1609.68 1390.26
threshold=53.750000000000007 28.449285714285718 94.100000000000009 106.50000000000001 6306.0000000000009 40.500000000000007 4955.5000000000009 506.50000000000006 22.050000000000004 22.966666666666672 30.000000000000004 17182.000000000004 6254.5000000000009 118.50000000000001 91.15000000000002 49.050000000000004 333.50000000000006 4149.0000000000009 12.550000000000002 91.700000000000017 71.950000000000017 32.150000000000013 1897.5000000000002 32.850000000000001 5909.5000000000009 979.95000000000016 24.650000000000002 12.500000000000002 8.9500000000000011 6.778333333333328
decision_type=10 10 10 2 2 2 2 2 10 2 2 2 2 10 10 10 2 2 8 10 10 2 2 10 2 2 2 2 2 8
left_child=1 8 6 13 5 -5 7 16 29 10 11 -8 -12 19 -7 17 20 -3 -19 -4 -2 22 24 -24 -17 28 -20 -11 -23 -1
right_child=2 15 3 4 -6 14 9 -9 -10 27 12 -13 -14 -15 -16 21 -18 18 26 -21 -22 25 23 -25 -26 -27 -28 -29 -30 -31
leaf_value=-0.17102191811323994 -0.23910793922164222 -0.043228882412959337 0.1411212754791433 1.3470900925397871 -0.0082859996706247333 0.66553720637108194 0.45480358455715508 -0.31019703904102586 -0.031641381634473081 0.13055073420875346 0.19158188878543556 0.01272485105886257 0.3902412431331781 -0.084720376771071859 0.20855203880505127 0.025270174524470737 0.37178616587932289 0.3398174467206001 0.069868268121008562 0.5586474401950835 0.073599392365573377 0.16800076116342097 0.64380430231923647 0.14691555260214953 0.33629102472215894 -0.3423683602809906 -0.0041608891375770332 -0.21541386461257933 -0.13787957203388215 -0.090965072392385105
leaf_weight=216 22 814 33 20 24 32 29 29 1136 26 372 168 130 29 22 339 26 25 441 20 246 32 23 128 24 20 1200 30 30 2030
leaf_count=216 22 814 33 20 24 32 29 29 1136 26 372 168 130 29 22 339 26 25 441 20 246 32 23 128 24 20 1200 30 30 2030
internal_value=-7.39409e-11 -0.0331025 0.169933 0.366674 0.537023 0.71388 0.137082 0.0418446 -0.0761515 0.177826 0.196462 0.0778024 0.243028 0.163086 0.479358 0.014229 0.0765698 -0.000352433 0.0205968 0.298678 0.0479294 0.0749036 0.0977632 0.222601 0.0458335 -0.068387 0.0157336 -0.0547874 0.0199941 -0.0986642
internal_weight=7716 6458 1258 180 98 74 1078 323 3382 755 699 197 502 82 54 3076 294 2480 1666 53 268 596 514 151 363 82 1641 56 62 2246
internal_count=7716 6458 1258 180 98 74 1078 323 3382 755 699 197 502 82 54 3076 294 2480 1666 53 268 596 514 151 363 82 1641 56 62 2246
is_linear=0
shrinkage=0.03


Tree=62
num_leaves=31
num_cat=0
split_feature=61 61 61 37 19 11 37 34 54 42 59 61 11 13 33 9 47 20 9 42 49 15 1 44 24 24 11 13 21 17
split_gain=45634.8 15056.2 6465.08 6227.9 3576.33 3543.63 5526.98 5954.93 4433.29 2987.15 2933.32 2864 2794.95 2199.76 2779.24 2448.06 2146.04 2072.5 2683.49 2061.52 1938.58 1793.39 1667.06 1550.3 1536.25 1450.32 1443.14 2014.36 1315.27 1243.24
threshold=53.478571428571435 28.449285714285718 78.507142857142881 256.16666666666669 20.918750000000006 64.500000000000014 166.03333333333336 62.133333333333347 42.95000000000001 40.350000000000001 75.100000000000009 16.495714285714289 30.000000000000004 299.50000000000006 153.50000000000003 36.350000000000001 19.795000000000005 20039.500000000004 38.150000000000013 12.550000000000002 71.470000000000013 996.15000000000009 77.201112150000014 19.250000000000004 385.48500000000007 156.49500000000003 83.500000000000014 49.500000000000007 743.00000000000011 3085.0000000000005
decision_type=10 10 10 10 2 2 10 10 10 10 10 8 2 2 10 2 8 2 2 8 10 2 2 10 2 2 2 2 2 2
left_child=1 11 4 5 10 6 7 -4 -8 17 16 28 24 15 -15 -14 -2 18 19 -3 23 26 -6 -19 -11 -18 27 -13 29 -1
right_child=2 9 3 -5 22 -7 8 -9 -10 12 -12 21 13 14 -16 -17 25 20 -20 -21 -22 -23 -24 -25 -26 -27 -28 -29 -30 -31
leaf_value=-0.12190894439971971 0.43665133676745677 0.16570077556021071 0.34462357850981429 0.71749644053393391 0.032743102317409851 -0.058416730124374913 -0.21256324447014113 0.91968551976340163 0.2479300926367824 -0.33354100016030397 0.41382891480739298 0.18019413274526597 0.025602524892355389 0.20016062811753432 -0.10432013101642951 0.15366860009446928 0.24253377696558051 0.11808446680627217 0.28495876696820438 -0.0279662849944101 -0.017525660605386417 0.1570907124876976 -0.26609960271045568 0.41266764110326765 -0.039805036879823369 0.11478618687735649 -0.11005831784541262 -0.049676270068811507 0.13087666779756546 0.011109443857376255
leaf_weight=1126 22 51 71 29 84 29 22 21 130 22 39 35 897 172 32 158 95 82 26 1646 86 36 21 20 59 506 373 1739 20 67
leaf_count=1126 22 51 71 29 84 29 22 21 130 22 39 35 897 172 32 158 95 82 26 1646 86 36 21 20 59 506 373 1739 20 67
internal_value=-7.37472e-11 -0.0292583 0.181927 0.299502 0.135633 0.255099 0.292361 0.475888 0.18128 0.0168884 0.161432 -0.0734347 0.0512299 0.0622196 0.152399 0.0447821 0.145632 -0.00719192 -0.0175118 -0.022146 0.0873887 -0.0528982 -0.0270254 0.175846 -0.119585 0.134979 -0.0564192 -0.0451411 -0.110394 -0.114439
internal_weight=7716 6647 1069 302 767 273 244 92 152 3251 662 3396 1340 1259 204 1055 623 1911 1723 1697 188 2183 105 102 81 601 2147 1774 1213 1193
internal_count=7716 6647 1069 302 767 273 244 92 152 3251 662 3396 1340 1259 204 1055 623 1911 1723 1697 188 2183 105 102 81 601 2147 1774 1213 1193
is_linear=0
shrinkage=0.03


Tree=63
num_leaves=31
num_cat=0
split_feature=41 61 61 41 23 5 17 24 5 16 10 10 9 16 46 15 6 6 12 22 60 36 13 54 6 41 24 22 7 1
split_gain=43202.2 13433.5 6074.67 4954.4 13729.4 3943.25 4674.15 3699.16 3880.25 5021.01 3668.73 3314.91 7901.37 3305.07 2886.96 2837.47 2817.24 5078.57 4754.73 4679.54 3495.28 2455.46 1899.34 1865.24 1743.42 1620.25 1618.68 1475.67 1345.95 1338.08
threshold=39.45000000000001 74.200000000000017 18.907857142857146 112.50000000000001 2333.5800000000004 60.500000000000007 2337.5000000000005 4309.7700000000013 506.50000000000006 15.850000000000003 26.550000000000004 25.750000000000004 36.350000000000001 20.550000000000004 5.8033333333333355 982.1500000000002 167.94500000000002 251.58000000000001 4.4500000000000011 23.500000000000004 82.350000000000009 217.50000000000003 130.50000000000003 59.45000000000001 249.82000000000002 16.550000000000004 584.21500000000003 89.500000000000014 13.275 77.14626250000002
decision_type=10 10 10 10 2 2 2 2 2 2 2 2 2 2 10 2 2 2 2 2 10 8 2 10 2 10 2 2 2 2
left_child=2 7 -1 5 13 6 -3 8 11 -10 29 12 -2 -5 23 -13 21 18 19 -18 22 25 -19 -7 -20 -4 28 -16 -23 -9
right_child=1 3 16 4 -6 14 -8 10 9 -11 -12 15 -14 -15 27 -17 17 20 24 -21 -22 26 -24 -25 -26 -27 -28 -29 -30 -31
leaf_value=-0.097035364178971767 0.072454166164602263 0.12280248350567288 -0.14056647869132791 0.46397981741211625 1.1155631487477908 0.22873253327608109 0.63904734157908116 0.52839652566806128 -0.37860974809527392 0.03136757623676846 0.065541512848849001 0.021426050886210565 0.33299024996923676 -0.050350808034772453 0.39749026169902396 -0.25407870837160063 -0.02171315861599786 -0.089106869643818698 0.020509610413383613 0.5267641814265932 0.37128172981739044 -0.22998309686627924 -0.011731417022054633 -0.083790731508623456 0.31454916036128994 -0.030328064195337973 -0.010782363886739744 0.18439999396201429 -0.012459423791977666 0.26641662082962086
leaf_weight=1639 1293 27 134 22 22 25 38 23 40 82 94 371 114 23 38 37 21 359 196 42 20 147 1395 55 20 1148 59 127 31 74
leaf_count=1639 1293 27 134 22 22 25 38 23 40 82 94 371 114 23 38 37 21 359 196 42 20 147 1395 55 20 1148 59 127 31 74
internal_value=-2.91858e-11 0.102385 -0.0492177 0.267439 0.501371 0.21688 0.424607 0.0731433 0.0607228 -0.103051 0.199104 0.0717313 0.0935637 0.2011 0.161768 -0.00355845 -0.0272767 -0.00435951 0.11462 0.343938 -0.0230716 -0.0582505 -0.0275682 0.0138728 0.0477355 -0.0418506 -0.146962 0.233475 -0.1921 0.328536
internal_weight=7716 2505 5211 377 67 310 65 2128 1937 122 191 1815 1407 45 245 408 3572 2053 279 63 1774 1519 1754 80 216 1282 237 165 178 97
internal_count=7716 2505 5211 377 67 310 65 2128 1937 122 191 1815 1407 45 245 408 3572 2053 279 63 1774 1519 1754 80 216 1282 237 165 178 97
is_linear=0
shrinkage=0.03


Tree=64
num_leaves=31
num_cat=0
split_feature=41 41 61 34 23 21 25 24 18 5 38 7 7 15 42 17 0 53 18 54 16 20 57 25 20 41 30 53 38 63
split_gain=40892.2 13470.6 7099.74 17549.4 4771.73 9257.49 4552.31 4540.55 3940.91 4317.67 3787.62 3614.68 6209.64 3535.06 3017.6 3408.55 2997.65 2659.41 4106.47 3106.7 2991 2257.15 2468.3 2093.92 2062.45 2010.56 2535.59 1831.53 1720.87 1576.74
threshold=56.050000000000004 26.450000000000003 95.807142857142892 74.566666666666706 253.07000000000002 58.500000000000007 4.5000000000000009 859.99000000000012 4871.5000000000009 506.50000000000006 28.950000000000003 24.705000000000002 7.1000000000000005 996.15000000000009 32.45000000000001 1752.5000000000002 28.496097500000001 200914.45000000004 5639.0000000000009 18.950000000000003 17.550000000000004 22548.500000000004 208.92857142857147 2.5000000000000004 22809.750000000004 6.8750000000000009 391.97916666666669 61816.450000000004 20.850000000000005 56.944285714285733
decision_type=10 10 10 10 2 2 2 2 2 2 10 2 2 2 10 2 2 2 2 10 2 2 10 2 2 8 2 2 10 8
left_child=1 14 4 6 7 -6 10 11 9 -7 -4 12 -2 17 25 23 -10 24 20 -20 -19 22 -17 29 27 26 -1 -3 -28 -16
right_child=2 13 3 -5 5 8 -8 -9 16 -11 -12 -13 -14 -15 15 21 -18 18 19 -21 -22 -23 -24 -25 -26 -27 28 -29 -30 -31
leaf_value=-0.20690435094877399 -0.18319128400478207 -0.11702438805338282 -0.31214355397224425 1.0979164648175239 0.82095224064588534 0.10558430518779685 0.49549256973541694 0.43268601089715958 0.43799970799304067 -0.3166646933555603 0.23255550808376735 -0.19600689066041793 0.18415159845681384 0.37669576131040228 -0.010409153953597351 0.45713890152592812 0.18691018399829237 0.50945204818248746 0.40755564558506008 0.027515167045154124 0.10635874684446969 -0.088681882511485705 0.089537437683769622 -0.14579061764536552 0.14288960224565336 -0.073102274613107671 -0.21932625330012778 -0.0014275179681169099 0.093254429005524692 0.27306772504534038
leaf_weight=220 61 130 20 25 20 170 26 24 47 25 27 63 129 24 111 31 478 30 20 604 37 22 35 103 85 2640 23 2414 51 21
leaf_count=220 61 130 20 25 20 170 26 24 47 25 27 63 129 24 111 31 478 30 20 604 37 22 35 103 85 2640 23 2414 51 21
internal_value=-7.13508e-11 -0.0283843 0.16804 0.411907 0.144541 0.184298 0.176972 0.0383282 0.166614 0.0514498 0.000768673 0.00091879 0.0662152 0.0139104 -0.0718087 0.0152219 0.209389 0.0112878 0.0636601 0.039696 0.286848 0.174479 0.262199 -0.0444146 -0.00247759 -0.0813897 -0.155808 -0.00733459 -0.00389903 0.0346894
internal_weight=7716 6601 1115 98 1017 740 73 277 720 195 47 253 190 3344 3257 323 525 3320 691 624 67 88 66 235 2629 2934 294 2544 74 132
internal_count=7716 6601 1115 98 1017 740 73 277 720 195 47 253 190 3344 3257 323 525 3320 691 624 67 88 66 235 2629 2934 294 2544 74 132
is_linear=0
shrinkage=0.03


Tree=65
num_leaves=31
num_cat=0
split_feature=61 41 41 18 18 61 34 22 14 68 31 58 30 42 31 9 20 41 5 16 5 6 18 37 35 41 62 13 42 40
split_gain=38796.4 13228.4 7485.57 5359.2 4696.61 5497.23 10889.4 5476.06 2749.02 2372.18 1955.93 2781.73 2724.54 2389.23 2594.43 1944.96 3565.93 2346.46 2157.49 2830.98 2529.18 4063.77 1849.73 2280.7 2850.81 1699.09 1694.45 1654.7 1652.24 1627.16
threshold=40.839285714285722 73.450000000000017 29.050000000000004 4842.0000000000009 6641.5000000000009 95.807142857142892 74.566666666666706 53.500000000000007 3.3500000000000001 2.5000000000000004 279.06999999999988 61.550000000000004 187.42500000000007 74.050000000000011 408.61714285714282 36.550000000000004 12294.000000000002 35.750000000000007 506.50000000000006 16.450000000000003 135.50000000000003 536.65500000000009 3394.0000000000005 147.15000000000001 105.50000000000001 56.550000000000004 4.1450000000000005 304.50000000000006 12.550000000000002 16.400000000000009
decision_type=10 10 10 2 2 10 10 2 2 2 2 10 2 10 2 2 2 10 2 2 2 2 2 8 8 10 8 2 10 10
left_child=2 8 9 -3 5 7 -7 -5 10 -1 11 26 -13 25 -15 18 -17 -18 20 -20 21 -4 -11 28 -25 -12 -2 -22 -24 -10
right_child=1 3 15 4 -6 6 -8 -9 29 22 13 12 -14 14 -16 16 17 -19 19 -21 27 -23 23 24 -26 -27 -28 -29 -30 -31
leaf_value=-0.11942150391860731 -0.12976117022037506 0.023669774002499051 -0.0060592771689282976 0.0081655133982836189 -0.029930287599563597 0.29284273408353328 1.0649789818882942 0.33317919531803697 0.13504868566401693 -0.10531252327773087 0.029269626288233618 0.19021984241902828 0.61906286935508248 -0.10781758266416462 0.25047527208072795 0.4557775262540037 -0.076285641991007902 0.15118891130600656 -0.43411780200898648 -0.011083140971405166 0.047777746768608208 -0.23392089423984289 -0.13293999936095169 0.32450244223529645 -0.020479931852457698 0.10985303004291624 0.1325000025643682 0.2635384828703744 -0.052945028197252116 -0.084433919973671431
leaf_weight=673 25 81 1159 59 37 48 25 223 38 571 855 40 20 22 105 22 74 91 24 35 372 75 310 22 1074 325 196 35 928 152
leaf_count=673 25 81 1159 59 37 48 25 223 38 571 855 40 20 22 105 22 74 91 24 35 372 75 310 22 1074 325 196 35 928 152
internal_value=5.8773e-11 0.104816 -0.0431731 0.245817 0.29172 0.325244 0.557273 0.26518 0.0673057 -0.068671 0.0802089 0.152014 0.333168 0.064771 0.188409 0.00517426 0.0970062 0.04917 -0.00492726 -0.183165 0.00148105 -0.0199082 -0.0569137 -0.0450732 -0.0135551 0.0514642 0.102832 0.0663321 -0.0729761 -0.0405374
internal_weight=7716 2251 5465 473 392 355 73 282 1778 3578 1588 281 60 1307 127 1887 187 165 1700 59 1641 1234 2905 2334 1096 1180 221 407 1238 190
internal_count=7716 2251 5465 473 392 355 73 282 1778 3578 1588 281 60 1307 127 1887 187 165 1700 59 1641 1234 2905 2334 1096 1180 221 407 1238 190
is_linear=0
shrinkage=0.03


Tree=66
num_leaves=31
num_cat=0
split_feature=61 61 61 37 38 37 65 18 53 61 33 45 44 18 15 63 60 14 45 33 53 23 16 20 49 20 20 5 23 23
split_gain=36503.5 10597 5927.77 5608.85 4041.38 7040.67 4905.22 3513.88 6237.56 3182.48 3020.87 2727.95 3547.51 2609.82 3222.02 2661.22 2361.03 2208.62 2204.92 2196.98 2149.2 3227.85 2588.81 1867.23 1350.15 1442.11 1217.68 1587.31 1930.61 1284.67
threshold=40.839285714285722 78.507142857142881 18.907857142857146 256.16666666666669 38.150000000000013 156.81666666666669 47.607060637204533 6254.5000000000009 267566.40000000008 99.857142857142875 73.950000000000017 3.5550000000000002 9.6000000000000014 3394.0000000000005 995.85000000000002 20.559285714285718 96.15000000000002 3.3500000000000001 36.919496402877705 110.50000000000001 225812.05000000002 315.03000000000009 23.350000000000005 35524.500000000007 26.685000000000006 14914.250000000002 7411.0000000000009 39.500000000000007 93.440000000000012 235.80000000000004
decision_type=10 10 10 10 10 10 8 2 2 10 10 8 10 2 2 8 10 2 10 8 2 2 2 2 8 2 2 2 2 2
left_child=2 7 -1 4 6 -6 9 17 11 -3 -7 -9 -13 26 15 18 -8 20 -15 -17 22 -22 -2 -10 -19 -26 27 28 -4 -29
right_child=1 3 13 -5 5 10 16 8 23 -11 -12 12 -14 14 -16 19 -18 24 -20 -21 21 -23 -24 -25 25 -27 -28 29 -30 -31
leaf_value=-0.089511072485455742 0.06886246735235034 0.33529877387815055 -0.091005123259242746 0.66370791387455219 0.82966032074845353 0.40740914776921272 0.071870004624128347 0.0095759815043386289 -0.050286093487271241 -0.064567333459854118 0.063269833299246708 0.46027509355427398 0.19612927876477654 -0.040369313930765365 0.27940671554383106 0.052364110365400417 -0.32734077334403988 0.1246918374025508 0.27630168798565863 -0.025246391181189282 -0.39349507284164426 0.017680705235507643 0.21541615101115894 0.26440397760272022 -0.037588910301812259 -0.29404128903928006 0.0067712173584551939 0.032378126566036371 -0.28476889378838727 -0.10676758152892506
leaf_weight=1644 1130 81 116 29 23 48 30 34 112 23 44 76 115 1874 34 748 24 38 20 585 20 122 120 20 139 23 113 96 77 158
leaf_count=1644 1130 81 116 29 23 48 30 34 112 23 44 76 115 1874 34 748 24 38 20 585 20 122 120 20 139 23 113 96 77 158
internal_value=4.44406e-11 0.101672 -0.0418779 0.267031 0.224893 0.360189 0.126418 0.076049 0.161113 0.246867 0.242821 0.257162 0.301234 -0.0213836 -0.0111092 -0.0141701 -0.105557 0.0569737 -0.0370254 0.018304 0.0703676 -0.0402314 0.0829316 -0.00260578 -0.0362476 -0.0739988 -0.0812136 -0.103456 -0.16831 -0.0541771
internal_weight=7716 2251 5465 302 273 115 158 1949 357 104 92 225 191 3821 3261 3227 54 1592 1894 1333 1392 142 1250 132 200 162 560 447 193 254
internal_count=7716 2251 5465 302 273 115 158 1949 357 104 92 225 191 3821 3261 3227 54 1592 1894 1333 1392 142 1250 132 200 162 560 447 193 254
is_linear=0
shrinkage=0.03


Tree=67
num_leaves=31
num_cat=0
split_feature=61 41 41 18 47 21 0 37 16 42 37 16 47 53 42 33 53 25 8 8 41 18 11 42 53 33 35 41 6 42
split_gain=34615.1 12262.4 6806.14 4701.63 4822.37 10042.5 4099.7 5855.29 3079.6 2820.92 2648.63 2393.59 2709.03 2126.28 2672.11 3946.32 3083.14 2414.94 2365.83 2848.43 2231.53 2049.26 2656.77 4219.13 2217.99 1986.01 1908.06 1894.08 1850.81 1605.51
threshold=53.478571428571435 29.950000000000003 73.450000000000017 4769.0000000000009 19.175000000000001 345.50000000000006 28.496097500000001 157.70000000000002 18.950000000000003 27.850000000000005 147.15000000000001 10.250000000000002 145.75902877697845 61816.450000000004 13.950000000000001 67.050000000000011 122663.30000000002 3.5000000000000004 15.100000000000001 16.800000000000001 37.550000000000004 6254.5000000000009 23.500000000000004 72.65000000000002 225812.05000000002 145.50000000000003 69.350000000000009 10.950000000000001 256.88000000000005 7.705000000000001
decision_type=10 10 10 2 10 2 2 10 2 10 10 2 10 2 8 10 2 2 2 2 10 2 2 10 2 10 10 8 2 8
left_child=1 9 21 -4 5 8 7 -6 -5 27 -8 28 -13 17 15 -15 -17 -3 20 -20 -16 24 -23 -24 26 -14 -2 -1 -11 -29
right_child=2 13 3 4 6 -7 10 -9 -10 11 -12 12 25 14 18 16 -18 -19 19 -21 -22 22 23 -25 -26 -27 -28 29 -30 -31
leaf_value=-0.11907561965008338 -0.13598895607456085 -0.18345197408953134 0.00017446277470424258 0.48153712686031092 0.87850777405500413 1.0263089872443159 -0.0028293871217303806 0.22011547230905101 0.034017903614044186 0.40680226683616633 0.23597814391513128 -0.043259798342121257 0.25463510569404152 0.54166456954723052 0.029020360854679138 0.25645384052107412 -0.2079158967733383 0.15197000963687896 -0.13497094861950193 0.024573057759696645 0.40449608261364373 0.059547734633088108 0.17081641230562869 0.62844338741898531 -0.09975532012525945 -0.046867392784624824 0.10888305549980438 0.081338482071524082 0.0281380245834589 -0.06551651735851706
leaf_weight=649 31 85 58 31 20 23 54 31 25 21 185 673 51 22 29 31 22 25 105 2467 28 80 66 25 64 32 376 69 26 2312
leaf_count=649 31 85 58 31 20 23 54 31 25 21 185 673 51 22 29 31 22 25 105 2467 28 80 66 25 64 32 376 69 26 2312
internal_value=-1.23592e-10 -0.025482 0.158446 0.251265 0.290732 0.498522 0.234127 0.478309 0.281752 -0.0603952 0.182022 -0.010402 -0.0233164 0.0220738 0.0273335 0.203901 0.0636966 -0.10722 0.0222964 0.0180598 0.213465 0.0967116 0.185665 0.296538 0.0644162 0.138393 0.0902319 -0.0736442 0.197328 -0.0612607
internal_weight=7716 6647 1069 427 369 79 290 51 56 3833 239 803 756 2814 2704 75 53 110 2629 2572 57 642 171 91 471 83 407 3030 47 2381
internal_count=7716 6647 1069 427 369 79 290 51 56 3833 239 803 756 2814 2704 75 53 110 2629 2572 57 642 171 91 471 83 407 3030 47 2381
is_linear=0
shrinkage=0.03


Tree=68
num_leaves=31
num_cat=0
split_feature=41 41 5 18 41 18 0 42 18 41 42 45 59 51 41 19 15 61 61 60 1 24 29 41 41 18 7 20 9 42
split_gain=32796.2 9971.12 5930.2 9396.07 6741.71 4770.93 6899.49 4573.56 3753.84 2777.09 2597.73 2429.64 2418.32 2314.98 2309.25 2128.34 2007.87 1898.42 1733.22 1656.64 1457.53 1663.27 5562.61 2704.03 2528.37 1326.45 1275.76 1078.8 1072.77 882.269
threshold=39.45000000000001 94.100000000000009 106.50000000000001 6306.0000000000009 118.50000000000001 6254.5000000000009 28.496097500000001 26.050000000000004 6641.5000000000009 118.50000000000001 10.950000000000001 3.6650000000000005 96.70714285714287 583.62000000000012 12.250000000000002 1.6541666666666668 996.15000000000009 91.700000000000017 85.578571428571436 63.050000000000004 77.288048550000013 251.58000000000001 43.642857142857146 20.650000000000002 11.15 3935.0000000000005 7.0000000000000009 20039.500000000004 37.150000000000013 7.370000000000001
decision_type=10 10 2 2 10 2 2 10 2 10 10 8 10 2 8 2 2 10 10 10 2 2 2 10 10 2 2 2 2 8
left_child=7 5 9 4 18 10 -7 14 11 17 -2 -8 13 -12 26 -10 19 -3 -4 25 21 24 -23 -24 -9 -16 -1 -26 29 -28
right_child=1 2 3 -5 -6 6 8 20 15 -11 12 -13 -14 -15 16 -17 -18 -19 -20 -21 -22 22 23 -25 27 -27 28 -29 -30 -31
leaf_value=-0.16839823352359234 -0.27927511521748133 0.10543691494248129 0.61567873406410223 -0.053982375711202617 0.9961407474109103 0.64797885961532597 -0.047010840738520895 -0.35764989273888725 0.11347589088810814 -0.11994792204478691 0.036073328785424234 0.22335143029465374 0.34933697147369386 0.121121388852094 -0.09120220480214071 -0.15542773124905157 0.16807950008559872 0.47584781956672667 0.244207178400113 0.20429580737243996 -0.10681792620626779 0.40581073397939854 0.11742756106975404 -0.01153429857251333 -0.031717960856905258 -0.04135291373588066 -0.14951068955441485 0.12568095593917661 0.11506775534671286 -0.066931847668578986
leaf_weight=240 21 33 20 24 28 25 34 21 54 29 1509 249 25 356 707 52 37 20 26 22 130 33 176 868 888 1499 174 41 23 352
leaf_count=240 21 33 20 24 28 25 34 21 54 29 1509 249 25 356 707 52 37 20 26 22 130 33 176 868 888 1499 174 41 23 352
internal_value=-6.09234e-13 0.0892059 0.304318 0.46183 0.62912 0.0725521 0.164882 -0.0428825 0.133834 0.116072 0.0525497 0.19087 0.0562367 0.0523077 -0.0665024 -0.0184391 -0.0511058 0.245215 0.405717 -0.0547457 -0.00944014 -0.00319489 0.022328 0.0102064 -0.0321298 -0.0573291 -0.110702 -0.0247714 -0.0854796 -0.0942488
internal_weight=7716 2505 180 98 74 2325 414 5211 389 82 1911 283 1890 1865 3054 106 2265 53 46 2228 2157 2027 1077 1044 950 2206 789 929 549 526
internal_count=7716 2505 180 98 74 2325 414 5211 389 82 1911 283 1890 1865 3054 106 2265 53 46 2228 2157 2027 1077 1044 950 2206 789 929 549 526
is_linear=0
shrinkage=0.03


Tree=69
num_leaves=31
num_cat=0
split_feature=42 41 41 5 34 60 24 29 6 25 61 5 13 42 1 12 17 60 20 9 63 41 24 17 41 41 64 7 12 9
split_gain=31129.4 9251.06 8848.51 5580.42 5649.49 3295.81 2884.88 3504.24 2806.79 5148.41 3477.31 2789.43 2698.12 2989.39 4145.09 2691.07 2501.04 2273.32 2131.26 2906.2 1977.15 1963.44 2719.8 2574.53 1970.06 1929.79 1914.92 1344.25 1987.09 1717.69
threshold=47.45000000000001 94.100000000000009 29.950000000000003 106.50000000000001 70.683333333333351 91.15000000000002 4309.7700000000013 1389.0000000000002 973.45000000000016 1.0000000180025095e-35 87.95714285714287 184.50000000000003 350.00000000000006 13.950000000000001 77.197765150000009 8.0500000000000025 1297.5000000000002 73.850000000000009 19999.500000000004 38.000000000000007 12.589285714285717 7.370000000000001 518.75500000000011 1155.0000000000002 4.4050000000000011 35.750000000000007 48.225000000000001 7.1000000000000005 3.7500000000000004 23.500000000000004
decision_type=10 10 10 2 10 10 2 2 2 2 10 2 2 8 2 2 2 10 2 2 10 8 2 2 10 10 10 2 2 2
left_child=2 6 21 15 5 -5 8 17 10 -10 16 -11 13 14 -4 20 -2 26 19 -15 -3 22 -1 -24 -25 -20 -8 28 -23 -30
right_child=1 3 12 4 -6 -7 7 -9 9 11 -12 -13 -14 18 -16 -17 -18 -19 25 -21 -22 27 23 24 -26 -27 -28 -29 29 -31
leaf_value=-0.17545294533362824 0.026829632185399532 0.47108646787703035 0.023254826355012175 0.48960901133716106 0.78459466327939709 0.012615073377435856 0.67863185311853891 0.060482946249842642 -0.32254676845512886 -0.15072411939335453 0.44609293424166163 0.079224986932240421 -0.27282887935638428 -0.0041392648706165998 0.47015032179893984 -0.083074290871620174 0.12962165500206566 0.093149818778038032 -0.052419132232666012 0.25750847451961956 0.081843822831692892 0.16076670354810255 -0.22460041208267209 0.33111366047308993 -0.034759258454044657 0.14350445349214841 0.3219728942428316 -0.04178519535977393 -0.23320962662428196 -0.079639643941694038
leaf_weight=262 324 24 47 32 35 22 20 75 38 56 26 312 29 1877 31 30 622 24 60 39 23 29 25 26 27 184 42 2450 71 854
leaf_count=262 324 24 47 32 35 22 20 75 38 56 26 312 29 1877 31 30 622 24 60 39 23 29 25 26 27 184 42 2450 71 854
internal_value=-2.38418e-10 0.113141 -0.0320922 0.325916 0.487706 0.295278 0.0901911 0.210356 0.0761515 0.00990362 0.103823 0.0442327 0.014684 0.0184096 0.200867 0.138912 0.0944159 0.341059 0.0118209 0.00118655 0.280606 -0.0604153 -0.129157 0.0263519 0.144726 0.0953265 0.437024 -0.0535492 -0.0837609 -0.0914272
internal_weight=7716 1705 6011 166 89 54 1539 161 1378 406 972 368 2267 2238 78 77 946 86 2160 1916 47 3744 340 78 53 244 62 3404 954 925
internal_count=7716 1705 6011 166 89 54 1539 161 1378 406 972 368 2267 2238 78 77 946 86 2160 1916 47 3744 340 78 53 244 62 3404 954 925
is_linear=0
shrinkage=0.03


Tree=70
num_leaves=31
num_cat=0
split_feature=61 41 41 47 24 0 37 24 60 37 31 68 41 64 9 20 60 7 14 42 13 35 56 6 5 30 41 19 5 7
split_gain=29555.5 9415.44 6415.13 4125.94 9997.91 3129.8 7654.87 2820.05 2914.77 2323.04 2115.41 1896.62 1829.73 2527.22 1870.91 2021.88 1775.53 1715.7 2446.54 1959.9 1620.42 1507.73 1792.78 1366.24 2535.81 1845.32 1284.08 1595.21 1283.43 2023.76
threshold=51.078571428571436 27.050000000000004 73.450000000000017 19.175000000000001 2407.6750000000006 28.496097500000001 156.81666666666669 249.82000000000002 58.95000000000001 147.15000000000001 277.97285714285732 2.5000000000000004 39.45000000000001 38.205000000000005 20.450000000000003 20453.250000000004 78.550000000000026 7.1000000000000005 7.5500000000000007 32.250000000000007 49.500000000000007 63.750000000000007 67.850000000000009 491.66500000000002 184.50000000000003 285.31833333333338 11.15 16.014583333333338 506.50000000000006 54.480000000000011
decision_type=10 10 10 10 2 2 10 2 10 10 2 2 10 8 2 2 10 2 2 8 2 10 10 2 2 2 10 2 2 2
left_child=1 11 21 4 7 6 -5 -4 -9 -7 -11 -1 20 -14 -15 -16 -8 26 19 -19 -3 -2 -23 25 -25 -24 -13 -28 -22 -30
right_child=2 12 3 5 -6 9 16 8 -10 10 -12 17 13 14 15 -17 -18 18 -20 -21 28 22 23 24 -26 -27 27 -29 29 -31
leaf_value=-0.10669289200159611 -0.115187642831694 0.23152710376381871 0.51794515618868164 0.83768778230462748 0.9308615908026695 -0.019659944650801744 0.33124724320002963 0.35902121271405901 -0.11223013136121961 0.43738126585116754 0.14921566049577956 -0.16533626484374203 -0.046154367243978964 0.2649208466512592 0.034006021337694918 0.15504193183636136 -0.058866462366921557 -0.03879410930787925 -0.16340215660150972 0.048883753017418909 -0.0048317431661233879 0.36527318409511023 0.065576416435992213 -0.050614177334197874 0.10096930263304947 0.21444356757945016 -0.18969374545982906 -0.048998075565691551 -0.29477624574055272 -0.024950567513658869
leaf_weight=652 33 25 20 21 24 66 21 21 27 26 194 153 259 38 904 144 21 1528 124 270 1639 21 164 148 302 138 84 531 36 82
leaf_count=652 33 25 20 21 24 66 21 21 27 26 194 153 259 38 904 144 21 1528 124 270 1639 21 164 148 302 138 84 531 36 82
internal_value=-1.42414e-11 -0.0257786 0.13373 0.22572 0.404444 0.178606 0.370023 0.218649 0.0939423 0.136441 0.183272 -0.0607879 0.0116378 0.0380524 0.0581349 0.0506369 0.13619 -0.0496615 -0.0345165 -0.0256278 -0.00829907 0.0833984 0.0918762 0.0842415 0.0511152 0.133602 -0.0875634 -0.068215 -0.0117115 -0.10727
internal_weight=7716 6469 1247 441 92 349 63 68 48 286 220 3342 3127 1345 1086 1048 42 2690 1922 1798 1782 806 773 752 450 302 768 615 1757 118
internal_count=7716 6469 1247 441 92 349 63 68 48 286 220 3342 3127 1345 1086 1048 42 2690 1922 1798 1782 806 773 752 450 302 768 615 1757 118
is_linear=0
shrinkage=0.03


Tree=71
num_leaves=31
num_cat=0
split_feature=61 61 61 37 38 13 62 61 62 7 8 45 18 39 51 68 53 42 59 68 11 18 42 20 58 24 13 34 58 6
split_gain=27808.8 8148.55 4751.09 4902.3 3458.7 6970.82 8248.17 4137.97 6392.46 2802.69 3123.27 2516.09 2236.99 3339.93 2194.84 2053.93 2019.74 2632.77 4946.18 2103.71 1924.04 1878.82 1871.79 1697.23 1481.51 1372.61 1237.91 1847.66 1172.43 1029.7
threshold=51.078571428571436 28.449285714285718 78.507142857142881 256.16666666666669 38.150000000000013 141.50000000000003 4.8250000000000011 99.857142857142875 3.8350000000000004 7.1000000000000005 35.250000000000007 63.150000000000013 4842.0000000000009 82.850000000000009 76.27500000000002 2.5000000000000004 76715.950000000012 12.550000000000002 43.478571428571435 17.500000000000004 83.500000000000014 3550.0000000000005 47.050000000000004 8281.2500000000018 40.750000000000007 4155.0600000000013 49.500000000000007 48.050000000000018 30.723372093023258 167.94500000000002
decision_type=10 10 10 10 10 2 10 10 8 2 2 8 2 10 2 2 2 8 8 2 2 2 10 2 8 2 2 10 10 2
left_child=1 15 9 4 7 6 -6 8 -4 24 12 -7 14 -14 -11 -1 21 18 -18 22 26 23 -19 29 -2 -21 27 -17 -9 -3
right_child=2 16 3 -5 5 11 -8 28 -10 10 -12 -13 13 -15 -16 20 17 19 -20 25 -22 -23 -24 -25 -26 -27 -28 -29 -30 -31
leaf_value=-0.10253441036224056 0.014162720579583689 -0.22591424310766159 0.65961254722692741 0.60415501701420748 1.0688774369359015 0.25167564475494952 0.21760749288967679 -0.28820779634558635 0.089144229859113688 -0.025928748236859547 -0.070271727676902498 -0.14222672617435456 0.14494394204939123 0.47035309004783632 0.16142454557120797 0.30517027027904986 -0.043071819663047788 0.017152262165293423 0.5814610680512019 -0.027424789522669281 -0.093890651303296255 0.16343739928007125 0.092083001237894799 0.1154650920510292 -0.26600144743323328 0.095868528974242501 -0.035411326316520469 -0.063344197963178153 0.014703754601271256 -0.071713062440486336
leaf_weight=707 53 80 22 29 20 54 21 23 90 136 77 20 528 30 96 24 25 1279 21 1062 572 25 392 25 25 88 2068 25 23 76
leaf_count=707 53 80 22 29 20 54 21 23 90 136 77 20 528 30 96 24 25 1279 21 1062 572 25 392 25 25 88 2068 25 23 76
internal_value=3.57262e-11 -0.0250052 0.129718 0.233303 0.193909 0.319072 0.632861 0.102809 0.201201 0.0966149 0.112111 0.145216 0.129888 0.162439 0.0515968 -0.057034 0.0103901 0.0169095 0.242041 0.0132384 -0.0450709 -0.0803435 0.0347303 -0.114015 -0.0756335 -0.0179902 -0.0318801 0.117153 -0.136752 -0.150791
internal_weight=7716 6469 1247 302 273 115 41 158 112 945 867 74 790 558 232 3396 3073 2867 46 2821 2689 206 1671 181 78 1150 2117 49 46 156
internal_count=7716 6469 1247 302 273 115 41 158 112 945 867 74 790 558 232 3396 3073 2867 46 2821 2689 206 1671 181 78 1150 2117 49 46 156
is_linear=0
shrinkage=0.03


Tree=72
num_leaves=31
num_cat=0
split_feature=41 41 24 47 11 1 18 17 17 48 42 15 29 24 20 42 17 8 25 20 18 60 6 19 18 54 37 49 41 30
split_gain=26433.5 7880.97 5745.71 11800.1 3371.45 3535.25 3340.49 3747.03 4075.13 5434.07 3358.46 3151.33 3005.84 2371.69 3154.6 2082.83 2939.46 2181.6 1899.02 1869.12 1852.66 1765.32 2181.88 1737.62 1929.95 1734.57 1677.62 1566.62 1484.21 2179.85
threshold=53.750000000000007 26.450000000000003 4309.7700000000013 20.275000000000002 30.000000000000004 77.13893400000002 4955.5000000000009 3567.5000000000005 3207.5000000000005 76.950000000000017 41.250000000000007 996.15000000000009 487.85714285714295 1686.1000000000001 12087.000000000002 32.45000000000001 1752.5000000000002 26.250000000000004 2.5000000000000004 31023.500000000004 3922.0000000000005 37.850000000000001 636.00000000000011 8.0916666666666686 3770.0000000000005 147.50000000000003 231.50000000000003 116.20522781774579 6.8750000000000009 391.97916666666669
decision_type=10 10 2 10 2 2 2 2 2 8 10 2 2 2 2 10 2 2 2 2 2 10 2 2 2 10 10 8 8 2
left_child=1 15 6 -4 -5 -6 12 8 10 -10 -8 20 13 14 -2 28 18 26 27 -9 23 25 -23 -3 -25 -22 -18 -17 29 -1
right_child=2 11 3 4 5 -7 7 19 9 -11 -12 -13 -14 -15 -16 16 17 -19 -20 -21 21 22 -24 24 -26 -27 -28 -29 -30 -31
leaf_value=-0.17663769925893708 0.054691957138262345 0.065656742018273498 0.95377418926783963 -0.029882498561989428 0.51682439935834779 0.15554925203761633 -0.07198718021639057 -0.14836938278512521 0.20315591683854228 0.78557134475026813 0.16367444356995645 0.35139698825776577 -0.28095500773853721 0.26167040145251808 -0.25806238830089567 -0.027186886735030055 0.49037892066914107 0.016821319540341696 -0.13698074155930176 0.095739803432390608 -0.014909382118558396 0.085411060859367477 -0.00017631922709403938 -0.03936310335203401 -0.22415150679514875 0.10115335366077488 0.11469381334958598 0.206950089097023 -0.05820126572743968 0.01158903513405774
leaf_weight=220 241 127 21 43 38 68 61 55 46 21 505 24 27 41 33 97 23 45 103 58 1225 604 482 555 56 128 20 35 2640 74
leaf_count=220 241 127 21 43 38 68 61 55 46 21 505 24 27 41 33 97 23 45 103 58 1225 604 482 555 56 128 20 35 2640 74
internal_value=1.28919e-10 -0.0245072 0.125809 0.288006 0.194173 0.285063 0.100466 0.136058 0.164465 0.385704 0.138276 0.00892217 0.0228287 0.0488673 0.0170245 -0.0573618 0.0149432 0.162836 -0.0404378 -0.0230744 0.00633501 0.0189368 0.0474248 -0.0353125 -0.0562995 -0.00392932 0.315642 0.0348949 -0.0653218 -0.129261
internal_weight=7716 6458 1258 170 149 106 1088 746 633 67 566 3201 342 315 274 3257 323 88 235 113 3177 2439 1086 738 611 1353 43 132 2934 294
internal_count=7716 6458 1258 170 149 106 1088 746 633 67 566 3201 342 315 274 3257 323 88 235 113 3177 2439 1086 738 611 1353 43 132 2934 294
is_linear=0
shrinkage=0.03


Tree=73
num_leaves=31
num_cat=0
split_feature=41 41 24 47 14 5 0 63 10 31 15 16 1 35 53 13 15 51 51 42 17 9 41 25 21 65 41 30 13 15
split_gain=24919.5 8008.86 5293.58 12338.6 3638.04 4126.57 4045.6 6787.7 3828.48 3050.41 2932.1 2832.94 2711 2293.1 2081.9 3709.2 3174.58 2069.1 3654.26 1959.74 2765.74 2537.76 2107.25 1786.79 1701.02 1457.92 1396.49 2051.02 1702.29 1116.71
threshold=56.050000000000004 26.450000000000003 4309.7700000000013 20.275000000000002 1.6500000000000001 506.50000000000006 28.496097500000001 7.7692857142857141 25.750000000000004 9764.111428571432 996.15000000000009 15.850000000000003 77.13893400000002 87.750000000000014 200914.45000000004 92.000000000000014 974.00000000000011 594.3950000000001 542.48500000000013 32.45000000000001 1752.5000000000002 37.350000000000001 20.650000000000002 2.5000000000000004 570.00000000000011 112.44285714285718 6.8750000000000009 391.97916666666669 271.50000000000006 996.15000000000009
decision_type=10 10 2 10 2 2 2 10 2 2 2 2 2 10 2 2 2 2 2 10 2 2 10 2 2 8 8 2 2 2
left_child=1 19 4 -4 5 6 7 -2 -8 12 14 -7 -5 -6 17 -16 -17 18 -3 26 23 22 -22 25 -19 -21 27 -1 -29 -28
right_child=2 10 3 9 13 11 8 -9 -10 -11 -12 -13 -14 -15 15 16 -18 24 -20 20 21 -23 -24 -25 -26 -27 29 28 -30 -31
leaf_value=-0.1713385684114288 0.80317730155374323 -0.010903111441750437 0.98843911242485039 0.51866714020259674 -0.33827742495320057 -0.39041243450982227 0.16135368847216519 0.19206806180042191 0.0031967613402576673 0.0069072984082295605 0.34085508204996584 0.03010951743177746 0.17137933347441933 0.0095213748044089257 0.45699914666265246 0.24875334303887162 0.02176901916194646 0.066547760379972384 -0.27043714218735693 -0.020222597913268733 0.37493966294409231 -0.12108898523178968 0.019183323694312051 -0.13287132074134153 -0.14485177376785793 0.21768820589780805 -0.058936038885419373 0.16730873171020955 -0.12141589902341365 0.09700066530012659
leaf_weight=220 21 2080 20 32 22 21 508 74 189 51 24 46 55 76 20 61 610 462 50 102 43 22 23 103 37 30 2598 34 40 42
leaf_count=220 21 2080 20 32 22 21 508 74 189 51 24 46 55 76 20 61 610 462 50 102 43 22 23 103 37 30 2598 34 40 42
internal_value=1.47829e-10 -0.0221578 0.131178 0.292052 0.104618 0.124375 0.1435 0.327155 0.118468 0.191127 0.0104542 -0.101696 0.299117 -0.0685559 0.00806574 0.0544038 0.042404 -0.00411365 -0.0169955 -0.0556409 0.0144949 0.157951 0.250964 -0.0392247 0.0508728 0.033848 -0.0633621 -0.125383 0.0112414 -0.0564552
internal_weight=7716 6601 1115 158 957 859 792 95 697 138 3344 67 87 98 3320 691 671 2629 2130 3257 323 88 66 235 499 132 2934 294 74 2640
internal_count=7716 6601 1115 158 957 859 792 95 697 138 3344 67 87 98 3320 691 671 2629 2130 3257 323 88 66 235 499 132 2934 294 74 2640
is_linear=0
shrinkage=0.03


Tree=74
num_leaves=31
num_cat=0
split_feature=42 24 47 42 0 37 19 19 60 1 48 12 6 25 17 15 18 15 51 53 51 53 18 18 17 6 10 23 38 18
split_gain=23553.2 5446.28 9792.39 4746.02 3236.87 3709.13 7238.09 3130.85 2956.69 2946.05 2997.23 2628.81 2669.72 4330.08 3846.58 2314.76 2207.1 4765.83 1832.69 1557.29 2351.78 2054.3 1544.38 2133.59 1264.93 1197.61 1219.97 1202.82 1179.28 1080.71
threshold=47.45000000000001 4309.7700000000013 20.275000000000002 26.050000000000004 28.496097500000001 155.3666666666667 14.958333333333336 11.060416666666667 84.15000000000002 77.14626250000002 47.465000000000011 12.050000000000002 973.45000000000016 1.0000000180025095e-35 1667.5000000000002 972.55000000000007 3935.0000000000005 995.50000000000011 2584.8600000000006 124459.00000000001 267.11500000000007 205838.20000000004 6641.5000000000009 6254.5000000000009 1865.0000000000002 167.94500000000002 21.350000000000005 188.15500000000003 29.450000000000003 4149.0000000000009
decision_type=10 2 10 10 2 10 2 2 10 2 10 2 2 2 2 2 2 2 2 2 2 2 2 2 2 2 2 2 10 2
left_child=3 4 -3 16 5 6 -2 -4 29 10 -9 12 14 -14 -6 -5 24 19 22 20 -18 -21 23 -17 25 27 -27 -1 -11 -7
right_child=1 2 7 15 11 8 -8 9 -10 28 -12 -13 13 -15 -16 18 17 -19 -20 21 -22 -23 -24 -25 -26 26 -28 -29 -30 -31
leaf_value=-0.088213558744813139 0.85947252988815304 0.84449291792782866 -0.05650901010714289 -0.19391213681134911 0.016965685829332652 0.058510248811799101 0.16049393671425058 0.71117070508003233 -0.18750545303821564 0.26865963186411296 0.23032259643610031 0.32875393395693125 -0.32380456298589705 0.022797942670664133 0.13795934462086912 -0.0043389766287014872 0.096712499369596 0.3606192826148536 0.12497379181308485 -0.066374063239670322 -0.12006632695595423 0.0072365426273828144 -0.20449675820090554 0.11771218071664299 -0.2873934303862708 -0.03673149082223949 -0.19249174414873121 -0.19363372540283472 0.036714930984568087 0.28992592109367255
leaf_weight=364 20 22 41 54 427 32 40 20 25 34 28 33 36 328 530 2471 158 27 109 1463 63 445 33 136 28 477 50 133 47 42
leaf_count=364 20 22 41 54 427 32 40 20 25 34 28 33 36 328 530 2471 158 27 109 1463 63 445 33 136 28 477 50 133 47 42
internal_value=-8.75686e-11 0.0984151 0.248929 -0.0279151 0.0793148 0.207363 0.393487 0.171857 0.0945614 0.244438 0.430676 0.064278 0.0576711 -0.0114814 0.0839737 0.000602833 -0.0528327 -0.0354508 0.00442379 -0.0404737 0.0349158 -0.049206 -0.000553465 0.0020281 -0.0884558 -0.0830161 -0.0515095 -0.116425 0.134074 0.189854
internal_weight=7716 1705 192 6011 1513 159 60 170 99 129 48 1354 1321 364 957 2803 3208 2156 2749 2129 221 1908 2640 2607 1052 1024 527 497 81 74
internal_count=7716 1705 192 6011 1513 159 60 170 99 129 48 1354 1321 364 957 2803 3208 2156 2749 2129 221 1908 2640 2607 1052 1024 527 497 81 74
is_linear=0
shrinkage=0.03


Tree=75
num_leaves=31
num_cat=0
split_feature=41 41 41 37 51 15 5 15 0 18 38 18 35 5 5 46 61 18 20 24 9 5 10 49 61 17 41 60 21 29
split_gain=22439.6 5396.96 5193.33 5156.82 3947.67 3674.81 3651.43 5173.65 3052 4698.95 2630.37 2450.14 2797.23 2646.2 2165.26 2053.59 1562.83 1531.49 1993.78 7138.99 1956.78 1822.39 1510.11 1472.99 2653.12 4765.96 1248.43 1389.55 1115.36 1087.57
threshold=48.650000000000013 26.450000000000003 94.100000000000009 261.15000000000003 565.55500000000018 996.15000000000009 106.50000000000001 981.6500000000002 28.496097500000001 6254.5000000000009 52.150000000000013 4930.0000000000009 56.550000000000004 506.50000000000006 406.00000000000006 3.140000000000001 16.495714285714289 4660.5000000000009 5836.0000000000009 286.37000000000006 34.550000000000004 506.50000000000006 13.250000000000002 98.350000000000009 29.157142857142862 1752.5000000000002 11.15 59.95000000000001 743.00000000000011 18.928571428571434
decision_type=10 10 10 10 2 2 2 2 2 2 10 2 10 2 2 8 8 2 2 2 2 2 2 8 10 2 10 10 2 2
left_child=1 16 8 4 6 17 10 -8 9 -2 -4 13 -13 14 -10 -14 28 20 19 -19 21 -3 -20 26 29 -26 -18 -28 -1 -25
right_child=2 5 3 -5 -6 -7 7 -9 11 -11 -12 12 15 -15 -16 -17 23 18 22 -21 -22 -23 -24 24 25 -27 27 -29 -30 -31
leaf_value=-0.083965459058580855 0.13617709585894389 -0.010513524099958076 -0.032225667477949804 0.69323920880045209 -0.19015481403895784 0.40910001674294472 0.18928616641383419 0.73241491688622362 0.0090700010526600615 0.60625034202700068 0.34079309279719983 -0.25709899163246153 -0.093406182854719785 -0.23730305086921999 0.29843446283340452 0.11251368111194471 -0.14287512813650427 0.0094939780598733477 -0.17103143153339623 0.58859534908533095 -0.29927628885144769 -0.17407306956327878 0.015722345020202887 0.10810195752033372 0.0008890864183194935 0.34950328211188314 -0.047876791195133411 0.20401637033186851 0.14198334234952925 -0.055063489632304299
leaf_weight=1165 114 1080 46 21 21 20 38 27 337 23 27 20 46 37 25 831 126 82 40 25 23 65 1511 41 120 50 1359 20 20 356
leaf_count=1165 114 1080 46 21 21 20 38 27 337 23 27 20 46 37 25 831 126 82 40 25 23 65 1511 41 120 50 1359 20 20 356
internal_value=5.17324e-11 -0.0263014 0.0995147 0.251399 0.193043 0.00387839 0.251356 0.414893 0.0804364 0.215095 0.10574 0.0662017 0.0937126 0.00435398 0.0290537 0.101713 -0.0526728 0.00101058 0.0195468 0.144798 -0.025302 -0.0197986 0.010906 -0.0369571 0.00425297 0.103423 -0.0524827 -0.0442235 -0.080152 -0.0382127
internal_weight=7716 6103 1613 180 159 2846 138 65 1433 137 73 1296 897 399 362 877 3257 2826 1658 107 1168 1145 1551 2072 567 170 1505 1379 1185 397
internal_count=7716 6103 1613 180 159 2846 138 65 1433 137 73 1296 897 399 362 877 3257 2826 1658 107 1168 1145 1551 2072 567 170 1505 1379 1185 397
is_linear=0
shrinkage=0.03


Tree=76
num_leaves=31
num_cat=0
split_feature=61 41 41 15 63 8 13 16 44 42 68 15 15 18 15 25 24 5 19 19 49 41 16 19 62 59 35 5 7 19
split_gain=21261.9 7362.68 4454.75 3673.11 6591.84 6017.67 3454.86 3161.82 3733.5 2982.04 2138.22 2113.15 3438.57 2108.82 4027.39 3073.92 1848.81 4625.82 1740.44 2462.46 2554 3450.59 2184.8 1849.15 1841.31 2189.09 1753.55 1726.26 2280.15 1683.01
threshold=53.478571428571435 34.023333333333341 73.450000000000017 979.1500000000002 7.576428571428572 30.750000000000004 105.50000000000001 25.750000000000004 3.2950000000000004 65.850000000000009 2.5000000000000004 972.55000000000007 972.75000000000011 3935.0000000000005 989.55000000000007 3.5000000000000004 4309.7700000000013 506.50000000000006 18.662500000000005 13.891666666666667 37.055000000000014 59.350000000000001 24.750000000000004 14.668750000000001 10.65 25.878571428571433 152.50000000000003 180.50000000000003 12.305000000000001 8.2937500000000011
decision_type=10 10 10 2 10 2 2 2 10 10 2 2 2 2 2 2 2 2 2 2 10 10 2 2 10 10 10 2 2 2
left_child=1 10 18 7 5 -5 -6 8 -4 -8 -1 -3 -13 27 -15 -16 17 -14 19 22 21 -21 29 -22 26 -26 -20 28 -12 -2
right_child=2 11 3 4 6 -7 9 -9 -10 -11 13 12 16 14 15 -17 -18 -19 24 20 23 -23 -24 -25 25 -27 -28 -29 -30 -31
leaf_value=-0.089501155554329831 0.096522258125966584 -0.17872539842128754 -0.36553214141300744 0.25426585146266478 -0.093513453981360864 0.76442365389121203 0.49776632988452912 0.31164114923461489 0.080650274777828254 0.1661813310289201 -0.098037566216630304 0.42052337998151779 0.029232766889591678 -0.03064262690497388 0.16354661126389522 -0.046459919735207217 0.13924272645018562 -0.17344781914847754 -0.0075313277244567871 0.66467213366712841 0.36152024796009063 0.13278367514195649 0.26986706898042134 0.078501556582930607 0.37954871043562888 -0.015995725697755595 -0.27891510254144664 -0.20061147917675065 -0.014165522280190272 -0.05739481352692978
leaf_weight=722 124 45 21 46 37 38 30 38 86 131 578 20 1918 2191 181 96 121 107 75 21 25 23 35 123 20 34 30 79 589 132
leaf_count=722 124 45 21 46 37 38 30 38 86 131 578 20 1918 2191 181 96 121 107 75 21 25 23 35 123 20 34 30 79 589 132
internal_value=-9.44123e-11 -0.0199711 0.124179 0.199272 0.262366 0.485052 0.167893 0.0765663 -0.00691824 0.227967 -0.0422618 0.0247516 0.0289789 -0.0330785 -0.0170163 0.0907646 0.0253299 0.0185232 0.0742347 0.102575 0.185968 0.38664 0.0475532 0.126309 -0.0118565 0.130502 -0.0850695 -0.0648937 -0.0557063 0.0171588
internal_weight=7716 6647 1069 427 282 84 198 145 107 161 4436 2211 2166 3714 2468 277 2146 2025 642 483 192 44 291 148 159 54 105 1246 1167 256
internal_count=7716 6647 1069 427 282 84 198 145 107 161 4436 2211 2166 3714 2468 277 2146 2025 642 483 192 44 291 148 159 54 105 1246 1167 256
is_linear=0
shrinkage=0.03


Tree=77
num_leaves=31
num_cat=0
split_feature=61 61 61 9 11 11 34 37 62 49 29 35 18 8 18 13 25 8 31 5 24 68 53 12 16 39 24 65 20 7
split_gain=20106.6 6021.54 3401.1 3287.13 3503.76 4186.34 8591.59 3065.8 2772.09 2506.49 2173.37 2997.5 1879.64 2620.5 2350.32 2016.2 4279.27 1814.27 1802.83 6913.05 3069.33 2694.09 2488.82 1939.78 4164.16 1783.57 1715.61 1250.77 1069.97 1269.88
threshold=40.839285714285722 74.200000000000017 18.907857142857146 32.95000000000001 30.000000000000004 40.500000000000007 75.716666666666669 173.16666666666671 6.6950000000000012 24.196666666666669 93.928571428571445 191.50000000000003 3394.0000000000005 15.100000000000001 4116.0000000000009 55.000000000000007 4.5000000000000009 25.250000000000004 277.97285714285732 103.50000000000001 221.16000000000005 17.500000000000004 214270.45000000004 3.6500000000000008 11.950000000000001 88.250000000000014 142.21000000000004 45.572857142857153 7411.0000000000009 11.705000000000002
decision_type=10 10 10 2 2 2 10 10 10 8 2 10 2 2 2 2 2 2 2 2 2 2 2 2 2 10 2 8 2 2
left_child=2 18 -1 7 10 6 -6 8 -3 -7 -5 -12 28 14 -14 16 -15 -17 19 20 22 23 -2 -20 -25 26 -23 -22 29 -4
right_child=1 3 12 4 5 9 -8 -9 -10 -11 11 -13 13 15 -16 17 -18 -19 21 -21 27 25 -24 24 -26 -27 -28 -29 -30 -31
leaf_value=-0.067161036475024527 -0.0070352424795638363 -0.079278126563876866 -0.1451894206920436 -0.18480345834856449 0.26809184198651242 0.48825565081575639 0.98908220018659321 -0.19912649468013216 0.40364731006000354 0.14789924333356028 -0.090935747520281718 0.3293877354828087 0.061441772310310498 -0.046176630620445525 0.37779075935482975 0.012629797429384014 0.48059489106354508 -0.034554656367335471 0.20411546445110948 0.53991491548837189 0.4406700953096151 0.16263052170191492 0.25982868964473405 -0.21443995231389998 0.06684097068669119 0.25173288828134532 -0.056891170279331764 0.16836000002565837 0.016144228632998678 -0.043104536374407552
leaf_weight=1644 249 20 193 23 51 23 21 35 23 127 26 37 113 35 26 1216 23 1848 82 31 20 35 36 50 900 20 379 63 113 254
leaf_count=1644 249 20 193 23 51 23 21 35 23 127 26 37 113 35 26 1216 23 1848 82 31 20 35 36 50 900 20 379 63 113 254
internal_value=5.64569e-11 0.0754575 -0.0310805 0.183311 0.227367 0.290345 0.478381 0.00934485 0.179031 0.200087 0.0647969 0.155921 -0.0155567 -0.00683723 0.120615 -0.0125117 0.162716 -0.0158287 0.053135 0.109673 0.0734297 0.0377471 0.0266739 0.0641205 0.0520367 -0.0249655 -0.0383326 0.233977 -0.0663318 -0.0871815
internal_weight=7716 2251 5465 386 308 222 72 78 43 150 86 63 3821 3261 139 3122 58 3064 1865 399 368 1466 285 1032 950 434 414 83 560 447
internal_count=7716 2251 5465 386 308 222 72 78 43 150 86 63 3821 3261 139 3122 58 3064 1865 399 368 1466 285 1032 950 434 414 83 560 447
is_linear=0
shrinkage=0.03


Tree=78
num_leaves=31
num_cat=0
split_feature=61 41 41 65 37 36 11 13 63 15 9 11 22 62 12 10 1 42 1 10 19 17 6 68 12 45 68 44 18 15
split_gain=18987.1 5879.34 4808.24 3532.82 6506.66 5212.31 3270.99 4443.23 5299.39 2562.69 2269.1 3007.01 2375.1 2227.88 2038.64 2392.89 1955.86 3469.6 1779.64 1681.36 1955.97 3482.28 7006.68 2784.47 2078.86 1634.58 1583.65 1560.01 1435.87 2884.97
threshold=45.50714285714286 73.450000000000017 29.950000000000003 112.44285714285718 233.16666666666671 206.50000000000003 49.500000000000007 127.50000000000001 7.9035714285714294 979.6500000000002 36.550000000000004 53.500000000000007 53.500000000000007 65.550000000000011 8.7500000000000018 18.100000000000005 77.175104500000018 13.950000000000001 77.146786750000018 10.750000000000002 10.981250000000001 1857.5000000000002 512.86000000000013 9.5000000000000018 7.7500000000000009 6.6750000000000007 2.5000000000000004 3.9450000000000007 3935.0000000000005 989.55000000000007
decision_type=10 10 10 8 10 10 2 2 10 2 2 2 2 8 2 2 2 10 2 2 2 2 2 2 2 10 2 10 2 2
left_child=2 19 26 6 5 13 7 8 -3 -9 14 12 -12 -5 16 -16 -4 -18 -14 -2 23 25 -23 -21 -25 -22 -1 -8 -28 -30
right_child=1 3 10 4 -6 -7 27 9 -10 -11 11 -13 18 -15 15 -17 17 -19 -20 20 21 22 -24 24 -26 -27 28 -29 29 -31
leaf_value=-0.086921702374356785 0.28433186658791132 0.68507320289981766 -0.055152542635434856 0.58848484788622168 0.73005125396781489 -0.19072366771490676 -0.25268459330499171 -0.064634869064463946 0.20278831933225902 0.19214778280090086 -0.14870059825479984 0.42122502767521403 0.23307951075397432 0.21800766382366418 0.14207129999805809 -0.018278018508879643 0.31429954024878409 0.0013453334855259792 0.04006958840077552 0.080902836495744326 -0.069864518552397697 0.34268743062598833 0.064916163271825228 -0.15466893796190503 0.050775188652437117 0.054514605552224177 -0.064997992973446592 0.04469443826252812 -0.034737970712240072 0.077453555156408838
leaf_weight=689 28 29 653 21 27 23 20 61 70 82 40 23 65 48 177 159 33 942 127 168 144 108 336 131 67 280 1056 77 1799 233
leaf_count=689 28 29 653 21 27 23 20 61 70 82 40 23 65 48 177 159 33 942 127 168 144 108 336 131 67 280 1056 77 1799 233
internal_value=2.84304e-11 0.0878661 -0.0252051 0.179936 0.320565 0.20039 0.130571 0.189569 0.344064 0.0826111 0.00984414 0.0940359 0.0615991 0.330762 -0.00108707 0.0661917 -0.0149726 0.0119376 0.105411 0.0544524 0.0492363 0.0737623 0.132482 -0.00892901 -0.08515 0.0122726 -0.0457966 -0.0166208 -0.0366207 -0.0218735
internal_weight=7716 1720 5996 458 119 92 339 242 99 143 2219 255 232 69 1964 336 1628 975 192 1262 1234 868 444 366 198 424 3777 97 3088 2032
internal_count=7716 1720 5996 458 119 92 339 242 99 143 2219 255 232 69 1964 336 1628 975 192 1262 1234 868 444 366 198 424 3777 97 3088 2032
is_linear=0
shrinkage=0.03


Tree=79
num_leaves=31
num_cat=0
split_feature=61 61 18 19 47 19 24 16 68 11 11 21 6 49 17 20 13 16 68 11 24 22 18 17 26 0 13 55 1 61
split_gain=17925.9 6189.08 3286.58 2829.8 4079.5 5829.8 3266.8 2968.31 2485.37 2405.12 4089.88 3629.66 2281.19 2070.14 2054.38 2388.69 2904.98 2780.36 1586.57 1539.45 1368.98 2271.42 1320.63 1460.95 1202.77 1113.64 1066.6 1698.37 985.071 906.537
threshold=56.050000000000004 28.449285714285718 4461.0000000000009 21.725000000000005 31.405000000000005 13.99791666666667 4309.7700000000013 21.750000000000004 17.500000000000004 30.000000000000004 38.000000000000007 80.500000000000014 1158.2500000000002 167.46666666666667 1457.5000000000002 12087.000000000002 314.50000000000006 14.550000000000002 2.5000000000000004 83.500000000000014 1956.9300000000003 423.50000000000006 4310.5000000000009 1037.5000000000002 10.500000000000002 28.662761550000003 49.500000000000007 41.914285714285718 77.13893400000002 3.7953571428571435
decision_type=10 10 2 2 10 2 2 2 2 2 2 2 2 10 2 2 2 2 2 2 2 2 2 2 2 2 2 10 2 8
left_child=1 18 25 4 5 7 -7 -4 14 11 -11 -6 28 22 20 16 -16 -17 -1 26 21 -3 24 -24 -10 -2 27 -20 -5 -28
right_child=2 8 3 12 9 6 -8 -9 13 10 -12 -13 -14 -15 15 17 -18 -19 19 -21 -22 -23 23 -25 -26 -27 29 -29 -30 -31
leaf_value=-0.085723005511456785 0.018114261183234833 0.0045942239457976387 -0.021121312753587473 0.23129712021946908 -0.35714472573995593 0.33334857110466271 0.71816399491750282 0.33563970744609833 -0.12526607690958083 0.33517672029497858 0.10502600097705667 0.075100895723850605 -0.23662586189549545 0.24477821206817257 0.098041205979194593 -0.26176131902069877 0.38864899109391604 0.041575369595206885 0.30270322680473327 -0.078887376819966826 0.11575089463498442 -0.26912159570625849 0.2153161624761728 -0.012782617678345405 -0.017611850947964913 -0.21829786907542836 -0.19939172744750977 -0.05120069918151085 -0.020034669265151024 -0.0244127486737933
leaf_weight=707 97 1070 61 25 20 84 26 32 193 91 294 139 29 26 346 29 34 437 23 572 96 28 26 902 181 22 27 26 32 2041
leaf_count=707 97 1070 61 25 20 84 26 32 193 91 294 139 29 26 346 29 34 437 23 572 96 28 26 902 181 22 27 26 32 2041
internal_value=9.49622e-11 -0.0171547 0.121885 0.142953 0.161714 0.276481 0.424305 0.101635 0.0116611 0.118888 0.159425 0.0207304 -0.0200097 -0.0202798 0.032454 0.0682195 0.124043 0.0226982 -0.0457329 -0.0352185 0.00711265 -0.00238578 -0.0255728 -0.00639192 -0.073166 -0.0255922 -0.0234195 0.114917 0.0901986 -0.0266973
internal_weight=7716 6764 952 833 747 203 110 93 3368 544 385 159 86 1328 2040 846 380 466 3396 2689 1194 1098 1302 928 374 119 2117 49 57 2068
internal_count=7716 6764 952 833 747 203 110 93 3368 544 385 159 86 1328 2040 846 380 466 3396 2689 1194 1098 1302 928 374 119 2117 49 57 2068
is_linear=0
shrinkage=0.03


Tree=80
num_leaves=31
num_cat=0
split_feature=41 41 24 47 14 5 10 10 65 29 15 1 16 35 53 25 7 14 42 46 41 12 35 42 33 37 7 62 35 12
split_gain=17032.1 5488.83 4118.13 10048.3 3008.49 3516.37 3607.23 8806.31 2770.35 2591.91 2468.86 2425.1 2342.13 2037.74 1685.61 2033.49 1594.89 1980.56 2096.28 2194.96 1498.35 1736.35 1496.44 1766.7 1444.73 1420.18 1088.06 1086.58 821.382 766.456
threshold=56.050000000000004 26.450000000000003 4309.7700000000013 20.275000000000002 1.6500000000000001 506.50000000000006 25.750000000000004 24.300000000000001 51.651428571428575 1465.2142857142858 996.15000000000009 77.13893400000002 15.850000000000003 87.750000000000014 76715.950000000012 3.5000000000000004 7.1000000000000005 7.5500000000000007 32.250000000000007 11.698333333333338 10.65 3.7500000000000004 55.550000000000004 13.15 101.50000000000001 83.26666666666668 21.065000000000001 89.950000000000003 208.50000000000003 7.9500000000000011
decision_type=10 10 2 10 2 2 2 2 10 2 2 2 2 10 2 2 2 2 10 8 10 2 8 8 10 10 2 10 10 2
left_child=1 16 4 -4 5 6 7 -2 -8 11 14 -5 -7 -6 15 27 20 18 26 -20 -1 -22 25 -24 -23 -16 -18 -3 -14 -15
right_child=2 10 3 9 13 12 8 -9 -10 -11 -12 -13 28 29 22 -17 17 -19 19 -21 21 24 23 -25 -26 -27 -28 -29 -30 -31
leaf_value=-0.15406761968228483 0.11138092523091472 -0.10692180040350649 0.87878158307075493 0.46645921468734741 -0.32671680856834756 -0.36821670940944123 0.090485052539877694 0.4437398072757891 -0.13907179927825927 -0.010547061334638034 0.31185888044536114 0.13799403109333733 -0.097037871892635644 0.10703227344242965 -0.040651157937687019 0.039371496919701071 -0.014915710512463225 -0.13852740184385329 -0.12699973096044695 0.095786548849054659 0.19661258009464844 -0.053589200039196858 0.16678068866474288 0.014203563347599828 -0.19651464712661756 -0.30758523774147034 -0.059831123513562769 -0.34469503247737887 0.15868592711538076 -0.084572989333953172
leaf_weight=193 492 128 20 32 22 21 146 84 70 51 24 55 26 34 174 94 1006 150 49 212 23 615 70 2814 71 20 938 20 20 42
leaf_count=193 492 128 20 32 22 21 146 84 70 51 24 55 26 34 174 94 1006 150 49 212 23 615 70 2814 71 20 938 20 20 42
internal_value=-1.0799e-10 -0.0183186 0.108449 0.250342 0.0850228 0.102989 0.120643 0.15985 0.0160916 0.159264 0.00867946 0.258809 -0.105699 -0.0724565 0.0064878 -0.0697478 -0.0460378 -0.0330455 -0.0258699 0.0539608 -0.0799588 -0.0597853 0.0124816 0.0179069 -0.0683818 -0.0681701 -0.0365879 -0.139053 0.0141464 0.00114515
internal_weight=7716 6601 1115 158 957 859 792 576 216 138 3344 87 67 98 3320 242 3257 2355 2205 261 902 709 3078 2884 686 194 1944 148 46 76
internal_count=7716 6601 1115 158 957 859 792 576 216 138 3344 87 67 98 3320 242 3257 2355 2205 261 902 709 3078 2884 686 194 1944 148 46 76
is_linear=0
shrinkage=0.03


Tree=81
num_leaves=31
num_cat=0
split_feature=41 61 37 48 30 20 34 41 12 60 30 30 7 24 29 21 23 23 21 60 6 23 1 18 9 18 21 43 41 19
split_gain=16187.6 5146.7 2721.92 6744.89 2850.37 6596.78 2435.49 2433.78 2414.96 5418 2277.41 3605.58 2276.1 2144.06 2642.94 2344.73 2466.63 6616.21 5943.14 1939.86 1735.38 3376.64 1560.99 1813.16 2546.95 1572.75 1451.55 1415.42 1490.3 1356.11
threshold=39.250000000000007 74.200000000000017 257.83333333333343 52.480000000000011 376.7766666666667 19366.500000000004 68.750000000000014 12.250000000000002 9.7500000000000018 75.350000000000009 501.89500000000004 519.93166666666673 21.820000000000004 4309.7700000000013 1465.2142857142858 453.50000000000006 253.07000000000002 249.82000000000002 58.500000000000007 84.15000000000002 2174.1900000000005 3258.5950000000007 77.288048550000013 3935.0000000000005 28.950000000000003 3770.0000000000005 486.00000000000006 25.583333333333332 3.8600000000000008 18.662500000000005
decision_type=10 10 10 10 2 2 10 8 2 10 2 2 2 2 2 2 2 2 2 10 2 2 2 2 2 2 2 10 10 2
left_child=7 13 4 -4 5 6 -3 10 12 -10 27 -12 -6 15 29 16 17 -2 -18 22 -17 -22 23 25 -25 -9 -13 28 -1 -15
right_child=1 2 3 -5 8 -7 -8 19 9 -11 11 26 -14 14 -16 20 18 -19 -20 -21 21 -23 -24 24 -26 -27 -28 -29 -30 -31
leaf_value=-0.20109561378136276 0.018041701530327709 0.25603182246003831 0.78944015926122657 0.019643787784235815 0.28360974536788075 0.68503471667949967 -0.15896677422523497 -0.033986257571094129 0.63562866142817909 -0.045840412718909131 0.26560902784744811 -0.12248772135026313 0.0055167237022420859 0.29046450381832462 -0.012089621769403343 0.029273004025220869 0.43472011741537314 -0.45266495602471485 0.057881121812971961 0.21930114817619323 -0.44528302201202935 -0.017900155768161865 -0.06808432583665569 0.063391959504686929 -0.015262854156769121 -0.1452852120558964 0.1202377864718437 -0.34720264935493472 -0.073890205232796297 0.079993287168624916
leaf_weight=96 669 35 20 21 31 26 20 1065 21 21 42 85 182 84 67 60 39 28 1101 30 28 41 590 453 2035 128 30 20 607 41
leaf_count=96 669 35 20 21 31 26 20 1065 21 21 42 85 182 84 67 60 39 28 1101 30 28 41 590 453 2035 128 30 20 607 41
internal_value=-2.76473e-11 0.0621204 0.164391 0.395154 0.136233 0.291268 0.105123 -0.0303948 0.0869863 0.294894 -0.0758515 0.027715 0.0459904 0.0442538 0.139941 0.034909 0.0435909 -0.000867605 0.070773 -0.0210942 -0.0887244 -0.191331 -0.0227827 -0.0155217 -0.000941861 -0.0459278 -0.059168 -0.0983411 -0.0912611 0.22143
internal_weight=7716 2535 377 41 336 81 55 5181 255 42 880 157 213 2158 192 1966 1837 697 1140 4301 129 69 4271 3681 2488 1193 115 723 703 125
internal_count=7716 2535 377 41 336 81 55 5181 255 42 880 157 213 2158 192 1966 1837 697 1140 4301 129 69 4271 3681 2488 1193 115 723 703 125
is_linear=0
shrinkage=0.03


Tree=82
num_leaves=31
num_cat=0
split_feature=42 41 41 5 34 68 24 60 13 42 1 35 24 30 53 12 56 15 56 38 63 7 14 41 12 34 1 15 68 54
split_gain=15351.7 5030.38 4467.97 3974.24 4484.87 2436.48 2597.81 2430.44 2299.03 2444.96 3779.2 2281.37 2466.46 2248.25 2022.96 2018.67 1791.3 1652.22 1523.07 4237.89 1510.07 1365.48 1465.91 1413.7 1517.24 1357.9 1300.78 1271.22 1243.85 1204.24
threshold=47.45000000000001 94.100000000000009 29.950000000000003 106.50000000000001 67.683333333333351 5.5000000000000009 4309.7700000000013 91.15000000000002 350.00000000000006 13.950000000000001 77.197765150000009 77.550000000000011 221.16000000000005 5375.3283333333338 229770.30000000002 8.0500000000000025 487.50000000000006 972.55000000000007 182.50000000000003 50.95000000000001 12.589285714285717 7.1000000000000005 7.5500000000000007 12.850000000000003 3.7500000000000004 69.683333333333351 77.288048550000013 996.15000000000009 15.500000000000002 65.250000000000014
decision_type=10 10 10 2 10 2 2 10 2 8 2 10 2 2 2 2 10 2 10 10 10 2 2 10 2 10 2 2 2 10
left_child=2 5 21 15 7 18 11 -5 9 10 -4 12 -7 28 -13 20 17 -11 19 29 -3 23 26 -1 -25 -26 27 -23 -8 -2
right_child=1 3 8 4 -6 6 13 -9 -10 16 -12 14 -14 -15 -16 -17 -18 -19 -20 -21 -22 22 -24 24 25 -27 -28 -29 -30 -31
leaf_value=-0.12979676012931532 0.077403318977155605 0.36772958885878326 0.009557616089252716 0.36233488485217091 0.61960397074097073 0.025823892837968366 0.4965609756537846 -0.058467597705977301 -0.25469689385644317 -0.17997864679992198 0.43627315157844171 0.058605732691340104 -0.37657263437142741 0.055664123643690076 -0.045486601701082839 -0.11372232826054096 -0.2551579339478327 0.014659860193945827 0.075320126988620922 0.4715967944891829 0.027557242745938508 -0.018030099792247879 -0.11823691575856106 0.16595857220036642 -0.040283571436195188 -0.14629828335166992 -0.06735789092662009 0.15076158432880551 0.19942246343940495 0.32381358150924955
leaf_weight=277 119 24 47 30 38 29 21 21 29 40 31 722 26 67 219 30 23 2097 245 38 23 1953 164 28 617 132 532 41 32 21
leaf_count=277 119 24 47 30 38 29 21 21 29 40 31 722 26 67 219 30 23 2097 245 38 23 1953 164 28 617 132 532 41 32 21
internal_value=7.13915e-12 0.0794537 -0.0225368 0.236354 0.37289 0.0625301 0.0392908 0.189063 0.010702 0.014141 0.17915 0.0234034 -0.1644 0.171157 0.0343802 0.078541 0.00818238 0.0110166 0.123842 0.190628 0.201262 -0.0426629 -0.0313222 -0.0716065 -0.0508616 -0.0589671 -0.0256793 -0.0145595 0.317157 0.114365
internal_weight=7716 1705 6011 166 89 1539 1116 51 2267 2238 78 996 55 120 941 77 2160 2137 423 178 47 3744 2690 1054 777 749 2526 1994 53 140
internal_count=7716 1705 6011 166 89 1539 1116 51 2267 2238 78 996 55 120 941 77 2160 2137 423 178 47 3744 2690 1054 777 749 2526 1994 53 140
is_linear=0
shrinkage=0.03


Tree=83
num_leaves=31
num_cat=0
split_feature=41 42 34 41 23 21 21 53 19 12 33 24 42 33 15 18 13 5 16 5 18 42 24 48 34 7 22 8 52 16
split_gain=14562 3756.34 6124.87 3482.81 3466.55 6256.94 5141.25 5122.05 3228.04 2931.63 2631.04 2603.33 2317.06 2281.11 2200.92 1825.37 3590.75 2153.11 2875.76 2096.29 1850.6 1692.4 2949.06 2442.45 2053.39 1248 1107.97 941.035 1597.78 1264.12
threshold=48.650000000000013 118.50000000000001 66.216666666666669 22.650000000000002 253.07000000000002 58.500000000000007 31.500000000000004 215340.30000000002 8.5250000000000021 12.350000000000003 83.950000000000017 14.995000000000003 56.050000000000004 61.850000000000001 996.15000000000009 6254.5000000000009 110.50000000000001 506.50000000000006 14.850000000000003 394.00000000000006 6658.0000000000009 32.45000000000001 278.12000000000006 48.235000000000007 147.8333333333334 13.275 69.000000000000014 31.650000000000002 10127.250000000002 23.850000000000005
decision_type=10 10 10 10 2 2 2 2 2 2 10 2 10 10 2 2 2 2 2 2 2 10 2 8 10 2 2 2 2 2
left_child=3 4 13 21 6 -6 7 11 26 12 -10 -2 -7 -3 15 17 -17 19 -19 -5 -18 27 25 -24 -25 -23 -8 -1 -29 -30
right_child=1 2 -4 14 5 9 8 -9 10 -11 -12 -13 -14 -15 -16 16 20 18 -20 -21 -22 22 23 24 -26 -27 -28 28 29 -31
leaf_value=-0.059195414822585002 -0.12256333634486564 0.33042974889278409 0.74149838425219061 -0.0097346704955482317 0.50581647435372523 0.025217240231783209 -0.067391608702865521 0.42213732962807016 -0.11107894784155881 0.3607016184794552 -0.40203097926942927 0.10852461936076481 0.11535622157684318 -0.11724389765943799 0.25435494351387028 0.3452945314871298 0.071182755205998233 -0.34594733174302078 -0.045562221041092504 0.11623118398650999 -0.13257432541426489 -0.27024569881847127 -0.10253750827751662 0.30002545921966944 0.044166133858940818 -0.0031648555686396938 0.21710733826671327 0.26151327275804109 -0.072551238558341544 0.15627475261688231
leaf_weight=2266 65 20 20 2892 33 441 22 36 106 34 38 135 614 21 30 37 188 38 117 124 51 32 38 58 55 31 28 21 97 28
leaf_count=2266 65 20 20 2892 33 441 22 36 106 34 38 135 614 21 30 37 188 38 117 124 51 32 38 58 55 31 28 21 97 28
internal_value=-5.23905e-11 0.080166 0.311089 -0.0211876 0.0710898 0.0988461 -0.0013349 0.0927167 -0.115748 0.0865137 -0.187858 0.033421 0.0776773 0.101133 -0.00149243 -0.00371912 0.0702789 -0.0101598 -0.119205 -0.0045557 0.0277032 -0.0472653 0.0335898 0.105524 0.175492 -0.138825 0.0919278 -0.054439 0.0193836 -0.0212942
internal_weight=7716 1613 61 6103 1552 1122 430 236 194 1089 144 200 1055 41 3477 3447 276 3171 155 3016 239 2626 214 151 113 63 50 2412 146 125
internal_count=7716 1613 61 6103 1552 1122 430 236 194 1089 144 200 1055 41 3477 3447 276 3171 155 3016 239 2626 214 151 113 63 50 2412 146 125
is_linear=0
shrinkage=0.03


Tree=84
num_leaves=31
num_cat=0
split_feature=61 41 41 65 57 0 57 15 57 25 60 9 11 41 15 18 1 42 60 13 21 30 17 9 32 21 42 7 15 6
split_gain=13826.2 4373.53 3405.82 3110.27 4246.58 3446.63 6939.01 2733.01 3000.42 2511.45 2269.8 1969.88 2841.04 2008.15 2174.41 1827.61 1767.86 2339.54 3553.54 1762.13 1563.15 1538.59 2218.06 2428.34 3513.74 2202.39 2917.52 1687.81 1564.22 1563.7
threshold=45.50714285714286 73.450000000000017 29.950000000000003 112.44285714285718 254.21428571428572 28.496097500000001 163.08571428571432 983.75000000000011 135.29285714285717 2.5000000000000004 79.65000000000002 36.550000000000004 53.500000000000007 35.550000000000004 982.45000000000016 5639.0000000000009 77.175104500000018 13.950000000000001 31.450000000000003 129.50000000000003 122.00000000000001 598.85500000000013 3207.5000000000005 36.250000000000007 49.250000000000007 145.50000000000003 82.65000000000002 25.175000000000001 988.35000000000002 560.33500000000015
decision_type=10 10 10 8 10 2 10 2 10 2 10 2 2 10 2 2 2 8 8 2 2 2 2 2 10 2 10 2 2 2
left_child=2 21 -1 5 9 6 -3 8 -7 20 -8 16 13 -13 -15 -11 -4 18 -18 -19 -5 22 23 28 -25 27 29 -23 -2 -27
right_child=1 3 11 4 -6 7 10 -9 -10 15 -12 12 -14 14 -16 -17 17 19 -20 -21 -22 25 -24 24 -26 26 -28 -29 -30 -31
leaf_value=-0.038838816743461818 0.031411325240849844 0.70895146824419497 -0.037262718100172398 0.20008637323975562 0.68506211359798896 -0.14068859643795911 0.26934949383712731 -0.10228942200115748 0.16897023314564691 0.48213904061100693 -0.14999140620231627 -0.082164636569864599 0.40446574205937591 0.065412599545695796 0.3693163912028074 0.1291379916397008 0.52919326007366174 -0.052228840646214671 -0.036331704050302505 0.034266958379962069 -0.15902315926551819 0.11989400116726756 -0.10829370821661809 0.54874612305164328 0.10515898891290028 -0.15610031176554529 0.38983915226800103 -0.13961735487947691 0.14275819967777745 0.044151988164856541
leaf_weight=3777 294 24 780 24 20 34 26 70 164 33 21 68 23 139 25 22 20 281 20 863 20 28 51 25 45 38 21 116 185 459
leaf_count=3777 294 24 780 24 20 34 26 70 164 33 21 68 23 139 25 22 20 281 20 863 20 28 51 25 45 38 21 116 185 459
internal_value=1.15275e-10 0.0749797 -0.0215085 0.154389 0.28634 0.108069 0.293917 0.0588338 0.115796 0.20579 0.0819844 0.00798971 0.0864344 0.0549055 0.111739 0.340939 -0.00219532 0.0209065 0.246431 0.013021 0.0368548 0.0461609 0.080955 0.0985355 0.263583 0.0146254 0.043476 -0.0891568 0.0744159 0.0288409
internal_weight=7716 1720 5996 458 119 339 71 268 198 99 47 2219 255 232 164 55 1964 1184 40 1144 44 1262 600 549 70 662 518 144 479 497
internal_count=7716 1720 5996 458 119 339 71 268 198 99 47 2219 255 232 164 55 1964 1184 40 1144 44 1262 600 549 70 662 518 144 479 497
is_linear=0
shrinkage=0.03


Tree=85
num_leaves=31
num_cat=0
split_feature=61 61 14 32 39 20 59 42 23 63 53 11 61 59 10 15 15 34 0 9 42 42 17 42 47 12 42 38 26 31
split_gain=13068.1 4487.01 2782.39 2993.49 6325.15 4882.84 2640.1 3292.03 2786 1943.01 1704.56 1643.13 1629.21 1570.36 2061.09 1559.88 2297.45 1467.57 1374.44 2684.89 1483.17 1229.14 1007.3 2228.68 981.399 1031.16 798.744 758.722 664.739 652.114
threshold=56.050000000000004 34.235714285714295 1.7500000000000002 40.95000000000001 24.416666666666671 15244.000000000002 25.878571428571433 118.50000000000001 271.66000000000003 29.292749229188082 76715.950000000012 49.500000000000007 16.495714285714289 24.657142857142862 28.250000000000004 972.55000000000007 973.20000000000016 33.216666666666661 28.643240000000002 38.000000000000007 48.650000000000013 67.350000000000009 2717.5000000000005 8.5600000000000023 67.719748201438861 7.3500000000000005 6.8750000000000009 29.850000000000005 2.5000000000000004 3.6999999999998705
decision_type=10 10 2 10 10 2 10 10 2 8 2 2 8 10 2 2 2 10 2 2 10 8 2 10 10 2 10 10 2 2
left_child=1 12 3 4 5 -2 13 8 -8 21 24 -6 22 14 -5 -12 -17 -18 19 20 -14 -4 26 -24 25 -3 28 -23 -1 -28
right_child=2 10 9 6 11 -7 7 -9 -10 -11 15 -13 18 -15 -16 16 17 -19 -20 -21 -22 27 23 -25 -26 -27 29 -29 -30 -31
leaf_value=0.0067865780808708878 0.20430328639953033 -0.095729279145598409 0.030551328792383797 0.0832875821675573 -0.036424684566120767 0.80437745442757236 -0.022319440015458634 0.41121016543252126 0.14550452665455879 0.228630468159914 -0.14979787531495095 0.28732017329760962 -0.01083366286454304 -0.2597387983202934 -0.22486392587423323 0.34091710414205278 -0.041079829572432336 0.034810985348039558 -0.0400451382118489 0.28518907335297811 0.18676900776794977 -0.28778370071803372 0.22196479750105313 -0.062969610712357918 -0.15518420740768507 0.18236583369970319 0.03047088908084801 -0.050781735054391902 -0.13786779497758808 -0.065130729595177655
leaf_weight=33 23 30 38 105 43 26 112 35 434 20 45 21 1470 20 24 21 261 1890 1673 29 35 31 35 84 77 20 70 20 214 777
leaf_count=33 23 30 38 105 43 26 112 35 434 20 45 21 1470 20 24 21 261 1890 1673 29 35 31 35 84 77 20 70 20 214 777
internal_value=-4.7112e-11 -0.014647 0.104067 0.122509 0.266197 0.52271 0.100267 0.129159 0.111079 -0.038563 0.0189059 0.0698041 -0.0324406 -0.0123914 0.0259571 0.025029 0.0286511 0.0256025 -0.021239 -0.00072887 -0.00623825 -0.0986065 -0.0620561 0.0208346 -0.0879822 0.0155088 -0.0710725 -0.194842 -0.118542 -0.0572298
internal_weight=7716 6764 952 843 113 49 730 581 546 109 2344 64 4420 149 129 2217 2172 2151 3207 1534 1505 89 1213 119 127 50 1094 51 247 847
internal_count=7716 6764 952 843 113 49 730 581 546 109 2344 64 4420 149 129 2217 2172 2151 3207 1534 1505 89 1213 119 127 50 1094 51 247 847
is_linear=0
shrinkage=0.03


Tree=86
num_leaves=31
num_cat=0
split_feature=41 41 7 18 18 47 31 39 25 17 23 65 17 8 15 37 0 56 15 14 12 52 13 7 14 42 45 12 22 6
split_gain=12351.5 3869.57 3358.82 3280.33 3771.33 5232.37 5704.07 3984.26 2719.23 3420.39 2631.75 2523.09 2347.21 2205.48 2175.39 1813.2 1630.88 1499.64 2047.07 1569.07 2217.44 1840.69 1339.83 1337.86 1706.09 1674.6 2030.89 1238.43 1207.66 1198.34
threshold=56.050000000000004 26.450000000000003 7.1000000000000005 4955.5000000000009 6564.5000000000009 19.795000000000005 3305.8135714285713 60.250000000000007 2.5000000000000004 1042.5000000000002 190.74500000000003 120.74285714285716 2717.5000000000005 23.250000000000004 996.15000000000009 206.16666666666671 28.638037000000004 59.650000000000013 974.55000000000007 3.3500000000000001 3.7500000000000004 4536.0000000000009 293.50000000000006 7.1000000000000005 7.5500000000000007 32.250000000000007 12.050000000000002 3.7500000000000004 85.500000000000014 24.000000000000004
decision_type=10 10 2 2 2 10 2 10 2 2 2 10 2 2 2 10 2 8 2 2 2 2 2 2 2 10 8 2 2 2
left_child=1 23 10 8 5 6 -5 -7 9 -4 29 16 -6 -11 17 -14 -10 18 -3 21 -21 -19 -20 27 25 -25 -27 -1 -29 -2
right_child=2 14 3 4 12 7 -8 -9 11 13 -12 -13 15 -15 -16 -17 -18 19 22 20 -22 -23 -24 24 -26 26 -28 28 -30 -31
leaf_value=0.12645323571349892 -0.10039217710494994 0.3312843964576721 0.22123109072446823 0.24288135086617815 0.1502687351978742 0.092904474546586527 0.76872199408709996 0.3112761735752389 0.089241913916735818 -0.39918261140584943 0.17321156845763325 0.35310155953798028 -0.20773761819634173 -0.06313992252716652 0.29165923919528719 0.097195806996180467 -0.15571011462519244 -0.067081430302302639 0.015505239825008562 0.23926853949373419 -0.069931634029044815 0.016176868878646139 0.20524139289557933 -0.029894084034668693 -0.12487501706257462 -0.078325847385378622 0.10517197451270793 -0.065272266057131809 -0.18968778729051738 -0.38253394389152529
leaf_weight=28 42 25 21 82 52 433 24 91 116 32 25 27 54 39 24 26 31 266 206 22 408 2353 40 1944 150 77 184 797 77 20
leaf_count=28 42 25 21 82 52 433 24 91 116 32 25 27 54 39 24 26 31 266 206 22 408 2353 40 1944 150 77 184 797 77 20
internal_value=-5.23597e-11 -0.0155998 0.0923534 0.107501 0.139164 0.169713 0.36194 0.130828 0.0167983 -0.115114 -0.0866306 0.0865448 -0.00664217 -0.214596 0.00706877 -0.108634 0.0375854 0.00501149 0.0726415 -0.000999569 -0.0541121 0.0077207 0.0463566 -0.0388738 -0.0269744 -0.0203145 0.0510366 -0.0699415 -0.0762334 -0.191406
internal_weight=7716 6601 1115 1028 762 630 106 524 266 92 87 174 132 71 3344 80 147 3320 271 3049 430 2619 246 3257 2355 2205 261 902 874 62
internal_count=7716 6601 1115 1028 762 630 106 524 266 92 87 174 132 71 3344 80 147 3320 271 3049 430 2619 246 3257 2355 2205 261 902 874 62
is_linear=0
shrinkage=0.03


Tree=87
num_leaves=31
num_cat=0
split_feature=61 41 32 0 30 47 58 68 11 42 13 63 7 13 21 68 42 46 39 18 44 17 40 49 24 62 61 41 21 13
split_gain=11720 5163.36 2618.4 3100.75 7336.09 3327.19 5391.09 2123.44 2037.74 1617.4 2441.33 1616.83 1541.59 1478.57 2685.25 1474.6 2104.18 1550.28 2590.66 2390.99 3250.94 1784.56 1497.29 1667.21 1632.19 1224.16 1203.66 737.667 696.224 667.154
threshold=37.571428571428577 73.450000000000017 112.50000000000001 28.496097500000001 493.01833333333337 155.10820143884897 41.95000000000001 2.5000000000000004 83.500000000000014 49.750000000000007 292.50000000000006 14.874285714285715 7.1000000000000005 49.500000000000007 23.500000000000004 17.500000000000004 79.850000000000009 3.7166666666666637 43.350000000000001 6254.5000000000009 6.2750000000000012 2972.5000000000005 27.483333333333331 25.908333333333342 69.280000000000015 118.50000000000001 72.757142857142881 5.955000000000001 120.50000000000001 83.500000000000014
decision_type=10 10 10 2 2 8 10 2 2 10 2 10 2 2 2 2 10 10 10 2 10 2 10 10 2 10 10 10 2 2
left_child=7 15 3 4 -3 12 -7 27 9 13 11 -11 -5 14 -9 17 22 18 26 21 -21 -19 23 -17 -24 -15 -2 -1 29 -10
right_child=1 2 -4 5 -6 6 -8 8 28 10 -12 -13 -14 25 -16 16 -18 19 -20 20 -22 -23 24 -25 -26 -27 -28 -29 -30 -31
leaf_value=-0.15231271741578453 -0.034675035295177896 0.72877455006043124 -0.11029165644305092 -0.15913736217401245 0.082024466952210981 -0.021240485225405011 0.50673954870389859 0.36548000399309849 -0.11179528019596965 -0.15583776296331334 0.39227864161133763 0.15462631051739056 0.10153571816292448 -0.012699828349171624 -0.026143406638875603 0.057908586074005473 0.23907290500402451 0.056383041023948449 0.24193156612330469 0.51738420929227558 0.11593620876100526 -0.074950713918489564 0.16961721124476753 -0.19797433583959936 -0.013912790611330654 -0.14417607787824593 -0.26056182507425546 -0.062716975272523831 -0.19168424394292133 -0.042046211811709144
leaf_weight=95 184 27 35 22 38 28 46 26 156 26 22 36 284 3278 40 33 30 1069 29 21 134 102 48 75 477 65 24 639 36 591
leaf_count=95 184 27 35 22 38 28 46 26 156 26 22 36 284 3278 40 33 30 1069 29 21 134 102 48 75 477 65 24 639 36 591
internal_value=-1.45021e-12 0.0503088 0.13955 0.159201 0.350675 0.126448 0.306963 -0.0271728 -0.0190809 -0.00927565 0.120773 0.0244317 0.0827945 -0.0124801 0.128132 0.0310654 -0.00642486 0.0469682 -0.0237033 0.0595996 0.170326 0.0449432 -0.0180598 -0.119788 0.0028671 -0.0152562 -0.0607389 -0.0743132 -0.0628225 -0.0566123
internal_weight=7716 2706 480 445 65 380 74 5010 4276 3493 84 62 306 3409 66 2226 663 1563 237 1326 155 1171 633 108 525 3343 208 734 783 747
internal_count=7716 2706 480 445 65 380 74 5010 4276 3493 84 62 306 3409 66 2226 663 1563 237 1326 155 1171 633 108 525 3343 208 734 783 747
is_linear=0
shrinkage=0.03


Tree=88
num_leaves=31
num_cat=0
split_feature=61 41 41 15 63 13 8 58 13 24 44 54 18 20 9 8 20 53 45 19 18 42 16 68 56 32 41 54 68 18
split_gain=11060.1 3528.61 2728.98 2725.32 5503.07 5042.26 5287.32 3526.41 2456.67 2401.06 4140.93 2235.19 2022.36 1838.85 3541.43 2298.71 2086.21 1857.09 1629.34 2453.36 3001.33 3545.32 2736.64 1900.55 1846.02 1510.01 1248.13 1212.87 1120.48 1157.19
threshold=45.50714285714286 73.450000000000017 29.950000000000003 979.1500000000002 8.0157142857142869 172.00000000000003 30.750000000000004 37.150000000000013 105.50000000000001 9610.9050000000007 2.7550000000000003 35.650000000000013 6314.0000000000009 20039.500000000004 38.150000000000013 32.250000000000007 16617.000000000004 216689.60000000003 5.3050000000000006 10.727083333333335 6254.5000000000009 72.65000000000002 19.950000000000003 9.5000000000000018 111.50000000000001 167.50000000000003 35.750000000000007 58.45000000000001 2.5000000000000004 3935.0000000000005
decision_type=10 10 10 2 10 2 2 10 2 2 10 10 2 2 2 2 2 2 10 2 2 10 2 2 8 10 10 10 2 2
left_child=2 18 28 9 5 6 -5 -7 -6 10 -3 -12 -10 14 16 26 17 -4 24 23 22 -22 -21 -20 -2 -25 -15 -28 -1 -30
right_child=1 3 13 4 8 7 -8 -9 12 -11 11 -13 -14 15 -16 -17 -18 -19 19 20 21 -23 -24 25 -26 -27 27 -29 29 -31
leaf_value=-0.069342299701472959 0.18271848186850548 -0.39121563743461257 -0.0023100444979545936 0.29040107543651877 -0.11384279156986037 0.38660406104028222 0.90789394803345191 -0.1478481987118721 0.20556303986450181 0.31625386974085928 0.33025471988049421 -0.0094331113445306463 -0.04439339566875148 0.016391851537757449 0.34585366255388805 -0.00079857992753386493 -0.11334208278880013 0.19952271431684493 0.070885967205475714 0.10573005479832444 0.15253958179451085 0.60692161774635311 -0.045505097616308679 -0.046516505190304348 -0.045981753852632305 -0.3251877872943878 0.052437985762953755 0.32397060056560134 -0.052506787003843453 -0.013792699230658385
leaf_weight=689 36 22 1775 26 38 25 24 20 137 23 22 84 37 27 26 120 152 42 137 427 68 20 144 140 270 20 20 57 1056 2032
leaf_count=689 36 22 1775 26 38 25 24 20 137 23 22 84 37 27 26 120 152 42 137 427 68 20 144 140 270 20 20 57 1056 2032
internal_value=2.25788e-11 0.0670611 -0.019237 0.138388 0.189712 0.379453 0.586798 0.14907 0.104687 0.0340418 -0.0166681 0.0610681 0.152411 0.00716794 -0.00198305 0.0886689 -0.00657612 0.00235532 0.0411753 0.0604607 0.092724 0.255808 0.0675902 -0.0111269 -0.0190758 -0.0813504 0.191901 0.253443 -0.03475 -0.0270317
internal_weight=7716 1720 5996 458 307 95 50 45 212 151 128 106 174 2219 1995 224 1969 1817 1262 956 659 88 571 297 306 160 104 77 3777 3088
internal_count=7716 1720 5996 458 307 95 50 45 212 151 128 106 174 2219 1995 224 1969 1817 1262 956 659 88 571 297 306 160 104 77 3777 3088
is_linear=0
shrinkage=0.03


Tree=89
num_leaves=31
num_cat=0
split_feature=41 58 18 18 41 13 17 16 64 62 5 6 41 41 31 44 64 48 1 8 13 16 56 5 5 7 43 41 0 43
split_gain=10368.3 3336.14 2696.23 5387.53 7105.91 4317.24 2755.6 2562.82 2452.68 2192.11 1922.95 5004.36 3550.52 1852.12 1968.72 2504.62 1833.31 2376.26 1350.31 2006.09 3029.43 3372.35 2187.87 1622.12 2254.32 1768.07 1297.73 988.12 639.434 516.392
threshold=39.45000000000001 111.50000000000001 6254.5000000000009 6306.0000000000009 72.65000000000002 115.00000000000001 3020.0000000000005 31.300000000000004 46.520000000000003 18.250000000000004 130.50000000000003 393.9550000000001 112.50000000000001 12.250000000000002 402.82142857142873 107.50000000000001 145.19755395683458 30.705000000000005 77.288048550000013 30.650000000000002 98.500000000000014 14.550000000000002 52.100000000000009 506.50000000000006 394.00000000000006 54.480000000000011 22.516666666666673 3.8600000000000008 28.536033500000006 31.116666666666664
decision_type=10 10 2 2 10 2 2 2 10 10 2 2 10 8 2 8 8 10 2 2 2 2 10 2 2 2 10 10 2 8
left_child=13 2 7 4 9 8 -7 10 -5 -4 11 -2 -12 14 26 16 17 -16 19 23 21 -21 -22 24 -15 -25 27 -1 -29 -20
right_child=1 -3 3 5 -6 6 -8 -9 -10 -11 12 -13 -14 18 15 -17 -18 -19 29 20 22 -23 -24 25 -26 -27 -28 28 -30 -31
leaf_value=-0.17349711737940818 0.033232629934409522 0.35944190625221495 0.033668483629308896 0.46464470753381992 0.63187413125424774 0.10322313949339471 -0.090274518390019598 0.29750144507735965 0.12259838630755743 0.39789423573017119 0.050129851372814338 -0.12374786581803598 0.41299158425331117 -0.01948459046553341 -0.26265127249062065 0.27370676646715608 -0.24976414484637122 0.060606525781021707 -0.051703712465390954 0.53473782591197805 0.27490884174560676 0.026382910236716267 0.005883830495530591 -0.31562815356999635 0.12255753755963479 -0.030331020671064437 -0.28955389099461692 0.10082258986652597 -0.072020924956427382 -0.17945419819280503
leaf_weight=89 890 31 58 29 37 118 151 32 54 20 830 230 25 3040 24 29 28 139 561 23 29 24 440 34 104 46 28 20 523 30
leaf_count=89 890 31 58 29 37 118 151 32 54 20 830 230 25 3040 24 29 28 139 561 23 29 24 440 34 104 46 28 20 523 30
internal_value=4.99975e-11 0.0501574 0.0462819 0.111207 0.289478 0.0529656 -0.0053945 0.0311747 0.242109 0.12706 0.0268595 0.000995564 0.0607398 -0.0241113 -0.0637892 0.0139308 -0.0255116 0.0130103 -0.0160494 -0.00939047 0.0455298 0.275152 0.0225186 -0.0181804 -0.014786 -0.151582 -0.0896958 -0.0808414 -0.0656547 -0.0581885
internal_weight=7716 2505 2474 467 115 352 269 2007 83 78 1975 1120 855 5211 880 220 191 163 4331 3740 516 47 469 3224 3144 80 660 632 543 591
internal_count=7716 2505 2474 467 115 352 269 2007 83 78 1975 1120 855 5211 880 220 191 163 4331 3740 516 47 469 3224 3144 80 660 632 543 591
is_linear=0
shrinkage=0.03


Tree=90
num_leaves=31
num_cat=0
split_feature=42 41 11 11 61 20 1 29 57 41 58 59 55 18 18 42 28 12 24 13 61 20 20 11 24 42 40 25 24 62
split_gain=10011.9 3893.76 2932.72 7281.52 6034.73 3708.39 3315.82 2909.71 2522.9 2026.75 1946.56 2008.47 1957.2 1867.14 1695.65 2480.34 1568.88 3227.83 2403.42 1945.5 2314.29 1852.21 3189.13 1603.09 1526.36 2070.4 4608.81 1707.38 2002.6 1517.05
threshold=40.350000000000001 55.550000000000004 30.000000000000004 38.000000000000007 91.700000000000017 17182.000000000004 77.13893400000002 99.000000000000014 233.07142857142858 22.650000000000002 15.005465116279071 15.914285714285716 60.107142857142868 6644.5000000000009 6254.5000000000009 16.350000000000005 79.333333333333343 3.7500000000000004 431.37500000000006 128.50000000000003 68.76428571428572 20619.750000000004 17726.500000000004 44.500000000000007 518.75500000000011 13.950000000000001 45.416666666666664 1.5000000000000002 528.45500000000015 51.650000000000013
decision_type=10 10 2 2 10 2 2 2 10 10 10 10 10 2 2 10 2 2 2 2 10 2 2 2 2 8 10 2 2 10
left_child=9 16 5 4 6 -3 -4 13 -9 -1 11 -5 -12 -7 24 -16 17 18 -2 23 -21 22 -19 -18 25 26 -11 29 -29 -26
right_child=1 2 3 10 -6 7 -8 8 -10 14 12 -13 -14 -15 15 -17 19 21 -20 20 -22 -23 -24 -25 27 -27 -28 28 -30 -31
leaf_value=-0.042373171072642837 0.085036654609900258 0.30808970754516535 0.56191924062112097 0.11348917264938353 0.79902007287740706 -0.43442828357219693 0.16242962747365236 -0.04116756186369927 0.3097418912079023 -0.078463516686413742 0.17157888390252937 -0.2453882048372179 0.057067151532283152 -0.088824082122129541 0.38484783632414676 0.041956582910127257 0.16752375546097753 0.047717198656764638 0.49700549876689909 0.0077916715299202639 0.30185018423795701 0.28098461797604191 -0.22479513319772343 -0.11543650712664393 -0.15066741736330946 -0.0037408294478909082 0.39504695602365442 -0.30082964029967446 -0.0087683705743820811 0.10300616104155778
leaf_weight=2530 26 29 23 25 20 24 100 93 23 37 202 32 401 34 21 198 20 382 25 660 25 26 43 182 183 1735 37 22 534 24
leaf_count=2530 26 29 23 25 20 24 100 93 23 37 202 32 401 34 21 198 20 382 25 660 25 26 43 182 183 1735 37 22 534 24
internal_value=2.14164e-11 0.0509362 0.0958837 0.121638 0.315717 -0.00599121 0.237131 -0.058338 0.0284093 -0.0229266 0.0795874 -0.0879858 0.0954276 -0.231833 -0.00529849 0.0748366 0.0183825 0.0607639 0.286982 -0.0056034 0.0185237 0.0351827 0.0201454 -0.0874206 -0.0121218 0.00288737 0.158292 -0.0477071 -0.0203248 -0.121256
internal_weight=7716 2395 1006 803 143 203 123 174 116 5321 660 57 603 58 2791 219 1389 502 51 887 685 451 425 202 2572 1809 74 763 556 207
internal_count=7716 2395 1006 803 143 203 123 174 116 5321 660 57 603 58 2791 219 1389 502 51 887 685 451 425 202 2572 1809 74 763 556 207
is_linear=0
shrinkage=0.03


Tree=91
num_leaves=31
num_cat=0
split_feature=42 41 11 11 1 45 20 21 36 41 58 59 55 13 42 33 8 28 12 24 13 5 6 20 20 21 18 41 18 19
split_gain=9420.17 3663.64 2759.39 6851.19 5747.48 5684.17 3489.22 2565.5 2694.22 1935.51 1831.52 1889.77 1841.53 1557.16 2107.23 3490.37 2535.44 1476.16 3037.06 2261.38 1830.52 1997.99 2708.4 1742.74 3000.66 1569.9 1522.56 1283.11 1095.2 1319.28
threshold=40.350000000000001 55.550000000000004 30.000000000000004 38.000000000000007 77.13893400000002 38.938057553956845 17182.000000000004 80.500000000000014 164.25000000000003 29.050000000000004 15.005465116279071 15.914285714285716 60.107142857142868 350.00000000000006 13.950000000000001 67.050000000000011 20.450000000000003 79.333333333333343 3.7500000000000004 431.37500000000006 128.50000000000003 134.50000000000003 491.66500000000002 20619.750000000004 17726.500000000004 233.50000000000003 6680.0000000000009 74.15000000000002 6177.0000000000009 15.9625
decision_type=10 10 2 2 2 8 2 2 10 10 10 10 10 2 8 10 2 2 2 2 2 2 2 2 2 2 2 10 2 2
left_child=9 17 6 4 -4 -6 -3 -8 -9 28 11 -5 -12 14 15 -11 -17 18 19 -2 25 22 -22 24 -20 -19 -23 -16 -1 -30
right_child=1 2 3 10 5 -7 7 8 -10 13 12 -13 -14 -15 27 16 -18 20 23 -21 21 26 -24 -25 -26 -27 -28 -29 29 -31
leaf_value=-0.039736845525633259 0.082485554034893327 0.29884701532070879 0.67536779806017866 0.11008449196815491 0.089028486294108769 0.58798510803116688 -0.3196328751529966 -0.17435355406668451 0.092592602553574932 0.44180562973022458 0.16643151562080008 -0.23802656203508377 0.05535513745829871 -0.23195556378364562 0.002460596993785025 0.16542921778101188 -0.2500280352830887 -0.17444375693228373 0.046285682919054869 0.48209533599615095 0.0093541709010546304 0.075284274865623516 -0.21159384269767734 0.27255508523720956 -0.21805128019909525 -0.0067730258074071674 -0.13408336035468998 -0.20602968136469524 -0.014663894673388812 0.14417720256816774
leaf_weight=3280 26 29 30 25 86 27 28 54 92 26 202 32 401 25 1655 39 20 94 382 25 196 388 67 26 43 108 34 27 186 63
leaf_count=3280 26 29 30 25 86 27 28 54 92 26 202 32 401 25 1655 39 20 94 382 25 196 388 67 26 43 108 34 27 186 63
internal_value=-2.74237e-11 0.0494081 0.0930071 0.117989 0.306245 0.208248 -0.00581148 -0.0565879 -0.00614091 -0.0222388 0.0771998 -0.0853463 0.0925648 0.00315219 0.00647856 0.152213 0.0245963 0.017831 0.058941 0.278373 -0.00543529 0.017968 -0.046933 0.0341272 0.019541 -0.084798 0.0584158 -0.000886155 -0.0351321 0.0255248
internal_weight=7716 2395 1006 803 143 113 203 174 146 5321 660 57 603 1792 1767 85 59 1389 502 51 887 685 263 451 425 202 422 1682 3529 249
internal_count=7716 2395 1006 803 143 113 203 174 146 5321 660 57 603 1792 1767 85 59 1389 502 51 887 685 263 451 425 202 422 1682 3529 249
is_linear=0
shrinkage=0.03


Tree=92
num_leaves=31
num_cat=0
split_feature=61 41 15 10 8 15 53 55 10 1 65 14 20 15 28 11 1 42 45 15 9 28 56 24 16 65 54 18 47 5
split_gain=8990.85 3864.45 2319.96 4477.44 7210.11 6098.34 2623.06 2539.2 2239.71 3215.64 2488.47 1740.3 1810.55 2286.96 1920.98 1596.1 1778.51 1726.49 2451.61 1914.61 1724.41 1350.69 1314.12 1771.06 1300.7 1285.46 1076.65 887.474 698.787 692.854
threshold=37.571428571428577 73.450000000000017 979.1500000000002 22.950000000000003 32.550000000000004 982.75000000000011 233014.20000000004 66.364285714285742 28.150000000000002 77.197765150000009 29.93214285714286 1.5500000000000003 4536.0000000000009 994.10000000000014 257.50000000000006 83.500000000000014 77.288048550000013 49.750000000000007 11.550000000000002 996.15000000000009 37.45000000000001 75.166666666666686 176.50000000000003 93.440000000000012 28.150000000000002 52.973571428571432 39.150000000000013 6140.5000000000009 46.350000000000009 771.00000000000011
decision_type=10 10 2 2 2 2 2 10 2 2 10 2 2 2 2 2 2 10 10 2 2 2 8 2 2 10 10 2 10 2
left_child=15 11 8 6 5 -5 7 -4 10 27 -3 12 14 24 -2 16 17 19 28 20 -1 22 23 -13 -14 -6 -12 -10 -19 -23
right_child=1 2 3 4 25 -7 -8 -9 9 -11 26 21 13 -15 -16 -17 -18 18 -20 -21 -22 29 -24 -25 -26 -27 -28 -29 -30 -31
leaf_value=-0.017524354409339599 -0.0098448532225662161 -0.37044629815220831 0.29801362480806265 0.28030983445958957 0.17580416928231715 0.81377883362770076 -0.24705494761466978 0.034931458762058845 0.15424447860230101 0.46180879218237736 0.18292127048427406 -0.026056308702056139 0.037699665312255194 0.35013900770382445 -0.29660491095648872 -0.060306711948509284 -0.059895351658109573 0.085720629436629156 0.29292676532981782 0.23659591057470866 0.080838816201193098 -0.16177401042435058 -0.12340064587739279 0.17684169096658464 0.18593601899458601 -0.10429804475143038 -0.075108776383621748 -0.10701178371906279 -0.1620563515126705 0.020524724312126638
leaf_weight=3154 95 20 46 54 30 30 21 117 22 21 22 106 1697 22 27 887 690 21 41 28 169 86 53 61 55 29 43 25 20 24
leaf_count=3154 95 20 46 54 30 30 21 117 22 21 22 106 1697 22 27 887 690 21 41 28 169 86 53 61 55 29 43 25 20 24
internal_value=-1.65664e-11 0.0440636 0.121268 0.166382 0.292305 0.470834 0.0685188 0.109176 0.0248479 0.153177 -0.0778157 0.0274157 0.0384822 0.0461702 -0.0733081 -0.0237996 -0.0159457 -0.00711225 0.12889 -0.0104403 -0.0125218 -0.0361662 0.00675064 0.0480561 0.0423532 0.0381268 0.0122245 0.0152784 -0.0351462 -0.122
internal_weight=7716 2706 480 327 143 84 184 163 153 68 85 2226 1896 1774 122 5010 4123 3433 82 3351 3323 330 220 167 1752 59 65 47 41 110
internal_count=7716 2706 480 327 143 84 184 163 153 68 85 2226 1896 1774 122 5010 4123 3433 82 3351 3323 330 220 167 1752 59 65 47 41 110
is_linear=0
shrinkage=0.03


Tree=93
num_leaves=31
num_cat=0
split_feature=42 41 5 34 41 60 0 60 26 17 17 20 15 41 12 11 17 41 29 9 17 18 15 5 7 13 24 9 35 23
split_gain=8372 2641.09 3129.11 3755.01 2630.32 2358.56 2230.79 2756.16 4446.23 2199.67 2604.32 2387.5 2397.16 2379.53 1721.35 1470.14 2102.65 3979.45 1893.52 2885.18 1431.3 1258.78 1965.05 1372.14 1350.48 1293.17 1495.12 1385.78 1180.81 1174.01
threshold=49.050000000000004 94.100000000000009 106.50000000000001 67.683333333333351 34.023333333333341 91.15000000000002 28.496097500000001 91.15000000000002 4.5000000000000009 3035.0000000000005 2972.5000000000005 25153.250000000004 994.10000000000014 60.250000000000007 8.0500000000000025 30.000000000000004 1857.5000000000002 28.550000000000004 121.64285714285717 35.650000000000013 1752.5000000000002 3935.0000000000005 995.50000000000011 180.50000000000003 10.825000000000001 49.500000000000007 69.280000000000015 30.050000000000004 182.50000000000003 565.55500000000018
decision_type=10 10 2 10 10 10 2 10 2 2 2 2 2 10 2 2 2 10 2 2 2 2 2 2 2 2 2 2 10 2
left_child=4 6 14 5 21 -4 7 8 -2 10 11 12 -6 -11 -3 18 20 -18 19 -8 -17 23 25 24 -1 26 -23 -27 -20 -26
right_child=1 2 3 -5 9 -7 15 -9 -10 13 -12 -13 -14 -15 -16 16 17 -19 28 -21 -22 22 -24 -25 29 27 -28 -29 -30 -31
leaf_value=-0.078260359664955745 0.59452542395695396 0.14894879914344625 0.30126816278696061 0.52757047727301309 -0.0050454895266381925 -0.11326491521937507 0.15358201389312742 -0.15996195325255394 0.12766713333653879 0.070465342688392732 -0.3064859732985496 0.25341093331575393 0.17579354880620604 0.3864492981433868 -0.14191611462831497 0.018454670571006936 0.47059795789420605 0.075169111837102356 -0.091220042301075804 -0.2161957981729809 -0.24019590653479098 -0.010422932313334557 0.20953574188491877 -0.16433610492027723 0.0001763659877122029 0.018636477107189957 0.30881315200225168 -0.033348577191058999 0.1207275057533016 -0.097805345082905754
leaf_weight=581 23 47 30 37 1503 21 25 20 91 151 24 35 69 25 30 517 24 502 35 79 20 31 34 91 616 581 23 2244 73 134
leaf_count=581 23 47 30 37 1503 21 25 20 91 151 24 35 69 25 30 517 24 502 35 79 20 31 34 91 616 581 23 2244 73 134
internal_value=1.02593e-10 0.0617294 0.175289 0.297495 -0.0158193 0.130578 0.0484311 0.16487 0.221858 0.0145886 0.00371558 0.00834833 0.0028921 0.115349 0.0356248 0.0361936 0.0505799 0.0932115 -0.0359411 -0.127307 0.0088215 -0.0284945 -0.0171997 -0.0516323 -0.0439268 -0.0198773 0.125548 -0.0226571 0.0520408 -0.0173297
internal_weight=7716 1574 165 88 6142 51 1409 134 114 1807 1631 1607 1572 176 77 1275 1063 526 212 104 537 4335 2913 1422 1331 2879 54 2825 108 750
internal_count=7716 1574 165 88 6142 51 1409 134 114 1807 1631 1607 1572 176 77 1275 1063 526 212 104 537 4335 2913 1422 1331 2879 54 2825 108 750
is_linear=0
shrinkage=0.03


Tree=94
num_leaves=30
num_cat=0
split_feature=61 61 39 43 10 14 29 31 18 14 8 42 64 20 1 22 18 10 7 18 19 13 8 0 61 19 33 42 63
split_gain=8159.69 2742.95 2387.93 3503.15 8042.77 1620.94 2600.21 1751.26 1362.69 1492.77 2410.36 1728.19 1601.99 1446.11 1223.05 1181.41 1108 2442.9 2570.91 2323.42 1486.23 1465.64 1126.65 1104.45 660.992 466.065 349.118 282.279 144.486
threshold=56.050000000000004 34.235714285714295 10.550000000000002 117.83333333333336 25.550000000000004 1.7500000000000002 37.714285714285722 206.03857142857132 6658.0000000000009 0.75000000000000011 31.850000000000005 12.550000000000002 65.250000000000014 4536.0000000000009 77.309166200000007 144.50000000000003 3935.0000000000005 10.750000000000002 19.725000000000005 3853.0000000000005 9.2437500000000004 49.500000000000007 19.050000000000004 28.602725000000003 24.725714285714293 21.075000000000006 129.50000000000003 45.250000000000007 31.214285714285719
decision_type=10 10 10 10 2 2 2 2 2 2 2 10 10 2 2 2 2 2 2 2 2 2 2 2 8 2 10 10 10
left_child=1 14 -2 5 -5 6 -4 -8 9 11 12 -3 -11 -13 16 23 19 18 -18 20 -1 -19 -21 -7 25 26 -16 -10 -27
right_child=2 8 3 4 -6 15 7 -9 27 10 -12 13 -14 -15 24 -17 17 21 -20 22 -22 -23 -24 -25 -26 28 -28 -29 -30
leaf_value=0.017934278164309411 -0.17252809580415487 0.30837835299968719 0.38725181615696502 -0.027126072656525214 0.79545635962486261 0.19277427549362183 -0.10380457934252051 0.093329086696901237 -0.076112583808600892 -0.013283442012420456 0.23096636626989611 -0.056591256393119689 -0.14171893959731927 0.036753275994395693 -0.012399402439062084 -0.18086504940600956 0.037977654741534701 0.13916161687837708 0.36035679073103011 -0.38542211043445962 -0.054478202949200444 -0.018777157904147444 -0.12632431230084462 -0.068300964762057575 -0.2291475185751915 -0.13797827286509479 -0.084188282049985394 -0.23359332970210483 -0.06006898741013017
leaf_weight=356 32 20 26 23 20 25 43 714 20 398 31 165 112 1577 140 34 79 54 31 23 900 2550 44 35 24 82 108 21 29
leaf_count=356 32 20 26 23 20 25 43 714 20 398 31 165 112 1577 140 34 79 54 31 23 900 2550 44 35 24 82 108 21 29
internal_value=5.55919e-11 -0.0115739 0.0822328 0.0910941 0.35547 0.0781315 0.092263 0.0821313 0.0146599 0.0177119 -0.0258768 0.0310953 -0.0414889 0.0279118 -0.0254861 -0.0395807 -0.0206253 -0.00965207 0.12883 -0.0431359 -0.0339536 -0.0155019 -0.215268 0.0404804 -0.0767207 -0.0665306 -0.0436623 -0.156773 -0.117624
internal_weight=7716 6764 952 920 43 877 783 757 2344 2303 541 1762 510 1742 4420 94 4037 2714 110 1323 1256 2604 67 60 383 359 248 41 111
internal_count=7716 6764 952 920 43 877 783 757 2344 2303 541 1762 510 1742 4420 94 4037 2714 110 1323 1256 2604 67 60 383 359 248 41 111
is_linear=0
shrinkage=0.03


Tree=95
num_leaves=31
num_cat=0
split_feature=61 41 18 41 6 24 62 58 55 15 15 15 8 55 59 54 68 39 18 15 5 0 41 34 55 33 64 61 63 27
split_gain=7677.45 2780.56 2332.08 2074.66 2544.43 5989.49 3072.22 2543.42 2197.37 1792.78 2746.63 1624.73 2157.12 1592.6 1573.49 1505.68 1226.82 1346.71 1211.16 2211.69 1619.32 913.719 678.021 504.904 1493 393.681 346.653 324.5 1388.38 458.565
threshold=56.050000000000004 34.250000000000007 4461.0000000000009 146.50000000000003 661.08500000000015 633.28000000000009 5.6850000000000014 15.350000000000003 50.878571428571441 972.55000000000007 973.20000000000016 994.10000000000014 16.800000000000001 44.228571428571435 58.535714285714292 124.50000000000001 2.5000000000000004 128.50000000000003 3935.0000000000005 989.55000000000007 180.50000000000003 28.662761550000003 5.955000000000001 51.150000000000006 81.235714285714309 39.95000000000001 73.050000000000011 26.621428571428574 6.7614285714285716 1.0000000180025095e-35
decision_type=10 10 2 10 2 2 10 10 10 2 2 2 2 10 10 10 2 10 2 2 2 2 10 10 10 10 8 10 10 2
left_child=1 16 21 4 5 7 -7 -4 13 25 -11 12 -12 -6 -13 -10 22 18 20 -20 -18 23 -1 -2 -25 -3 -26 29 -29 -24
right_child=2 9 3 -5 8 6 -8 -9 15 10 11 14 -14 -15 -16 -17 17 -19 19 -21 -22 -23 27 24 26 -27 -28 28 -30 -31
leaf_value=-0.13540668409749079 0.12942440144252032 -0.24667162257891437 -0.20496658235788343 0.36128084428035295 0.086076950728893278 0.70808674982615882 0.26705656634135677 0.11759997689165175 0.081642472457063284 0.31476550841970102 -0.13452504032037474 0.047812298622447999 0.017163378360696979 -0.2365490943342447 0.33079571226478688 -0.18554436877369879 -0.03451744217058772 0.2274495343565941 -0.017344234911485477 0.072175457664831938 -0.17401589355804026 -0.21901672004976055 -0.055120314498371709 -0.20970895862527961 -0.021130027071289394 -0.069631915211677539 0.14025218782424925 0.027950157490041521 -0.28230915098190307 0.015804862510977367
leaf_weight=95 20 26 24 26 21 21 44 264 373 28 88 48 2048 40 28 20 1173 20 2200 280 80 22 479 29 23 20 25 27 25 99
leaf_count=95 20 26 24 26 21 21 44 264 373 28 88 48 2048 40 28 20 1173 20 2200 280 80 22 479 29 23 20 25 27 25 99
internal_value=1.95547e-10 -0.0112267 0.0797659 0.0975129 0.0890148 0.149426 0.409543 0.0907194 0.0420427 0.0156942 0.0195014 0.0157639 0.010914 -0.125481 0.152069 0.0680452 -0.0249696 -0.0180681 -0.0193835 -0.00723717 -0.043424 -0.0444632 -0.0606961 -0.00487379 -0.0397564 -0.169698 0.0629232 -0.0494302 -0.121213 -0.0429722
internal_weight=7716 6764 952 833 807 353 65 288 454 2286 2240 2212 2136 61 76 393 4478 3753 3733 2480 1253 119 725 97 77 46 48 630 52 578
internal_count=7716 6764 952 833 807 353 65 288 454 2286 2240 2212 2136 61 76 393 4478 3753 3733 2480 1253 119 725 97 77 46 48 630 52 578
is_linear=0
shrinkage=0.03


Tree=96
num_leaves=31
num_cat=0
split_feature=61 0 10 37 19 60 24 47 24 5 22 5 14 12 24 13 24 44 41 16 16 19 13 6 58 11 47 38 48 44
split_gain=7236.08 2614.92 3184.18 2983.4 6479.25 3669.13 2129.15 6759.35 2123.71 3322.71 2292.18 2037.48 2082.09 2064.55 1883.27 2572.18 2220.55 1787.49 1592.33 1497.26 939.618 905.833 1434.74 895.423 768.119 638.717 586.662 490.756 624.978 311.734
threshold=45.50714285714286 28.496097500000001 10.750000000000002 156.81666666666669 14.958333333333336 84.15000000000002 4309.7700000000013 20.275000000000002 2073.2400000000002 506.50000000000006 486.00000000000006 506.50000000000006 1.7500000000000002 5.8500000000000005 865.85500000000013 300.50000000000006 719.37000000000012 8.2550000000000008 51.650000000000013 11.450000000000001 19.350000000000005 15.404166666666667 259.50000000000006 2371.9500000000003 45.850000000000001 30.000000000000004 68.310000000000016 26.80639534883721 44.802500000000002 9.7250000000000032
decision_type=10 2 2 10 2 10 2 10 2 2 2 2 2 2 2 2 2 10 10 2 2 2 2 2 10 2 10 10 8 10
left_child=8 3 -3 4 -2 17 11 -8 9 10 14 12 -4 -13 16 -16 -1 -5 21 -11 -9 22 24 -21 -10 -24 -19 -23 -29 -6
right_child=1 2 6 5 29 -7 7 20 18 19 -12 13 -14 -15 15 -17 -18 26 -20 23 -22 27 25 -25 -26 -27 -28 28 -30 -31
leaf_value=-0.017692017233103929 0.77092435643076895 0.35802510546786442 0.04787904371337167 0.33312152695655822 0.19576872511156673 -0.21305769082038631 0.63705136094774517 0.20878194890239021 0.047688944352709726 -0.39608212597668169 -0.30416866049766539 -0.26519885320562953 -0.068294908637690235 0.0081229505485902395 0.021569322002335235 0.27838322803951226 -0.13527122268790767 -0.015702398014387914 0.2399032010372196 -0.2948984514815467 0.029805871068330648 0.10992396301031113 -0.061319639431802846 -0.067287794456817207 0.26429451287156197 0.054986786279871969 0.17934098225572834 -0.19970448289598736 -0.021606730024673438 0.043997457740562303
leaf_weight=4849 20 28 1050 35 29 31 21 33 23 24 25 43 160 59 351 39 149 35 35 21 132 20 57 60 41 167 23 21 114 21
leaf_count=4849 20 28 1050 35 29 31 21 33 23 24 25 43 160 59 351 39 149 35 35 21 132 20 57 60 41 167 23 21 114 21
internal_value=1.5917e-10 0.054243 0.041054 0.157987 0.314568 0.0695945 0.0351294 0.13012 -0.01556 -0.0208149 -0.0175726 0.0216627 0.0325172 -0.107101 -0.0162428 0.0472507 -0.0211973 0.163812 0.0451017 -0.187963 0.0656011 0.0297111 0.0611823 -0.126298 0.186452 0.025391 0.0616424 -0.0287644 -0.0493108 0.132025
internal_weight=7716 1720 1526 194 70 124 1498 186 5996 5518 5413 1312 1210 102 5388 390 4998 93 478 105 165 443 288 81 64 224 58 155 135 50
internal_count=7716 1720 1526 194 70 124 1498 186 5996 5518 5413 1312 1210 102 5388 390 4998 93 478 105 165 443 288 81 64 224 58 155 135 50
is_linear=0
shrinkage=0.03


Tree=97
num_leaves=31
num_cat=0
split_feature=42 41 11 11 1 45 20 29 57 16 64 18 18 18 5 41 25 56 43 20 60 57 28 30 59 44 16 16 19 5
split_gain=6809.13 2784.78 2507.53 5861.65 5212.01 5039.78 3043.09 2529.22 2205.71 1746.11 1646.85 1770.83 1606.38 1883.35 1635.44 2000.32 1760.86 1673.29 2083.59 1625.14 1443.08 2600.7 1394.39 2352.39 3712.96 1637.14 1623.25 1571.77 1427.69 1827.24
threshold=40.350000000000001 55.550000000000004 30.000000000000004 38.000000000000007 77.13893400000002 38.938057553956845 17182.000000000004 99.000000000000014 233.07142857142858 19.350000000000005 17.900000000000002 4871.5000000000009 6188.5000000000009 6242.0000000000009 486.00000000000006 29.050000000000004 1.0000000180025095e-35 52.100000000000009 29.583333333333332 19999.500000000004 37.250000000000007 184.6904761904762 79.333333333333343 175.43999999999969 62.921428571428578 137.50000000000003 14.350000000000003 19.350000000000005 21.212500000000002 134.50000000000003
decision_type=10 10 2 2 2 8 2 2 10 2 8 2 2 2 2 8 2 8 10 2 10 10 2 2 10 10 2 2 2 2
left_child=12 22 6 4 -4 -6 -3 9 -9 -8 -5 -12 14 -14 15 -1 -16 18 -17 -19 -15 -22 23 27 26 28 -25 -2 29 -24
right_child=1 2 3 10 5 -7 7 8 -10 -11 11 -13 13 20 16 17 -18 19 -20 -21 21 -23 25 24 -26 -27 -28 -29 -30 -31
leaf_value=-0.034124894775506627 0.054550155653640992 0.27033266584421023 0.62947107553482051 -0.15903824061155319 0.072384242108849764 0.54220841136243603 -0.43391942739486694 -0.045781476365762845 0.28232844005460322 -0.094678252339363098 0.006388191973868136 0.11226350428917123 0.315513265473502 -0.0067466567371364042 -0.33370935342141561 0.36863645239733156 -0.072126064169317924 -0.0098172300981729885 0.049928006060421463 0.11157895583406995 0.34088869815522976 -0.0065718187264939571 -0.066739645241863196 0.29638274104430756 0.52570977583900091 0.23118693708926438 0.048999529654781028 -0.084802049383916681 -0.14296616956902047 0.029454506364865945
leaf_weight=3179 205 29 30 28 86 27 22 93 23 36 216 416 21 298 28 24 134 1370 80 107 33 47 270 29 20 25 135 113 72 520
leaf_count=3179 205 29 30 28 86 27 22 93 23 36 216 416 21 298 28 24 134 1370 80 107 33 47 270 29 20 25 135 113 72 520
internal_value=4.19711e-11 0.0420064 0.080018 0.103832 0.277964 0.184643 -0.0141829 -0.0616021 0.0192748 -0.223356 0.0661036 0.0760783 -0.0189072 0.0389868 -0.0236004 -0.0204101 -0.117338 0.00716689 0.123476 -0.00102279 0.0236242 0.136756 0.014476 0.054431 0.139806 -0.0081367 0.0927441 0.00503192 -0.0150776 -0.00342198
internal_weight=7716 2395 1006 803 143 113 203 174 116 58 660 632 5321 399 4922 4760 162 1581 104 1477 378 80 1389 502 184 887 164 318 862 790
internal_count=7716 2395 1006 803 143 113 203 174 116 58 660 632 5321 399 4922 4760 162 1581 104 1477 378 80 1389 502 184 887 164 318 862 790
is_linear=0
shrinkage=0.03


Tree=98
num_leaves=28
num_cat=0
split_feature=61 61 39 43 39 15 13 12 51 51 11 0 37 60 39 16 14 18 64 61 15 7 5 29 64 18 12
split_gain=6505.43 2319.93 2256.7 2975.62 4425.71 2179.7 3622.28 1648.25 1935.62 5850.02 3192.5 1493.57 4345.3 2188.64 1619.91 2625.47 1495.02 1472.91 2235.02 582.535 646.176 634.336 880.885 669.392 306.051 204.653 39.45
threshold=56.050000000000004 18.907857142857146 10.550000000000002 117.83333333333336 41.95000000000001 996.15000000000009 318.50000000000006 3.5500000000000003 578.1350000000001 542.48500000000013 62.500000000000007 28.496097500000001 156.81666666666669 93.750000000000014 76.65000000000002 15.65 3.3500000000000001 3672.5000000000005 92.65000000000002 3.7953571428571435 973.20000000000016 7.0000000000000009 28.500000000000004 1.9285714285714288 101.15000000000002 5047.5000000000009 7.1500000000000012
decision_type=10 10 10 10 10 2 2 2 2 2 2 2 10 10 10 2 2 2 8 8 2 2 2 2 10 2 2
left_child=1 19 -2 11 -5 7 -7 17 9 -9 -10 12 -4 -14 16 -16 -13 24 -19 25 -21 23 -23 -22 -3 -1 -27
right_child=2 5 3 4 -6 6 -8 8 10 -11 -12 14 13 -15 15 -17 -18 18 -20 20 21 22 -24 -25 -26 26 -28
leaf_value=-0.052561681240797041 -0.1742363280057907 -0.072131516266268708 0.45551653935628778 0.60950954669843549 -0.00068430688977241523 0.49472898002181731 -0.050231444213701328 -0.010179701287789516 0.0083639637217448465 -0.27260296645932469 0.16513865224462237 0.052105984159935156 0.14307544515269699 -0.2120166117804391 -0.109272253933278 0.26844895527656398 -0.11249714091316693 0.056661921433261292 0.28862977327778933 0.082794518115428775 -0.019980392776236967 0.018745113354088423 -0.043847606581914299 -0.099540250485877266 0.035131586898977933 -0.14143656020814721 -0.19965265774726867
leaf_weight=20 32 62 34 23 20 21 23 3855 684 78 141 618 61 21 22 67 54 169 48 39 145 265 856 277 39 22 20
leaf_count=20 32 62 34 23 20 21 23 3855 684 78 141 618 61 21 22 67 54 169 48 39 145 265 856 277 39 22 20
internal_value=7.26985e-11 -0.0103343 0.0734255 0.0820398 0.325698 -0.000378559 0.209863 -0.00220099 -0.00662049 -0.0153841 0.0351582 0.070093 0.170369 0.0521372 0.0548078 0.17508 0.0388789 0.0639248 0.107973 -0.0413399 -0.0378046 -0.0408528 -0.0290509 -0.0722033 -0.0307131 -0.131547 -0.169159
internal_weight=7716 6764 952 920 43 5120 44 5076 4758 3933 825 877 116 82 761 89 672 318 217 1644 1582 1543 1121 422 101 62 42
internal_count=7716 6764 952 920 43 5120 44 5076 4758 3933 825 877 116 82 761 89 672 318 217 1644 1582 1543 1121 422 101 62 42
is_linear=0
shrinkage=0.03


Tree=99
num_leaves=31
num_cat=0
split_feature=61 41 15 63 13 38 59 54 57 13 18 62 0 9 8 14 19 12 19 62 13 43 12 52 5 41 15 28 54 7
split_gain=6241.17 2704.47 2255.16 3709.36 3694.9 5557.32 2432.24 2117.42 4730.72 2114.24 2085.95 1552.8 1372.34 1761.75 2160.18 1330.67 2141.1 2384.89 1816.79 1792.86 2530.84 2517.06 1322.32 1415.3 1227.47 1171.02 1105.75 1069.13 1129.19 1043.82
threshold=37.571428571428577 70.450000000000017 979.1500000000002 8.0157142857142869 172.00000000000003 41.95000000000001 43.478571428571435 32.750000000000007 239.50000000000003 105.50000000000001 6314.0000000000009 9.6000000000000014 28.643240000000002 38.150000000000013 33.150000000000013 3.3500000000000001 10.822916666666668 10.15 8.5250000000000021 10.65 303.50000000000006 61.816666666666663 3.4500000000000006 6855.5000000000009 115.50000000000001 57.050000000000004 996.15000000000009 75.166666666666686 81.15000000000002 9.2250000000000014
decision_type=10 10 2 10 2 10 10 10 10 2 2 10 2 2 2 2 2 2 2 10 2 10 2 2 2 10 2 2 8 2
left_child=12 15 7 4 5 -4 -6 -3 11 24 -11 -9 13 22 -15 16 17 18 -2 20 -18 -21 23 -1 -5 29 -24 28 -17 -14
right_child=1 2 3 9 6 -7 -8 8 -10 10 -12 -13 25 14 -16 27 19 -19 -20 21 -22 -23 26 -25 -26 -27 -28 -29 -30 -31
leaf_value=0.043470876938240088 0.017304469695793568 0.26658669592812656 0.23353847660516436 -0.2281553493440151 0.24732557794222462 0.85135715407133095 -0.15958872199058532 -0.20150325173059025 0.33062267461648354 0.16286895805263313 -0.058722305787461147 0.016226399606283831 -0.062116874041636162 0.37760969713330267 -0.017082692535164264 0.021888449743536174 -0.0094807976214429032 0.24096287467516958 -0.083279204244911656 0.066873588769336287 0.20034494375874257 0.25702285740897057 -0.015319582544125005 0.32015622579306363 0.073008189882550908 -0.2639511163383722 0.14579396953949561 -0.14697300242065495 -0.21781119221448897 -0.02047616743978925
leaf_weight=99 392 24 38 29 39 20 20 74 26 174 49 49 788 24 26 153 479 32 275 597 58 70 2260 20 21 20 39 67 20 1734
leaf_count=99 392 24 38 29 39 20 20 74 26 174 49 49 788 24 26 153 479 32 275 597 58 70 2260 20 21 20 39 67 20 1734
internal_value=1.17699e-10 0.0367124 0.0952258 0.135215 0.276543 0.446579 0.109389 0.00507586 -0.0370467 0.0746464 0.114179 -0.114765 -0.0198291 -0.00389427 0.17237 0.0213401 0.0297353 -0.0120281 -0.0241656 0.0539816 0.0131819 0.0868293 -0.0075391 0.0899726 -0.101667 -0.0353001 -0.0125865 -0.045227 -0.00582249 -0.0334868
internal_weight=7716 2706 563 390 117 58 59 173 149 273 223 123 5010 2468 50 2143 1903 699 667 1204 537 667 2418 119 50 2542 2299 240 173 2522
internal_count=7716 2706 563 390 117 58 59 173 149 273 223 123 5010 2468 50 2143 1903 699 667 1204 537 667 2418 119 50 2542 2299 240 173 2522
is_linear=0
shrinkage=0.03


Tree=100
num_leaves=31
num_cat=0
split_feature=61 24 47 5 16 16 14 15 10 28 10 1 11 0 11 53 57 24 6 38 61 38 15 13 54 13 47 23 23 13
split_gain=5872.32 2477.55 5033.78 2729.33 2426.44 2249.58 2188.91 2022.51 1874.85 1854.78 1492.04 1581.52 1326.07 1602.37 1379.49 4070.04 1587.46 1440.85 1090.66 1151.16 1057.63 1052.98 924.341 882.176 1492.91 830.626 729.972 674.673 602.496 647.812
threshold=37.571428571428577 4309.7700000000013 20.275000000000002 506.50000000000006 31.300000000000004 15.850000000000003 1.5500000000000003 994.10000000000014 21.350000000000005 75.166666666666686 26.350000000000005 77.13893400000002 83.500000000000014 28.638037000000004 46.500000000000007 215340.30000000002 244.92857142857147 1016.9100000000001 14675.535000000002 25.750000000000004 65.235714285714309 65.550000000000011 972.55000000000007 49.500000000000007 72.550000000000011 72.500000000000014 76.950000000000017 61.840000000000003 522.06500000000017 83.500000000000014
decision_type=10 2 10 2 2 2 2 2 2 2 2 2 2 2 2 2 10 2 2 10 10 10 2 2 8 2 10 2 2 2
left_child=12 3 -3 4 6 8 7 -2 -5 -8 11 -4 13 14 16 17 27 -16 19 -12 -13 26 -15 24 -24 -25 -7 -1 29 -14
right_child=1 2 10 5 -6 21 9 -9 -10 -11 18 20 28 22 15 -17 -18 -19 -20 -21 -22 -23 23 25 -26 -27 -28 -29 -30 -31
leaf_value=-0.25313963998447764 0.039661001547612248 0.54717416870853175 0.3721388824169452 -0.45345813393592832 0.32292574418278835 -0.033177745481953021 0.0084168433914793301 0.26667092211078852 -0.065311700105667114 -0.1427504059138163 0.26416886293888092 0.17872380411922931 -0.098657660263365712 -0.16473573809359654 0.005184401040863029 0.35146730456839903 0.13534433766718831 0.12041338571848101 -0.1650371298752725 0.01375345057170642 -0.063553914907388376 0.10946499338826618 0.29118491142988201 -0.1763063018565828 -0.062447083768519485 -0.024774269591759168 -0.24081679679453372 -0.075007960356211253 -0.16482311419779208 -0.033708797091717965
leaf_weight=22 1875 23 26 24 26 64 235 36 21 106 20 50 174 43 1242 33 31 106 24 95 24 37 21 33 22 2423 20 147 41 672
leaf_count=22 1875 23 26 24 26 64 235 36 21 106 20 50 174 43 1242 33 31 106 24 95 24 37 21 33 22 2423 20 147 41 672
internal_value=-2.28777e-10 0.0356111 0.123285 0.0262123 0.0347704 -0.0912292 0.0314436 0.0439375 -0.272323 -0.0385736 0.0824919 0.170865 -0.0192342 -0.0120754 0.0116393 0.0223036 -0.0619978 0.0142454 0.0189141 0.057304 0.100147 -0.0238802 -0.0268248 -0.0244518 0.110257 -0.0268103 -0.0826156 -0.0981967 -0.0525101 -0.0470671
internal_weight=7716 2706 262 2444 2278 166 2252 1911 45 341 239 100 5010 4123 1581 1381 200 1348 139 115 74 121 2542 2499 43 2456 84 169 887 846
internal_count=7716 2706 262 2444 2278 166 2252 1911 45 341 239 100 5010 4123 1581 1381 200 1348 139 115 74 121 2542 2499 43 2456 84 169 887 846
is_linear=0
shrinkage=0.03


end of trees

feature_importances:
o3_lag1=378
o3_roll7=235
radiation_sum=214
o3_lag2=139
o3_roll3=139
blh_max=87
ventilation_proxy=84
o3_driver=84
wind_direction_dominant=83
humidity_mean=80
pressure_mean=78
regional_fire_count=75
dewpoint_mean=74
regional_total_frp_lag3=69
regional_max_frp=52
wind_speed_mean=52
precipitation=49
pm10_roll3=47
temp_mean=46
o3_lag7=45
temp_max=44
regional_fire_count_lag1=44
latitude=42
wind_gusts_mean=42
regional_total_frp=38
temp_min=36
longitude=34
pm10_lag7=30
no_roll7=30
regional_total_frp_lag1=29
fire_wind_interaction=26
regional_total_frp_roll7=25
pm25_roll3=25
station_id=25
nox_lag1=23
day_of_week=22
regional_fire_count_roll3=22
regional_total_frp_roll3=22
regional_fire_count_roll7=21
nox_lag7=21
regional_fire_count_lag2=20
pm10_lag1=20
no_lag7=18
no2_lag1=17
no_lag1=17
no_lag2=17
pm25_lag7=17
no2_roll7=17
nox_roll7=16
pm25_lag2=15
no2_lag2=15
no_roll3=14
pm25_roll7=14
pm10_roll7=13
no2_lag7=13
month=12
nox_lag2=12
nox_roll3=12
ventilation=9
pm10_lag2=8
no2_roll3=8
pm25_lag1=7
wind_toward_delhi=3
is_stubble_season=1

parameters:
[boosting: gbdt]
[objective: regression]
[metric: l2]
[tree_learner: serial]
[device_type: cpu]
[data_sample_strategy: bagging]
[data: ]
[valid: ]
[num_iterations: 500]
[learning_rate: 0.03]
[num_leaves: 31]
[num_threads: 10]
[seed: 42]
[deterministic: 0]
[force_col_wise: 0]
[force_row_wise: 0]
[histogram_pool_size: -1]
[max_depth: 6]
[min_data_in_leaf: 20]
[min_sum_hessian_in_leaf: 0.001]
[bagging_fraction: 0.8]
[pos_bagging_fraction: 1]
[neg_bagging_fraction: 1]
[bagging_freq: 0]
[bagging_seed: 400]
[bagging_by_query: 0]
[feature_fraction: 0.8]
[feature_fraction_bynode: 1]
[feature_fraction_seed: 30056]
[extra_trees: 0]
[extra_seed: 12879]
[early_stopping_round: 0]
[early_stopping_min_delta: 0]
[first_metric_only: 0]
[max_delta_step: 0]
[lambda_l1: 0]
[lambda_l2: 0]
[linear_lambda: 0]
[min_gain_to_split: 0]
[drop_rate: 0.1]
[max_drop: 50]
[skip_drop: 0.5]
[xgboost_dart_mode: 0]
[uniform_drop: 0]
[drop_seed: 17869]
[top_rate: 0.2]
[other_rate: 0.1]
[min_data_per_group: 100]
[max_cat_threshold: 32]
[cat_l2: 10]
[cat_smooth: 10]
[max_cat_to_onehot: 4]
[top_k: 20]
[monotone_constraints: ]
[monotone_constraints_method: basic]
[monotone_penalty: 0]
[feature_contri: ]
[forcedsplits_filename: ]
[refit_decay_rate: 0.9]
[cegb_tradeoff: 1]
[cegb_penalty_split: 0]
[cegb_penalty_feature_lazy: ]
[cegb_penalty_feature_coupled: ]
[path_smooth: 0]
[interaction_constraints: ]
[verbosity: -1]
[saved_feature_importance_type: 0]
[use_quantized_grad: 0]
[num_grad_quant_bins: 4]
[quant_train_renew_leaf: 0]
[stochastic_rounding: 1]
[linear_tree: 0]
[max_bin: 255]
[max_bin_by_feature: ]
[min_data_in_bin: 3]
[bin_construct_sample_cnt: 200000]
[data_random_seed: 175]
[is_enable_sparse: 1]
[enable_bundle: 1]
[use_missing: 1]
[zero_as_missing: 0]
[feature_pre_filter: 1]
[pre_partition: 0]
[two_round: 0]
[header: 0]
[label_column: ]
[weight_column: ]
[group_column: ]
[ignore_column: ]
[categorical_feature: ]
[forcedbins_filename: ]
[precise_float_parser: 0]
[parser_config_file: ]
[objective_seed: 16083]
[num_class: 1]
[is_unbalance: 0]
[scale_pos_weight: 1]
[sigmoid: 1]
[boost_from_average: 1]
[reg_sqrt: 0]
[alpha: 0.9]
[fair_c: 1]
[poisson_max_delta_step: 0.7]
[tweedie_variance_power: 1.5]
[lambdarank_truncation_level: 30]
[lambdarank_norm: 1]
[label_gain: ]
[lambdarank_position_bias_regularization: 0]
[eval_at: ]
[multi_error_top_k: 1]
[auc_mu_weights: ]
[num_machines: 1]
[local_listen_port: 12400]
[time_out: 120]
[machine_list_filename: ]
[machines: ]
[gpu_platform_id: -1]
[gpu_device_id: -1]
[gpu_device_id_list: ]
[gpu_use_dp: 0]
[num_gpu: 1]

end of parameters

pandas_categorical:[]
